"logFC","AveExpr","t","P.Value","adj.P.Val","B","CHEM_ID","Original_ID","SUPER_PATHWAY","SUB_PATHWAY","PATHWAY_SORTORDER","TYPE","INCHIKEY","SMILES","CHEMICAL_NAME","PLOT_NAME","CAS","CHEMSPIDER","HMDB","KEGG","PUBCHEM","LIPID SPECIES LEVEL","LIPID MOLECULAR SPECIES LEVEL","LIPID SN POSITION LEVEL","COMP_ID_1","COMP_ID_2","COMP_ID_3","LIB_ID_1","LIB_ID_2","LIB_ID_3","CHRO_LIB_ENTRY_ID_1","CHRO_LIB_ENTRY_ID_2","CHRO_LIB_ENTRY_ID_3","PLATFORM_1","PLATFORM_2","PLATFORM_3","CHRO_LIB_ENTRY_ID","COMP_ID","LIB_ID","PLATFORM"
-0.487781601190043,-0.454184338186854,-5.23216639105397,2.98992317478216e-07,0.000145011273976935,6.43244147826366,100002003,"100002003","Lipid","Pregnenolone Steroids",3318,"NAMED","YNTXPDSHGMGJJG-WGKOQXAXSA-N","C[C@@]1([C@H]2[C@@](COS(=O)(O)=O)=O)[C@](CC2)([H])[C@@](CC=C3[C@@]4(CC[C@H](O)C3)C)([H])[C@@]4([H])CC1","21-hydroxypregnenolone monosulfate (1)","21-hydroxypregnenolone monosulfate (1)","88378-34-1",152343,NA,NA,174681,NA,NA,NA,37174,37174,37174,209,209,209,144212,144212,144212,"Neg","Neg","Neg",144212,37174,209,"Neg"
-0.410336227893893,-0.103273247344811,-4.56893585440351,6.9435607147747e-06,0.00168381347333286,3.5308726912747,100001988,"100001988","Lipid","Progestin Steroids",3348,"NAMED","LSQGWMYMIHQKSA-VNCHAANSSA-N","C[C@@]12[C@](CCC3C2CC[C@@]4(C)C3CCC4C(OS(=O)(O)=O)C)([H])C[C@@H](OS(=O)(O)=O)CC1","5alpha-pregnan-3beta,20alpha-diol disulfate","5alpha-pregnan-3beta,20alpha-diol disulfate",NA,NA,"HMDB0094650",NA,118703093,NA,NA,NA,37198,37198,37198,209,209,209,144254,144254,144254,"Neg","Neg","Neg",144254,37198,209,"Neg"
0.526500812983534,0.25009551131887,4.22140162419663,3.14540366943667e-05,0.00336324010656088,2.14779809416909,342,"342","Lipid","Primary Bile Acid Metabolism",3522,"NAMED","RFDAIACWWDREDC-FRVQLJSFSA-N","O=C(CNC(CC[C@H]([C@@H]1[C@@]2(C)[C@@H](O)C[C@]3([H])[C@@]4(C)CC[C@@H](O)C[C@@]4([H])C[C@@H](O)[C@@]3([H])[C@]2([H])CC1)C)=O)O","glycocholate","glycocholate","475-31-0,863-57-0",9734,"HMDB0000138","C01921",10140,NA,NA,NA,18476,18476,18476,209,209,209,126842,126842,126842,"Neg","Neg","Neg",126842,18476,209,"Neg"
-0.714719896357441,-0.535760724566478,-4.17644976058721,3.79727769830969e-05,0.00336324010656088,1.97600879346446,798,"798","Nucleotide","Purine Metabolism, Adenine containing",4349,"NAMED","OIRDTQYFTABQOQ-KQYNXXCUSA-N","NC1=NC=NC2=C1N=CN2[C@@]3([H])[C@@](O)([H])[C@@](O)([H])[C@](CO)([H])O3","adenosine","adenosine","58-61-7",54923,"HMDB0000050","C00212",60961,NA,NA,NA,555,555,555,209,209,209,124777,124777,124777,"Neg","Neg","Neg",124777,555,209,"Neg"
0.41167461138195,-0.0910635038889156,4.1710751055842,3.88333508278617e-05,0.00336324010656088,1.95557895459946,100010937,"100010937","Lipid","Diacylglycerol",3002,"NAMED","LWXLWRXRJKMNLM-XBUMEPTLSA-N","CCCCCCCC/C=C/CCCCCCCC(OCC(OC(CCC/C=C/C/C=C/C/C=C/C/C=C/CCCCC)=O)CO)=O","oleoyl-arachidonoyl-glycerol (18:1/20:4) [2]*","oleoyl-arachidonoyl-glycerol (18:1/20:4) [2]*",NA,NA,"HMDB0007508",NA,9543786,"DG 38:5","DG 18:1_20:4","Unknown",54961,54961,54961,402,402,402,208046,208046,208046,"Pos Late","Pos Late","Pos Late",208046,54961,402,"Pos Late"
-0.288593047696492,-0.115844311145616,-4.14535468226743,4.3215489638934e-05,0.00336324010656088,1.85813809036118,100001993,"100001993","Lipid","Pregnenolone Steroids",3328,"NAMED","RKYCGXFEFAPXIP-BWUXAKENSA-N","C[C@@]12C(CCC3C2CC[C@@]4(C)C3CCC4C(OS(=O)(O)=O)C)=CC(OS(=O)(O)=O)CC1","pregnenediol disulfate (C21H34O8S2)*","pregnen-diol disulfate*",NA,NA,NA,NA,NA,NA,NA,NA,32562,32562,32562,209,209,209,149820,149820,149820,"Neg","Neg","Neg",149820,32562,209,"Neg"
-0.516334150712412,-0.230632661116364,-4.0772200435544,5.72166437781619e-05,0.00336324010656088,1.60262729306593,100009345,"100009345","Lipid","Phosphatidylcholine (PC)",2355,"NAMED","MMUCLZZSNHBNFL-KBTBXKTRSA-N","O=C(CCCCCCC/C=C\CCCCCC)OC[C@]([H])(COP(OCC[N+](C)(C)C)([O-])=O)OC(CCCCCCC/C=C\C/C=C\C/C=C\CC)=O","1-palmitoleoyl-2-linolenoyl-GPC (16:1/18:3)*","1-palmitoleoyl-2-linolenoyl-GPC (16:1/18:3)*",NA,24766677,"HMDB0008008",NA,52922452,"PC 34:4","PC 16:1_18:3","Unknown",53180,53180,53180,402,402,402,166609,166609,166609,"Pos Late","Pos Late","Pos Late",166609,53180,402,"Pos Late"
-0.281326501687421,0.0860250388771332,-4.0630672457794,6.06225868106329e-05,0.00336324010656088,1.5500305955154,100020343,"100020343","Lipid","Long Chain Polyunsaturated Fatty Acid (n3 and n6)",1595,"NAMED","HXHZGHRLVRFQDR-HZJYTTRNSA-N","OC(CCC/C=C\C/C=C\CCCCC)=O","tetradecadienoate (14:2)*","tetradecadienoate (14:2)*","39039-37-7",4471834,"HMDB0000560",NA,5312409,NA,NA,NA,62850,62850,62850,209,209,209,220619,220619,220619,"Neg","Neg","Neg",220619,62850,209,"Neg"
-0.296361575787474,-0.0567670094468196,-4.02675521972797,7.02653590218124e-05,0.00336324010656088,1.41583619175964,100006051,"100006051","Lipid","Fatty Acid Metabolism (Acyl Carnitine, Monounsaturated)",1929,"NAMED","ABVVZYXTZLEOHP-OLHLWXQYSA-N","O=C(CCCCCCC/C=C\CCCC)O[C@H](CC([O-])=O)C[N+](C)(C)C","myristoleoylcarnitine/physeteroylcarnitine (C14:1)*","myristoleoylcarnitine/physeteroylcarnitine (C14:1)*","889848-55-9",34999520,"HMDB0240588",NA,129691961,NA,NA,NA,48182,48182,48182,402,402,402,160274,160274,160274,"Pos Late","Pos Late","Pos Late",160274,48182,402,"Pos Late"
-0.259807990047447,-0.175226176391097,-4.00080023012952,7.80314804413235e-05,0.00336324010656088,1.32059689731317,100001999,"100001999","Lipid","Pregnenolone Steroids",3321,"NAMED","CBOVWLYQUCVTFA-WGKOQXAXSA-N","C[C@@]1([C@H]2[C@@](COS(=O)(O)=O)=O)[C@](CC2)([H])[C@@](CC=C3[C@@]4(CC[C@H](OS(=O)(O)=O)C3)C)([H])[C@@]4([H])CC1","21-hydroxypregnenolone disulfate","21-hydroxypregnenolone disulfate","1164-98-3",118625,"HMDB0242133",NA,134595,NA,NA,NA,46115,46115,46115,209,209,209,143743,143743,143743,"Neg","Neg","Neg",143743,46115,209,"Neg"
-0.208708504001461,-0.0583813359054883,-3.99530937989791,7.97774692024468e-05,0.00336324010656088,1.30050336089139,273,"273","Lipid","Corticosteroids",3383,"NAMED","MFYSYFVPBJMHGN-ZPOLXVRWSA-N","O[C@@]1([C@@](CO)=O)[C@](C2)(C)[C@](CC1)([H])[C@@](CCC3=CC4=O)([H])[C@]([C@@]3(C)CC4)([H])C2=O","cortisone","cortisone","53-06-5",361685,"HMDB0002802","C00762",222786,NA,NA,NA,1769,1769,1769,209,209,209,124819,124819,124819,"Neg","Neg","Neg",124819,1769,209,"Neg"
0.456523382936807,0.0806570008790783,3.97623757309542,8.61293581128507e-05,0.00336324010656088,1.23095229594521,1628,"1628","Lipid","Primary Bile Acid Metabolism",3529,"NAMED","GHCZAUBVMUEKKP-AZDOMVTHSA-N","O=C(NCC(O)=O)CC[C@@H](C)[C@@H]1[C@](CC[C@H]2[C@@]3([H])[C@H](O)C[C@@]4([H])C2(C)CC[C@@H](O)C4)(C)[C@]3([H])CC1","glycochenodeoxycholate","glycochenodeoxycholate","16564-43-5",NA,"HMDB0000637","C05466",12544,NA,NA,NA,32346,32346,32346,209,209,209,124921,124921,124921,"Neg","Neg","Neg",124921,32346,209,"Neg"
-0.218747648416032,-0.0720889462525648,-3.9648476656107,9.01487038871989e-05,0.00336324010656088,1.18955911079448,100001994,"100001994","Lipid","Androgenic Steroids",3432,"NAMED","UWPTUYJASNIIJM-QJIZPQHZSA-N","C[C@]12C(CCC3C1CC[C@]4(C3CC[C@@H]4OS(=O)(O)=O)C)=C[C@H](CC2)OS(=O)(O)=O","androstenediol (3beta,17beta) disulfate (2)","androstenediol (3beta,17beta) disulfate (2)",NA,NA,"HMDB0240313",NA,87120982,NA,NA,NA,37203,37203,37203,209,209,209,144269,144269,144269,"Neg","Neg","Neg",144269,37203,209,"Neg"
0.0707080895386653,-0.00668949497171889,3.79502456772538,0.000175711210627217,0.00608713836815717,0.585224242487224,355,"355","Amino Acid","Histidine Metabolism",73,"NAMED","HNDVDQJCIGZPNO-UHFFFAOYSA-N","NC(C(O)=O)CC1=CN=CN1","histidine","histidine","5934-29-2",752,"HMDB0000177","C00135",6274,NA,NA,NA,59,59,59,209,209,209,123153,123153,123153,"Neg","Neg","Neg",123153,59,209,"Neg"
-0.262437675205635,0.0517054963187543,-3.72465354253653,0.00023009973173892,0.00698912450006981,0.3418117377057,55,"55","Cofactors and Vitamins","Nicotinate and Nicotinamide Metabolism",4519,"NAMED","LDHMAVIPBRSVRG-UHFFFAOYSA-N","C[N+]1=CC(C([NH-])=O)=CC=C1","1-methylnicotinamide","1-methylnicotinamide","1005-24-9",8305504,"HMDB0000699","C02918",457,NA,NA,NA,27665,27665,27665,400,400,400,155829,155829,155829,"Pos Early","Pos Early","Pos Early",155829,27665,400,"Pos Early"
-0.474571079158168,-0.196577952104477,-3.72411762750012,0.000230569055672406,0.00698912450006981,0.339974320834909,100002015,"100002015","Lipid","Progestin Steroids",3349,"NAMED","LSQGWMYMIHQKSA-UHFFFAOYSA-N","CC(OS(=O)(O)=O)C1CCC2C3CCC4CC(OS(=O)(O)=O)CCC4(C)C3CCC21C","5alpha-pregnan-diol disulfate","5alpha-pregnan-diol disulfate",NA,4302261,"HMDB0240581,HMDB0240582",NA,30822775127902,NA,NA,NA,46172,46172,46172,209,209,209,144285,144285,144285,"Neg","Neg","Neg",144285,46172,209,"Neg"
-0.164023883762235,-0.0535607524523091,-3.69159802185632,0.000260798184322255,0.00744041878801727,0.228932236016733,NA,"choline.phosphate_to_histidine",NA,"Stoichiometry / Network Ratio",NA,NA,NA,NA,"choline.phosphate_to_histidine",NA,NA,NA,NA,NA,NA,NA,NA,NA,NA,NA,NA,NA,NA,NA,NA,NA,NA,NA,NA,NA,NA,NA,NA,NA
-0.0802934249283606,-0.0608271789513542,-3.5656762331269,0.000416741755336718,0.0112288750743505,-0.192565532007341,252,"252","Energy","TCA Cycle",1488,"NAMED","KDYFGRWQOYBRFD-UHFFFAOYSA-N","OC(CCC(O)=O)=O","succinate","succinate","110-15-6",1078,"HMDB0000254","C00042",1110,NA,NA,NA,1437,1437,1437,305,209,305,147106,125975,147106,"Polar","Neg","Polar",147106,1437,305,"Polar"
-0.233044150379626,-0.170156155821031,-3.54155122732026,0.000455231033455157,0.0116203711171448,-0.271811945970125,207,"207","Nucleotide","Purine Metabolism, Adenine containing",4345,"NAMED","IVOMOUWHDPKRLL-UHFFFAOYSA-N","NC1=NC=NC2=C1N=CN2C3OC(CO4)C(OP4(O)=O)C3O","adenosine 3',5'-cyclic monophosphate (cAMP)","adenosine 3',5'-cyclic monophosphate (cAMP)","60-92-4",268,"HMDB0000058","C00575",6076,NA,NA,NA,2831,2831,2831,209,209,209,123233,123233,123233,"Neg","Neg","Neg",123233,2831,209,"Neg"
0.336061300171158,-0.0227815832629594,3.52352474681118,0.000486131694995584,0.0117886936036429,-0.3306896919835,100010923,"100010923","Lipid","Diacylglycerol",3004,"NAMED","KRECEGQUDDMNAQ-MYBRWWDOSA-N","OC[C@](COC(CCCCCCC/C=C\C/C=C\CCCCC)=O)([H])OC(CCC/C=C\C/C=C\C/C=C\C/C=C\CCCCC)=O","linoleoyl-arachidonoyl-glycerol (18:2/20:4) [2]*","linoleoyl-arachidonoyl-glycerol (18:2/20:4) [2]*",NA,NA,"HMDB0007509",NA,9543796,"DG 38:6","DG 18:2_20:4","Unknown",54956,54956,54956,402,402,402,208041,208041,208041,"Pos Late","Pos Late","Pos Late",208041,54956,402,"Pos Late"
-0.249325799192487,0.0394436151496451,-3.44739754322253,0.000639569339589368,0.0147056780745111,-0.576239145825127,NA,"choline.phosphate_to_N.acetyl.aspartyl.glutamate..NAAG.",NA,"Stoichiometry / Network Ratio",NA,NA,NA,NA,"choline.phosphate_to_N.acetyl.aspartyl.glutamate..NAAG.",NA,NA,NA,NA,NA,NA,NA,NA,NA,NA,NA,NA,NA,NA,NA,NA,NA,NA,NA,NA,NA,NA,NA,NA,NA
-0.424153126977734,-0.0116170047077597,-3.43559717283852,0.000667061685854111,0.0147056780745111,-0.613856528556882,100020550,"100020550","Lipid","Secondary Bile Acid Metabolism",3554,"NAMED",NA,"O[C@H]1C[C@]2([H])[C@@]3(C)CC[C@@H](OC4C(O)C(O)C(O)C(C(O)=O)O4)CC3CC[C@@]2([H])[C@]5([H])CC[C@H]([C@H](C)CCC(O)=O)[C@@]15C","deoxycholic acid glucuronide","deoxycholic acid glucuronide",NA,NA,"HMDB0002596",NA,NA,NA,NA,NA,63610,63610,63610,209,209,209,222934,222934,222934,"Neg","Neg","Neg",222934,63610,209,"Neg"
-0.184250791087655,-0.0397299635650764,-3.35989983777707,0.000871391886063372,0.0178468829269468,-0.852315493983054,100022013,"100022013","Lipid","Corticosteroids",3378,"NAMED","OZINUFSVVJAFHD-LUPKFNMHSA-N","[H][C@@]12[C@@]3(C)CC[C@@H](OC4OC(C(O)=O)C(O)C(O)C4O)C[C@@]3([H])CC[C@@]1([H])[C@]5([H])CC[C@@](C(CO)=O)(O)[C@@]5(C)C[C@@H]2O","tetrahydrocortisol glucuronide","tetrahydrocortisol glucuronide",NA,NA,NA,NA,NA,NA,NA,NA,64411,64411,64411,209,209,209,237545,237545,237545,"Neg","Neg","Neg",237545,64411,209,"Neg"
0.524358312648551,0.389565041624065,3.35606833900354,0.000883144722158191,0.0178468829269468,-0.864253964738686,NA,"N.acetyl.aspartyl.glutamate..NAAG._to_glutamine.conjugate.of.C7H",NA,"Stoichiometry / Network Ratio",NA,NA,NA,NA,"N.acetyl.aspartyl.glutamate..NAAG._to_glutamine.conjugate.of.C7H",NA,NA,NA,NA,NA,NA,NA,NA,NA,NA,NA,NA,NA,NA,NA,NA,NA,NA,NA,NA,NA,NA,NA,NA,NA
-0.518072667623914,0.0118033862190594,-3.32055854868567,0.000999311518712163,0.019386643463016,-0.974294247732833,100021502,"100021502","Lipid","Medium Chain Fatty Acid",1543,"NAMED","WXBXVVIUZANZAU-CMDGGOBGSA-N","CCCCCCC/C=C/C(O)=O","(2 or 3)-decenoate (10:1n7 or n8)","(2 or 3)-decenoate (10:1n7 or n8)",NA,NA,"HMDB0340520,HMDB0340524",NA,NA,NA,NA,NA,63436,63436,63436,209,209,209,222605,222605,222605,"Neg","Neg","Neg",222605,63436,209,"Neg"
-0.249551791953761,-0.313705612370535,-3.28503453888898,0.00112957891441648,0.0210709912881535,-1.08326358602831,926,"926","Lipid","Medium Chain Fatty Acid",1534,"NAMED","FUZZWVXGSFPDMH-UHFFFAOYSA-N","CCCCCC(O)=O","caproate (6:0)","caproate (6:0)","142-62-1",8552,"HMDB0000535","C01585",8892,NA,NA,NA,32489,32489,32489,209,209,209,125850,125850,125850,"Neg","Neg","Neg",125850,32489,209,"Neg"
-0.256122876850857,-0.118174898982606,-3.19507013409489,0.00153345510387115,0.0275453972362039,-1.35440481277878,100002152,"100002152","Lipid","Androgenic Steroids",3461,"NAMED","UNURIUSTYBXRLV-UHFFFAOYSA-N","CC12CCC(O)CC1=CCC3C2CCC4(C)C3CC(OS(=O)(O)=O)C4=O","andro steroid monosulfate C19H28O6S (1)*","andro steroid monosulfate C19H28O6S (1)*",NA,NA,NA,NA,NA,NA,NA,NA,32827,32827,32827,209,209,209,149822,149822,149822,"Neg","Neg","Neg",149822,32827,209,"Neg"
-0.350690825981356,-0.293731852189972,-3.17781116050384,0.00162479057299188,0.0281436938536094,-1.40561070950467,100021990,"100021990","Lipid","Fatty Acid Metabolism (Acyl Carnitine, Hydroxy)",1969,"NAMED","RCXSFDNDEVSQNG-UHFFFAOYSA-N","[O-]C(CC(OC(C(O)CCCCCC)=O)C[N+](C)(C)C)=O","3-hydroxyoctanoylcarnitine (1)","3-hydroxyoctanoylcarnitine (1)",NA,NA,NA,NA,NA,NA,NA,NA,64393,64393,64393,400,400,400,237477,237477,237477,"Pos Early","Pos Early","Pos Early",237477,64393,400,"Pos Early"
-0.159429509930794,-0.161367907099396,-3.14766617287885,0.00179642667185708,0.0288695268159861,-1.49440530297745,100002067,"100002067","Lipid","Pregnenolone Steroids",3327,"NAMED","MENQCIVHHONJLU-UHFFFAOYSA-N","CC(C1CCC2C3CCC4CC(OS(O)(=O)=O)CCC4(C3CCC12C)C)=O","pregnenediol sulfate (C21H34O5S)*","pregnenediol sulfate (C21H34O5S)*","1247-64-9",13465233,NA,NA,NA,NA,NA,NA,32619,32619,32619,209,209,209,149838,149838,149838,"Neg","Neg","Neg",149838,32619,209,"Neg"
-0.224124321038319,0.0052773480353022,-3.14397191515551,0.00181863228764375,0.0288695268159861,-1.50525351245004,100001247,"100001247","Lipid","Fatty Acid Metabolism (Acyl Carnitine, Medium Chain)",1897,"NAMED","CXTATJFJDMJMIY-UHFFFAOYSA-N","[O-]C(CC(C[N+](C)(C)C)OC(CCCCCCC)=O)=O","octanoylcarnitine (C8)","octanoylcarnitine (C8)","3671-77-0",110274,"HMDB0000791","C02838",12370111953814,NA,NA,NA,33936,33936,33936,402,402,402,158581,158581,158581,"Pos Late","Pos Late","Pos Late",158581,33936,402,"Pos Late"
-0.0874584207486713,-0.0591831412256321,-3.13957664379953,0.00184526872432076,0.0288695268159861,-1.51810370033266,100006379,"100006379","Amino Acid","Tryptophan Metabolism",268,"NAMED","CPXSBHKDEPPWIX-RAYCSJGISA-N","N[C@H](C(O)=O)CC1=C([C@H]([C@H]([C@@H](O)[C@@H]2O)O)O[C@@H]2CO)NC3=CC=CC=C13","C-glycosyltryptophan","C-glycosyltryptophan","180509-18-6",9157171,"HMDB0240296",NA,10981970,NA,NA,NA,48782,48782,48782,400,209,400,157831,155139,157831,"Pos Early","Neg","Pos Early",157831,48782,400,"Pos Early"
-0.135325009096669,-0.0369836046129513,-3.12260470934985,0.00195180087818564,0.029581982060001,-1.56765519920073,100021103,"100021103","Lipid","Pregnenolone Steroids",3329,"NAMED","HIYOTPJZDPVBTL-HXOPQMAFSA-N","O[C@H]1C2=C[C@@H](OS(=O)(O)=O)CC[C@]2(C)C3CC[C@@]4(C)C(CCC4[C@H](O)C)C3C1","pregnenetriol sulfate*","pregnenetriol sulfate*",NA,NA,NA,NA,129671303,NA,NA,NA,62922,62922,62922,209,209,209,220778,220778,220778,"Neg","Neg","Neg",220778,62922,209,"Neg"
-0.443215104942993,-0.2603582662126,-3.0955401349024,0.00213338285116541,0.0313542631156129,-1.64612136584804,100001872,"100001872","Lipid","Phosphatidylserine (PS)",2552,"NAMED","SVOUGFFDROZBJI-DNALCEECSA-N","O=C(CCCCCCCCCCCCCCCCC)OC[C@]([H])(COP(O)(OC[C@]([NH3+])(C([O-])=O)[H])=O)OC(CCC/C=C\C/C=C\C/C=C\C/C=C\CCCCC)=O","1-stearoyl-2-arachidonoyl-GPS (18:0/20:4)","1-stearoyl-2-arachidonoyl-GPS (18:0/20:4)",NA,NA,"HMDB0012383",NA,24779545,"PS 38:4","PS 18:0_20:4","Unknown",52235,52235,52235,402,402,402,164206,164206,164206,"Pos Late","Pos Late","Pos Late",164206,52235,402,"Pos Late"
0.16083149374505,0.0225557878582471,3.05633317955041,0.00242413750176748,0.0340966023299875,-1.75865050098122,100001563,"100001563","Lipid","Lysophospholipid",2646,"NAMED","IGZPHNNYPPAPLA-OAQYLSRUSA-N","OC[C@](OC(CCCCCCCCCCCCC)=O)([H])COP(OCC[N+](C)(C)C)([O-])=O","2-myristoyl-GPC (14:0)*","2-myristoyl-GPC (14:0)*",NA,21403166,"HMDB0010379",NA,460604,"LPC 14:0","LPC 14:0","LPC 0:0/14:0",35626,35626,35626,402,402,402,158743,158743,158743,"Pos Late","Pos Late","Pos Late",158743,35626,402,"Pos Late"
0.141110176359275,-0.118285654903249,3.0506034383345,0.00246949893771564,0.0340966023299875,-1.77496710830921,100009122,"100009122","Lipid","Phosphatidylcholine (PC)",2317,"NAMED","ZSWHHKKYMMYPPD-MSZSINMWSA-N","O=C(CCCCCCCCCCCCCC)OC[C@]([H])(COP(OCC[N+](C)(C)C)([O-])=O)OC(CCC/C=C\C/C=C\C/C=C\C/C=C\CCCCC)=O","1-pentadecanoyl-2-arachidonoyl-GPC (15:0/20:4)*","1-pentadecanoyl-2-arachidonoyl-GPC (15:0/20:4)*",NA,24766624,"HMDB0007949",NA,52922330,"PC 35:4","PC 15:0_20:4","Unknown",53194,53194,53194,402,402,402,166624,166624,166624,"Pos Late","Pos Late","Pos Late",166624,53194,402,"Pos Late"
0.538238472225838,0.435647746318853,3.04301897633744,0.00253088182243206,0.0340966023299875,-1.7965566137136,NA,"dopamine.3.O.sulfate_to_glutamine.conjugate.of.C7H12O2.",NA,"Stoichiometry / Network Ratio",NA,NA,NA,NA,"dopamine.3.O.sulfate_to_glutamine.conjugate.of.C7H12O2.",NA,NA,NA,NA,NA,NA,NA,NA,NA,NA,NA,NA,NA,NA,NA,NA,NA,NA,NA,NA,NA,NA,NA,NA,NA
-0.182518615785072,0.0342234939847871,-2.97279995386328,0.00316878687278865,0.0412359152428102,-1.99388856343998,100002259,"100002259","Lipid","Fatty Acid Metabolism (Acyl Carnitine, Monounsaturated)",1925,"NAMED","OQWOHRPOYAVIOK-KTKRTIGZSA-N","O=C([O-])CC(OC(CC/C=C\CCCCC)=O)C[N+](C)(C)C","cis-4-decenoylcarnitine (C10:1)","cis-4-decenoylcarnitine (C10:1)","98930-66-6",28639171,"HMDB0013205",NA,57357170,NA,NA,NA,38178,38178,38178,402,402,402,159020,159020,159020,"Pos Late","Pos Late","Pos Late",159020,38178,402,"Pos Late"
-0.223142702572228,-0.132156776291681,-2.95867328831021,0.00331369853438786,0.0412359152428102,-2.033061802564,100001251,"100001251","Lipid","Fatty Acid Metabolism (Acyl Carnitine, Medium Chain)",1905,"NAMED","LZOSYCMHQXPBFU-UHFFFAOYSA-N","[O-]C(CC(C[N+](C)(C)C)OC(CCCCCCCCC)=O)=O","decanoylcarnitine (C10)","decanoylcarnitine (C10)","1492-27-9",8420677,"HMDB0000651",NA,10245190,NA,NA,NA,33941,33941,33941,402,402,402,158585,158585,158585,"Pos Late","Pos Late","Pos Late",158585,33941,402,"Pos Late"
-0.206558251435137,-0.0919308733828025,-2.95622161391266,0.00333945678949598,0.0412359152428102,-2.03984232258642,100001392,"100001392","Lipid","Fatty Acid Metabolism (Acyl Carnitine, Medium Chain)",1906,"NAMED","FUJLYHJROOYKRA-UHFFFAOYSA-N","[O-]C(CC(C[N+](C)(C)C)OC(CCCCCCCCCCC)=O)=O","laurylcarnitine (C12)","laurylcarnitine (C12)","25518-54-1",8602997,"HMDB0002250",NA,168381,NA,NA,NA,34534,34534,34534,402,402,402,158670,158670,158670,"Pos Late","Pos Late","Pos Late",158670,34534,402,"Pos Late"
-0.174529025691756,-0.178694475285111,-2.94860293301009,0.0034206064141132,0.0412359152428102,-2.06086640819661,100002026,"100002026","Lipid","Androgenic Steroids",3435,"NAMED","VPDALJSLCNNODJ-BVKUPEMCSA-N","O[C@@H]1CCC2C3CCC4=C[C@H](OS(=O)(O)=O)CC[C@]4(C)C3CC[C@@]21C","androstenediol (3alpha, 17alpha) monosulfate (2)","androstenediol (3alpha, 17alpha) monosulfate (2)",NA,NA,NA,NA,NA,NA,NA,NA,37207,37207,37207,209,209,209,144213,144213,144213,"Neg","Neg","Neg",144213,37207,209,"Neg"
0.360847633751286,-0.0543186450215478,2.93922207680399,0.00352315900266349,0.0412359152428102,-2.08671111254717,NA,"dopamine.3.O.sulfate_to_glutamine.conjugate.of.C6H10O2..1..",NA,"Stoichiometry / Network Ratio",NA,NA,NA,NA,"dopamine.3.O.sulfate_to_glutamine.conjugate.of.C6H10O2..1..",NA,NA,NA,NA,NA,NA,NA,NA,NA,NA,NA,NA,NA,NA,NA,NA,NA,NA,NA,NA,NA,NA,NA,NA,NA
-0.427118332272542,-0.767080477427079,-2.92962616274581,0.00363083767734861,0.0412359152428102,-2.11304574161618,100021991,"100021991","Lipid","Fatty Acid Metabolism (Acyl Carnitine, Hydroxy)",1970,"NAMED","RCXSFDNDEVSQNG-UHFFFAOYSA-N","[O-]C(CC(OC(C(O)CCCCCC)=O)C[N+](C)(C)C)=O","3-hydroxyoctanoylcarnitine (2)","3-hydroxyoctanoylcarnitine (2)",NA,NA,NA,NA,NA,NA,NA,NA,64394,64394,64394,400,400,400,237478,237478,237478,"Pos Early","Pos Early","Pos Early",237478,64394,400,"Pos Early"
0.388376203917495,0.221611000261951,2.92231321407683,0.00371500064646052,0.0412359152428102,-2.13307605191262,1629,"1629","Lipid","Primary Bile Acid Metabolism",3530,"NAMED","BHTRKEVKTKCXOH-BJLOMENOSA-N","C[C@@]12[C@@]([H])(CC[C@@]2([C@@H](CCC(NCCS(O)(=O)=O)=O)C)[H])[C@@]([C@@H](C[C@]3([H])C[C@H](O)CC4)O)([H])[C@]([C@]34C)([H])CC1","taurochenodeoxycholate","taurochenodeoxycholate","6009-98-9",343282,"HMDB0000951","C05465",387316,NA,NA,NA,18494,18494,18494,209,209,209,124667,124667,124667,"Neg","Neg","Neg",124667,18494,209,"Neg"
-0.209631101963479,-0.140071133579767,-2.92008415778337,0.00374099024883226,0.0412359152428102,-2.13916933429806,100016069,"100016069","Lipid","Fatty Acid Metabolism (Acyl Carnitine, Monounsaturated)",1927,"NAMED","PETYOUXDCHQKTQ-QXPKXGMISA-N","CCCCCC/C=C\CCCC(O[C@@H](C[N+](C)(C)C)CC([O-])=O)=O","5-dodecenoylcarnitine (C12:1)","5-dodecenoylcarnitine (C12:1)",NA,NA,"HMDB0241212",NA,91825571,NA,NA,NA,61769,61769,61769,402,402,402,218137,218137,218137,"Pos Late","Pos Late","Pos Late",218137,61769,402,"Pos Late"
-0.218887931499743,-0.0181327585638881,-2.88986080119849,0.00411014753940553,0.0442982568135929,-2.22135205797284,100002126,"100002126","Lipid","Androgenic Steroids",3407,"NAMED","ALBNSVAJDFJRKQ-UAFBDMIJSA-N","O=C1[C@H](O)CC2C3CC=C4C[C@@H](OS(=O)(O)=O)CC[C@]4(C)C3CC[C@@]21C","16alpha-hydroxy DHEA 3-sulfate","16alpha-hydroxy DHEA 3-sulfate",NA,NA,"HMDB0062544",NA,20848950,NA,NA,NA,38168,38168,38168,209,209,209,143871,143871,143871,"Neg","Neg","Neg",143871,38168,209,"Neg"
-0.12229495731474,-0.0752473510279382,-2.86433560290526,0.00444744321087858,0.0468915208103503,-2.29012518841418,100000580,"100000580","Carbohydrate","Glycolysis, Gluconeogenesis, and Pyruvate Metabolism",1259,"NAMED","MPCAJMNYNOGXPB-SLPGGIOYSA-N","O[C@@H]1[C@@H](CO)OC[C@H](O)[C@H]1O","1,5-anhydroglucitol (1,5-AG)","1,5-anhydroglucitol (1,5-AG)","154-58-5",NA,"HMDB0002712","C07326",64960,NA,NA,NA,20675,20675,20675,209,209,209,123293,123293,123293,"Neg","Neg","Neg",123293,20675,209,"Neg"
0.301062713533489,-0.0946137243136503,2.84844251029204,0.00467002745262869,0.0473294646051673,-2.33265818402982,100010922,"100010922","Lipid","Diacylglycerol",3003,"NAMED","KRECEGQUDDMNAQ-MYBRWWDOSA-N","OC[C@](OC(CCC/C=C\C/C=C\C/C=C\C/C=C\CCCCC)=O)(COC(CCCCCCC/C=C\C/C=C\CCCCC)=O)[H]","linoleoyl-arachidonoyl-glycerol (18:2/20:4) [1]*","linoleoyl-arachidonoyl-glycerol (18:2/20:4) [1]*",NA,NA,"HMDB0007257",NA,9543796,"DG 38:6","DG 18:2_20:4","Unknown",54955,54955,54955,402,402,402,208040,208040,208040,"Pos Late","Pos Late","Pos Late",208040,54955,402,"Pos Late"
-0.222775597779778,-0.14962800705217,-2.84613747825323,0.00470313479453755,0.0473294646051673,-2.33880783636652,100002009,"100002009","Lipid","Progestin Steroids",3339,"NAMED","NOGKXXMAHGCQBS-VNCHAANSSA-N","O[C@H]1CC[C@@]2(C)[C@](CCC3C2CC[C@@]4(C)C3CCC4C(C)OS(=O)(O)=O)([H])C1","5alpha-pregnan-3beta,20beta-diol monosulfate (1)","5alpha-pregnan-3beta,20beta-diol monosulfate (1)",NA,NA,"HMDB0240580",NA,NA,NA,NA,NA,37196,37196,37196,209,209,209,144279,144279,144279,"Neg","Neg","Neg",144279,37196,209,"Neg"
0.439056397218299,0.48256940922602,2.84072332517287,0.00478173972299629,0.0473294646051673,-2.35323379044825,NA,"histidine_to_glutamine.conjugate.of.C7H12O2.",NA,"Stoichiometry / Network Ratio",NA,NA,NA,NA,"histidine_to_glutamine.conjugate.of.C7H12O2.",NA,NA,NA,NA,NA,NA,NA,NA,NA,NA,NA,NA,NA,NA,NA,NA,NA,NA,NA,NA,NA,NA,NA,NA,NA
0.455304618806165,0.362295383628574,2.79672947360145,0.0054660976606583,0.0512933642676752,-2.46948668294639,1648,"1648","Lipid","Primary Bile Acid Metabolism",3523,"NAMED","WBWWGRHZICKQGZ-HGVCTONRSA-N","C[C@@]12[C@@]([H])(CC[C@]2([H])[C@@H](CCC(NCCS(O)(=O)=O)=O)C)[C@@]([C@H](O)C[C@@]3([H])[C@@]4(CC[C@@H](O)C3)C)([H])[C@@]4([H])C[C@@H]1O","taurocholate","taurocholate","145-42-6",NA,"HMDB0000036","C05122",667546783527,NA,NA,NA,18497,18497,18497,209,209,209,125762,125762,125762,"Neg","Neg","Neg",125762,18497,209,"Neg"
-0.24985015322847,-0.322328038778836,-2.79639630584976,0.00547157665282113,0.0512933642676752,-2.47035758083061,100002014,"100002014","Lipid","Progestin Steroids",3342,"NAMED","ZIVKBPVUJZDVBI-MHACIFFSSA-N","C[C@@]12[C@](CCC3C2CC[C@@]4(C)C3CCC4[C@](C)([H])O)([H])C[C@@H](OS(=O)(O)=O)CC1","5alpha-pregnan-3beta,20alpha-diol monosulfate (2)","5alpha-pregnan-3beta,20alpha-diol monosulfate (2)",NA,NA,NA,NA,NA,NA,NA,NA,37200,37200,37200,209,209,209,144283,144283,144283,"Neg","Neg","Neg",144283,37200,209,"Neg"
0.144312949523864,0.0216717712072372,2.79471307283586,0.00549949472560641,0.0512933642676752,-2.47477361754848,100001674,"100001674","Lipid","Lysophospholipid",2740,"NAMED","YWOCITMXHHTBAW-XSQXPFHXSA-N","OC[C@](OC(CCC\C=C/C\C=C/C/C=C\C/C=C\CCCCC)=O)([H])COP(OCCN)(O)=O","2-arachidonoyl-GPE (20:4)*","2-arachidonoyl-GPE (20:4)*",NA,NA,"HMDB0011487",NA,53480936,"LPE 20:4","LPE 20:4","LPE 0:0/20:4",32815,32815,32815,209,209,209,142522,142522,142522,"Neg","Neg","Neg",142522,32815,209,"Neg"
-0.205810602555372,-0.00144551288877252,-2.76946210694322,0.00593366951525648,0.0542986738660263,-2.54067342041914,100021104,"100021104","Lipid","Pregnenolone Steroids",3330,"NAMED","KANYWSIUKWPEOE-HXOPQMAFSA-N","C[C@]12CC[C@H](OS(=O)(O)=O)C=C1[C@H](OS(=O)(O)=O)CC3C2CC[C@@]4(C)C3CCC4[C@H](O)C","pregnenetriol disulfate*","pregnenetriol disulfate*",NA,NA,NA,NA,NA,NA,NA,NA,62921,62921,62921,209,209,209,220777,220777,220777,"Neg","Neg","Neg",220777,62921,209,"Neg"
0.162398163669967,0.168924253861027,2.75928748708372,0.00611718984321841,0.0549414272955728,-2.56706332625244,100009215,"100009215","Lipid","Phosphatidylethanolamine (PE)",2479,"NAMED","XJPVAWWHABLYPE-KPRICRNFSA-N","O=C(CCCCCCCCCCCCCCCCC)OC[C@]([H])(COP(OCCN)(O)=O)OC(CCCCCC/C=C\C/C=C\C/C=C\CCCCC)=O","1-stearoyl-2-dihomo-linolenoyl-GPE (18:0/20:3n3 or n6)*","1-stearoyl-2-dihomo-linolenoyl-GPE (18:0/20:3n3 or n6)*",NA,24768480,"HMDB0009002",NA,52924903,"PE 38:3","PE 18:0_20:3","Unknown",57336,57336,57336,402,402,402,210835,210835,210835,"Pos Late","Pos Late","Pos Late",210835,57336,402,"Pos Late"
-0.122218211367665,-0.0178873326256472,-2.74624526523712,0.00636000530722228,0.0553013002505315,-2.60076178699138,NA,"choline.phosphate_to_tryptophan",NA,"Stoichiometry / Network Ratio",NA,NA,NA,NA,"choline.phosphate_to_tryptophan",NA,NA,NA,NA,NA,NA,NA,NA,NA,NA,NA,NA,NA,NA,NA,NA,NA,NA,NA,NA,NA,NA,NA,NA,NA
-0.0966232634753862,0.00203220518113798,-2.74019639236932,0.0064755128865627,0.0553013002505315,-2.61633567667291,100001662,"100001662","Lipid","Carnitine Metabolism",1976,"NAMED","JHPNVNIEXXLNTR-UHFFFAOYSA-N","C[N+](C)(C)CCCC([O-])=O","deoxycarnitine","deoxycarnitine","6249-56-5",705,"HMDB0001161","C01181",22620,NA,NA,NA,36747,36747,36747,400,400,400,156251,156251,156251,"Pos Early","Pos Early","Pos Early",156251,36747,400,"Pos Early"
-0.179545228214276,0.126595926846325,-2.73836089394662,0.00651096848968676,0.0553013002505315,-2.62105794602252,100001468,"100001468","Cofactors and Vitamins","Nicotinate and Nicotinamide Metabolism",4527,"NAMED","JLQSXXWTCJPCBC-UHFFFAOYSA-N","O=C(C1=C([H])N(C(C([H])=C1[H])=O)C([H])([H])[H])N([H])[H]","N1-methyl-2-pyridone-5-carboxamide","N1-methyl-2-pyridone-5-carboxamide","701-44-0",62899,"HMDB0004193","C05842",69698,NA,NA,NA,40469,40469,40469,400,209,209,156740,143005,143005,"Pos Early","Neg","Neg",156740,40469,400,"Pos Early"
0.179909859783287,-0.121131698504323,2.7296989749748,0.0066805457480836,0.0553013002505315,-2.64329154259028,100009219,"100009219","Lipid","Phosphatidylethanolamine (PE)",2492,"NAMED","PECSWFQRRFRZPW-BHPGJWMBSA-N","O=C(CCCCCCC/C=C\CCCCCCCC)OC[C@]([H])(COP(OCCN)(O)=O)OC(CCC/C=C\C/C=C\C/C=C\C/C=C\CCCCC)=O","1-oleoyl-2-arachidonoyl-GPE (18:1/20:4)*","1-oleoyl-2-arachidonoyl-GPE (18:1/20:4)*",NA,24768534,"HMDB0009069",NA,348281223,"PE 38:5","PE 18:1_20:4","Unknown",55041,55041,55041,402,402,402,210837,210837,210837,"Pos Late","Pos Late","Pos Late",210837,55041,402,"Pos Late"
-0.251652987619697,-0.160395570578324,-2.72734197883637,0.00672737466965228,0.0553013002505315,-2.64932990226709,100002128,"100002128","Lipid","Pregnenolone Steroids",3315,"NAMED","OMOKWYAQVYBHMG-QUPIPBJSSA-N","O=[C@@](C)[C@@]1(O)CC[C@@]2([H])[C@]3([H])CC=C4CC(OS(=O)(O)=O)CC[C@]4(C)[C@@]3([H])CC[C@]12C","17alpha-hydroxypregnenolone 3-sulfate","17alpha-hydroxypregnenolone 3-sulfate","28901-70-4",134824,"HMDB0000416",NA,152971,NA,NA,NA,37482,37482,37482,209,209,209,151073,151073,151073,"Neg","Neg","Neg",151073,37482,209,"Neg"
-0.263205958769774,-0.0066390895451433,-2.69340854347448,0.00743521103375861,0.0601012891895488,-2.7357117906706,NA,"choline.phosphate_to_dopamine.3.O.sulfate",NA,"Stoichiometry / Network Ratio",NA,NA,NA,NA,"choline.phosphate_to_dopamine.3.O.sulfate",NA,NA,NA,NA,NA,NA,NA,NA,NA,NA,NA,NA,NA,NA,NA,NA,NA,NA,NA,NA,NA,NA,NA,NA,NA
-0.306514554725015,-0.354891319605102,-2.68255551712161,0.007675370792064,0.0610254890844433,-2.7631215908455,100002007,"100002007","Lipid","Androgenic Steroids",3427,"NAMED","JHFAETDERBWUOO-SKIFDASYSA-N","O=S(O[C@H]1C2(C)C(CC1)C(CCC3C4(C)CC[C@@H](OS(=O)(O)=O)C3)C4CC2)(O)=O","5alpha-androstan-3alpha,17alpha-diol disulfate","5alpha-androstan-3alpha,17alpha-diol disulfate",NA,NA,NA,NA,NA,NA,NA,NA,37182,37182,37182,209,209,209,144256,144256,144256,"Neg","Neg","Neg",144256,37182,209,"Neg"
0.261665558743747,-0.00739698211438209,2.67033032158577,0.00795424109176827,0.0622226924114131,-2.79387022730664,NA,"histidine_to_glutamine.conjugate.of.C6H10O2..1..",NA,"Stoichiometry / Network Ratio",NA,NA,NA,NA,"histidine_to_glutamine.conjugate.of.C6H10O2..1..",NA,NA,NA,NA,NA,NA,NA,NA,NA,NA,NA,NA,NA,NA,NA,NA,NA,NA,NA,NA,NA,NA,NA,NA,NA
0.156010004968918,-0.0996938625736733,2.65509452472458,0.00831452830072615,0.0630984676307455,-2.83200316719733,100001612,"100001612","Amino Acid","Glutamate Metabolism",57,"NAMED","OPVPGKGADVGKTG-UHFFFAOYSA-N","CC(NC(C(NC(CCC(O)=O)C(O)=O)=O)CC(O)=O)=O","N-acetyl-aspartyl-glutamate (NAAG)","N-acetyl-aspartyl-glutamate (NAAG)","3106-85-2",5065,"HMDB0001067","C12270",188803,NA,NA,NA,35665,35665,35665,400,400,400,156223,156223,156223,"Pos Early","Pos Early","Pos Early",156223,35665,400,"Pos Early"
0.102611822121438,0.00279894585619616,2.64768779368027,0.00849492129610881,0.0630984676307455,-2.85046574750785,100009347,"100009347","Lipid","Phosphatidylcholine (PC)",2315,"NAMED","ZEWLMKXMNQOCOQ-QZQOTICOSA-N","CCCCCCCCCCCCCCC(OCC(OC(CCCCCCC/C=C/CCCCCCCC)=O)COP([O-])(OCC[N+](C)(C)C)=O)=O","phosphatidylcholine (15:0/18:1, 17:0/16:1, 16:0/17:1)*","phosphatidylcholine (15:0/18:1, 17:0/16:1, 16:0/17:1)*",NA,NA,"HMDB0007939",NA,NA,"PC 33:1","Unknown","Unknown",53178,53178,53178,402,402,402,166607,166607,166607,"Pos Late","Pos Late","Pos Late",166607,53178,402,"Pos Late"
-0.178105629544847,0.198915880614809,-2.64711599907174,0.00850893521049056,0.0630984676307455,-2.85188517829716,NA,"glutamate_to_N.acetyl.aspartyl.glutamate..NAAG.",NA,"Stoichiometry / Network Ratio",NA,NA,NA,NA,"glutamate_to_N.acetyl.aspartyl.glutamate..NAAG.",NA,NA,NA,NA,NA,NA,NA,NA,NA,NA,NA,NA,NA,NA,NA,NA,NA,NA,NA,NA,NA,NA,NA,NA,NA
-0.175232942386123,0.015907192947006,-2.6439777444078,0.00858659559511176,0.0630984676307455,-2.85969515459187,NA,"vanillylmandelate..VMA._to_N.acetyl.aspartyl.glutamate..NAAG.",NA,"Stoichiometry / Network Ratio",NA,NA,NA,NA,"vanillylmandelate..VMA._to_N.acetyl.aspartyl.glutamate..NAAG.",NA,NA,NA,NA,NA,NA,NA,NA,NA,NA,NA,NA,NA,NA,NA,NA,NA,NA,NA,NA,NA,NA,NA,NA,NA
0.289745430351072,0.06244394553626,2.61752017902587,0.00926652710856206,0.0670351286566579,-2.92515396796573,100009346,"100009346","Lipid","Phosphatidylcholine (PC)",2304,"NAMED","CITHEXJVPOWHKC-UHFFFAOYSA-N","CCCCCCCCCCCCCC(OCC(OC(CCCCCCCCCCCCC)=O)COP([O-])(OCC[N+](C)(C)C)=O)=O","phosphatidylcholine (14:0/14:0, 16:0/12:0)","phosphatidylcholine (14:0/14:0, 16:0/12:0)",NA,NA,"HMDB0007866",NA,NA,"PC 28:0","Unknown","Unknown",53177,53177,53177,402,402,402,166606,166606,166606,"Pos Late","Pos Late","Pos Late",166606,53177,402,"Pos Late"
-0.222550166119772,-0.270313528516547,-2.61257756735286,0.00939873968794379,0.0670351286566579,-2.93731084983783,100003470,"100003470","Lipid","Progestin Steroids",3351,"NAMED","ZFFFJLDTCLJDHL-JQYCEVDMSA-N","[H][C@]12CC[C@]3([C@@]4(CC[C@]([C@@H](O)C)([C@]4(CC[C@@]3([C@]1(CC[C@@H](O[C@@H]5O[C@H]([C@](O)=O)[C@H]([C@@H]([C@H]5O)O)O)C2)C)[H])C)[H])[H])[H]","pregnanediol-3-glucuronide","pregnanediol-3-glucuronide","1852-49-9",110346,"HMDB0010318",NA,123796,NA,NA,NA,40708,40708,40708,209,209,209,143065,143065,143065,"Neg","Neg","Neg",143065,40708,209,"Neg"
0.390541470364266,0.456334952490078,2.60682223616953,0.00955488717789943,0.0671611634968293,-2.95144286302202,NA,"glutamine_to_glutamine.conjugate.of.C7H12O2.",NA,"Stoichiometry / Network Ratio",NA,NA,NA,NA,"glutamine_to_glutamine.conjugate.of.C7H12O2.",NA,NA,NA,NA,NA,NA,NA,NA,NA,NA,NA,NA,NA,NA,NA,NA,NA,NA,NA,NA,NA,NA,NA,NA,NA
0.134812248300236,0.076634324087808,2.59803131617365,0.00979783256562513,0.067884982776117,-2.97296829305821,100008993,"100008993","Lipid","Phosphatidylinositol (PI)",2584,"NAMED","KIQYUSYSJTUGFZ-LSLODQAYSA-N","O=C(CCCCCCCCCCCCCCC)OC[C@@]([H])(OC(CCC/C=C\C/C=C\C/C=C\C/C=C\CCCCC)=O)COP(O[C@H]1[C@H](O)[C@@H](O)[C@H](O)[C@@H](O)[C@H]1O)(O)=O","1-palmitoyl-2-arachidonoyl-GPI (16:0/20:4)*","1-palmitoyl-2-arachidonoyl-GPI (16:0/20:4)*",NA,24767674,"HMDB0009789",NA,NA,"PI 36:4","PI 16:0_20:4","Unknown",52467,52467,52467,402,402,402,208085,208085,208085,"Pos Late","Pos Late","Pos Late",208085,52467,402,"Pos Late"
0.397250724823728,0.446895989399357,2.59122470741786,0.00998972249926435,0.0681066810735053,-2.98958709001636,NA,"tryptophan_to_glutamine.conjugate.of.C7H12O2.",NA,"Stoichiometry / Network Ratio",NA,NA,NA,NA,"tryptophan_to_glutamine.conjugate.of.C7H12O2.",NA,NA,NA,NA,NA,NA,NA,NA,NA,NA,NA,NA,NA,NA,NA,NA,NA,NA,NA,NA,NA,NA,NA,NA,NA
-0.270544374673089,-0.454406262894648,-2.58699151637262,0.0101106825511183,0.0681066810735053,-2.99989782344055,100020360,"100020360","Amino Acid","Tryptophan Metabolism",286,"NAMED","BXZSKDOPGDPDEG-UHFFFAOYSA-N","OC1=CC(C(O)=O)=NC(C1=CC=C2)=C2OC","8-methoxykynurenate","8-methoxykynurenate","2929-14-8",68710,"HMDB0060426","C05830",76230,NA,NA,NA,62955,62955,62955,209,209,209,220839,220839,220839,"Neg","Neg","Neg",220839,62955,209,"Neg"
0.352435299768436,-0.378761096970464,2.57939334070729,0.0103312843754569,0.0681083492061874,-3.01837473797247,302,"302","Lipid","Secondary Bile Acid Metabolism",3549,"NAMED","KXGVEGMKQFWNSR-OHAQSFBXSA-N","CC12[C@@]([C@]3([H])CC[C@]4([H])C[C@H](O)CC[C@]4(C)[C@@]3([H])C[C@@H]2O)([H])CC[C@]1([H])[C@]([H])(C)CCC(O)=O","deoxycholate","deoxycholate","83-44-3",389318,"HMDB0000626","C04483",222528440355,NA,NA,NA,1114,1114,1114,209,209,209,125714,125714,125714,"Neg","Neg","Neg",125714,1114,209,"Neg"
-0.157581888686269,-0.149647200766756,-2.57733297984268,0.0103917893634183,0.0681083492061874,-3.02337333494657,100002129,"100002129","Lipid","Pregnenolone Steroids",3311,"NAMED","DIJBBUIOWGGQOP-QGVNFLHTSA-N","C[C@]12CC[C@H](OS(=O)(O)=O)CC1=CC[C@@]3([H])[C@]4([H])CC[C@H]([C@](C)=O)[C@](C)4CC[C@]23[H]","pregnenolone sulfate","pregnenolone sulfate","1247-64-9",94802,"HMDB0000774","C18044",105074,NA,NA,NA,38170,38170,38170,209,209,209,127723,127723,127723,"Neg","Neg","Neg",127723,38170,209,"Neg"
-0.323274950280025,-0.275134070248587,-2.56495939854345,0.0107620946132024,0.0683551362046942,-3.05332383100754,100001232,"100001232","Lipid","Medium Chain Fatty Acid",1549,"NAMED","IJBFSOLHRKELLR-FPLPWBNLSA-N","CCCCCC\C=C/CCCC(O)=O","5-dodecenoate (12:1n7)","5-dodecenoate (12:1n7)","2430-94-6",4471803,"HMDB0000529",NA,5312378,NA,NA,NA,33968,33968,33968,209,209,209,126127,126127,126127,"Neg","Neg","Neg",126127,33968,209,"Neg"
0.0928037141145949,-0.105911513012855,2.56276554478401,0.0108288142625226,0.0683551362046942,-3.05861201885706,NA,"histidine_to_glutamate",NA,"Stoichiometry / Network Ratio",NA,NA,NA,NA,"histidine_to_glutamate",NA,NA,NA,NA,NA,NA,NA,NA,NA,NA,NA,NA,NA,NA,NA,NA,NA,NA,NA,NA,NA,NA,NA,NA,NA
0.166574123969212,0.0315962624524086,2.56200398765408,0.0108522587376525,0.0683551362046942,-3.06045660791719,100000672,"100000672","Lipid","Phosphatidylcholine (PC)",2307,"NAMED","RFVFQQWKPSOBED-PSXMRANNSA-N","CCCCCCCCCCCCCCCC(O[C@](COC(CCCCCCCCCCCCC)=O)(COP([O-])(OCC[N+](C)(C)C)=O)[H])=O","1-myristoyl-2-palmitoyl-GPC (14:0/16:0)","1-myristoyl-2-palmitoyl-GPC (14:0/16:0)","69525-80-0",114798,"HMDB0007869",NA,129657,"PC 30:0","PC 14:0_16:0","Unknown",19258,19258,19258,402,402,402,164196,164196,164196,"Pos Late","Pos Late","Pos Late",164196,19258,402,"Pos Late"
0.0890028257720706,0.0492694081392273,2.54728202168712,0.0113113731054796,0.0703335378994562,-3.09586286214914,100009051,"100009051","Lipid","Phosphatidylcholine (PC)",2374,"NAMED","VGSUMLIRUGDCTF-NSMRCOLJSA-N","O=C(CCCCCCCCCCCCCCCCC)OC[C@]([H])(COP(OCC[N+](C)(C)C)([O-])=O)OC(CCCCCC/C=C\C/C=C\C/C=C\CCCCC)=O","1-stearoyl-2-dihomo-linolenoyl-GPC (18:0/20:3n3 or n6)*","1-stearoyl-2-dihomo-linolenoyl-GPC (18:0/20:3n3 or n6)*",NA,24766712,"HMDB0008047",NA,NA,"PC 38:3","PC 18:0_20:3","Unknown",52629,52629,52629,402,402,402,165382,165382,165382,"Pos Late","Pos Late","Pos Late",165382,52629,402,"Pos Late"
0.154233875246759,-0.00121662125656362,2.52219738757624,0.0121341071017475,0.0744942018271842,-3.15575932165135,100005371,"100005371","Lipid","Lysophospholipid",2736,"NAMED","RNWSKZCVPICGIX-DQXFYRDTSA-N","O=C(CCCCCC/C=C\C/C=C\C/C=C\CCCCC)OC[C@@](O)([H])COP(OCCN)(O)=O","1-dihomo-linolenoyl-GPE (20:3n3 or n6)*","1-dihomo-linolenoyl-GPE (20:3n3 or n6)*",NA,NA,"HMDB0011514,HMDB0011516",NA,NA,"LPE 20:3","LPE 20:3","LPE 20:3/0:0",44630,44630,44630,209,209,209,142531,142531,142531,"Neg","Neg","Neg",142531,44630,209,"Neg"
-0.32944929458205,-0.232317313808205,-2.51442915607842,0.0123994301174216,0.0751715450868683,-3.17419047198364,100003926,"100003926","Lipid","Fatty Acid Metabolism (Acyl Carnitine, Hydroxy)",1964,"NAMED","UEFRDQSMQXDWTO-UHFFFAOYSA-N","CC(CC(OC(C[N+](C)(C)C)CC([O-])=O)=O)O","(R)-3-hydroxybutyrylcarnitine","(R)-3-hydroxybutyrylcarnitine",NA,NA,"HMDB0062735",NA,53481617,NA,NA,NA,43264,43264,43264,400,400,400,156990,156990,156990,"Pos Early","Pos Early","Pos Early",156990,43264,400,"Pos Early"
-0.149466737427335,0.0655343935404646,-2.508554538067,0.0126034920497153,0.0754653536310115,-3.18809250436903,NA,"choline_to_N.acetyl.aspartyl.glutamate..NAAG.",NA,"Stoichiometry / Network Ratio",NA,NA,NA,NA,"choline_to_N.acetyl.aspartyl.glutamate..NAAG.",NA,NA,NA,NA,NA,NA,NA,NA,NA,NA,NA,NA,NA,NA,NA,NA,NA,NA,NA,NA,NA,NA,NA,NA,NA
0.0485149268540329,0.0262344567359415,2.48985677504922,0.0132728421637222,0.0781481336050381,-3.23212552760511,NA,"histidine_to_glutamine",NA,"Stoichiometry / Network Ratio",NA,NA,NA,NA,"histidine_to_glutamine",NA,NA,NA,NA,NA,NA,NA,NA,NA,NA,NA,NA,NA,NA,NA,NA,NA,NA,NA,NA,NA,NA,NA,NA,NA
-0.167319951748984,-0.0296850440986255,-2.48284922728524,0.0135319480308343,0.0781481336050381,-3.2485554197858,182,"182","Cofactors and Vitamins","Nicotinate and Nicotinamide Metabolism",4503,"NAMED","GJAWHXHKYYXBSV-UHFFFAOYSA-N","OC(C(C=CC=N1)=C1C(O)=O)=O","quinolinate","quinolinate","89-00-9",1037,"HMDB0000232","C03722",1066,NA,NA,NA,1899,1899,1899,400,305,400,155456,146452,155456,"Pos Early","Polar","Pos Early",155456,1899,400,"Pos Early"
0.374891575221216,0.455099435164529,2.48276910454989,0.0135349344800478,0.0781481336050381,-3.24874294496695,NA,"choline_to_glutamine.conjugate.of.C7H12O2.",NA,"Stoichiometry / Network Ratio",NA,NA,NA,NA,"choline_to_glutamine.conjugate.of.C7H12O2.",NA,NA,NA,NA,NA,NA,NA,NA,NA,NA,NA,NA,NA,NA,NA,NA,NA,NA,NA,NA,NA,NA,NA,NA,NA
0.0864883954732041,-0.0628813107871625,2.47638806404378,0.0137745095758352,0.0783838714198944,-3.26365308119283,100002173,"100002173","Lipid","Lysophospholipid",2649,"NAMED","RJZVWDTYEWCUAR-QFIPXVFZSA-N","O=P(OCC[N+](C)(C)C)([O-])OC[C@@H](O)COC(CCCCCCCCCCCCCC)=O","1-pentadecanoyl-GPC (15:0)*","1-pentadecanoyl-GPC (15:0)*",NA,NA,"HMDB0010381",NA,24779458,"LPC 15:0","LPC 15:0","LPC 15:0/0:0",37418,37418,37418,402,402,402,158898,158898,158898,"Pos Late","Pos Late","Pos Late",158898,37418,402,"Pos Late"
0.0641648219970827,0.0274699740614897,2.47311301205687,0.0138989957569297,0.0783838714198944,-3.27129396735539,NA,"histidine_to_choline",NA,"Stoichiometry / Network Ratio",NA,NA,NA,NA,"histidine_to_choline",NA,NA,NA,NA,NA,NA,NA,NA,NA,NA,NA,NA,NA,NA,NA,NA,NA,NA,NA,NA,NA,NA,NA,NA,NA
0.297363231076478,-0.338673862827853,2.46843321829396,0.0140787907491387,0.0784852127969228,-3.28220202174769,100010936,"100010936","Lipid","Diacylglycerol",3001,"NAMED","LWXLWRXRJKMNLM-XBUMEPTLSA-N","CCCCCCCC/C=C/CCCCCCCC(OCC(OC(CCC/C=C/C/C=C/C/C=C/C/C=C/CCCCC)=O)CO)=O","oleoyl-arachidonoyl-glycerol (18:1/20:4) [1]*","oleoyl-arachidonoyl-glycerol (18:1/20:4) [1]*",NA,NA,"HMDB0007228",NA,9543786,"DG 38:5","DG 18:1_20:4","Unknown",54960,54960,54960,402,402,402,208045,208045,208045,"Pos Late","Pos Late","Pos Late",208045,54960,402,"Pos Late"
-0.115508956908202,-0.0273262957163677,-2.45838644049176,0.0144713931091856,0.0793390879890785,-3.30553948426947,NA,"choline.phosphate_to_glutamine",NA,"Stoichiometry / Network Ratio",NA,NA,NA,NA,"choline.phosphate_to_glutamine",NA,NA,NA,NA,NA,NA,NA,NA,NA,NA,NA,NA,NA,NA,NA,NA,NA,NA,NA,NA,NA,NA,NA,NA,NA
-0.368348307679633,-0.489258904197739,-2.45300113264648,0.0146858045531739,0.0793390879890785,-3.31801120150435,100020259,"100020259","Partially Characterized Molecules","Partially Characterized Molecules",6709,"NAMED",NA,NA,"glutamine conjugate of C7H12O2*","glutamine conjugate of C7H12O2*",NA,NA,NA,NA,NA,NA,NA,NA,63658,63658,63658,209,209,209,223041,223041,223041,"Neg","Neg","Neg",223041,63658,209,"Neg"
-0.138115399456017,0.0595713451739277,-2.45208103832651,0.0147227173587981,0.0793390879890785,-3.32013939486867,100021728,"100021728","Lipid","Fatty Acid Metabolism (Acyl Carnitine, Medium Chain)",1901,"NAMED","LNGSHJPPGDBEPT-VYAYZGMFSA-N","O=C(C[C@@]1([H])[C@@](C1)([H])CCC)OC(CC([O-])=O)C[N+](C)(C)C","cis-3,4-methyleneheptanoylcarnitine","cis-3,4-methyleneheptanoylcarnitine",NA,NA,NA,NA,NA,NA,NA,NA,64389,64389,64389,402,402,402,237480,237480,237480,"Pos Late","Pos Late","Pos Late",237480,64389,402,"Pos Late"
-0.265846510406519,-0.0837226939233612,-2.43864547880952,0.0152711665406075,0.0813902832109302,-3.35112850217718,NA,"glutamate..gamma.methyl.ester_to_N.acetyl.aspartyl.glutamate..NA",NA,"Stoichiometry / Network Ratio",NA,NA,NA,NA,"glutamate..gamma.methyl.ester_to_N.acetyl.aspartyl.glutamate..NA",NA,NA,NA,NA,NA,NA,NA,NA,NA,NA,NA,NA,NA,NA,NA,NA,NA,NA,NA,NA,NA,NA,NA,NA,NA
0.323649039933304,-0.0247795918035652,2.41905165670309,0.0161033876312316,0.0845503868292051,-3.39602767405807,NA,"N.acetyl.aspartyl.glutamate..NAAG._to_glutamine.conjugate.of.C6H",NA,"Stoichiometry / Network Ratio",NA,NA,NA,NA,"N.acetyl.aspartyl.glutamate..NAAG._to_glutamine.conjugate.of.C6H",NA,NA,NA,NA,NA,NA,NA,NA,NA,NA,NA,NA,NA,NA,NA,NA,NA,NA,NA,NA,NA,NA,NA,NA,NA
0.337529199510591,0.0213031128912233,2.41233643543923,0.0163976858093158,0.0845503868292051,-3.41133528129134,NA,"dopamine.3.O.sulfate_to_glutamine.conjugate.of.C6H10O2..2..",NA,"Stoichiometry / Network Ratio",NA,NA,NA,NA,"dopamine.3.O.sulfate_to_glutamine.conjugate.of.C6H10O2..2..",NA,NA,NA,NA,NA,NA,NA,NA,NA,NA,NA,NA,NA,NA,NA,NA,NA,NA,NA,NA,NA,NA,NA,NA,NA
0.401777982576982,0.412738140643706,2.41108087409367,0.0164532351534998,0.0845503868292051,-3.41419283154887,NA,"N.acetyl.aspartyl.glutamate..NAAG._to_tryptophan.betaine",NA,"Stoichiometry / Network Ratio",NA,NA,NA,NA,"N.acetyl.aspartyl.glutamate..NAAG._to_tryptophan.betaine",NA,NA,NA,NA,NA,NA,NA,NA,NA,NA,NA,NA,NA,NA,NA,NA,NA,NA,NA,NA,NA,NA,NA,NA,NA
-0.415658142154269,-0.458820845338495,-2.40563877326787,0.0166959323149683,0.0845503868292051,-3.42656201090248,NA,"tryptophan.betaine_to_dopamine.3.O.sulfate",NA,"Stoichiometry / Network Ratio",NA,NA,NA,NA,"tryptophan.betaine_to_dopamine.3.O.sulfate",NA,NA,NA,NA,NA,NA,NA,NA,NA,NA,NA,NA,NA,NA,NA,NA,NA,NA,NA,NA,NA,NA,NA,NA,NA
0.123683172048972,0.00551780481037604,2.40475267044322,0.0167357466713478,0.0845503868292051,-3.42857345557427,100001383,"100001383","Lipid","Lysophospholipid",2645,"NAMED","VXUOFDJKYGDUJI-OAQYLSRUSA-N","CCCCCCCCCCCCCC(OC[C@](O)([H])COP(OCC[N+](C)(C)C)([O-])=O)=O","1-myristoyl-GPC (14:0)","1-myristoyl-GPC (14:0)","20559-16-4",405289,"HMDB0010379","C04230",460604,"LPC 14:0","LPC 14:0","LPC 14:0/0:0",45453,45453,45453,402,402,402,159645,159645,159645,"Pos Late","Pos Late","Pos Late",159645,45453,402,"Pos Late"
0.09973777448518,0.071399694628205,2.39202569167197,0.0173168149928973,0.0859273185641236,-3.45738223398473,100009143,"100009143","Lipid","Phosphatidylcholine (PC)",2344,"NAMED","IRWRFKUTKSUFST-MDYGELLQSA-N","O=C(CCCCCCCCCCCCCCC)OC[C@]([H])(COP(OCC[N+](C)(C)C)([O-])=O)OC(CCCCC/C=C\C/C=C\C/C=C\C/C=C\CCCCC)=O","1-palmitoyl-2-adrenoyl-GPC (16:0/22:4)*","1-palmitoyl-2-adrenoyl-GPC (16:0/22:4)*",NA,24766658,"HMDB0007988",NA,24778732,"PC 38:4","PC 16:0_22:4","Unknown",52706,52706,52706,402,402,402,165479,165479,165479,"Pos Late","Pos Late","Pos Late",165479,52706,402,"Pos Late"
0.349125370262428,0.405472234571071,2.39104027478016,0.0173626334418229,0.0859273185641236,-3.45960938044504,NA,"vanillylmandelate..VMA._to_glutamine.conjugate.of.C7H12O2.",NA,"Stoichiometry / Network Ratio",NA,NA,NA,NA,"vanillylmandelate..VMA._to_glutamine.conjugate.of.C7H12O2.",NA,NA,NA,NA,NA,NA,NA,NA,NA,NA,NA,NA,NA,NA,NA,NA,NA,NA,NA,NA,NA,NA,NA,NA,NA
-0.182336707714288,0.0475852093877012,-2.36264384846224,0.0187269429661817,0.0912782678865982,-3.52333598749527,100001198,"100001198","Lipid","Long Chain Monounsaturated Fatty Acid",1571,"NAMED","YWWVWXASSLXJHU-WAYWQWQTSA-N","O=C(CCCCCCC/C=C\CCCC)O","myristoleate (14:1n5)","myristoleate (14:1n5)","544-64-9",4444564,"HMDB0002000","C08322",5281119,NA,NA,NA,32418,32418,32418,209,209,209,125828,125828,125828,"Neg","Neg","Neg",125828,32418,209,"Neg"
-0.194905376153178,-0.10733655346488,-2.36076874608497,0.0188202614199172,0.0912782678865982,-3.52751818961466,100000781,"100000781","Lipid","Fatty Acid Metabolism (Acyl Carnitine, Medium Chain)",1889,"NAMED","VVPRQWTYSNDTEA-UHFFFAOYSA-N","O=C(CCCCC)OC(CC([O-])=O)C[N+](C)(C)C","hexanoylcarnitine (C6)","hexanoylcarnitine (C6)","6920-35-0",4932273,"HMDB0000756",NA,6426853,NA,NA,NA,32328,32328,32328,400,400,400,155906,155906,155906,"Pos Early","Pos Early","Pos Early",155906,32328,400,"Pos Early"
-0.117506198228466,0.0487328773813676,-2.34632879785972,0.0195526866573493,0.0938916141466774,-3.55961744794825,424,"424","Lipid","Long Chain Saturated Fatty Acid",1555,"NAMED","IPCSVZSSVZVIGE-UHFFFAOYSA-N","OC(CCCCCCCCCCCCCCC)=O","palmitate (16:0)","palmitate (16:0)","57-10-3",960,"HMDB0000220","C00249",985,NA,NA,NA,1336,1336,1336,209,209,209,125720,125720,125720,"Neg","Neg","Neg",125720,1336,209,"Neg"
0.273036771414649,-0.289365881233487,2.33550350204733,0.0201180580895977,0.0952501704534005,-3.58355678550291,100001657,"100001657","Lipid","Secondary Bile Acid Metabolism",3570,"NAMED","FHXBAFXQVZOILS-OETIFKLTSA-N","C[C@]12[C@@]([C@@]([C@@](CC2)([H])[C@](CC3)(C)[C@@]4([H])C[C@@H]3OS(=O)(O)=O)(CC4)[H])([H])CC[C@]1([H])[C@H](C)CCC(NCC(O)=O)=O","glycolithocholate sulfate*","glycolithocholate sulfate*","15324-64-8",65188,"HMDB0002639","C11301",72222,NA,NA,NA,32620,32620,32620,209,209,209,142564,142564,142564,"Neg","Neg","Neg",142564,32620,209,"Neg"
0.0697863404059797,-0.0286820565470147,2.3334186884783,0.0202283867148459,0.0952501704534005,-3.58815055654169,100009036,"100009036","Lipid","Phosphatidylcholine (PC)",2361,"NAMED","SXNXGNVZTLZDHE-IYEJTHTFSA-N","O=C(CCCCCCCCCCCCCCCC)OC[C@]([H])(COP(OCC[N+](C)(C)C)([O-])=O)OC(CCCCCCC/C=C\CCCCCCCC)=O","1-margaroyl-2-oleoyl-GPC (17:0/18:1)*","1-margaroyl-2-oleoyl-GPC (17:0/18:1)*",NA,24822423,"HMDB0256160",NA,NA,"PC 35:1","PC 17:0_18:1","Unknown",52499,52499,52499,402,402,402,165191,165191,165191,"Pos Late","Pos Late","Pos Late",165191,52499,402,"Pos Late"
-0.193659953817384,0.0497931828700901,-2.32618752868526,0.0206160243367585,0.0961420365704605,-3.60407275088261,100001990,"100001990","Lipid","Secondary Bile Acid Metabolism",3606,"NAMED","OEDITLKCLMKBOM-UHFFFAOYSA-N","O=S(OC1CCC2(C)C(CCC3C2CCC4(C)C3CCC4C(CCC(NCCS(=O)(O)=O)=O)C)=C1)(O)=O","taurocholenate sulfate*","taurocholenate sulfate*",NA,NA,NA,NA,NA,NA,NA,NA,32807,32807,32807,209,209,209,142566,142566,142566,"Neg","Neg","Neg",142566,32807,209,"Neg"
0.144956648968836,0.0119736193597443,2.31124632470837,0.0214372298846678,0.098635136804641,-3.63681133558894,100009139,"100009139","Lipid","Phosphatidylcholine (PC)",2311,"NAMED","SRQSAJRUMDQMMS-NLDJLLEISA-N","O=C(CCCCCCCCCCCCC)OC[C@]([H])(COP(OCC[N+](C)(C)C)([O-])=O)OC(CCC/C=C\C/C=C\C/C=C\C/C=C\CCCCC)=O","1-myristoyl-2-arachidonoyl-GPC (14:0/20:4)*","1-myristoyl-2-arachidonoyl-GPC (14:0/20:4)*",NA,24766559,"HMDB0007883",NA,24778634,"PC 34:4","PC 14:0_20:4","Unknown",53195,53195,53195,402,402,402,166625,166625,166625,"Pos Late","Pos Late","Pos Late",166625,53195,402,"Pos Late"
0.213150631889714,-0.0336314388503236,2.30910262190654,0.0215573701057566,0.098635136804641,-3.64149180675026,NA,"glutamine_to_glutamine.conjugate.of.C6H10O2..1..",NA,"Stoichiometry / Network Ratio",NA,NA,NA,NA,"glutamine_to_glutamine.conjugate.of.C6H10O2..1..",NA,NA,NA,NA,NA,NA,NA,NA,NA,NA,NA,NA,NA,NA,NA,NA,NA,NA,NA,NA,NA,NA,NA,NA,NA
-0.282543653529395,-0.461962740132148,-2.30063183609211,0.0220378801425707,0.0998913258798764,-3.65994548715848,100001398,"100001398","Xenobiotics","Xanthine Metabolism",4803,"NAMED","HMLZLHKHNBLLJD-UHFFFAOYSA-N","CN1C(NC(C(N2C)=C1NC2=O)=O)=O","3,7-dimethylurate","3,7-dimethylurate","13087-49-5",74994,"HMDB0001982","C16360",83126,NA,NA,NA,34399,34399,34399,209,209,209,126922,126922,126922,"Neg","Neg","Neg",126922,34399,209,"Neg"
-0.166058486108876,0.0240414461723855,-2.28781818536718,0.0227825269572631,0.102310421984005,-3.68773548832432,100001992,"100001992","Lipid","Androgenic Steroids",3431,"NAMED","UWPTUYJASNIIJM-QJIZPQHZSA-N","C[C@@]12C(CCC3C2CC[C@@]4(C)C3CC[C@@H]4OS(=O)(O)=O)=C[C@@H](OS(=O)(O)=O)CC1","androstenediol (3beta,17beta) disulfate (1)","androstenediol (3beta,17beta) disulfate (1)",NA,NA,"HMDB0240313","C04295",87120982,NA,NA,NA,37202,37202,37202,209,209,209,144229,144229,144229,"Neg","Neg","Neg",144229,37202,209,"Neg"
-0.156650499501852,-0.093651420634377,-2.2820248722973,0.0231263444710079,0.102377886444051,-3.70025062913571,100002761,"100002761","Lipid","Androgenic Steroids",3408,"NAMED","VFUIRAVTUVCQTF-BSOWLZGZSA-N","O[C@H]1[C@H](O)[C@@H]([C@](O)=O)O[C@@H](O[C@@H]2CC[C@@]3(C)[C@](CC[C@]4([H])[C@]3([H])CC[C@@]5(C)[C@@]4([H])CCC5=O)([H])C2)[C@@H]1O","androsterone glucuronide","androsterone glucuronide","1852-43-3",102793,"HMDB0002829","C11135",114833,NA,NA,NA,61846,61846,61846,209,209,209,218457,218457,218457,"Neg","Neg","Neg",218457,61846,209,"Neg"
-0.0998590617651526,-0.0260907783908194,-2.27546311074568,0.0235212260665433,0.102377886444051,-3.71438874840899,NA,"choline.phosphate_to_choline",NA,"Stoichiometry / Network Ratio",NA,NA,NA,NA,"choline.phosphate_to_choline",NA,NA,NA,NA,NA,NA,NA,NA,NA,NA,NA,NA,NA,NA,NA,NA,NA,NA,NA,NA,NA,NA,NA,NA,NA
0.182127467533547,-0.0381226116333164,2.27428680676456,0.023592633055042,0.102377886444051,-3.71691907542063,100009078,"100009078","Lipid","Phosphatidylethanolamine (PE)",2489,"NAMED","GKAFCSRKMWFPSJ-RJXNKANHSA-N","O=C(CCCCCCC/C=C\CCCCCCCC)OC[C@]([H])(COP(OCCN)(O)=O)OC(CCCCCCC/C=C\C/C=C\CCCCC)=O","1-oleoyl-2-linoleoyl-GPE (18:1/18:2)*","1-oleoyl-2-linoleoyl-GPE (18:1/18:2)*",NA,7825703,"HMDB0005349",NA,9546753,"PE 36:3","PE 18:1_18:2","Unknown",52687,52687,52687,402,402,402,165457,165457,165457,"Pos Late","Pos Late","Pos Late",165457,52687,402,"Pos Late"
-0.13801980273668,-0.045561914881695,-2.27347696854777,0.0236419036736777,0.102377886444051,-3.71866036839582,100001254,"100001254","Amino Acid","Tryptophan Metabolism",262,"NAMED","DZTHIGRZJZPRDV-LBPRGKRZSA-N","O=C(O)[C@@H](NC(C)=O)CC1=CNC2=C1C=CC=C2","N-acetyltryptophan","N-acetyltryptophan","1218-34-4",610602,"HMDB0013713","C03137",439917700653,NA,NA,NA,33959,33959,33959,209,209,209,126119,126119,126119,"Neg","Neg","Neg",126119,33959,209,"Neg"
-0.361549528856203,-0.707825970156885,-2.25701718502767,0.0246629345163178,0.104931799314963,-3.75392167636374,100001108,"100001108","Xenobiotics","Xanthine Metabolism",4806,"NAMED","GMSNIKWWOQHZGF-UHFFFAOYSA-N","O=C1N(C)C2=C(N=CN2)C(N1)=O","3-methylxanthine","3-methylxanthine","1076-22-8",63805,"HMDB0001886","C16357",70639,NA,NA,NA,32445,32445,32445,209,209,209,125834,125834,125834,"Neg","Neg","Neg",125834,32445,209,"Neg"
-0.0827520909326327,0.108111549008522,-2.25699087579083,0.024664381694651,0.104931799314963,-3.75397392287149,100009002,"100009002","Lipid","Plasmalogen",2859,"NAMED","UUYSKERSKRMYME-MAIXUNBTSA-N","[H][C@](OC(CCC/C=C\C/C=C\C/C=C\C/C=C\CCCCC)=O)(COP(OCCN)(O)=O)CO/C=C\CCCCCCCCCCCCCC","1-(1-enyl-palmitoyl)-2-arachidonoyl-GPE (P-16:0/20:4)*","1-(1-enyl-palmitoyl)-2-arachidonoyl-GPE (P-16:0/20:4)*",NA,24769238,"HMDB0011352",NA,52925126,"PE O-36:5","PE P-16:0_20:4","PE P-16:0/20:4",52673,52673,52673,402,402,402,165435,165435,165435,"Pos Late","Pos Late","Pos Late",165435,52673,402,"Pos Late"
0.219859886349176,-0.043070401941044,2.25336526102969,0.0248946030118133,0.104990282267213,-3.76171146255006,NA,"tryptophan_to_glutamine.conjugate.of.C6H10O2..1..",NA,"Stoichiometry / Network Ratio",NA,NA,NA,NA,"tryptophan_to_glutamine.conjugate.of.C6H10O2..1..",NA,NA,NA,NA,NA,NA,NA,NA,NA,NA,NA,NA,NA,NA,NA,NA,NA,NA,NA,NA,NA,NA,NA,NA,NA
-0.0712287864233286,0.0521242486332751,-2.24054488709857,0.0257227279543952,0.107547612567945,-3.78895764399511,100000626,"100000626","Lipid","Sphingosines",3225,"NAMED","DUYSYHSSBDVJSM-KRWOKUGFSA-N","OP([O-])(OC[C@@]([H])([C@](O)(/C=C/CCCCCCCCCCCCC)[H])[NH3+])=O","sphingosine 1-phosphate","sphingosine 1-phosphate","26993-30-6",4446673,"HMDB0000277","C06124",5283560,NA,NA,NA,34445,34445,34445,402,402,402,158668,158668,158668,"Pos Late","Pos Late","Pos Late",158668,34445,402,"Pos Late"
-0.279726669983805,-0.12980539861815,-2.22268835139702,0.0269165369035456,0.111577097420681,-3.82666481868811,NA,"glutamate..gamma.methyl.ester_to_dopamine.3.O.sulfate",NA,"Stoichiometry / Network Ratio",NA,NA,NA,NA,"glutamate..gamma.methyl.ester_to_dopamine.3.O.sulfate",NA,NA,NA,NA,NA,NA,NA,NA,NA,NA,NA,NA,NA,NA,NA,NA,NA,NA,NA,NA,NA,NA,NA,NA,NA
-0.144868448337516,0.0856316392839708,-2.19879974795394,0.0285882547923626,0.115379880105164,-3.87664740036966,180,"180","Lipid","Long Chain Polyunsaturated Fatty Acid (n3 and n6)",1612,"NAMED","OYHQOLUKZRVURQ-HZJYTTRNSA-N","OC(CCCCCCC/C=C\C/C=C\CCCCC)=O","linoleate (18:2n6)","linoleate (18:2n6)","60-33-3",4444105,"HMDB0006270,HMDB0000673","C01595",5280450,NA,NA,NA,1105,1105,1105,209,209,209,125969,125969,125969,"Neg","Neg","Neg",125969,1105,209,"Neg"
0.100351407383457,-0.108605619553635,2.19839947262122,0.0286168654842007,0.115379880105164,-3.87747821324248,100009124,"100009124","Lipid","Phosphatidylcholine (PC)",2363,"NAMED","MHUZXLUKTLNHIX-GUNPMBPGSA-N","O=C(CCCCCCCCCCCCCCCC)OC[C@]([H])(COP(OCC[N+](C)(C)C)([O-])=O)OC(CCC/C=C\C/C=C\C/C=C\C/C=C\CCCCC)=O","1-margaroyl-2-arachidonoyl-GPC (17:0/20:4)*","1-margaroyl-2-arachidonoyl-GPC (17:0/20:4)*",NA,24822197,NA,NA,NA,"PC 37:4","PC 17:0_20:4","Unknown",53193,53193,53193,402,402,402,166623,166623,166623,"Pos Late","Pos Late","Pos Late",166623,53193,402,"Pos Late"
-0.167522768820296,-0.0726843846337017,-2.1980266721144,0.0286438227447552,0.115379880105164,-3.87825617362264,100009271,"100009271","Lipid","Fatty Acid Metabolism (Acyl Carnitine, Hydroxy)",1965,"NAMED","UEFRDQSMQXDWTO-UHFFFAOYSA-N","CC(O)CC(OC(C[N+](C)(C)C)CC([O-])=O)=O","(S)-3-hydroxybutyrylcarnitine","(S)-3-hydroxybutyrylcarnitine",NA,NA,"HMDB0013127",NA,71464477,NA,NA,NA,52984,52984,52984,400,400,400,166220,166220,166220,"Pos Early","Pos Early","Pos Early",166220,52984,400,"Pos Early"
-0.133816842284285,0.0667699108660128,-2.19606153357406,0.0287854958612882,0.115379880105164,-3.88234316313873,NA,"glutamine_to_N.acetyl.aspartyl.glutamate..NAAG.",NA,"Stoichiometry / Network Ratio",NA,NA,NA,NA,"glutamine_to_N.acetyl.aspartyl.glutamate..NAAG.",NA,NA,NA,NA,NA,NA,NA,NA,NA,NA,NA,NA,NA,NA,NA,NA,NA,NA,NA,NA,NA,NA,NA,NA,NA
-0.18911310196341,-0.0301755117477825,-2.19236860341462,0.0290533712184041,0.115499057712508,-3.89001392881874,NA,"vanillylmandelate..VMA._to_dopamine.3.O.sulfate",NA,"Stoichiometry / Network Ratio",NA,NA,NA,NA,"vanillylmandelate..VMA._to_dopamine.3.O.sulfate",NA,NA,NA,NA,NA,NA,NA,NA,NA,NA,NA,NA,NA,NA,NA,NA,NA,NA,NA,NA,NA,NA,NA,NA,NA
-0.140241475060525,0.0266394138280856,-2.17762387495977,0.0301445072386709,0.1183358035452,-3.9205160903603,432,"432","Cofactors and Vitamins","Nicotinate and Nicotinamide Metabolism",4507,"NAMED","DFPAKSUCGFBDDF-UHFFFAOYSA-N","NC(C1=CN=CC=C1)=O","nicotinamide","nicotinamide","98-92-0",911,"HMDB0001406","C00153",936,NA,NA,NA,594,594,594,400,400,400,155332,155332,155332,"Pos Early","Pos Early","Pos Early",155332,594,400,"Pos Early"
-0.287779973994136,-0.0161721599343904,-2.17615755541213,0.0302549270919688,0.1183358035452,-3.92353852173605,361,"361","Nucleotide","Purine Metabolism, (Hypo)Xanthine/Inosine containing",4322,"NAMED","UGQMRVRMYYASKQ-KQYNXXCUSA-N","O[C@H]1[C@H](N2C(N=CN=C3O)=C3N=C2)O[C@H](CO)[C@H]1O","inosine","inosine","58-63-9",21241953,"HMDB0000195","C00294",6021,NA,NA,NA,1123,1123,1123,209,209,209,123191,123191,123191,"Neg","Neg","Neg",123191,1123,209,"Neg"
0.114449418690644,0.0432772526041296,2.15011782038075,0.0322747643585564,0.125226085711199,-3.97688339819541,100008976,"100008976","Lipid","Phosphatidylethanolamine (PE)",2474,"NAMED","YDTWOEYVDRKKCR-KNERPIHHSA-N","O=C(CCCCCCCCCCCCCCCCC)OC[C@]([H])(COP(OCCN)(O)=O)OC(CCCCCCC/C=C\C/C=C\CCCCC)=O","1-stearoyl-2-linoleoyl-GPE (18:0/18:2)*","1-stearoyl-2-linoleoyl-GPE (18:0/18:2)*",NA,7825699,"HMDB0008994",NA,9546749,"PE 36:2","PE 18:0_18:2","Unknown",52446,52446,52446,402,402,402,165108,165108,165108,"Pos Late","Pos Late","Pos Late",165108,52446,402,"Pos Late"
0.180544594976266,0.176727061525315,2.13719383000507,0.0333196376810238,0.128254160915052,-4.00312786488248,NA,"histidine_to_glutamate..gamma.methyl.ester",NA,"Stoichiometry / Network Ratio",NA,NA,NA,NA,"histidine_to_glutamate..gamma.methyl.ester",NA,NA,NA,NA,NA,NA,NA,NA,NA,NA,NA,NA,NA,NA,NA,NA,NA,NA,NA,NA,NA,NA,NA,NA,NA
0.0964141670443138,0.0876260938715392,2.12223398726923,0.0345652343634469,0.131539416935731,-4.03331390678516,1004,"1004","Nucleotide","Purine Metabolism, (Hypo)Xanthine/Inosine containing",4324,"NAMED","LRFVTYWOQMYALW-UHFFFAOYSA-N","O=C(N1)C(N=CN2)=C2NC1=O","xanthine","xanthine","69-89-6",1151,"HMDB0000292","C00385",1188,NA,NA,NA,3147,3147,3147,305,305,305,147146,147146,147146,"Polar","Polar","Polar",147146,3147,305,"Polar"
0.346252683103704,0.588480922238874,2.12045997611053,0.034715557459327,0.131539416935731,-4.03687981515233,NA,"glutamate_to_glutamine.conjugate.of.C7H12O2.",NA,"Stoichiometry / Network Ratio",NA,NA,NA,NA,"glutamate_to_glutamine.conjugate.of.C7H12O2.",NA,NA,NA,NA,NA,NA,NA,NA,NA,NA,NA,NA,NA,NA,NA,NA,NA,NA,NA,NA,NA,NA,NA,NA,NA
-0.136320890948699,-0.0665352478631298,-2.1135146434684,0.0353095909439327,0.131792337757172,-4.05081378134288,356,"356","Lipid","Corticosteroids",3373,"NAMED","JYGXADMDTFJGBT-VWUMJDOOSA-N","O[C@@]1([C@@](CO)=O)[C@]2(C)[C@](CC1)([H])[C@@](CCC3=CC4=O)([H])[C@]([C@@]3(C)CC4)([H])[C@@H](O)C2","cortisol","cortisol","50-23-7",NA,"HMDB0000063","C00735",5754,NA,NA,NA,1712,1712,1712,209,209,209,124815,124815,124815,"Neg","Neg","Neg",124815,1712,209,"Neg"
-0.333171942158399,-0.457974324480141,-2.11260464171574,0.035388056708402,0.131792337757172,-4.05263606917118,100001399,"100001399","Xenobiotics","Xanthine Metabolism",4802,"NAMED","NOFNCLGCUJJPKU-UHFFFAOYSA-N","CN1C(NC(N2)=C(C1=O)N(C)C2=O)=O","1,7-dimethylurate","1,7-dimethylurate","33868-03-0",82720,"HMDB0011103","C16356",91611,NA,NA,NA,34400,34400,34400,209,209,209,126924,126924,126924,"Neg","Neg","Neg",126924,34400,209,"Neg"
-0.0933157942235696,-0.060250247424028,-2.11018387067316,0.0355975180333804,0.131792337757172,-4.057479973935,267,"267","Lipid","Phospholipid Metabolism",2278,"NAMED","YHHSONZFOIEMCP-UHFFFAOYSA-N","C[N+](C)(CCOP(O)([O-])=O)C","choline phosphate","phosphocholine","72556-74-2",119298,"HMDB0001565","C00588",1014,NA,NA,NA,34396,34396,34396,400,400,400,156099,156099,156099,"Pos Early","Pos Early","Pos Early",156099,34396,400,"Pos Early"
-0.0921583819408198,-0.030911261908597,-2.1035563299191,0.0361764213576817,0.132144506512396,-4.07071389747794,980,"980","Lipid","Long Chain Saturated Fatty Acid",1554,"NAMED","WQEPLUUGTLDZJY-UHFFFAOYSA-N","O=C(O)CCCCCCCCCCCCCC","pentadecanoate (15:0)","pentadecanoate (15:0)","10002-84-2,1002-84-2",13249,"HMDB0000826","C16537",13849,NA,NA,NA,1361,1361,1361,209,209,209,125726,125726,125726,"Neg","Neg","Neg",125726,1361,209,"Neg"
0.0899310269558706,0.0770971746549483,2.10286044442924,0.0362375657033994,0.132144506512396,-4.07209996398125,NA,"histidine_to_vanillylmandelate..VMA.",NA,"Stoichiometry / Network Ratio",NA,NA,NA,NA,"histidine_to_vanillylmandelate..VMA.",NA,NA,NA,NA,NA,NA,NA,NA,NA,NA,NA,NA,NA,NA,NA,NA,NA,NA,NA,NA,NA,NA,NA,NA,NA
-0.143543266227661,-0.0875830952909957,-2.093860046076,0.0370378893271415,0.13405504719152,-4.09000257463355,100022127,"100022127","Lipid","Corticosteroids",3391,"NAMED","QUOCEDQXFGCYTL-QMELEVSMSA-N","[H][C@@]12C[C@H](OC3C(O)C(O)C(O)C(C(O)=O)O3)CC[C@]1(C)[C@@]([C@@]4([H])CC2)([H])C(C[C@@]5(C)[C@@]4([H])CC[C@]5(O)C(CO)=O)=O","tetrahydrocortisone glucuronide (5)","tetrahydrocortisone glucuronide (5)",NA,NA,NA,NA,NA,NA,NA,NA,64591,64591,64591,209,209,209,238327,238327,238327,"Neg","Neg","Neg",238327,64591,209,"Neg"
-0.32484079300793,-0.411446860392272,-2.08285495207202,0.0380368411031019,0.136650873592625,-4.111789830854,100001229,"100001229","Lipid","Long Chain Polyunsaturated Fatty Acid (n3 and n6)",1602,"NAMED","JIWBIWFOSCKQMA-LTKCOYKYSA-N","CC\C=C/C\C=C/C\C=C/C\C=C/CCCCC(O)=O","stearidonate (18:4n3)","stearidonate (18:4n3)","111174-40-4",4471933,"HMDB0006547","C16300",5312508,NA,NA,NA,33969,33969,33969,209,209,209,126890,126890,126890,"Neg","Neg","Neg",126890,33969,209,"Neg"
-0.0803417575160306,-0.0850152578960377,-2.07353604136568,0.038900394484731,0.137796146485705,-4.13014908090591,100000802,"100000802","Lipid","Fatty Acid Metabolism (Acyl Carnitine, Short Chain)",1885,"NAMED","RDHQFKQIGNGIED-MRVPVSSYSA-N","C[N+](C)(C)C[C@H](OC(C)=O)CC([O-])=O","acetylcarnitine (C2)","acetylcarnitine (C2)","5080-50-2",5406074,"HMDB0000201","C02571",7045767,NA,NA,NA,32198,32198,32198,400,400,400,155890,155890,155890,"Pos Early","Pos Early","Pos Early",155890,32198,400,"Pos Early"
-0.127107587824823,0.0573309477752923,-2.07328805351349,0.0389238599351374,0.137796146485705,-4.13063907044261,NA,"tryptophan_to_N.acetyl.aspartyl.glutamate..NAAG.",NA,"Stoichiometry / Network Ratio",NA,NA,NA,NA,"tryptophan_to_N.acetyl.aspartyl.glutamate..NAAG.",NA,NA,NA,NA,NA,NA,NA,NA,NA,NA,NA,NA,NA,NA,NA,NA,NA,NA,NA,NA,NA,NA,NA,NA,NA
0.05706588352026,0.0235559297185602,2.06658858182199,0.0395552191179244,0.139016530957923,-4.14378603323205,100000616,"100000616","Lipid","Phosphatidylinositol (PI)",2601,"NAMED","KRTOMQDUKGRFDJ-YKOKTLGVSA-N","CCCCCCCCCCCCCCCCCC(OC[C@]([H])(COP(O)(O[C@](C(O)(C(O)(C(O)([C@](O)1[H])[H])[H])[H])([C@]1(O)[H])[H])=O)OC(CCC/C=C\C/C=C\C/C=C\C/C=C\CCCCC)=O)=O","1-stearoyl-2-arachidonoyl-GPI (18:0/20:4)","1-stearoyl-2-arachidonoyl-GPI (18:0/20:4)","383907-33-3",21403055,"HMDB0009815",NA,NA,"PI 38:4","PI 18:0_20:4","Unknown",52449,52449,52449,402,402,402,208070,208070,208070,"Pos Late","Pos Late","Pos Late",208070,52449,402,"Pos Late"
0.371756377348799,-0.579464014996844,2.05460508322444,0.0407070653913731,0.140808719060673,-4.16720578765386,100020823,"100020823","Lipid","Secondary Bile Acid Metabolism",3567,"NAMED","AXDXVEYHEODSPN-HVATVPOCSA-N","[H][C@@]12[C@@]3(C)CC[C@@H](OS(=O)(O)=O)C[C@@]3([H])CC[C@@]1([H])[C@]4([H])CC[C@]([H])([C@H](C)CCC(O)=O)[C@@]4(C)CC2","lithocholate sulfate (1)","lithocholate sulfate (1)",NA,NA,"HMDB0000907",NA,451489,NA,NA,NA,62526,62526,62526,209,209,209,219859,219859,219859,"Neg","Neg","Neg",219859,62526,209,"Neg"
-0.167177049231472,0.0443262159355073,-2.05060517009411,0.0410977499275857,0.140808719060673,-4.1749926255947,297,"297","Lipid","Sphingosines",3223,"NAMED","WWUZIQQURGPMPG-CCEZHUSRSA-N","CCCCCCCCCCCCC/C=C/C(C(CO)N)O","sphingosine","sphingosine","123-78-4",4510275,"HMDB0000252","C00319",5280335,NA,NA,NA,17747,17747,17747,402,402,402,158164,158164,158164,"Pos Late","Pos Late","Pos Late",158164,17747,402,"Pos Late"
0.197500736746664,-0.0348669561758717,2.04958719053958,0.0411976872074346,0.140808719060673,-4.17697202053711,NA,"choline_to_glutamine.conjugate.of.C6H10O2..1..",NA,"Stoichiometry / Network Ratio",NA,NA,NA,NA,"choline_to_glutamine.conjugate.of.C6H10O2..1..",NA,NA,NA,NA,NA,NA,NA,NA,NA,NA,NA,NA,NA,NA,NA,NA,NA,NA,NA,NA,NA,NA,NA,NA,NA
-0.190957469205081,0.000707487142663187,-2.04929439020789,0.0412264703229186,0.140808719060673,-4.17754117449054,100020261,"100020261","Partially Characterized Molecules","Partially Characterized Molecules",6707,"NAMED",NA,NA,"glutamine conjugate of C6H10O2 (1)*","glutamine conjugate of C6H10O2 (1)*",NA,NA,NA,NA,NA,NA,NA,NA,63657,63657,63657,209,209,209,223045,223045,223045,"Neg","Neg","Neg",223045,63657,209,"Neg"
-0.191985789122134,0.152833175920021,-2.03748422198255,0.0424017926009932,0.143810275604767,-4.20043211508642,NA,"glutamate_to_dopamine.3.O.sulfate",NA,"Stoichiometry / Network Ratio",NA,NA,NA,NA,"glutamate_to_dopamine.3.O.sulfate",NA,NA,NA,NA,NA,NA,NA,NA,NA,NA,NA,NA,NA,NA,NA,NA,NA,NA,NA,NA,NA,NA,NA,NA,NA
0.285488120798106,-0.296088650600195,2.02716473120603,0.04345195672756,0.146348604256018,-4.22032826632647,100020214,"100020214","Lipid","Primary Bile Acid Metabolism",3537,"NAMED","ZQYUKJFJPJDMMR-PRRFOZOMSA-N","CC(C1CCC2C3[C@H]([C@H]([C@@]4(C[C@@H](CC[C@@]4(C3CC[C@]12C)C)O)[H])O)O)CCC(NCC(O)=O)=O","glyco-beta-muricholate**","glyco-beta-muricholate**",NA,NA,NA,NA,NA,NA,NA,NA,62066,62066,62066,209,209,209,218872,218872,218872,"Neg","Neg","Neg",218872,62066,209,"Neg"
-0.193564832539799,-0.0476869572289682,-2.02115339324973,0.044073814942797,0.147419312050045,-4.23187285860429,254,"254","Lipid","Ketone Bodies",1983,"NAMED","WHBMMWSBFZVSSR-UHFFFAOYSA-N","CC(O)CC(O)=O","3-hydroxybutyrate (BHBA)","3-hydroxybutyrate (BHBA)","625-72-9",428,"HMDB0000442,HMDB0000357,HMDB0000011","C03197,C01089",9431844192135,NA,NA,NA,542,542,542,305,305,305,145710,145710,145710,"Polar","Polar","Polar",145710,542,305,"Polar"
-0.101834596358568,-0.0167951082260393,-1.99834752946648,0.0465020901337853,0.154476121334835,-4.27536695935661,98,"98","Amino Acid","Tryptophan Metabolism",279,"NAMED","HCZHHEIFKROPDY-UHFFFAOYSA-N","OC1=C(C=CC=C2)C2=NC(C(O)=O)=C1","kynurenate","kynurenate","492-27-3",3712,"HMDB0000715","C01717",3845,NA,NA,NA,1417,1417,1417,209,209,209,124553,124553,124553,"Neg","Neg","Neg",124553,1417,209,"Neg"
0.169890164546204,-0.0536111578788847,1.99489836223982,0.0468790153940582,0.154668860313729,-4.28190313481164,100006361,"100006361","Amino Acid","Tyrosine Metabolism",230,"NAMED","NZKRYJGNYPYXJZ-UHFFFAOYSA-N","NCCC1=CC(OS(=O)(O)=O)=C(O)C=C1","dopamine 3-O-sulfate","dopamine 3-O-sulfate",NA,108936,"HMDB0006275","C13690",122136,NA,NA,NA,48407,48407,48407,209,209,209,155061,155061,155061,"Neg","Neg","Neg",155061,48407,209,"Neg"
0.0959683526574328,-0.118804285800857,1.98427210359968,0.0480563464705208,0.15693116482702,-4.30196942720035,100005353,"100005353","Lipid","Lysophospholipid",2671,"NAMED","WYIMORDZGCUBAA-UHFFFAOYSA-N","C[N+](CCOP(OCC(O)COC(CCCCCCCCCCCCCCCCCC)=O)([O-])=O)(C)C","1-nonadecanoyl-GPC (19:0)","1-nonadecanoyl-GPC (19:0)","108273-88-7",24823014,NA,NA,NA,"LPC 19:0","LPC 19:0","LPC 19:0/0:0",47087,47087,47087,402,402,402,159895,159895,159895,"Pos Late","Pos Late","Pos Late",159895,47087,402,"Pos Late"
0.31647606714673,0.505742508245661,1.98136307654595,0.0483831961169028,0.15693116482702,-4.30744612446421,NA,"histidine_to_tryptophan.betaine",NA,"Stoichiometry / Network Ratio",NA,NA,NA,NA,"histidine_to_tryptophan.betaine",NA,NA,NA,NA,NA,NA,NA,NA,NA,NA,NA,NA,NA,NA,NA,NA,NA,NA,NA,NA,NA,NA,NA,NA,NA
0.0853204719037867,0.0961902471044535,1.97685466826003,0.0488930065302939,0.15693116482702,-4.31591531408201,100009138,"100009138","Lipid","Phosphatidylcholine (PC)",2310,"NAMED","IWXJKHSPEQSQMD-GMGFYYQASA-N","O=C(CCCCCCCCCCCCC)OC[C@]([H])(COP(OCC[N+](C)(C)C)([O-])=O)OC(CCCCCCC/C=C\C/C=C\CCCCC)=O","1-myristoyl-2-linoleoyl-GPC (14:0/18:2)*","1-myristoyl-2-linoleoyl-GPC (14:0/18:2)*",NA,24766550,"HMDB0007874",NA,24778624,"PC 32:2","PC 14:0_18:2","Unknown",52707,52707,52707,402,402,402,165481,165481,165481,"Pos Late","Pos Late","Pos Late",165481,52707,402,"Pos Late"
-0.165206772854492,0.0736762190134733,-1.97572108749616,0.0490221112889559,0.15693116482702,-4.31804326483731,452,"452","Lipid","Long Chain Monounsaturated Fatty Acid",1574,"NAMED","SECPZKHBENQXJG-FPLPWBNLSA-N","CCCCCC\C=C/CCCCCCCC(O)=O","palmitoleate (16:1n7)","palmitoleate (16:1n7)","373-49-9",393216,"HMDB0003229","C08362",445638,NA,NA,NA,33447,33447,33447,209,209,209,126083,126083,126083,"Neg","Neg","Neg",126083,33447,209,"Neg"
0.0950903727304085,-0.0413263892565375,1.97431406160635,0.0491825506262001,0.15693116482702,-4.32068143726313,100001569,"100001569","Lipid","Lysophospholipid",2724,"NAMED","PYVRVRFVLRNJLY-MZMPXXGTSA-N","O=P(OCC[NH3+])([O-])OC[C@H](O)COC(CCCCCCC\C=C/CCCCCCCC)=O","1-oleoyl-GPE (18:1)","1-oleoyl-GPE (18:1)","89576-29-4",7826021,"HMDB0011506",NA,9547071,"LPE 18:1","LPE 18:1","LPE 18:1/0:0",35628,35628,35628,402,402,402,158745,158745,158745,"Pos Late","Pos Late","Pos Late",158745,35628,402,"Pos Late"
-0.153688992026856,-0.0153692043576128,-1.96187481924894,0.0506203124326698,0.160463081894411,-4.34392523444729,100001337,"100001337","Lipid","Long Chain Polyunsaturated Fatty Acid (n3 and n6)",1614,"NAMED","DTOSIQBPPRVQHS-PDBXOOCHSA-N","O=C(O)CCCCCCC/C=C\C/C=C\C/C=C\CC","linolenate [alpha or gamma; (18:3n3 or 6)]","linolenate (18:3n3 or 3n6)",NA,4444437,"HMDB0003073,HMDB0001388","C06426,C06427",52809335280934,NA,NA,NA,34035,34035,34035,209,209,209,143703,143703,143703,"Neg","Neg","Neg",143703,34035,209,"Neg"
0.149282964913009,0.101200545124478,1.94526824617372,0.0525947373050807,0.165639270084183,-4.37473256081844,100015593,"100015593","Lipid","Phosphatidylethanolamine (PE)",2486,"NAMED","DPRXQVIZBLENFV-UFHXWEBOSA-N","CCCCCCCCCCCCCCCCCC(OCC(OC(CC/C=C/C/C=C/C/C=C/C/C=C/C/C=C/CCCCC)=O)COP(O)(OCCN)=O)=O","1-stearoyl-2-docosapentaenoyl-GPE (18:0/22:5n6)*","1-stearoyl-2-docosapentaenoyl-GPE (18:0/22:5n6)*",NA,NA,"HMDB0009010",NA,53479611,"PE 40:5","PE 18:0_22:5(4,7,10,13,16)","Unknown",57338,57338,57338,402,402,402,210839,210839,210839,"Pos Late","Pos Late","Pos Late",210839,57338,402,"Pos Late"
0.379033934782982,-0.641908219300383,1.94069579644042,0.0531495947606921,0.165651506226487,-4.38317015496879,100000436,"100000436","Lipid","Secondary Bile Acid Metabolism",3557,"NAMED","WVULKSPCQVQLCU-BUXLTGKBSA-N","O=C(NCC(O)=O)CC[C@@H](C)[C@@H]1[C@@]2(C)[C@@H](O)C[C@]3([H])[C@@]4(C)CC[C@@H](O)C[C@@]4([H])CC[C@@]3([H])[C@@]2(CC1)[H]","glycodeoxycholate","glycodeoxycholate","360-65-6",NA,"HMDB0000631","C05464",3035026,NA,NA,NA,18477,18477,18477,209,209,209,123291,123291,123291,"Neg","Neg","Neg",123291,18477,209,"Neg"
-0.126297365687253,-0.0731456534809027,-1.9377199020115,0.053513346082866,0.165651506226487,-4.38865119200174,100008930,"100008930","Lipid","Long Chain Monounsaturated Fatty Acid",1578,"NAMED","ZQPPMHVWECSIRJ-KTKRTIGZSA-N","OC(CCCCCCC/C=C\CCCCCCCC)=O","oleate/vaccenate (18:1)","oleate/vaccenate (18:1)",NA,NA,"HMDB0003231,HMDB0000573,HMDB0240219,HMDB0000207","C21944,C08367,C01712,C00712",5.28276163751752e+25,NA,NA,NA,52285,52285,52285,209,209,209,164313,164313,164313,"Neg","Neg","Neg",164313,52285,209,"Neg"
0.22432502706459,0.0832117469947127,1.93590914792612,0.053735699572239,0.165651506226487,-4.39198224076688,100004083,"100004083","Lipid","Secondary Bile Acid Metabolism",3596,"NAMED",NA,"C[C@@]([C@@]1([H])C[C@@H]2O)(CC2)[C@](CC3)([H])[C@]([C@H](O)[C@@H]1O)([H])[C@@](CC4)([H])[C@@]3(C)[C@H]4[C@H](C)CCC(NCC(O)=O)=O","glycohyocholate","glycohyocholate",NA,NA,"HMDB0240607",NA,71361462,NA,NA,NA,42574,42574,42574,209,209,209,143947,143947,143947,"Neg","Neg","Neg",143947,42574,209,"Neg"
-0.18549810310899,-0.200658212636421,-1.93226547275878,0.0541854774237362,0.165651506226487,-4.39867589966256,100021141,"100021141","Lipid","Fatty Acid Metabolism (Acyl Carnitine, Hydroxy)",1972,"NAMED","VCRSQDIROUELAR-UHFFFAOYSA-N","OC(CCCCCCC)CC(OC(CC([O-])=O)C[N+](C)(C)C)=O","3-hydroxydecanoylcarnitine","3-hydroxydecanoylcarnitine",NA,59664325,"HMDB0061636",NA,121454166,NA,NA,NA,63358,63358,63358,402,402,402,222426,222426,222426,"Pos Late","Pos Late","Pos Late",222426,63358,402,"Pos Late"
0.171734531787876,-0.0844941567693303,1.93129043944055,0.0543063700824979,0.165651506226487,-4.40046500811347,NA,"vanillylmandelate..VMA._to_glutamine.conjugate.of.C6H10O2..1..",NA,"Stoichiometry / Network Ratio",NA,NA,NA,NA,"vanillylmandelate..VMA._to_glutamine.conjugate.of.C6H10O2..1..",NA,NA,NA,NA,NA,NA,NA,NA,NA,NA,NA,NA,NA,NA,NA,NA,NA,NA,NA,NA,NA,NA,NA,NA,NA
0.238347124503052,0.068224775798389,1.91271077487618,0.0566535708500719,0.17173113663928,-4.43438865777747,NA,"histidine_to_glutamine.conjugate.of.C6H10O2..2..",NA,"Stoichiometry / Network Ratio",NA,NA,NA,NA,"histidine_to_glutamine.conjugate.of.C6H10O2..2..",NA,NA,NA,NA,NA,NA,NA,NA,NA,NA,NA,NA,NA,NA,NA,NA,NA,NA,NA,NA,NA,NA,NA,NA,NA
0.123573900989068,0.000971101845927184,1.90693716696474,0.0574000110545134,0.172913076779124,-4.44486513885105,100001776,"100001776","Lipid","Lysophospholipid",2727,"NAMED","SVRBKLJIDJHADS-HZJYTTRNSA-N","O=P(OCC(OC(CCCCCCC/C=C\C/C=C\CCCCC)=O)CO)(O)OCCN","2-linoleoyl-GPE (18:2)*","2-linoleoyl-GPE (18:2)*",NA,NA,"HMDB0011477",NA,NA,"LPE 18:2","LPE 18:2","LPE 0:0/18:2",36593,36593,36593,209,209,209,142534,142534,142534,"Neg","Neg","Neg",142534,36593,209,"Neg"
-0.0485688915147251,-0.0403233640882174,-1.89572035715488,0.0588733808950896,0.176201271832285,-4.46512861934157,1538,"1538","Lipid","Sphingomyelins",3169,"NAMED","LKQLRGMMMAHREN-YJFXYUILSA-N","CCCCCCCCCCCCCCCCCC(N[C@@](COP([O-])(OCC[N+](C)(C)C)=O)([C@](O)(/C=C/CCCCCCCCCCCCC)[H])[H])=O","stearoyl sphingomyelin (d18:1/18:0)","stearoyl sphingomyelin (d18:1/18:0)","85187-10-6,85187-10-6",4956085,"HMDB0001348","C00550",6453725,"SM 36:1;O2","SM 18:1;O2_18:0","SM 18:1;O2/18:0",19503,19503,19503,402,402,402,164530,164530,164530,"Pos Late","Pos Late","Pos Late",164530,19503,402,"Pos Late"
-0.163346897004622,0.0194516888456761,-1.89196064161365,0.0593746233677795,0.176201271832285,-4.47189645758813,NA,"choline_to_dopamine.3.O.sulfate",NA,"Stoichiometry / Network Ratio",NA,NA,NA,NA,"choline_to_dopamine.3.O.sulfate",NA,NA,NA,NA,NA,NA,NA,NA,NA,NA,NA,NA,NA,NA,NA,NA,NA,NA,NA,NA,NA,NA,NA,NA,NA
-0.265052469582176,-0.304977660289648,-1.89041601805074,0.0595814609907106,0.176201271832285,-4.47467251664019,100001106,"100001106","Xenobiotics","Xanthine Metabolism",4801,"NAMED","OTSBKHHWSQYEHK-UHFFFAOYSA-N","CN1C(N(C(N2)=C(C1=O)NC2=O)C)=O","1,3-dimethylurate","1,3-dimethylurate","944-73-0",63527,"HMDB0001857",NA,70346,NA,NA,NA,32391,32391,32391,209,209,209,125804,125804,125804,"Neg","Neg","Neg",125804,32391,209,"Neg"
-0.184542440841331,-0.0796561104520203,-1.87872599003461,0.0611663988311256,0.179792142018763,-4.49561042537331,100002024,"100002024","Lipid","Androgenic Steroids",3453,"NAMED","KWYNDVHEQWYGIL-ARKAXQQOSA-N","O[C@H]1CC[C@@]2(C)[C@](CCC3C2CC[C@@]4(C)C3CC[C@@H]4OS(=O)(O)=O)([H])C1","5alpha-androstan-3beta,17beta-diol monosulfate (2)","5alpha-androstan-3beta,17beta-diol monosulfate (2)",NA,NA,NA,NA,NA,NA,NA,NA,37192,37192,37192,209,209,209,144276,144276,144276,"Neg","Neg","Neg",144276,37192,209,"Neg"
-0.200709272715247,-0.414344633427631,-1.86842862530984,0.0625913659686385,0.182872364426444,-4.51394843413698,NA,"glutamine.conjugate.of.C7H12O2._to_glutamine.conjugate.of.C6H10O",NA,"Stoichiometry / Network Ratio",NA,NA,NA,NA,"glutamine.conjugate.of.C7H12O2._to_glutamine.conjugate.of.C6H10O",NA,NA,NA,NA,NA,NA,NA,NA,NA,NA,NA,NA,NA,NA,NA,NA,NA,NA,NA,NA,NA,NA,NA,NA,NA
-0.0347097900936432,-0.0074014877725753,-1.855152588632,0.0644689797153989,0.187230270430949,-4.53744490769843,100004329,"100004329","Lipid","Sphingomyelins",3181,"NAMED","IWHLTJGDYLJQSH-FLPFCPAFSA-N","CCCCC/C=C/CCCCCCCCC(N[C@@](COP([O-])(OCC[N+](C)(C)C)=O)([C@](O)(/C=C/CCCCCCCCCCCCC)[H])[H])=O","sphingomyelin (d18:2/16:0, d18:1/16:1)*","sphingomyelin (d18:2/16:0, d18:1/16:1)*",NA,NA,"HMDB0240638,HMDB0240613",NA,NA,"SM 34:2;O2","Unknown","Unknown",42459,42459,42459,402,402,402,161023,161023,161023,"Pos Late","Pos Late","Pos Late",161023,42459,402,"Pos Late"
0.0638850651792607,-0.0140747070770592,1.83556348765893,0.0673251225228472,0.194361216807029,-4.57181751587238,100009038,"100009038","Lipid","Dihydrosphingomyelins",3161,"NAMED","MJAFYELZQYPMQG-MPQUPPDSSA-N","[H][C@](NC(CCCCCCCCCCCCC)=O)(COP(OCC[N+](C)(C)C)([O-])=O)[C@@](O)([H])CCCCCCCCCCCCCCC","myristoyl dihydrosphingomyelin (d18:0/14:0)*","myristoyl dihydrosphingomyelin (d18:0/14:0)*",NA,24846886,"HMDB0012085",NA,44260138,"SM 32:0;O2","SM 18:0;O2_14:0","SM 18:0;O2/14:0",57365,57365,57365,402,402,402,210891,210891,210891,"Pos Late","Pos Late","Pos Late",210891,57365,402,"Pos Late"
-0.110090704602704,-0.129839039864441,-1.82193825211419,0.0693726687686376,0.19908724469106,-4.59551437340073,100001270,"100001270","Lipid","Fatty Acid Metabolism (Acyl Carnitine, Long Chain Saturated)",1907,"NAMED","PSHXNVGSVNEJBD-UHFFFAOYSA-N","O=C(CCCCCCCCCCCCC)OC(CC([O-])=O)C[N+](C)(C)C","myristoylcarnitine (C14)","myristoylcarnitine (C14)","18822-89-4",4932274,"HMDB0005066",NA,6426854,NA,NA,NA,33952,33952,33952,402,402,402,158596,158596,158596,"Pos Late","Pos Late","Pos Late",158596,33952,402,"Pos Late"
0.0404091749732283,-0.00436903121843935,1.8146504951324,0.0704884316925349,0.201099349240467,-4.60811696098565,100008985,"100008985","Lipid","Phosphatidylcholine (PC)",2338,"NAMED","SRIGHEHXEGELQJ-YYQUKWHJSA-N","CCCCCCCCCCCCCCCC(OC[C@@H](OC(CCCCCC/C=C\C/C=C\C/C=C\CCCCC)=O)COP([O-])(OCC[N+](C)(C)C)=O)=O","1-palmitoyl-2-dihomo-linolenoyl-GPC (16:0/20:3n3 or n6)*","1-palmitoyl-2-dihomo-linolenoyl-GPC (16:0/20:3n3 or n6)*",NA,NA,NA,NA,NA,"PC 36:3","PC 16:0_20:3","Unknown",52454,52454,52454,402,402,402,165119,165119,165119,"Pos Late","Pos Late","Pos Late",165119,52454,402,"Pos Late"
-0.0899958666881418,0.0531635239356327,-1.81149720275328,0.0709761955752222,0.201306753532063,-4.61355613774307,100015971,"100015971","Lipid","Corticosteroids",3394,"NAMED","INMJYSGZRBTEOR-RXCXIKFNSA-N","O[C@H]([C@]([C@]([C@]1([H])[C@@](CC2)([H])[C@@]3([H])[C@]([C@@]2([H])C[C@@H]4OC5C(O)C(O)C(O)C(C(O)=O)O5)(CC4)C)(CC3=O)C)(CC1)O)CO","cortolone glucuronide (1)","cortolone glucuronide (1)",NA,NA,"HMDB0010320",NA,NA,NA,NA,NA,57699,57699,57699,209,209,209,212775,212775,212775,"Neg","Neg","Neg",212775,57699,209,"Neg"
-0.0552465636189016,-0.00820379938198955,-1.80458932233971,0.0720535941201614,0.20317437876906,-4.62543619615076,100001415,"100001415","Nucleotide","Purine Metabolism, Adenine containing",4367,"NAMED","UNUYMBPXEFMLNW-HZPYULPISA-N","OC(C)C(C(O)=O)NC(NC1=NC=NC2=C1N=CN2[C@@H]3O[C@H](CO)[C@@H](O)[C@H]3O)=O","N6-carbamoylthreonyladenosine","N6-carbamoylthreonyladenosine","24719-82-2",141829,"HMDB0041623",NA,161466,NA,NA,NA,35157,35157,35157,209,209,209,126974,126974,126974,"Neg","Neg","Neg",126974,35157,209,"Neg"
-0.108038828178272,0.0699894000594738,-1.80084848387307,0.072642936974467,0.203652164350384,-4.63185213723061,100002028,"100002028","Lipid","Androgenic Steroids",3428,"NAMED","VPDALJSLCNNODJ-QJIZPQHZSA-N","O[C@H]1CCC2C3CCC4=C[C@@H](OS(=O)(O)=O)CC[C@]4(C)C3CC[C@@]21C","androstenediol (3beta,17beta) monosulfate (1)","androstenediol (3beta,17beta) monosulfate (1)","521-17-5",NA,"HMDB0240429",NA,12967063113847300,NA,NA,NA,37211,37211,37211,209,209,209,144263,144263,144263,"Neg","Neg","Neg",144263,37211,209,"Neg"
-0.218266535632656,-0.0804351383906822,-1.79731614060638,0.0732028789525721,0.204042507425273,-4.63789786074204,100002021,"100002021","Lipid","Androgenic Steroids",3457,"NAMED","JHFAETDERBWUOO-ILSMVHKQSA-N","O=S(O[C@@H]1CCC2C3CC[C@@]4([H])C[C@@H](OS(=O)(O)=O)CC[C@]4(C)C3CC[C@@]21C)(O)=O","5alpha-androstan-3beta,17alpha-diol disulfate","5alpha-androstan-3beta,17alpha-diol disulfate",NA,NA,"HMDB0240625",NA,56639109,NA,NA,NA,37187,37187,37187,209,209,209,144291,144291,144291,"Neg","Neg","Neg",144291,37187,209,"Neg"
-0.0881936090070535,0.0204257551050742,-1.7908272418175,0.0742407313161083,0.204466203490032,-4.64897352220427,100015689,"100015689","Lipid","Phosphatidylcholine (PC)",2332,"NAMED","QAPGDFJIZLYEBT-DYMXKLMASA-N","O=C(CCCCCCCCCCCCCCC)OCC(COP(OCC[N+](C)(C)C)([O-])=O)OC(C(O)CCCCCC/C=C\C/C=C\CCCCC)=O","1-palmitoyl-2-(hydroxylinoleoyl)-GPC (16:0/18:2(OH))*","1-palmitoyl-2-(hydroxylinoleoyl)-GPC (16:0/18:2(OH))*",NA,NA,NA,NA,NA,"PC 34:2;O","PC 16:0_18:2;O","Unknown",57415,57415,57415,402,402,402,211066,211066,211066,"Pos Late","Pos Late","Pos Late",211066,57415,402,"Pos Late"
0.10771511407705,0.0494444991755526,1.79078815649023,0.0742470191428127,0.204466203490032,-4.6490401165796,100001856,"100001856","Lipid","Phosphatidylethanolamine (PE)",2470,"NAMED","JQKOHRZNEOQNJE-AYBNWLFXSA-N","O=C(CCCCCCC/C=C/CCCCCCCC)O[C@@H](COP(OCCN)(O)=O)COC(CCCCCCCCCCCCCCCCC)=O","1-stearoyl-2-oleoyl-GPE (18:0/18:1)","1-stearoyl-2-oleoyl-GPE (18:0/18:1)",NA,NA,"HMDB0008993",NA,9546742,"PE 36:1","PE 18:0_18:1","Unknown",42448,42448,42448,402,402,402,164202,164202,164202,"Pos Late","Pos Late","Pos Late",164202,42448,402,"Pos Late"
0.0418056723945705,0.0356734198266619,1.78273244261468,0.0755520372639931,0.204466203490032,-4.662734231888,NA,"histidine_to_tryptophan",NA,"Stoichiometry / Network Ratio",NA,NA,NA,NA,"histidine_to_tryptophan",NA,NA,NA,NA,NA,NA,NA,NA,NA,NA,NA,NA,NA,NA,NA,NA,NA,NA,NA,NA,NA,NA,NA,NA,NA
0.328853482520006,0.294031269497451,1.78234184320114,0.0756161052784785,0.204466203490032,-4.66339770562977,NA,"serotonin_to_glutamine.conjugate.of.C7H12O2.",NA,"Stoichiometry / Network Ratio",NA,NA,NA,NA,"serotonin_to_glutamine.conjugate.of.C7H12O2.",NA,NA,NA,NA,NA,NA,NA,NA,NA,NA,NA,NA,NA,NA,NA,NA,NA,NA,NA,NA,NA,NA,NA,NA,NA
-0.122344753913532,-0.0581541309676,-1.78201861804457,0.0756689062035066,0.204466203490032,-4.66394582309965,100000665,"100000665","Lipid","Long Chain Polyunsaturated Fatty Acid (n3 and n6)",1608,"NAMED","MBMBGCFOFBJSGT-KUBAVDMBSA-N","CC\C=C/C\C=C/C\C=C/C/C=C\C/C=C\C/C=C\CCC(O)=O","docosahexaenoate (DHA; 22:6n3)","docosahexaenoate (DHA; 22:6n3)","6217-54-5",393183,"HMDB0002183","C06429",445580,NA,NA,NA,44675,44675,44675,209,209,209,126139,126139,126139,"Neg","Neg","Neg",126139,44675,209,"Neg"
-0.0771754786193724,-0.00890603423097487,-1.78070158803125,0.0758843641818675,0.204466203490032,-4.66617820372809,439,"439","Lipid","Long Chain Saturated Fatty Acid",1559,"NAMED","QIQXTHQIDYTFRH-UHFFFAOYSA-N","CCCCCCCCCCCCCCCCCC(O)=O","stearate (18:0)","stearate (18:0)","57-11-4",5091,"HMDB0000827","C01530",5281,NA,NA,NA,1358,1358,1358,209,209,209,125724,125724,125724,"Neg","Neg","Neg",125724,1358,209,"Neg"
0.0665284948662402,-0.0954263563252761,1.77221517859584,0.0772844737526515,0.207088230773679,-4.6805230312002,1052,"1052","Carbohydrate","Glycolysis, Gluconeogenesis, and Pyruvate Metabolism",1282,"NAMED","RBNPOMFGQQGHHO-UHFFFAOYSA-N","O=C(O)C(O)CO","glycerate","glycerate","600-19-1",732,"HMDB0000139,HMDB0006372","C00258",439194752,NA,NA,NA,1572,1572,1572,305,305,305,146444,146444,146444,"Polar","Polar","Polar",146444,1572,305,"Polar"
-0.072520236377194,0.102581706521229,-1.76520959959056,0.0784564009222875,0.208824222217294,-4.69231495507115,100001876,"100001876","Lipid","Sphingolipid Synthesis",3063,"NAMED","YHEDRJPUIRMZMP-UHFFFAOYSA-N","OP(O)(OCC(C(CCCCCCCCCCCCCCC)O)N)=O","sphinganine-1-phosphate","sphinganine-1-phosphate","19794-97-9",505,"HMDB0001383",NA,520,NA,NA,NA,52605,52605,52605,402,402,402,165336,165336,165336,"Pos Late","Pos Late","Pos Late",165336,52605,402,"Pos Late"
-0.113448216709082,-0.149731077479859,-1.76321228333062,0.078793469413948,0.208824222217294,-4.69566937434995,100009406,"100009406","Lipid","Fatty Acid Metabolism (Acyl Carnitine, Monounsaturated)",1930,"NAMED","JFAGPSOZZSTLRF-KHPPLWFESA-N","O=C(OC(CC([O-])=O)C[N+](C)(C)C)CCCCCCC/C=C\CCCCCC","palmitoleoylcarnitine (C16:1)*","palmitoleoylcarnitine (C16:1)*",NA,28639183,"HMDB0013207",NA,71464547,NA,NA,NA,53223,53223,53223,402,402,402,178791,178791,178791,"Pos Late","Pos Late","Pos Late",178791,53223,402,"Pos Late"
0.047877673971929,-0.0383737788131634,1.75768030537717,0.0797320876398169,0.210163383181039,-4.70493732665584,100009131,"100009131","Lipid","Phosphatidylcholine (PC)",2410,"NAMED","ZZSZQATYGVHNLZ-PUMLCSCDSA-N","O=C(CCCCCCC/C=C\C/C=C\CCCCC)OC[C@]([H])(COP(OCC[N+](C)(C)C)([O-])=O)OC(CCC/C=C\C/C=C\C/C=C\C/C=C\CCCCC)=O","1-linoleoyl-2-arachidonoyl-GPC (18:2/20:4n6)*","1-linoleoyl-2-arachidonoyl-GPC (18:2/20:4n6)*",NA,24766809,"HMDB0008147","C05208",24778979,"PC 38:6","PC 18:2_20:4(5,8,11,14)","Unknown",52710,52710,52710,402,402,402,165488,165488,165488,"Pos Late","Pos Late","Pos Late",165488,52710,402,"Pos Late"
0.274670394752159,0.470069088418999,1.74969893057708,0.0811031205410275,0.212621694391342,-4.71826067417967,NA,"tryptophan_to_tryptophan.betaine",NA,"Stoichiometry / Network Ratio",NA,NA,NA,NA,"tryptophan_to_tryptophan.betaine",NA,NA,NA,NA,NA,NA,NA,NA,NA,NA,NA,NA,NA,NA,NA,NA,NA,NA,NA,NA,NA,NA,NA,NA,NA
0.119429428357241,-0.0725023765476402,1.74577885370797,0.0817833618282886,0.213252314444731,-4.72478226841713,100001651,"100001651","Lipid","Lysophospholipid",2725,"NAMED","NOVZJYYJYIFXJC-MZMPXXGTSA-N","OC[C@@H](OC(CCCCCCC\C=C/CCCCCCCC)=O)COP(OCC[NH3+])([O-])=O","2-oleoyl-GPE (18:1)*","2-oleoyl-GPE (18:1)*",NA,NA,"HMDB0011476",NA,NA,"LPE 18:1","LPE 18:1","LPE 0:0/18:1",45455,45455,45455,209,209,209,142789,142789,142789,"Neg","Neg","Neg",142789,45455,209,"Neg"
-0.117020055517954,0.0213761447597825,-1.74138199269824,0.0825518629324232,0.214105099049333,-4.73207998783377,132,"132","Carbohydrate","Glycolysis, Gluconeogenesis, and Pyruvate Metabolism",1276,"NAMED","OSJPPGNTCRNQQC-UHFFFAOYSA-N","OC(C(O)=O)COP(O)(O)=O","3-phosphoglycerate","3-phosphoglycerate","80731-10-8",10669764,"HMDB0000807","C00597",724,NA,NA,NA,1414,1414,1414,400,400,400,155361,155361,155361,"Pos Early","Pos Early","Pos Early",155361,1414,400,"Pos Early"
0.213179931361624,0.0550869908402668,1.72101274935041,0.0861891493575808,0.222349667225674,-4.76565239460867,100002911,"100002911","Lipid","Secondary Bile Acid Metabolism",3584,"NAMED","GHCZAUBVMUEKKP-XROMFQGDSA-N","[H][C@]1([C@H](C)CCC(NCC(O)=O)=O)CC[C@@]2([H])[C@]3([H])[C@@H](O)C[C@]4([H])C[C@H](O)CC[C@]4(C)[C@@]3([H])CC[C@@]21C","glycoursodeoxycholate","glycoursodeoxycholate","64480-66-6",19973534,"HMDB0000708",NA,12310288,NA,NA,NA,39379,39379,39379,209,209,209,143714,143714,143714,"Neg","Neg","Neg",143714,39379,209,"Neg"
0.275032513456063,0.42900865677371,1.70294093620353,0.0895240771508267,0.228632315761006,-4.79511362768397,NA,"choline.phosphate_to_glutamine.conjugate.of.C7H12O2.",NA,"Stoichiometry / Network Ratio",NA,NA,NA,NA,"choline.phosphate_to_glutamine.conjugate.of.C7H12O2.",NA,NA,NA,NA,NA,NA,NA,NA,NA,NA,NA,NA,NA,NA,NA,NA,NA,NA,NA,NA,NA,NA,NA,NA,NA
0.171203750025693,-0.190198107431908,1.70168875874567,0.0897589654578812,0.228632315761006,-4.79714365645686,100009220,"100009220","Lipid","Phosphatidylethanolamine (PE)",2495,"NAMED","JZSZAGWWWKKXLO-RMEBTJIYSA-N","O=C(CCCCCCC/C=C\CCCCCCCC)OC[C@]([H])(COP(OCCN)(O)=O)OC(CC/C=C\C/C=C\C/C=C\C/C=C\C/C=C\C/C=C\CC)=O","1-oleoyl-2-docosahexaenoyl-GPE (18:1/22:6)*","1-oleoyl-2-docosahexaenoyl-GPE (18:1/22:6)*",NA,24768542,"HMDB0009078",NA,52922113,"PE 40:7","PE 18:1_22:6","Unknown",53209,53209,53209,402,402,402,166647,166647,166647,"Pos Late","Pos Late","Pos Late",166647,53209,402,"Pos Late"
0.267961140292697,0.479508051509719,1.69624513036234,0.0907859018037099,0.228632315761006,-4.80595181964535,NA,"glutamine_to_tryptophan.betaine",NA,"Stoichiometry / Network Ratio",NA,NA,NA,NA,"glutamine_to_tryptophan.betaine",NA,NA,NA,NA,NA,NA,NA,NA,NA,NA,NA,NA,NA,NA,NA,NA,NA,NA,NA,NA,NA,NA,NA,NA,NA
-0.26088826731707,-0.560369465056718,-1.69579037726925,0.0908721185367676,0.228632315761006,-4.80668638709675,100000437,"100000437","Xenobiotics","Xanthine Metabolism",4798,"NAMED","ZFXYFBGIUFBOJW-UHFFFAOYSA-N","O=C(N1C)C(N=CN2)=C2N(C)C1=O","theophylline","theophylline","58-55-9",2068,"HMDB0001889","C07130",2153,NA,NA,NA,18394,18394,18394,209,209,400,125760,125760,155669,"Neg","Neg","Pos Early",155669,18394,400,"Pos Early"
-0.0714049552854178,-0.0195663466406572,-1.6952138398383,0.0909815194677816,0.228632315761006,-4.80761739604282,100000792,"100000792","Lipid","Androgenic Steroids",3405,"NAMED","CZWCKYRVOZZJNM-DYIPZHMLSA-N","[H][C@@]1(CC[C@]2(C)[C@]3(CCC2=O)[H])[C@@]4(C)C(C[C@H](OS(=O)(O)=O)CC4)=CC[C@]13[H]","dehydroepiandrosterone sulfate (DHEA-S)","dehydroepiandrosterone sulfate (DHEA-S)","651-48-9",12074,"HMDB0001032","C04555",12594,NA,NA,NA,32425,32425,32425,209,209,209,124935,124935,124935,"Neg","Neg","Neg",124935,32425,209,"Neg"
-0.201918642411617,-0.37914077613559,-1.68395150984304,0.0931400225359955,0.231921547565526,-4.82574176972035,100001396,"100001396","Xenobiotics","Xanthine Metabolism",4807,"NAMED","PFWLFWPASULGAN-UHFFFAOYSA-N","OC1=C(N2C)C(N=C2)=NC(O)=N1","7-methylxanthine","7-methylxanthine","552-62-5",61660,"HMDB0001991","C16353",68374,NA,NA,NA,34390,34390,34390,400,400,400,156093,156093,156093,"Pos Early","Pos Early","Pos Early",156093,34390,400,"Pos Early"
-0.147697001861572,0.0206872061712242,-1.68339982851376,0.0932468077840776,0.231921547565526,-4.8266265374383,NA,"glutamine_to_dopamine.3.O.sulfate",NA,"Stoichiometry / Network Ratio",NA,NA,NA,NA,"glutamine_to_dopamine.3.O.sulfate",NA,NA,NA,NA,NA,NA,NA,NA,NA,NA,NA,NA,NA,NA,NA,NA,NA,NA,NA,NA,NA,NA,NA,NA,NA
-0.14098774740211,0.0112482430805039,-1.68037011517339,0.0938350094626584,0.232193773415252,-4.83148041254048,NA,"tryptophan_to_dopamine.3.O.sulfate",NA,"Stoichiometry / Network Ratio",NA,NA,NA,NA,"tryptophan_to_dopamine.3.O.sulfate",NA,NA,NA,NA,NA,NA,NA,NA,NA,NA,NA,NA,NA,NA,NA,NA,NA,NA,NA,NA,NA,NA,NA,NA,NA
-0.126003079586752,-0.0359925774589588,-1.67369717365118,0.0951410667493698,0.234230545042865,-4.84214077789369,100001278,"100001278","Lipid","Long Chain Monounsaturated Fatty Acid",1576,"NAMED","GDTXICBNEOEPAZ-FPLPWBNLSA-N","O=C(O)CCCCCCCC/C=C\CCCCCC","heptadecenoate (17:1)","heptadecenoate (17:1)","29743-97-3",4471860,"HMDB0060038",NA,5312435,NA,NA,NA,33971,33971,33971,209,209,209,126129,126129,126129,"Neg","Neg","Neg",126129,33971,209,"Neg"
-0.28516464933739,-0.537220520682687,-1.67054853228683,0.095762391942268,0.234569495414141,-4.8471564233818,100001405,"100001405","Xenobiotics","Xanthine Metabolism",4805,"NAMED","MVOYJPOZRLFTCP-UHFFFAOYSA-N","O=C(N1C)NC2=C(NC=N2)C1=O","1-methylxanthine","1-methylxanthine","6136-37-4",72464,"HMDB0010738","C16358",80220,NA,NA,NA,34389,34389,34389,209,209,209,126906,126906,126906,"Neg","Neg","Neg",126906,34389,209,"Neg"
0.165399770913479,-0.144856344365626,1.65549901536152,0.0987773379425196,0.240738738201618,-4.87100145036458,100015914,"100015914","Lipid","Phosphatidylcholine (PC)",2423,"NAMED","NXJAJKMUHFSWDW-LIOZOAIASA-N","O=C(CCCCCCCCCCCCCCCCCCCCCCC)OCC(COP(OCC[N+](C)(C)C)([O-])=O)OC(CCC/C=C\C/C=C\C/C=C\C/C=C\CCCCC)=O","1-lignoceroyl-2-arachidonoyl-GPC (24:0/20:4)*","1-lignoceroyl-2-arachidonoyl-GPC (24:0/20:4)*",NA,NA,"HMDB0008772",NA,NA,"PC 44:4","PC 20:4_24:0","Unknown",57602,57602,57602,402,402,402,212153,212153,212153,"Pos Late","Pos Late","Pos Late",212153,57602,402,"Pos Late"
-0.217813325233532,-0.452655072537652,-1.64561801624202,0.10079791611106,0.244434946569319,-4.88654195127467,100000445,"100000445","Xenobiotics","Xanthine Metabolism",4797,"NAMED","YAPQBXQYLJRXSA-UHFFFAOYSA-N","CN1C=NC(N(C(N2)=O)C)=C1C2=O","theobromine","theobromine","83-67-0",5236,"HMDB0002825","C07480",5429,NA,NA,NA,18392,18392,18392,400,400,400,155668,155668,155668,"Pos Early","Pos Early","Pos Early",155668,18392,400,"Pos Early"
0.132029668122233,0.150492604789374,1.62796432371584,0.104490190572201,0.252128071778694,-4.91407940455862,NA,"glutamine_to_glutamate..gamma.methyl.ester",NA,"Stoichiometry / Network Ratio",NA,NA,NA,NA,"glutamine_to_glutamate..gamma.methyl.ester",NA,NA,NA,NA,NA,NA,NA,NA,NA,NA,NA,NA,NA,NA,NA,NA,NA,NA,NA,NA,NA,NA,NA,NA,NA
-0.0552414356466301,-0.0184781934885488,-1.59732647688787,0.111153391065206,0.266878191418935,-4.9611769396387,100008999,"100008999","Lipid","Plasmalogen",2873,"NAMED","URPXXNCTXCOATD-FXMFQVEGSA-N","[H][C@](OC(CCC/C=C\C/C=C\C/C=C\C/C=C\CCCCC)=O)(COP(OCCN)(O)=O)CO/C=C\CCCCCCCCCCCCCCCC","1-(1-enyl-stearoyl)-2-arachidonoyl-GPE (P-18:0/20:4)*","1-(1-enyl-stearoyl)-2-arachidonoyl-GPE (P-18:0/20:4)*",NA,7826008,"HMDB0005779",NA,9547058,"PE O-38:5","PE P-18:0_20:4","PE P-18:0/20:4",52475,52475,52475,402,402,402,165154,165154,165154,"Pos Late","Pos Late","Pos Late",165154,52475,402,"Pos Late"
0.0460183492425308,-0.00983402931884008,1.5914853448947,0.112460952649812,0.267111253610935,-4.97005593799429,100009037,"100009037","Lipid","Phosphatidylcholine (PC)",2362,"NAMED","ZSKWZJYUVZYDQU-WESJWMGVSA-N","O=C(CCCCCCCCCCCCCCCC)OC[C@]([H])(COP(OCC[N+](C)(C)C)([O-])=O)OC(CCCCCCC/C=C\C/C=C\CCCCC)=O","1-margaroyl-2-linoleoyl-GPC (17:0/18:2)*","1-margaroyl-2-linoleoyl-GPC (17:0/18:2)*",NA,NA,NA,NA,52922491,"PC 35:2","PC 17:0_18:2","Unknown",52500,52500,52500,402,402,402,165192,165192,165192,"Pos Late","Pos Late","Pos Late",165192,52500,402,"Pos Late"
-0.0519905778017339,0.00970392821461811,-1.58956372052277,0.112893954530471,0.267111253610935,-4.97297019040771,100015687,"100015687","Lipid","Phosphatidylethanolamine (PE)",2493,"NAMED","XWVCHGXTKMKQBL-RGNSOIIYSA-N","O=C(CCC/C=C\C/C=C\C/C=C\C/C=C\CCCCC)OC(COP(OCCN)(O)=O)CO/C=C/CCCCCC/C=C\CCCCCCCC","phosphatidylethanolamine (P-18:1/20:4, P-16:0/22:5n3)*","phosphatidylethanolamine (P-18:1/20:4, P-16:0/22:5n3)*",NA,NA,"HMDB0011360",NA,53480850,"PE O-38:6","Unknown","Unknown",57411,57411,57411,402,402,402,211060,211060,211060,"Pos Late","Pos Late","Pos Late",211060,57411,402,"Pos Late"
-0.0286209831222449,-0.0137308476849301,-1.5879138454382,0.113266575482868,0.267111253610935,-4.97546931812019,100006295,"100006295","Lipid","Sphingomyelins",3190,"NAMED","VBFKEZGCUWHGSK-ADSSWVSQSA-N","CCCCCCCCCCCCC/C=C/[C@@H](O)[C@@H](NC(CCCCCCCCCCC/C=C\CCCCCCCC)=O)COP([O-])(OCC[N+](C)(C)C)=O","sphingomyelin (d18:1/22:1, d18:2/22:0, d16:1/24:1)*","sphingomyelin (d18:1/22:1, d18:2/22:0, d16:1/24:1)*",NA,29368329,"HMDB0012104",NA,NA,"SM 40:2;O2","Unknown","Unknown",48493,48493,48493,402,402,402,164535,164535,164535,"Pos Late","Pos Late","Pos Late",164535,48493,402,"Pos Late"
0.252311245149647,0.478272534184171,1.58526284366727,0.113867826502358,0.267111253610935,-4.97948011197834,NA,"choline_to_tryptophan.betaine",NA,"Stoichiometry / Network Ratio",NA,NA,NA,NA,"choline_to_tryptophan.betaine",NA,NA,NA,NA,NA,NA,NA,NA,NA,NA,NA,NA,NA,NA,NA,NA,NA,NA,NA,NA,NA,NA,NA,NA,NA
0.138738922581696,0.141053641698653,1.58138192098763,0.114752111227467,0.267111253610935,-4.985339260598,NA,"tryptophan_to_glutamate..gamma.methyl.ester",NA,"Stoichiometry / Network Ratio",NA,NA,NA,NA,"tryptophan_to_glutamate..gamma.methyl.ester",NA,NA,NA,NA,NA,NA,NA,NA,NA,NA,NA,NA,NA,NA,NA,NA,NA,NA,NA,NA,NA,NA,NA,NA,NA
-0.0422565549483094,-0.0282275509268278,-1.57927061154488,0.11523514279962,0.267111253610935,-4.98852048375543,100000007,"100000007","Lipid","Carnitine Metabolism",1977,"NAMED","PHIQHXFUZVPYII-ZCFIWIBFSA-N","[O-]C(C[C@@H](O)C[N+](C)(C)C)=O","carnitine","carnitine","461-05-2",10455,"HMDB0000062","C00487,C00308",288,NA,NA,NA,15500,15500,15500,400,400,400,155554,155554,155554,"Pos Early","Pos Early","Pos Early",155554,15500,400,"Pos Early"
0.196541452108481,0.0325513559717272,1.57834805831449,0.115447162645136,0.267111253610935,-4.98990973212499,NA,"tryptophan_to_glutamine.conjugate.of.C6H10O2..2..",NA,"Stoichiometry / Network Ratio",NA,NA,NA,NA,"tryptophan_to_glutamine.conjugate.of.C6H10O2..2..",NA,NA,NA,NA,NA,NA,NA,NA,NA,NA,NA,NA,NA,NA,NA,NA,NA,NA,NA,NA,NA,NA,NA,NA,NA
0.168861844629151,0.0985145308984725,1.57358296035016,0.116545544695813,0.267111253610935,-4.99707084406216,NA,"glutamate_to_glutamine.conjugate.of.C6H10O2..1..",NA,"Stoichiometry / Network Ratio",NA,NA,NA,NA,"glutamate_to_glutamine.conjugate.of.C6H10O2..1..",NA,NA,NA,NA,NA,NA,NA,NA,NA,NA,NA,NA,NA,NA,NA,NA,NA,NA,NA,NA,NA,NA,NA,NA,NA
0.0707718120836168,0.0878532868924206,1.5728480277758,0.116715612334275,0.267111253610935,-4.99817334789062,100008990,"100008990","Lipid","Phosphatidylethanolamine (PE)",2461,"NAMED","DRIVXEVMDWCWLI-CAQMIEAISA-N","O=C(CCCCCCCCCCCCCCC)OC[C@]([H])(COP(OCCN)(O)=O)OC(CCC/C=C\C/C=C\C/C=C\C/C=C\CCCCC)=O","1-palmitoyl-2-arachidonoyl-GPE (16:0/20:4)*","1-palmitoyl-2-arachidonoyl-GPE (16:0/20:4)*",NA,7825750,"HMDB0005323","C05210",9546800,"PE 36:4","PE 16:0_20:4","Unknown",52464,52464,52464,402,402,402,165131,165131,165131,"Pos Late","Pos Late","Pos Late",165131,52464,402,"Pos Late"
0.0594860969788634,-0.0966861741952383,1.57150637780678,0.117026467315632,0.267111253610935,-5.00018458657854,100016019,"100016019","Lipid","Phosphatidylcholine (PC)",2322,"NAMED","NPGWXTIWUUFYAB-DIPNUNPCSA-N","O=C(CCCCCCCCCCCCCCC)OC[C@]([H])(COP(OCC[N+](C)(C)C)([O-])=O)OC(CCCCCCCCCCCCCC)=O","1-palmitoyl-2-pentadecanoyl-GPC (16:0/15:0)*","1-palmitoyl-2-pentadecanoyl-GPC (16:0/15:0)*",NA,24766642,"HMDB0007967",NA,24778680,"PC 31:0","PC 15:0_16:0","Unknown",57757,57757,57757,402,402,402,213377,213377,213377,"Pos Late","Pos Late","Pos Late",213377,57757,402,"Pos Late"
-0.245767977608064,-0.51243200321738,-1.56825141559631,0.117784253247323,0.267111253610935,-5.00505795968773,100001743,"100001743","Amino Acid","Tryptophan Metabolism",271,"NAMED","AOHCBEAZXHZMOR-ZDUSSCGKSA-N","O=C([O-])[C@@H]([N@+](C)(C)C)CC1=CNC2=C1C=CC=C2","tryptophan betaine","tryptophan betaine","20671-76-5",390633,"HMDB0061115","C09213",442106,NA,NA,NA,37097,37097,37097,400,400,400,156317,156317,156317,"Pos Early","Pos Early","Pos Early",156317,37097,400,"Pos Early"
0.0959892033804047,0.0615267959338135,1.56113698509001,0.119453326149687,0.267111253610935,-5.01567442355372,100008991,"100008991","Lipid","Phosphatidylethanolamine (PE)",2463,"NAMED","MPWUZHVZZKSTPV-MADBQMNMSA-N","O=C(CCCCCCCCCCCCCCC)OC[C@]([H])(COP(OCCN)(O)=O)OC(CC/C=C\C/C=C\C/C=C\C/C=C\C/C=C\C/C=C\CC)=O","1-palmitoyl-2-docosahexaenoyl-GPE (16:0/22:6)*","1-palmitoyl-2-docosahexaenoyl-GPE (16:0/22:6)*",NA,7825749,"HMDB0008946",NA,9546799,"PE 38:6","PE 16:0_22:6","Unknown",52465,52465,52465,402,402,402,165133,165133,165133,"Pos Late","Pos Late","Pos Late",165133,52465,402,"Pos Late"
-0.0882777389330229,0.0447223704527779,-1.55756291771227,0.120298812432497,0.267111253610935,-5.02098986601611,891,"891","Lipid","Long Chain Saturated Fatty Acid",1557,"NAMED","KEMQGTRYUADPNZ-UHFFFAOYSA-N","O=C(O)CCCCCCCCCCCCCCCC","margarate (17:0)","margarate (17:0)","506-12-7",10033,"HMDB0002259",NA,10465,NA,NA,NA,1121,1121,1121,209,209,209,125718,125718,125718,"Neg","Neg","Neg",125718,1121,209,"Neg"
0.258511802242032,0.305842347700704,1.55749810919212,0.120314186958281,0.267111253610935,-5.02108614012683,NA,"glutamate..gamma.methyl.ester_to_glutamine.conjugate.of.C7H12O2.",NA,"Stoichiometry / Network Ratio",NA,NA,NA,NA,"glutamate..gamma.methyl.ester_to_glutamine.conjugate.of.C7H12O2.",NA,NA,NA,NA,NA,NA,NA,NA,NA,NA,NA,NA,NA,NA,NA,NA,NA,NA,NA,NA,NA,NA,NA,NA,NA
-0.0720410361010154,-0.136377050418146,-1.55579218828754,0.120719124501124,0.267111253610935,-5.02361859970674,100001566,"100001566","Lipid","Lysophospholipid",2696,"NAMED","LSOWKZULVQWMLY-FQPBCZPISA-N","C[N+](C)(C)CCOP(OC[C@](O)([H])COC(CC\C=C/C/C=C\C/C=C\C/C=C\C/C=C\C/C=C\CC)=O)([O-])=O","1-docosahexaenoyl-GPC (22:6)*","1-docosahexaenoyl-GPC (22:6)*",NA,21403169,"HMDB0010404",NA,10415542,"LPC 22:6","LPC 22:6","LPC 22:6/0:0",33822,33822,33822,402,402,402,158576,158576,158576,"Pos Late","Pos Late","Pos Late",158576,33822,402,"Pos Late"
0.220893384534245,0.309094116474099,1.55477108482826,0.120962520647042,0.267111253610935,-5.02513360380301,136,"136","Lipid","Primary Bile Acid Metabolism",3521,"NAMED","BHQCQFFYRZLCQQ-OLRQUHAPSA-N","O[C@H]1[C@@]2([H])[C@]3([H])CC[C@H]([C@H](C)CCC(O)=O)[C@@]3(C)[C@@H](O)C[C@]2([H])[C@@]4(C)CC[C@@H](O)CC4C1","cholate","cholate","81-25-4",NA,"HMDB0000619","C00695",221493,NA,NA,NA,22842,22842,22842,209,209,209,124689,124689,124689,"Neg","Neg","Neg",124689,22842,209,"Neg"
-0.108629064405874,-0.0208879358426954,-1.55469266958991,0.120981203936675,0.267111253610935,-5.02524988479239,100001335,"100001335","Lipid","Long Chain Monounsaturated Fatty Acid",1588,"NAMED","BITHHVVYSMSWAG-KTKRTIGZSA-N","O=C(O)CCCCCCCCC/C=C\CCCCCCCC","eicosenoate (20:1)","eicosenoate (20:1n9 or 1n11)",NA,4445895,"HMDB0002231,HMDB0062436","C16526",5282768528276989952,NA,NA,NA,33587,33587,33587,209,209,209,143715,143715,143715,"Neg","Neg","Neg",143715,33587,209,"Neg"
0.189832197649019,0.0419903190624477,1.55392651671269,0.121163867617332,0.267111253610935,-5.02638569954767,NA,"glutamine_to_glutamine.conjugate.of.C6H10O2..2..",NA,"Stoichiometry / Network Ratio",NA,NA,NA,NA,"glutamine_to_glutamine.conjugate.of.C6H10O2..2..",NA,NA,NA,NA,NA,NA,NA,NA,NA,NA,NA,NA,NA,NA,NA,NA,NA,NA,NA,NA,NA,NA,NA,NA,NA
-0.184435253974312,0.0872648356989216,-1.54069623276297,0.124352494434528,0.272488173680197,-5.04591249715518,100002488,"100002488","Lipid","Secondary Bile Acid Metabolism",3579,"NAMED","RUDATBOHQWOJDD-DNMBCGTGSA-N","O=C(O)CC[C@@H](C)[C@H]1CC[C@@]2([H])[C@]3([H])[C@@H](O)C[C@]4([H])C[C@@H](O)CC[C@]4(C)[C@@]3([H])CC[C@@]21C","isoursodeoxycholate","isoursodeoxycholate","78919-26-3",113205,"HMDB0000686","C17662",127601,NA,NA,NA,57577,57577,57577,209,209,209,212130,212130,212130,"Neg","Neg","Neg",212130,57577,209,"Neg"
0.108590362121559,-0.119307187565224,1.53916171365577,0.124726545478358,0.272488173680197,-5.0481666758167,100020864,"100020864","Lipid","Lysophospholipid",2658,"NAMED","SRRQPVVYXBTRQK-UHFFFAOYSA-N","OC(COP(OCC[N+](C)(C)C)([O-])=O)COC(CCCCCCCCCCCCCCCC)=O","1-(14 or 15)-methylpalmitoyl-GPC (a17:0 or i17:0)*","1-(14 or 15)-methylpalmitoyl-GPC (a17:0 or i17:0)*",NA,NA,NA,NA,NA,"LPC 17:0","LPC 16:0(Me)","LPC 16:0(Me)/0:0",62782,62782,62782,209,209,209,220396,220396,220396,"Neg","Neg","Neg",220396,62782,209,"Neg"
-0.0712201696476402,-0.159472265465164,-1.530584543957,0.126833239333151,0.275848076576584,-5.06072537663209,NA,"choline.phosphate_to_glutamate",NA,"Stoichiometry / Network Ratio",NA,NA,NA,NA,"choline.phosphate_to_glutamate",NA,NA,NA,NA,NA,NA,NA,NA,NA,NA,NA,NA,NA,NA,NA,NA,NA,NA,NA,NA,NA,NA,NA,NA,NA
-0.100163549084281,0.026590229638533,-1.52775784784481,0.127534004568901,0.276133893821058,-5.06484939960132,1231,"1231","Lipid","Long Chain Polyunsaturated Fatty Acid (n3 and n6)",1615,"NAMED","XSXIVVZCUAHUJO-HZJYTTRNSA-N","O=C(O)CCCCCCCCC/C=C\C/C=C\CCCCC","dihomo-linoleate (20:2n6)","dihomolinoleate (20:2n6)","2091-39-6",4944228,"HMDB0005060","C16525",6439848,NA,NA,NA,17805,17805,17805,209,209,209,126039,126039,126039,"Neg","Neg","Neg",126039,17805,209,"Neg"
-0.197122107035767,-0.143019596160078,-1.52401427729219,0.128466304384169,0.276916256116987,-5.07029922144164,100002796,"100002796","Lipid","Medium Chain Fatty Acid",1540,"NAMED","XKZKQTCECFWKBN-SREVYHEPSA-N","OC(CC\C=C/CCCCC)=O","cis-4-decenoate (10:1n6)*","cis-4-decenoate (10:1n6)*","505-90-8",4471776,"HMDB0004980",NA,5282726,NA,NA,NA,62873,62873,62873,209,209,209,220667,220667,220667,"Neg","Neg","Neg",220667,62873,209,"Neg"
0.141064373480366,-0.216734846079216,1.51693396052161,0.130244128909481,0.279506205845568,-5.08057059247309,100015744,"100015744","Lipid","Ceramides",3114,"NAMED","QMVWGDBKESWTON-OQKRWUNJSA-N","CCCCCCCCCCCCC/C=C/C(O)C(NC(CCC/C=C/CC/C=C/CCCCCCCCCCCCCC)=O)CO","ceramide (d18:2/24:1, d18:1/24:2)*","ceramide (d18:2/24:1, d18:1/24:2)*",NA,NA,"HMDB0240679,HMDB0240680",NA,NA,"CER 42:3;O2","Unknown","Unknown",57443,57443,57443,402,402,402,211097,211097,211097,"Pos Late","Pos Late","Pos Late",211097,57443,402,"Pos Late"
-0.0383041788437014,-0.0289909379295752,-1.50432102370231,0.133458294202045,0.285142170431681,-5.09875112299568,100008920,"100008920","Lipid","Sphingomyelins",3182,"NAMED","YMQZQHIESOAPQH-JXGHDCMNSA-N","O=C(N[C@@]([C@]([H])(O)/C=C/CCCCCCCCCCCCC)([H])COP([O-])(OCC[N+](C)(C)C)=O)CCCCCCCCCCCCCCCC","sphingomyelin (d18:1/17:0, d17:1/18:0, d19:1/16:0)","sphingomyelin (d18:1/17:0, d17:1/18:0, d19:1/16:0)","121999-64-2",NA,"HMDB0240620,HMDB0240609,HMDB0240622",NA,46891763,"SM 35:1;O2","Unknown","Unknown",52615,52615,52615,402,402,402,165347,165347,165347,"Pos Late","Pos Late","Pos Late",165347,52615,402,"Pos Late"
0.145831383782982,-0.151200715395303,1.49797371312249,0.135099414727186,0.287382526941601,-5.10784394339928,100004561,"100004561","Amino Acid","Tryptophan Metabolism",281,"NAMED","LLLPDUXGHXIXIW-UHFFFAOYSA-N","OC(C1=CC=CC=C1N([H])C=O)=O","N-formylanthranilic acid","N-formylanthranilic acid","3342-77-6",91624,"HMDB0004089","C05653",101399,NA,NA,NA,43549,43549,43549,209,209,209,212072,212072,212072,"Neg","Neg","Neg",212072,43549,209,"Neg"
0.127755461523777,-0.169197853532075,1.48853235136625,0.137568962063428,0.289668780651403,-5.12129873160433,100002061,"100002061","Lipid","Lysophospholipid",2752,"NAMED","TWBVHOYVCUOMJY-PAUXXPOVSA-N","OC[C@](OC(CC\C=C/C/C=C\C/C=C\C/C=C\C/C=C\C/C=C\CC)=O)([H])COP(OCCN)(O)=O","2-docosahexaenoyl-GPE (22:6)*","2-docosahexaenoyl-GPE (22:6)*",NA,NA,"HMDB0011496",NA,NA,"LPE 22:6","LPE 22:6","LPE 0:0/22:6",34258,34258,34258,209,209,209,144195,144195,144195,"Neg","Neg","Neg",144195,34258,209,"Neg"
-0.195504830128544,-0.0955337721266142,-1.48828173824352,0.137634987386263,0.289668780651403,-5.12165473499202,NA,"serotonin_to_N.acetyl.aspartyl.glutamate..NAAG.",NA,"Stoichiometry / Network Ratio",NA,NA,NA,NA,"serotonin_to_N.acetyl.aspartyl.glutamate..NAAG.",NA,NA,NA,NA,NA,NA,NA,NA,NA,NA,NA,NA,NA,NA,NA,NA,NA,NA,NA,NA,NA,NA,NA,NA,NA
0.089022526582523,0.116600089665295,1.48702688050085,0.137965955320565,0.289668780651403,-5.1234364087661,100008984,"100008984","Lipid","Phosphatidylcholine (PC)",2324,"NAMED","QIBZFHLFHCIUOT-HTXNQAPBSA-N","CCCCCCCCCCCCCCCC(OCC(OC(CCCCCCC/C=C/CCCCCC)=O)COP([O-])(OCC[N+](C)(C)C)=O)=O","1-palmitoyl-2-palmitoleoyl-GPC (16:0/16:1)*","1-palmitoyl-2-palmitoleoyl-GPC (16:0/16:1)*",NA,NA,"HMDB0007969",NA,6443788,"PC 32:1","PC 16:0_16:1","Unknown",52470,52470,52470,402,402,402,165143,165143,165143,"Pos Late","Pos Late","Pos Late",165143,52470,402,"Pos Late"
-0.10556240385178,-0.00814013069342261,-1.47356115039131,0.141556427416744,0.295085520416488,-5.14246205260949,100001277,"100001277","Lipid","Long Chain Monounsaturated Fatty Acid",1585,"NAMED","BBOWBNGUEWHNQZ-KTKRTIGZSA-N","O=C(O)CCCCCCCC/C=C\CCCCCCCC","nonadecenoate (19:1)","nonadecenoate (19:1)","73033-09-7",4471938,"HMDB0013622",NA,5312513,NA,NA,NA,33972,33972,33972,209,209,209,126131,126131,126131,"Neg","Neg","Neg",126131,33972,209,"Neg"
-0.209384989705831,-0.141616476821403,-1.4727954670491,0.141762734550601,0.295085520416488,-5.14353875278555,NA,"serotonin_to_dopamine.3.O.sulfate",NA,"Stoichiometry / Network Ratio",NA,NA,NA,NA,"serotonin_to_dopamine.3.O.sulfate",NA,NA,NA,NA,NA,NA,NA,NA,NA,NA,NA,NA,NA,NA,NA,NA,NA,NA,NA,NA,NA,NA,NA,NA,NA
-0.127862881799203,-0.110071040025467,-1.46309788130865,0.144395790667959,0.298610379256531,-5.15712768037898,100001987,"100001987","Lipid","Androgenic Steroids",3454,"NAMED","JHFAETDERBWUOO-ARKAXQQOSA-N","C[C@@]12[C@](CCC3C2CC[C@@]4(C)C3CC[C@@H]4OS(=O)(O)=O)([H])C[C@@H](OS(=O)(O)=O)CC1","5alpha-androstan-3beta,17beta-diol disulfate","5alpha-androstan-3beta,17beta-diol disulfate","571-20-0",NA,"HMDB00493","C12525",90186325,NA,NA,NA,37190,37190,37190,209,209,209,144226,144226,144226,"Neg","Neg","Neg",144226,37190,209,"Neg"
0.061979983706417,-0.0101972797277441,1.46187005035146,0.144731835480889,0.298610379256531,-5.15884188590419,100001948,"100001948","Energy","TCA Cycle",1487,"NAMED","HAEVNYBCYZZDFL-UHFFFAOYSA-N","[O-]C(CC(C[N+](C)(C)C)OC(CCC(O)=O)=O)=O","succinylcarnitine (C4-DC)","succinylcarnitine (C4-DC)","256928-74-2",28639166,"HMDB0061717",NA,71464481,NA,NA,NA,37058,37058,37058,400,400,400,156287,156287,156287,"Pos Early","Pos Early","Pos Early",156287,37058,400,"Pos Early"
-0.244232362577055,-0.336675782970515,-1.45978746130398,0.145303194854725,0.298610379256531,-5.16174619411902,100001397,"100001397","Xenobiotics","Xanthine Metabolism",4804,"NAMED","BYXCFUMGEBZDDI-UHFFFAOYSA-N","CN(C(N1C)=O)C(NC2=O)=C(N2C)C1=O","1,3,7-trimethylurate","1,3,7-trimethylurate","5415-44-1",71754,"HMDB0002123","C16361",79437,NA,NA,NA,34404,34404,34404,209,209,209,126930,126930,126930,"Neg","Neg","Neg",126930,34404,209,"Neg"
-0.0524527496456658,-0.0145848202865077,-1.45433160076655,0.146808240369895,0.299931314924459,-5.16933538369833,100015787,"100015787","Lipid","Sphingomyelins",3184,"NAMED","HAFQHLHNPJDAGB-MAJDXUCPSA-N","CCCCCCCCCCCCCCCCCCC(N[C@H]([C@H](O)/C=C/CCCCCCCCCCCCC)COP([O-])(OCC[N+](C)(C)C)=O)=O","sphingomyelin (d18:1/19:0, d19:1/18:0)*","sphingomyelin (d18:1/19:0, d19:1/18:0)*",NA,NA,NA,NA,NA,"SM 37:1;O2","Unknown","Unknown",57475,57475,57475,402,402,402,211138,211138,211138,"Pos Late","Pos Late","Pos Late",211138,57475,402,"Pos Late"
0.140738446973905,-0.206394145596542,1.45088307644337,0.147765705180006,0.299931314924459,-5.17411787395953,100002171,"100002171","Lipid","Lysophospholipid",2721,"NAMED","RVNBVQKDPQVSOY-NRFANRHFSA-N","O=P(OCCN)(O)OC[C@@H](O)COC(CCCCCCCCCCCCCCCC)=O","1-margaroyl-GPE (17:0)*","1-margaroyl-GPE (17:0)*",NA,NA,"HMDB0061691",NA,52925149,"LPE 17:0","LPE 17:0","LPE 17:0/0:0",37419,37419,37419,209,209,209,144194,144194,144194,"Neg","Neg","Neg",144194,37419,209,"Neg"
0.0660155033095712,0.0920591072269807,1.45065887984851,0.147828048293679,0.299931314924459,-5.17442838602746,100009146,"100009146","Lipid","Phosphatidylcholine (PC)",2381,"NAMED","AXZGUCXCTZMPTR-UVGACIQRSA-N","O=C(CCCCCCCCCCCCCCCCC)OC[C@]([H])(COP(OCC[N+](C)(C)C)([O-])=O)OC(CCCCC/C=C\C/C=C\C/C=C\C/C=C\CCCCC)=O","1-stearoyl-2-adrenoyl-GPC (18:0/22:4)*","1-stearoyl-2-adrenoyl-GPC (18:0/22:4)*","137254-39-8",24766718,"HMDB0008054",NA,24778868,"PC 40:4","PC 18:0_22:4","Unknown",55061,55061,55061,402,402,402,208175,208175,208175,"Pos Late","Pos Late","Pos Late",208175,55061,402,"Pos Late"
0.0221931626846325,-0.0329239517076603,1.44853658941502,0.148419619756433,0.299931314924459,-5.17736553911522,563,"563","Amino Acid","Glutamate Metabolism",47,"NAMED","ZDXPYRJPNDTMRX-VKHMYHEASA-N","OC([C@@H](N)CCC(N)=O)=O","glutamine","glutamine","56-85-9",5746,"HMDB0000641","C00064",5961,NA,NA,NA,53,53,53,400,400,400,155293,155293,155293,"Pos Early","Pos Early","Pos Early",155293,53,400,"Pos Early"
-0.0490930194418038,-0.0503548244607254,-1.44263338316763,0.150075431658986,0.302019022218292,-5.1855132193327,100000776,"100000776","Lipid","Fatty Acid Metabolism (Acyl Carnitine, Long Chain Saturated)",1909,"NAMED","XOMRRQXKHMYMOC-UHFFFAOYSA-N","[O-]C(CC(OC(CCCCCCCCCCCCCCC)=O)C[N+](C)(C)C)=O","palmitoylcarnitine (C16)","palmitoylcarnitine (C16)","6865-14-1",448,"HMDB0000222","C02990",461,NA,NA,NA,44681,44681,44681,402,402,402,159624,159624,159624,"Pos Late","Pos Late","Pos Late",159624,44681,402,"Pos Late"
-0.299607675338145,-0.555155377286783,-1.4394735812007,0.150967676488066,0.30255918635005,-5.1898609589585,849,"849","Xenobiotics","Xanthine Metabolism",4795,"NAMED","RYYVLZVUVIJVGH-UHFFFAOYSA-N","O=C(N(C)C1=C2N(C)C=N1)N(C)C2=O","caffeine","caffeine","58-08-2",2424,"HMDB0001847","C07481",2519,NA,NA,NA,569,569,569,400,400,400,155325,155325,155325,"Pos Early","Pos Early","Pos Early",155325,569,400,"Pos Early"
0.0452469667620668,-0.108071554284439,1.43353932788836,0.15265362414397,0.30389884729091,-5.1980006194063,100009166,"100009166","Lipid","Phosphatidylcholine (PC)",2346,"NAMED","ARDJUHDXABDVFH-JWTYRHBCSA-N","CCCCCCCCCCCCCCCC(OCC(OC(CCCCC/C=C/C/C=C/C/C=C/C/C=C/C/C=C/CC)=O)COP([O-])(OCC[N+](C)(C)C)=O)=O","phosphatidylcholine (16:0/22:5n3, 18:1/20:4)*","phosphatidylcholine (16:0/22:5n3, 18:1/20:4)*",NA,NA,"HMDB0008114,HMDB0007990",NA,NA,"PC 38:5","Unknown","Unknown",52719,52719,52719,402,402,402,165499,165499,165499,"Pos Late","Pos Late","Pos Late",165499,52719,402,"Pos Late"
0.0468892411993094,-0.0348864531119281,1.43271442632551,0.152889316987592,0.30389884729091,-5.19912950352018,100009035,"100009035","Lipid","Phosphatidylcholine (PC)",2316,"NAMED","DGBYUHHIADYUMU-UESLNCBNSA-N","O=C(CCCCCCCCCCCCCC)OC[C@]([H])(COP(OCC[N+](C)(C)C)([O-])=O)OC(CCCCCCC/C=C\C/C=C\CCCCC)=O","1-pentadecanoyl-2-linoleoyl-GPC (15:0/18:2)*","1-pentadecanoyl-2-linoleoyl-GPC (15:0/18:2)*",NA,24766615,"HMDB0007940",NA,24778664,"PC 33:2","PC 15:0_18:2","Unknown",52497,52497,52497,402,402,402,165189,165189,165189,"Pos Late","Pos Late","Pos Late",165189,52497,402,"Pos Late"
0.0985556218015084,-0.164791692560519,1.42886633497759,0.153991899617592,0.304841107406254,-5.20438704450655,100009140,"100009140","Lipid","Phosphatidylcholine (PC)",2313,"NAMED","HAIPHKFLSXSDAN-BLOCXYQCSA-N","O=C(CCCCCCCCCCCCC)OC[C@]([H])(COP(OCC[N+](C)(C)C)([O-])=O)OC(CC/C=C\C/C=C\C/C=C\C/C=C\C/C=C\C/C=C\CC)=O","1-myristoyl-2-docosahexaenoyl-GPC (14:0/22:6)*","1-myristoyl-2-docosahexaenoyl-GPC (14:0/22:6)*",NA,24766568,"HMDB0007892",NA,24778639,"PC 36:6","PC 14:0_22:6","Unknown",53196,53196,53196,402,402,402,166626,166626,166626,"Pos Late","Pos Late","Pos Late",166626,53196,402,"Pos Late"
-0.195889924715374,-0.301702354549401,-1.42082723749333,0.156314568780288,0.307971235858157,-5.21532553174404,100001400,"100001400","Xenobiotics","Xanthine Metabolism",4799,"NAMED","QFDRTQONISXGJA-UHFFFAOYSA-N","CN1C(NC(N2)=C(C1=O)NC2=O)=O","1-methylurate","1-methylurate","708-79-2",62926,"HMDB0003099","C16359",69726,NA,NA,NA,34395,34395,34395,400,400,400,156098,156098,156098,"Pos Early","Pos Early","Pos Early",156098,34395,400,"Pos Early"
0.174182302505969,0.0407548017368993,1.41901070526142,0.156843083004051,0.307971235858157,-5.21778877707908,NA,"choline_to_glutamine.conjugate.of.C6H10O2..2..",NA,"Stoichiometry / Network Ratio",NA,NA,NA,NA,"choline_to_glutamine.conjugate.of.C6H10O2..2..",NA,NA,NA,NA,NA,NA,NA,NA,NA,NA,NA,NA,NA,NA,NA,NA,NA,NA,NA,NA,NA,NA,NA,NA,NA
0.226545040190859,0.428645333590712,1.41436821813295,0.158199982823398,0.30938303092479,-5.22406992319063,NA,"vanillylmandelate..VMA._to_tryptophan.betaine",NA,"Stoichiometry / Network Ratio",NA,NA,NA,NA,"vanillylmandelate..VMA._to_tryptophan.betaine",NA,NA,NA,NA,NA,NA,NA,NA,NA,NA,NA,NA,NA,NA,NA,NA,NA,NA,NA,NA,NA,NA,NA,NA,NA
0.0313465843988165,-0.0195225745077848,1.40154177021372,0.161994985500055,0.314488119666854,-5.24131804857113,100008914,"100008914","Lipid","Phosphatidylcholine (PC)",2342,"NAMED","IIZPXYDJLKNOIY-JXPKJXOSSA-N","CCCCCCCCCCCCCCCC(OC[C@@]([H])(OC(CCC/C=C\C/C=C\C/C=C\C/C=C\CCCCC)=O)COP([O-])(OCC[N+](C)(C)C)=O)=O","1-palmitoyl-2-arachidonoyl-GPC (16:0/20:4n6)","1-palmitoyl-2-arachidonoyl-GPC (16:0/20:4n6)","35418-58-7",8923140,"HMDB0007982","C05208",10747814,"PC 36:4","PC 16:0_20:4(5,8,11,14)","Unknown",52462,52462,52462,402,402,402,165128,165128,165128,"Pos Late","Pos Late","Pos Late",165128,52462,402,"Pos Late"
-0.104752566316079,-0.0480462293558743,-1.40070245144819,0.162246031620503,0.314488119666854,-5.2424413185827,2050,"2050","Lipid","Long Chain Polyunsaturated Fatty Acid (n3 and n6)",1605,"NAMED","JAZBEHYOTPTENJ-JLNKQSITSA-N","O=C(O)CCC\C=C/C/C=C\C/C=C\C/C=C\C/C=C\CC","eicosapentaenoate (EPA; 20:5n3)","eicosapentaenoate (EPA; 20:5n3)","10-2005-9,10417-94-4",393682,"HMDB0001999","C06428",446284,NA,NA,NA,18467,18467,18467,209,209,209,126840,126840,126840,"Neg","Neg","Neg",126840,18467,209,"Neg"
0.0289024171440947,-0.0423629147983807,1.39899836734645,0.162755707291506,0.314488119666854,-5.24471981283636,565,"565","Amino Acid","Tryptophan Metabolism",261,"NAMED","QIVBCDIJIAJPQS-VIFPVBQESA-N","O=C(O)[C@@H](N)CC1=CNC2=C1C=CC=C2","tryptophan","tryptophan","73-22-3",6066,"HMDB0000929","C00078",6305,NA,NA,NA,54,54,54,400,400,400,155294,155294,155294,"Pos Early","Pos Early","Pos Early",155294,54,400,"Pos Early"
0.0533413075826712,-0.00124157756159831,1.39048065356445,0.165323345216207,0.316998078271041,-5.25606769214595,100001511,"100001511","Lipid","Lysophospholipid",2652,"NAMED","LFUDDCMNKWEORN-KHPPLWFESA-N","O=P(OCC[N+](C)(C)C)([O-])OCC(O)COC(CCCCCCC/C=C\CCCCCC)=O","1-palmitoleoyl-GPC (16:1)*","1-palmitoleoyl-GPC (16:1)*",NA,21403152,"HMDB0010383",NA,24779461,"LPC 16:1","LPC 16:1","LPC 16:1/0:0",33230,33230,33230,402,402,402,158553,158553,158553,"Pos Late","Pos Late","Pos Late",158553,33230,402,"Pos Late"
-0.0351491870610752,-0.0518879230773754,-1.39035254443365,0.165361884129017,0.316998078271041,-5.25623784030932,100006292,"100006292","Lipid","Sphingomyelins",3186,"NAMED","MDRFMTLYKHBJTF-YECRPIIFSA-N","CCCCCCCCCCCCC/C=C/[C@@H](O)[C@@H](NC(CCCCCCCCC/C=C/CCCCCCCC)=O)COP([O-])(OCC[N+](C)(C)C)=O","sphingomyelin (d18:1/20:1, d18:2/20:0)*","sphingomyelin (d18:1/20:1, d18:2/20:0)*","222403-67-0",NA,"HMDB0240610,HMDB0240632",NA,NA,"SM 38:2;O2","Unknown","Unknown",48491,48491,48491,402,402,402,164534,164534,164534,"Pos Late","Pos Late","Pos Late",164534,48491,402,"Pos Late"
-0.0853019154302521,0.0930043676019543,-1.38623940072738,0.166613068073997,0.31757248266594,-5.26169264010835,NA,"histidine_to_N.acetyl.aspartyl.glutamate..NAAG.",NA,"Stoichiometry / Network Ratio",NA,NA,NA,NA,"histidine_to_N.acetyl.aspartyl.glutamate..NAAG.",NA,NA,NA,NA,NA,NA,NA,NA,NA,NA,NA,NA,NA,NA,NA,NA,NA,NA,NA,NA,NA,NA,NA,NA,NA
0.0801343177665854,0.0710578267970718,1.3850664152924,0.166971099133639,0.31757248266594,-5.26324531168458,100001870,"100001870","Lipid","Phosphatidylethanolamine (PE)",2455,"NAMED","HBZNVZIRJWODIB-NHCUFCNUSA-N","O=C(CCCCCCC/C=C\C/C=C\CCCCC)O[C@@H](COP(OCCN)(O)=O)COC(CCCCCCCCCCCCCCC)=O","1-palmitoyl-2-linoleoyl-GPE (16:0/18:2)","1-palmitoyl-2-linoleoyl-GPE (16:0/18:2)",NA,7825697,"HMDB0005322",NA,9546747,"PE 34:2","PE 16:0_18:2","Unknown",42449,42449,42449,402,402,402,164197,164197,164197,"Pos Late","Pos Late","Pos Late",164197,42449,402,"Pos Late"
-0.0659895653118524,-0.0284798293346135,-1.37690815797543,0.16947733402811,0.321080105482943,-5.27400840847659,100015792,"100015792","Lipid","Sphingomyelins",3195,"NAMED","JONXXLXMISNQNG-BXMSAMRLSA-N","[H][C@](NC(CCCCCCCCCCCCCCCCCCCCCCCC)=O)(COP(OCC[N+](C)(C)C)([O-])=O)[C@@](O)([H])/C=C/CCCCCCCCCCCCC","sphingomyelin (d18:1/25:0, d19:0/24:1, d20:1/23:0, d19:1/24:0)*","sphingomyelin (d18:1/25:0, d19:0/24:1, d20:1/23:0, d19:1/24:0)*",NA,24846885,"HMDB0240675,HMDB0240674,HMDB0240673,HMDB0240671",NA,NA,"SM 43:1;O2","Unknown","Unknown",57478,57478,57478,402,402,402,211141,211141,211141,"Pos Late","Pos Late","Pos Late",211141,57478,402,"Pos Late"
-0.167639034964387,-0.074914270770108,-1.37436364935174,0.170264782046522,0.321143494423312,-5.27735249728388,100020262,"100020262","Partially Characterized Molecules","Partially Characterized Molecules",6708,"NAMED",NA,NA,"glutamine conjugate of C6H10O2 (2)*","glutamine conjugate of C6H10O2 (2)*",NA,NA,NA,NA,NA,NA,NA,NA,63660,63660,63660,209,209,209,223046,223046,223046,"Neg","Neg","Neg",223046,63660,209,"Neg"
0.0737344789519011,0.130183247537839,1.37252609306095,0.170835096002504,0.321143494423312,-5.27976368592295,1526,"1526","Lipid","Phosphatidylethanolamine (PE)",2453,"NAMED","FHQVHHIBKUMWTI-OTMQOFQLSA-N","CCCCCCCC\C=C/CCCCCCCC(O[C@](COC(CCCCCCCCCCCCCCC)=O)(COP([O-])(OCC[N+]([H])([H])[H])=O)[H])=O","1-palmitoyl-2-oleoyl-GPE (16:0/18:1)","1-palmitoyl-2-oleoyl-GPE (16:0/18:1)","26662-94-2",4446615,"HMDB0005320",NA,5283496,"PE 34:1","PE 16:0_18:1","Unknown",19263,19263,19263,402,402,402,164198,164198,164198,"Pos Late","Pos Late","Pos Late",164198,19263,402,"Pos Late"
0.145857771496498,0.0321473488966018,1.36880378814035,0.171994969512456,0.322075522060005,-5.28463820711171,100006641,"100006641","Lipid","Primary Bile Acid Metabolism",3542,"NAMED","DKXXSIJHWWVNMO-ISIKUUMTSA-N","OS(OC1C[C@]2([H])C(CC1)(C)[C@@H]3[C@@]([C@@](CC4)([H])[C@@](CC3)(C)[C@H]4[C@H](C)CCC(NCC(O)=O)=O)([H])[C@H](O)C2)(=O)=O","glycochenodeoxycholate 3-sulfate","glycochenodeoxycholate 3-sulfate",NA,NA,"HMDB0002497",NA,2.111691721125e+23,NA,NA,NA,52974,52974,52974,209,209,209,166124,166124,166124,"Neg","Neg","Neg",166124,52974,209,"Neg"
0.223672353032135,0.611654021258516,1.34813968062615,0.178541257944352,0.332229456528784,-5.31146088146085,NA,"glutamate_to_tryptophan.betaine",NA,"Stoichiometry / Network Ratio",NA,NA,NA,NA,"glutamate_to_tryptophan.betaine",NA,NA,NA,NA,NA,NA,NA,NA,NA,NA,NA,NA,NA,NA,NA,NA,NA,NA,NA,NA,NA,NA,NA,NA,NA
0.116379772979183,0.149257087463826,1.34737432186256,0.178787398255696,0.332229456528784,-5.31244657297628,NA,"choline_to_glutamate..gamma.methyl.ester",NA,"Stoichiometry / Network Ratio",NA,NA,NA,NA,"choline_to_glutamate..gamma.methyl.ester",NA,NA,NA,NA,NA,NA,NA,NA,NA,NA,NA,NA,NA,NA,NA,NA,NA,NA,NA,NA,NA,NA,NA,NA,NA
0.0798005424457542,-0.0916698188649671,1.34316086005981,0.180146192562755,0.332717528458216,-5.31786322823136,100015836,"100015836","Lipid","Fatty Acid Metabolism (Acyl Carnitine, Monounsaturated)",1935,"NAMED","ONGUASHYQLGIFC-OCOZRVBESA-N","O=C(OC(C[N+](C)(C)C)CC([O-])=O)CCC/C=C/CCCCCCCCCCCCCCCCCCCC","ximenoylcarnitine (C26:1)*","ximenoylcarnitine (C26:1)*",NA,NA,NA,NA,NA,NA,NA,NA,57517,57517,57517,402,402,402,211218,211218,211218,"Pos Late","Pos Late","Pos Late",211218,57517,402,"Pos Late"
0.0773000257567852,0.0333122271298164,1.33693317164567,0.182168646340104,0.332717528458216,-5.32583857450073,100009142,"100009142","Lipid","Phosphatidylcholine (PC)",2383,"NAMED","GLPAGCOJQYNMCC-NEEAVLKMSA-N","O=C(CCCCCCCCCCCCCCCCC)OC[C@]([H])(COP(OCC[N+](C)(C)C)([O-])=O)OC(CC/C=C\C/C=C\C/C=C\C/C=C\C/C=C\CCCCC)=O","1-stearoyl-2-docosapentaenoyl-GPC (18:0/22:5n6)*","1-stearoyl-2-docosapentaenoyl-GPC (18:0/22:5n6)*",NA,24766719,"HMDB0008055",NA,24778871,"PC 40:5","PC 18:0_22:5(4,7,10,13,16)","Unknown",52700,52700,52700,402,402,402,165473,165473,165473,"Pos Late","Pos Late","Pos Late",165473,52700,402,"Pos Late"
-0.0510495529220021,-0.0195158091513735,-1.33646399267775,0.182321695629752,0.332717528458216,-5.32643793337672,100015793,"100015793","Lipid","Sphingomyelins",3180,"NAMED","YHBBZTIPONDTRX-TVUHHANTSA-N","[H][C@](NC(CCCCCCCCCCCCCC)=O)(COP(OCC[N+](C)(C)C)([O-])=O)[C@@](O)([H])/C=C/CCCCCCCC/C=C\CCC","sphingomyelin (d17:2/16:0, d18:2/15:0)*","sphingomyelin (d17:2/16:0, d18:2/15:0)*",NA,NA,"HMDB0240677",NA,NA,"SM 33:2;O2","Unknown","Unknown",57483,57483,57483,402,402,402,211146,211146,211146,"Pos Late","Pos Late","Pos Late",211146,57483,402,"Pos Late"
0.0787803282609263,0.0213380821683446,1.33631214160625,0.182371250968748,0.332717528458216,-5.32663187298067,100008992,"100008992","Lipid","Phosphatidylethanolamine (PE)",2487,"NAMED","XYYHNDVKALDFHQ-OXHZBIAZSA-N","O=C(CCCCCCCCCCCCCCCCC)OC[C@]([H])(COP(OCCN)(O)=O)OC(CC/C=C\C/C=C\C/C=C\C/C=C\C/C=C\C/C=C\CC)=O","1-stearoyl-2-docosahexaenoyl-GPE (18:0/22:6)*","1-stearoyl-2-docosahexaenoyl-GPE (18:0/22:6)*",NA,7825748,"HMDB0009012",NA,9546798,"PE 40:6","PE 18:0_22:6","Unknown",52466,52466,52466,402,402,402,165134,165134,165134,"Pos Late","Pos Late","Pos Late",165134,52466,402,"Pos Late"
-0.0740928568063642,0.0235364222026392,-1.33597861752034,0.182480129010073,0.332717528458216,-5.32705776338887,NA,"choline.phosphate_to_vanillylmandelate..VMA.",NA,"Stoichiometry / Network Ratio",NA,NA,NA,NA,"choline.phosphate_to_vanillylmandelate..VMA.",NA,NA,NA,NA,NA,NA,NA,NA,NA,NA,NA,NA,NA,NA,NA,NA,NA,NA,NA,NA,NA,NA,NA,NA,NA
-0.027958467143947,-0.00872397056753534,-1.33260079481429,0.183585238448181,0.333478803922726,-5.33136518302719,100006290,"100006290","Lipid","Sphingomyelins",3185,"NAMED","AADLTHQNYQJHQV-SVLGDMRNSA-N","CCCCCCCCCCCCC/C=C/[C@@H](O)[C@@H](NC(CCCCCCCCCCCCCCCCCCC)=O)COP([O-])(OCC[N+](C)(C)C)=O","sphingomyelin (d18:1/20:0, d16:1/22:0)*","sphingomyelin (d18:1/20:0, d16:1/22:0)*",NA,23113477,"HMDB0012102",NA,44260124,"SM 38:1;O2","Unknown","Unknown",48490,48490,48490,402,402,402,164042,164042,164042,"Pos Late","Pos Late","Pos Late",164042,48490,402,"Pos Late"
-0.0283716666368936,0.0403784291683538,-1.32710924016331,0.18539300357642,0.335505995278222,-5.33834493283419,100005986,"100005986","Lipid","Sphingomyelins",3193,"NAMED","WKZHECFHXLTOLJ-QYKFWSDSSA-N","O[C@H](/C=C/CCCCCCCCCCCCC)[C@H](CO[P](OCC[N+](C)(C)C)([O-])=O)NC(CCCCCCCCCCCCC/C=C\CCCCCCCC)=O","sphingomyelin (d18:1/24:1, d18:2/24:0)*","sphingomyelin (d18:1/24:1, d18:2/24:0)*","94359-13-4",24846874,"HMDB0012107",NA,44260126,"SM 42:2;O2","Unknown","Unknown",47153,47153,47153,402,402,402,164529,164529,164529,"Pos Late","Pos Late","Pos Late",164529,47153,402,"Pos Late"
-0.0591000575357258,0.0090696658577873,-1.32454787366431,0.186240989166887,0.335763145661731,-5.34159060207018,892,"892","Lipid","Long Chain Saturated Fatty Acid",1561,"NAMED","ISYWECDDZWTKFF-UHFFFAOYSA-N","CCCCCCCCCCCCCCCCCCC(O)=O","nonadecanoate (19:0)","nonadecanoate (19:0)","646-30-0",12071,"HMDB0000772","C16535",12591,NA,NA,NA,1356,1356,1356,209,209,209,125722,125722,125722,"Neg","Neg","Neg",125722,1356,209,"Neg"
0.0449078918149022,-0.0714689079125529,1.32250244198392,0.186919689337458,0.335763145661731,-5.34417817513108,100001264,"100001264","Lipid","Lysophospholipid",2656,"NAMED","SRRQPVVYXBTRQK-DEOSSOPVSA-N","O=P(OCC[N+](C)(C)C)([O-])OC[C@@H](O)COC(CCCCCCCCCCCCCCCC)=O","1-margaroyl-GPC (17:0)","1-margaroyl-GPC (17:0)","50930-23-9",NA,"HMDB0012108","C04230",24779463,"LPC 17:0","LPC 17:0","LPC 17:0/0:0",44682,44682,44682,402,402,402,159625,159625,159625,"Pos Late","Pos Late","Pos Late",159625,44682,402,"Pos Late"
-0.109836505437601,-0.183416556497035,-1.3200779767839,0.187727190012265,0.335969325298703,-5.34723995910098,100001103,"100001103","Amino Acid","Glutamate Metabolism",56,"NAMED","ZGEYCCHDTIDZAE-UHFFFAOYSA-N","O=C(CCC(C(O)=O)N)OC","glutamate, gamma-methyl ester","glutamate, gamma-methyl ester","1499-55-4,1499-55-4",66546,"HMDB0061715",NA,68662,NA,NA,NA,33487,33487,33487,400,400,400,156024,156024,156024,"Pos Early","Pos Early","Pos Early",156024,33487,400,"Pos Early"
0.112168504707974,-0.205313078361472,1.31495460713162,0.189441459831986,0.33721048632779,-5.35369198784777,100005716,"100005716","Lipid","Lysophospholipid",2768,"NAMED","FQQQKGAFQIIGLQ-VYFUBJQISA-N","O[C@H](COC(CCCCCCC/C=C\CCCCCCCC)=O)COP(OCC(O)CO)(O)=O","1-oleoyl-GPG (18:1)*","1-oleoyl-GPG (18:1)*",NA,34999689,"HMDB0240602",NA,NA,"LPG 18:1","LPG 18:1","LPG 18:1/0:0",45968,45968,45968,209,209,209,144192,144192,144192,"Neg","Neg","Neg",144192,45968,209,"Neg"
-0.0509980417200243,0.141584932839516,-1.3124500616515,0.190283382861429,0.33721048632779,-5.35683709878088,NA,"glutamate_to_tryptophan",NA,"Stoichiometry / Network Ratio",NA,NA,NA,NA,"glutamate_to_tryptophan",NA,NA,NA,NA,NA,NA,NA,NA,NA,NA,NA,NA,NA,NA,NA,NA,NA,NA,NA,NA,NA,NA,NA,NA,NA
-0.0387941659080797,-0.0761373358186272,-1.31178781812116,0.19050654279137,0.33721048632779,-5.35766770526414,100015788,"100015788","Lipid","Sphingomyelins",3173,"NAMED","YMTVMVYOUDDTQJ-UOMMIRHQSA-N","[H][C@](NC(CCCCCCC/C=C\CCCCCCCC)=O)(COP(OCC[N+](C)(C)C)([O-])=O)[C@@](O)([H])/C=C/CCCCCCCC/C=C\CCC","sphingomyelin (d18:2/18:1, d18:1/18:2)*","sphingomyelin (d18:2/18:1, d18:1/18:2)*",NA,NA,"HMDB0258342",NA,NA,"SM 36:2;O2","SM 18:2;O2_18:1","SM 18:2;O2/18:1",57474,57474,57474,402,402,402,211137,211137,211137,"Pos Late","Pos Late","Pos Late",211137,57474,402,"Pos Late"
-0.084039628151554,-0.0265150775817258,-1.30221992828639,0.193752617143147,0.341342430817193,-5.36962167888309,519,"519","Lipid","Long Chain Saturated Fatty Acid",1552,"NAMED","TUNFSRHWOTWDNC-UHFFFAOYSA-N","OC(CCCCCCCCCCCCC)=O","myristate (14:0)","myristate (14:0)","544-63-8",10539,"HMDB0000806","C06424",11005,NA,NA,NA,1365,1365,1365,209,209,209,125728,125728,125728,"Neg","Neg","Neg",125728,1365,209,"Neg"
0.0636009325104584,-0.00412910430682755,1.30076867632144,0.194248476093908,0.341342430817193,-5.3714273022211,93,"93","Energy","TCA Cycle",1485,"NAMED","KPGXRSRHYNQIFN-UHFFFAOYSA-N","O=C(C(O)=O)CCC(O)=O","alpha-ketoglutarate","alpha-ketoglutarate","328-50-7,22202-68-2,305-72-6",50,"HMDB0000208","C00026",51,NA,NA,NA,528,528,528,305,305,305,146398,146398,146398,"Polar","Polar","Polar",146398,528,305,"Polar"
-0.084942881864973,-0.129110610185504,-1.29389353759588,0.196610269343011,0.344245417441734,-5.37995416283563,330,"330","Energy","TCA Cycle",1489,"NAMED","VZCYOOQTPOCHFL-OWOJBTEDSA-N","OC(/C=C/C(O)=O)=O","fumarate","fumarate","100-17-8",10197150,"HMDB0000134","C00122",444972,NA,NA,NA,1643,1643,1643,305,305,305,146876,146876,146876,"Polar","Polar","Polar",146876,1643,305,"Polar"
0.0389713634263162,0.0593282806949747,1.28730857463328,0.1988918286337,0.346987542760233,-5.38807932164988,100009364,"100009364","Lipid","Phosphatidylcholine (PC)",2373,"NAMED","QLAPQVPZKNRKSF-FYBVJDQOSA-N","CCCCCCCCCCCCCCCCCC(OCC(OC(CC/C=C/C/C=C/CCCCCCCCCCCC)=O)COP([O-])(OCC[N+](C)(C)C)=O)=O","phosphatidylcholine (18:0/20:2, 20:0/18:2)*","phosphatidylcholine (18:0/20:2, 20:0/18:2)*",NA,NA,"HMDB0008143,HMDB0008045",NA,NA,"PC 38:2","Unknown","Unknown",53192,53192,53192,402,402,402,166622,166622,166622,"Pos Late","Pos Late","Pos Late",166622,53192,402,"Pos Late"
-0.210318723519046,-0.371626018075903,-1.28369065148754,0.200154072696847,0.347938083361902,-5.39252583327532,100001403,"100001403","Xenobiotics","Xanthine Metabolism",4808,"NAMED","POQOTWQIYYNXAT-UHFFFAOYSA-N","O=C(NC(N)=C1NC(C)=O)N(C)C1=O","5-acetylamino-6-amino-3-methyluracil","5-acetylamino-6-amino-3-methyluracil","1196153-01-1",79659,"HMDB0004400","C16366",88299,NA,NA,NA,34424,34424,34424,305,305,305,165245,165245,165245,"Polar","Polar","Polar",165245,34424,305,"Polar"
0.174615482248407,-0.190279387575047,1.28051053836161,0.201268152359119,0.348625192479189,-5.39642413406744,100001092,"100001092","Cofactors and Vitamins","Nicotinate and Nicotinamide Metabolism",4525,"NAMED","WWNNZCOKKKDOPX-UHFFFAOYSA-N","C[N+]1=CC(C([O-])=O)=CC=C1","trigonelline (N'-methylnicotinate)","trigonelline (N'-methylnicotinate)","535-83-1",5369,"HMDB0000875","C01004",5570,NA,NA,NA,32401,32401,32401,400,400,400,155930,155930,155930,"Pos Early","Pos Early","Pos Early",155930,32401,400,"Pos Early"
-0.0676098669592255,0.00521313148849393,-1.27667925587665,0.202616380747009,0.349711546840924,-5.40110795311062,100001739,"100001739","Lipid","Long Chain Polyunsaturated Fatty Acid (n3 and n6)",1617,"NAMED","AHANXAKGNAKFSK-PDBXOOCHSA-N","CC\C=C/C\C=C/C\C=C/CCCCCCCCCC(O)=O","dihomo-linolenate (20:3n3 or n6)","dihomolinolenate (20:3n3 or 3n6)","17046-59-2",4471954,"HMDB0002925","C03242",5280581,NA,NA,NA,35718,35718,35718,209,209,209,143707,143707,143707,"Neg","Neg","Neg",143707,35718,209,"Neg"
-0.046902960076436,0.0940967807206284,-1.26433673662735,0.207004350320762,0.356018120232517,-5.41610259372596,100003151,"100003151","Lipid","Fatty Acid Metabolism (Acyl Carnitine, Polyunsaturated)",1936,"NAMED","MJLXQSQYKZWZCB-DQFWFXSYSA-N","[O-]C(C[C@H](C[N+](C)(C)C)OC(CCCCCCC/C=C\C/C=C\CCCCC)=O)=O","linoleoylcarnitine (C18:2)*","linoleoylcarnitine (C18:2)*","36816-10-1",4952667,"HMDB0006469",NA,6450015,NA,NA,NA,46223,46223,46223,402,402,402,159669,159669,159669,"Pos Late","Pos Late","Pos Late",159669,46223,402,"Pos Late"
0.148416097547181,-0.00887239885655921,1.26110646913883,0.208164490227503,0.356748331308618,-5.42000300237112,NA,"vanillylmandelate..VMA._to_glutamine.conjugate.of.C6H10O2..2..",NA,"Stoichiometry / Network Ratio",NA,NA,NA,NA,"vanillylmandelate..VMA._to_glutamine.conjugate.of.C6H10O2..2..",NA,NA,NA,NA,NA,NA,NA,NA,NA,NA,NA,NA,NA,NA,NA,NA,NA,NA,NA,NA,NA,NA,NA,NA,NA
-0.03599426325361,-0.0546873024454744,-1.25038580490597,0.212047431008641,0.362123253659123,-5.432877504649,100001395,"100001395","Lipid","Lysophospholipid",2666,"NAMED","SPJFYYJXNPEZDW-UTJQPWESSA-N","O=P(OCC(O)COC(CCCCCCC/C=C\C/C=C\CCCCC)=O)([O-])OCC[N+](C)(C)C","1-linoleoyl-GPC (18:2)","1-linoleoyl-GPC (18:2)",NA,10160888,"HMDB0010386","C04100",11988421,"LPC 18:2","LPC 18:2","LPC 18:2/0:0",34419,34419,34419,402,402,402,158662,158662,158662,"Pos Late","Pos Late","Pos Late",158662,34419,402,"Pos Late"
-0.0748147606343473,0.10858708317267,-1.24222052262111,0.215040426184739,0.365945988419644,-5.44260998085394,100001182,"100001182","Lipid","Long Chain Polyunsaturated Fatty Acid (n3 and n6)",1622,"NAMED","HVGRZDASOHMCSK-AVQMFFATSA-N","CCCCC/C=C/C/C=C/CCCCCCCCCCCC(O)=O","docosadienoate (22:2n6)","docosadienoate (22:2n6)","7370-49-2",4445934,"HMDB0061714","C16533",5282807,NA,NA,NA,32415,32415,32415,209,209,209,125824,125824,125824,"Neg","Neg","Neg",125824,32415,209,"Neg"
-0.0301806269237665,-0.0269979990430008,-1.22622484060105,0.220991190709171,0.374757788440377,-5.46149317488602,100009030,"100009030","Lipid","Lactosylceramides (LCER)",3150,"NAMED","HLIJNIKSBCIDGO-QKLMXXKVSA-N","O=C(CCCCCCCCCCCCCCC)N[C@@]([C@]([H])(O)/C=C/CCCCCCCCCCCCC)([H])CO[C@H](O1)[C@H](O)[C@@H](O)[C@@H]([C@H]1CO)O[C@H](O2)[C@H](O)[C@@H](O)[C@H]([C@H]2CO)O","lactosyl-N-palmitoyl-sphingosine (d18:1/16:0)","lactosyl-N-palmitoyl-sphingosine (d18:1/16:0)","4201-62-1",NA,"HMDB0006750",NA,53477895,"LacCer 34:1;O2","LacCer 18:1;O2_16:0","LacCer 18:1;O2/16:0",53010,53010,53010,402,402,402,166340,166340,166340,"Pos Late","Pos Late","Pos Late",166340,53010,402,"Pos Late"
-0.189349764557841,-0.495061110171605,-1.206323969518,0.228559808383624,0.385800169164561,-5.48464773604794,100000453,"100000453","Xenobiotics","Xanthine Metabolism",4796,"NAMED","QUNWUDVFRNGTCO-UHFFFAOYSA-N","O=C(N2C)NC1=C(N(C)C=N1)C2=O","paraxanthine","paraxanthine","611-59-6",4525,"HMDB0001860","C13747",4687,NA,NA,NA,18254,18254,18254,209,209,209,124653,124653,124653,"Neg","Neg","Neg",124653,18254,209,"Neg"
-0.0448554424174571,0.0987153698757297,-1.20493729093059,0.22909370869978,0.385800169164561,-5.48624732001425,482,"482","Carbohydrate","Glycolysis, Gluconeogenesis, and Pyruvate Metabolism",1279,"NAMED","JVTAAEKCZFNVCJ-UHFFFAOYSA-N","CC(O)C(O)=O","lactate","lactate","79-33-4",592,"HMDB0000190","C00186",612,NA,NA,NA,527,527,527,209,305,305,123163,146396,146396,"Neg","Polar","Polar",146396,527,305,"Polar"
0.0333037201072853,0.0655610427920056,1.19563302949285,0.232701039984821,0.390519046341308,-5.49693184976776,100008904,"100008904","Lipid","Phosphatidylcholine (PC)",2367,"NAMED","ATHVAWFAEPLPPQ-VRDBWYNSSA-N","O=C(CCCCCCCCCCCCCCCCC)OC[C@]([H])(COP(OCC[N+](C)(C)C)([O-])=O)OC(CCCCCCC/C=C\CCCCCCCC)=O","1-stearoyl-2-oleoyl-GPC (18:0/18:1)","1-stearoyl-2-oleoyl-GPC (18:0/18:1)","56421-10-4",24766704,"HMDB0008038",NA,24778825,"PC 36:1","PC 18:0_18:1","Unknown",52438,52438,52438,402,402,402,164562,164562,164562,"Pos Late","Pos Late","Pos Late",164562,52438,402,"Pos Late"
0.0672738610392479,-0.0681678625776214,1.18861264142541,0.23544984535471,0.393769568955291,-5.5049391910512,100001652,"100001652","Lipid","Lysophospholipid",2716,"NAMED","CKPBBEOJHAPPBT-HXUWFJFHSA-N","OC[C@@H](OC(CCCCCCCCCCCCCCC)=O)COP(OCC[NH3+])([O-])=O","2-palmitoyl-GPE (16:0)*","2-palmitoyl-GPE* (16:0)*",NA,NA,"HMDB0011473",NA,NA,"LPE 16:0","LPE 16:0","LPE 0:0/16:0",45452,45452,45452,209,209,209,142731,142731,142731,"Neg","Neg","Neg",142731,45452,209,"Neg"
-0.0314021316073043,0.0353006489906318,-1.18386893379374,0.237319775293054,0.395532958821756,-5.51032362533372,100021000,"100021000","Lipid","Sphingomyelins",3168,"NAMED","FAVAZPKFPKOYCT-VTAPXIELSA-N","CCCCCCCCCCCCCCC(O)C(N[C@@H](COP([O-])(OCC[N+](C)(C)C)=O)[C@@H](/C=C/CCCCCCCCCCCCC)O)=O","hydroxypalmitoyl sphingomyelin (d18:1/16:0(OH))**","hydroxypalmitoyl sphingomyelin (d18:1/16:0(OH))**",NA,NA,NA,NA,NA,"SM 34:1;O3","SM 18:1;O2_16:0;O","SM 18:1;O2/16:0;O",62851,62851,62851,402,402,402,220620,220620,220620,"Pos Late","Pos Late","Pos Late",220620,62851,402,"Pos Late"
-0.0248316343605756,0.0153282949857895,-1.18132465389469,0.238327192428369,0.395851672355339,-5.51320267012295,100008954,"100008954","Lipid","Dihydrosphingomyelins",3162,"NAMED","QHZIGNLCLJPLCU-QPPIDDCLSA-N","[H][C@](NC(CCCCCCCCCCCCCCC)=O)(COP(OCC[N+](C)(C)C)([O-])=O)[C@@](O)([H])CCCCCCCCCCCCCCC","palmitoyl dihydrosphingomyelin (d18:0/16:0)*","palmitoyl dihydrosphingomyelin (d18:0/16:0)*",NA,8115586,"HMDB0010168",NA,9939965,"SM 34:0;O2","SM 18:0;O2_16:0","SM 18:0;O2/16:0",52434,52434,52434,402,402,402,164558,164558,164558,"Pos Late","Pos Late","Pos Late",164558,52434,402,"Pos Late"
0.144752421145889,-0.354204284837077,1.17704928804014,0.240027139735222,0.396639071882295,-5.51802655928806,100006642,"100006642","Lipid","Secondary Bile Acid Metabolism",3610,"NAMED","QJZCNFGUZPMYAX-WWZCPACMSA-N","OS(OC1CC[C@@]2(C)[C@@](CC[C@]3([H])[C@]2([H])C[C@H](O)[C@@]4(C)[C@]3(CC[C@@H]4[C@H](C)CCC(NCC(O)=O)=O)[H])([H])C1)(=O)=O","glycodeoxycholate 3-sulfate","glycodeoxycholate 3-sulfate",NA,NA,"HMDB0341325",NA,101602538,NA,NA,NA,52975,52975,52975,209,209,209,166126,166126,166126,"Neg","Neg","Neg",166126,52975,209,"Neg"
0.0326810325265261,-0.0175336331445191,1.1743969906842,0.241085585299592,0.396639071882295,-5.52101072542941,100001571,"100001571","Lipid","Lysophospholipid",2739,"NAMED","ROPRRXYVXLDXQO-XSQXPFHXSA-N","NCCOP(OC[C@@](O)([H])COC(CCC\C=C/C\C=C/C/C=C\C/C=C\CCCCC)=O)(O)=O","1-arachidonoyl-GPE (20:4n6)*","1-arachidonoyl-GPE (20:4n6)*",NA,21403171,"HMDB0011517",NA,42607465,"LPE 20:4","LPE 20:4(5,8,11,14)","LPE 20:4(5,8,11,14)/0:0",35186,35186,35186,402,402,402,158719,158719,158719,"Pos Late","Pos Late","Pos Late",158719,35186,402,"Pos Late"
0.0481253545613,0.0414237548282864,1.17352072162972,0.241436307761884,0.396639071882295,-5.52199496692945,NA,"tryptophan_to_vanillylmandelate..VMA.",NA,"Stoichiometry / Network Ratio",NA,NA,NA,NA,"tryptophan_to_vanillylmandelate..VMA.",NA,NA,NA,NA,NA,NA,NA,NA,NA,NA,NA,NA,NA,NA,NA,NA,NA,NA,NA,NA,NA,NA,NA,NA,NA
0.064866460545968,-0.130511728541567,1.17193251937819,0.242072505726102,0.396639071882295,-5.52377726827219,100009123,"100009123","Lipid","Phosphatidylcholine (PC)",2318,"NAMED","GEINPYKZLFHHIL-HEXXMCQTSA-N","O=C(CCCCCCCCCCCCCC)OC[C@]([H])(COP(OCC[N+](C)(C)C)([O-])=O)OC(CC/C=C\C/C=C\C/C=C\C/C=C\C/C=C\C/C=C\CC)=O","1-pentadecanoyl-2-docosahexaenoyl-GPC (15:0/22:6)*","1-pentadecanoyl-2-docosahexaenoyl-GPC (15:0/22:6)*",NA,24766633,"HMDB0007958",NA,52922342,"PC 37:6","PC 15:0_22:6","Unknown",53197,53197,53197,402,402,402,166627,166627,166627,"Pos Late","Pos Late","Pos Late",166627,53197,402,"Pos Late"
-0.063248905879342,0.0180568414642712,-1.16380354348428,0.245347401737728,0.399771004837578,-5.53286220044017,100009027,"100009027","Lipid","Dihydrosphingomyelins",3164,"NAMED","JCELSEVNSMXGKA-IOLBBIBUSA-N","[H][C@](NC(CCCCCCCCCCCCCCCCC)=O)(COP(OCC[N+](C)(C)C)([O-])=O)[C@@](O)([H])CCCCCCCCCCCCCCC","sphingomyelin (d18:0/18:0, d19:0/17:0)*","sphingomyelin (d18:0/18:0, d19:0/17:0)*",NA,24846878,"HMDB0012087",NA,44260130,"SM 36:0;O2","Unknown","Unknown",57473,57473,57473,402,402,402,211136,211136,211136,"Pos Late","Pos Late","Pos Late",211136,57473,402,"Pos Late"
-0.0831909586021721,-0.00128652799936394,-1.16309950152735,0.245632493694017,0.399771004837578,-5.533646090276,209,"209","Nucleotide","Purine Metabolism, Adenine containing",4342,"NAMED","UDMBCSSLTHHNCD-UHFFFAOYSA-N","NC1=NC=NC2=C1N=CN2C3OC(C(C3O)O)COP(O)(O)=O","adenosine 5'-monophosphate (AMP)","AMP","149022-20-8",10239183,"HMDB0000045","C00020",6083,NA,NA,NA,32342,32342,32342,400,400,400,155907,155907,155907,"Pos Early","Pos Early","Pos Early",155907,32342,400,"Pos Early"
-0.0277856325959786,0.0106939282789586,-1.1580909601058,0.247667094581234,0.401734250407687,-5.53920928595533,100006298,"100006298","Lipid","Sphingomyelins",3172,"NAMED","QEDPUVGSSDPBMD-XTAIVQBESA-N","CCCCCCCCCCCCC/C=C/[C@@H](O)[C@@H](NC(CCCCCCCCCCCCCCCCCCCCCCC)=O)COP([O-])(OCC[N+](C)(C)C)=O","lignoceroyl sphingomyelin (d18:1/24:0)","lignoceroyl sphingomyelin (d18:1/24:0)","60037-60-7",24846875,"HMDB0011697",NA,NA,"SM 42:1;O2","SM 18:1;O2_24:0","SM 18:1;O2/24:0",57330,57330,57330,402,402,402,210828,210828,210828,"Pos Late","Pos Late","Pos Late",210828,57330,402,"Pos Late"
-0.0991820750075393,0.0469216629071657,-1.14235587280949,0.254137247757861,0.408552071643154,-5.55653122915061,NA,"histidine_to_dopamine.3.O.sulfate",NA,"Stoichiometry / Network Ratio",NA,NA,NA,NA,"histidine_to_dopamine.3.O.sulfate",NA,NA,NA,NA,NA,NA,NA,NA,NA,NA,NA,NA,NA,NA,NA,NA,NA,NA,NA,NA,NA,NA,NA,NA,NA
-0.056755331270139,-0.00504289834422908,-1.14158096700545,0.2544588946799,0.408552071643154,-5.55737822073162,229,"229","Lipid","Long Chain Polyunsaturated Fatty Acid (n3 and n6)",1618,"NAMED","YZXBAPSDXZZRGB-DOFZRALJSA-N","CCCCC/C=C\C/C=C\C/C=C\C/C=C\CCCC(O)=O","arachidonate (20:4n6)","arachidonate (20:4n6)","506-32-1",392692,"HMDB0001043","C00219",444899,NA,NA,NA,1110,1110,1110,209,209,209,125971,125971,125971,"Neg","Neg","Neg",125971,1110,209,"Neg"
-0.171182436534361,-0.0582499511849373,-1.14094664815819,0.254722398626796,0.408552071643154,-5.55807112294962,1135,"1135","Lipid","Secondary Bile Acid Metabolism",3574,"NAMED","RUDATBOHQWOJDD-UZVSRGJWSA-N","O[C@@H]1[C@@]2([H])[C@]3([H])CC[C@@]([C@@H](CCC(O)=O)C)([H])[C@@]3(C)CC[C@]2([H])[C@@]4(C)CC[C@@H](O)C[C@@]4([H])C1","ursodeoxycholate","ursodeoxycholate","128-13-2",29131,"HMDB0000946","C07880",31401,NA,NA,NA,1605,1605,1605,209,209,209,125991,125991,125991,"Neg","Neg","Neg",125991,1605,209,"Neg"
0.0505077352030689,-0.0107384908898232,1.13970259367508,0.25523974785129,0.408552071643154,-5.55942896461217,100001570,"100001570","Lipid","Lysophospholipid",2726,"NAMED","DBHKHNGBVGWQJE-HZJYTTRNSA-N","O=P(OCC(O)COC(CCCCCCC/C=C\C/C=C\CCCCC)=O)(O)OCCN","1-linoleoyl-GPE (18:2)*","1-linoleoyl-GPE (18:2)*",NA,21403170,"HMDB0011507",NA,52925130,"LPE 18:2","LPE 18:2","LPE 18:2/0:0",36600,36600,36600,402,402,402,158788,158788,158788,"Pos Late","Pos Late","Pos Late",158788,36600,402,"Pos Late"
-0.0442887872605621,0.132145969748796,-1.13286210297798,0.258097256182864,0.41176700410753,-5.56686907093885,NA,"glutamate_to_glutamine",NA,"Stoichiometry / Network Ratio",NA,NA,NA,NA,"glutamate_to_glutamine",NA,NA,NA,NA,NA,NA,NA,NA,NA,NA,NA,NA,NA,NA,NA,NA,NA,NA,NA,NA,NA,NA,NA,NA,NA
0.0487884985871242,-0.0411530586600044,1.13022745129697,0.259204137087027,0.412177070449862,-5.56972253732489,100015745,"100015745","Lipid","Hexosylceramides (HCER)",3145,"NAMED","WYTRSDHGWSSQLK-PCKKJQKNSA-N","OC(/C=C/CCCCCCCC/C=C\CCC)C(COC1C(O)C(O)C(O)C(CO)O1)NC(CCCCCCCCCCCCC/C=C\CCCCCCCC)=O","glycosyl ceramide (d18:2/24:1, d18:1/24:2)*","glycosyl ceramide (d18:2/24:1, d18:1/24:2)*",NA,NA,NA,NA,NA,"HexCer 42:3;O2","Unknown","Unknown",57453,57453,57453,402,402,402,211107,211107,211107,"Pos Late","Pos Late","Pos Late",211107,57453,402,"Pos Late"
-0.0823571072805579,-0.100261109264648,-1.12296203953264,0.262272859904416,0.415693911940005,-5.57755776880659,100002106,"100002106","Lipid","Sphingomyelins",3183,"NAMED","NBEADXWAAWCCDG-QDDWGVBQSA-N","O=C(CCCCCCC/C=C\CCCCCCCC)N[C@@](COP([O-])(OCC[N+](C)(C)C)=O)([C@](O)(/C=C/CCCCCCCCCCCCC)[H])[H]","sphingomyelin (d18:1/18:1, d18:2/18:0)","sphingomyelin (d18:1/18:1, d18:2/18:0)","108392-10-5",4947837,"HMDB0012101",NA,6443882,"SM 36:2;O2","Unknown","Unknown",37529,37529,37529,402,402,402,164200,164200,164200,"Pos Late","Pos Late","Pos Late",164200,37529,402,"Pos Late"
0.0863928323660471,-0.034884937576064,1.11527960436095,0.26554504703991,0.419220169729168,-5.58578820336409,1087,"1087","Lipid","Long Chain Monounsaturated Fatty Acid",1592,"NAMED","DPUOLQHDNGRHBS-KTKRTIGZSA-N","OC(CCCCCCCCCCC\C=C/CCCCCCCC)=O","erucate (22:1n9)","erucate (22:1n9)","112-86-7",7924,"HMDB0002068","C08316",82165281116,NA,NA,NA,1552,1552,1552,209,209,209,125983,125983,125983,"Neg","Neg","Neg",125983,1552,209,"Neg"
-0.0990866083276476,-0.0437273145694739,-1.11312907662611,0.266466061684856,0.419220169729168,-5.58808208947559,100006726,"100006726","Lipid","Endocannabinoid",2227,"NAMED","KQXDGUVSAAQARU-HZJYTTRNSA-N","CCCCC/C=C\C/C=C\CCCCCCCC(NCCO)=O","linoleoyl ethanolamide (18:2)","linoleoyl ethanolamide (18:2)","68171-52-8",4446566,"HMDB0012252",NA,5283446,NA,NA,NA,52608,52608,52608,209,209,209,166573,166573,166573,"Neg","Neg","Neg",166573,52608,209,"Neg"
0.0463099983030376,0.073993894832504,1.11167298694443,0.267090788549099,0.419220169729168,-5.58963285379247,100009141,"100009141","Lipid","Phosphatidylcholine (PC)",2382,"NAMED","MAAMGQXOTCBPFS-JPGWWKBXSA-N","O=C(CCCCCCCCCCCCCCCCC)OC[C@]([H])(COP(OCC[N+](C)(C)C)([O-])=O)OC(CCCCC/C=C\C/C=C\C/C=C\C/C=C\C/C=C\CC)=O","1-stearoyl-2-docosapentaenoyl-GPC (18:0/22:5n3)*","1-stearoyl-2-docosapentaenoyl-GPC (18:0/22:5n3)*",NA,24766720,"HMDB0008056",NA,24778873,"PC 40:5","PC 18:0_22:5(7,10,13,16,19)","Unknown",52699,52699,52699,402,402,402,165472,165472,165472,"Pos Late","Pos Late","Pos Late",165472,52699,402,"Pos Late"
0.0535597220969999,0.0123089914378005,1.10721117872625,0.269011932017742,0.420873506543887,-5.59437180866183,100001555,"100001555","Lipid","Lysophospholipid",2662,"NAMED","IQGPMZRCLCCXAG-VWLOTQADSA-N","OC[C@H](OC(CCCCCCCCCCCCCCCCC)=O)COP(OCC[N+](C)(C)C)([O-])=O","2-stearoyl-GPC (18:0)*","2-stearoyl-GPC* (18:0)*",NA,8383879,"HMDB0011128",NA,24779491,"LPC 18:0","LPC 18:0","LPC 0:0/18:0",35255,35255,35255,209,209,209,213240,213240,213240,"Neg","Neg","Neg",213240,35255,209,"Neg"
0.119153860107297,-0.0684713370142376,1.10472130751767,0.270088068116378,0.421198434200782,-5.59700817518849,100009209,"100009209","Lipid","Phosphatidylethanolamine (PE)",2462,"NAMED","KHLRCNXJXSYNCK-ZIEHFRHMSA-N","O=C(CCCCCCCCCCCCCCC)OC[C@]([H])(COP(OCCN)(O)=O)OC(CCC/C=C\C/C=C\C/C=C\C/C=C\C/C=C\CC)=O","1-palmitoyl-2-eicosapentaenoyl-GPE (16:0/20:5)*","1-palmitoyl-2-eicosapentaenoyl-GPE (16:0/20:5)*",NA,24768431,"HMDB0008939",NA,52924919,"PE 36:5","PE 16:0_20:5","Unknown",53190,53190,53190,402,402,402,166620,166620,166620,"Pos Late","Pos Late","Pos Late",166620,53190,402,"Pos Late"
0.0387107765587005,-0.000260357353844188,1.10014847115793,0.272072133125996,0.422932642840091,-5.6018347659371,100005985,"100005985","Lipid","Sphingomyelins",3178,"NAMED","SOWIKWJDPCEPOJ-IOBWIPHESA-N","CCCC/C=C/CCCCCCCC(N[C@@](COP([O-])(OCC[N+](C)(C)C)=O)([C@](O)(/C=C/CCCCCCCCCCCCC)[H])[H])=O","sphingomyelin (d18:2/14:0, d18:1/14:1)*","sphingomyelin (d18:2/14:0, d18:1/14:1)*",NA,NA,"HMDB0240637,HMDB0240612",NA,NA,"SM 32:2;O2","Unknown","Unknown",47154,47154,47154,402,402,402,164532,164532,164532,"Pos Late","Pos Late","Pos Late",164532,47154,402,"Pos Late"
0.145543410388457,0.174136288811244,1.08841647143735,0.277208385434289,0.429540149954089,-5.61412675306211,NA,"glutamate_to_glutamine.conjugate.of.C6H10O2..2..",NA,"Stoichiometry / Network Ratio",NA,NA,NA,NA,"glutamate_to_glutamine.conjugate.of.C6H10O2..2..",NA,NA,NA,NA,NA,NA,NA,NA,NA,NA,NA,NA,NA,NA,NA,NA,NA,NA,NA,NA,NA,NA,NA,NA,NA
0.0239984266552824,0.059641420005105,1.0858117882648,0.27835738371159,0.429946914331596,-5.6168382453698,1539,"1539","Lipid","Phosphatidylcholine (PC)",2328,"NAMED","WTJKGGKOPKCXLL-PFDVCBLKSA-N","O=C(CCCCCCC/C=C\CCCCCCCC)O[C@@H](COC(CCCCCCCCCCCCCCC)=O)COP(OCC[N+](C)(C)C)([O-])=O","1-palmitoyl-2-oleoyl-GPC (16:0/18:1)","1-palmitoyl-2-oleoyl-GPC (16:0/18:1)","26853-31-6,26853-31-6",4940699,"HMDB0007972","C13875",6436017,"PC 34:1","PC 16:0_18:1","Unknown",52461,52461,52461,402,402,402,165127,165127,165127,"Pos Late","Pos Late","Pos Late",165127,52461,402,"Pos Late"
0.0960553790180617,0.0272418166802972,1.07610477277273,0.282669309816302,0.43440723521359,-5.62688549776482,100001655,"100001655","Lipid","Lysophospholipid",2772,"NAMED","UOXRPRZMAROFPH-AQFLIPHUSA-N","[H]C(C(O)(C(O)([C@](O)1[H])[H])[H])([C@@](OP(O)(OC[C@@]([H])(COC(CCCCCCCCCCCCCCC)=O)O)=O)([C@]1(O)[H])[H])O","1-palmitoyl-GPI (16:0)","1-palmitoyl-GPI (16:0)",NA,NA,"HMDB0061695",NA,71296207,"LPI 16:0","LPI 16:0","LPI 16:0/0:0",35305,35305,35305,209,209,209,146820,146820,146820,"Neg","Neg","Neg",146820,35305,209,"Neg"
-0.072695229383806,-0.230518551083989,-1.07528231622289,0.283036466654628,0.43440723521359,-5.62773288888138,100021131,"100021131","Lipid","Fatty Acid Metabolism (Acyl Carnitine, Monounsaturated)",1926,"NAMED",NA,"C=CCCCCCCCCC(OC(CC([O-])=O)C[N+](C)(C)C)=O","undecenoylcarnitine (C11:1)","undecenoylcarnitine (C11:1)","792164-86-4",NA,"HMDB0241164",NA,NA,NA,NA,NA,63613,63613,63613,402,402,402,222938,222938,222938,"Pos Late","Pos Late","Pos Late",222938,63613,402,"Pos Late"
0.0643906357634457,0.0265583358489374,1.07270298378892,0.284191022665873,0.434803299662298,-5.63038540340021,100000656,"100000656","Lipid","Lysophospholipid",2776,"NAMED","MXAFDFDAIFZFET-CLBYPKMISA-N","[H]C(C(O)(C(O)([C@](O)1[H])[H])[H])([C@@](OP(O)(OC[C@@]([H])(COC(CCCCCCCCCCCCCCCCC)=O)O)=O)([C@]1(O)[H])[H])O","1-stearoyl-GPI (18:0)","1-stearoyl-GPI (18:0)","796963-93-4",21403067,"HMDB0240261",NA,7158113542607490,"LPI 18:0","LPI 18:0","LPI 18:0/0:0",19324,19324,19324,209,209,209,128173,128173,128173,"Neg","Neg","Neg",128173,19324,209,"Neg"
-0.147731183463298,-0.43253087926043,-1.05527798649348,0.292072944199266,0.444471425327143,-5.64814046975879,100009332,"100009332","Lipid","Fatty Acid Metabolism (Acyl Choline)",1997,"NAMED","XUWOVXDQNYUPNL-WYTUUNCASA-N","O=C(CCC/[C-]=C/C/C=C/C/C=C/C/C=C/CCCCC)OCC[N+](C)(C)C","arachidonoylcholine","arachidonoylcholine",NA,NA,"HMDB0240583",NA,122198216,NA,NA,NA,53261,53261,53261,402,402,402,179347,179347,179347,"Pos Late","Pos Late","Pos Late",179347,53261,402,"Pos Late"
0.206273152448437,0.317204368517092,1.0546864931441,0.292343061194554,0.444471425327143,-5.64873810078173,NA,"serotonin_to_tryptophan.betaine",NA,"Stoichiometry / Network Ratio",NA,NA,NA,NA,"serotonin_to_tryptophan.betaine",NA,NA,NA,NA,NA,NA,NA,NA,NA,NA,NA,NA,NA,NA,NA,NA,NA,NA,NA,NA,NA,NA,NA,NA,NA
0.0906135680203957,0.0996298868703671,1.04136905936106,0.298469354044054,0.452367614723019,-5.66210563970623,NA,"vanillylmandelate..VMA._to_glutamate..gamma.methyl.ester",NA,"Stoichiometry / Network Ratio",NA,NA,NA,NA,"vanillylmandelate..VMA._to_glutamate..gamma.methyl.ester",NA,NA,NA,NA,NA,NA,NA,NA,NA,NA,NA,NA,NA,NA,NA,NA,NA,NA,NA,NA,NA,NA,NA,NA,NA
0.109607489522477,0.0207606839212281,1.03691553207866,0.300537146934976,0.454082605182128,-5.6665382826421,100001784,"100001784","Lipid","Lysophospholipid",2717,"NAMED","DSOWUEHXZJUNID-FPLPWBNLSA-N","O=P(OCCN)(O)OCC(O)COC(CCCCCCC/C=C\CCCCCC)=O","1-palmitoleoyl-GPE (16:1)*","1-palmitoleoyl-GPE (16:1)*",NA,NA,"HMDB0011474",NA,53480923,"LPE 16:1","LPE 16:1","LPE 16:1/0:0",34565,34565,34565,402,402,402,158671,158671,158671,"Pos Late","Pos Late","Pos Late",158671,34565,402,"Pos Late"
0.0877408808616712,0.28263857453817,1.01989341323694,0.308528747051945,0.463525122744778,-5.68330673010288,NA,"glutamate_to_glutamate..gamma.methyl.ester",NA,"Stoichiometry / Network Ratio",NA,NA,NA,NA,"glutamate_to_glutamate..gamma.methyl.ester",NA,NA,NA,NA,NA,NA,NA,NA,NA,NA,NA,NA,NA,NA,NA,NA,NA,NA,NA,NA,NA,NA,NA,NA,NA
0.0414161001018376,0.0508627179190068,1.01953562861464,0.308698174528997,0.463525122744778,-5.68365626840742,NA,"glutamine_to_vanillylmandelate..VMA.",NA,"Stoichiometry / Network Ratio",NA,NA,NA,NA,"glutamine_to_vanillylmandelate..VMA.",NA,NA,NA,NA,NA,NA,NA,NA,NA,NA,NA,NA,NA,NA,NA,NA,NA,NA,NA,NA,NA,NA,NA,NA,NA
0.151462644045455,-0.195935121842951,1.01679981371224,0.309996228328919,0.464037564010881,-5.68632455995684,NA,"serotonin_to_glutamine.conjugate.of.C6H10O2..1..",NA,"Stoichiometry / Network Ratio",NA,NA,NA,NA,"serotonin_to_glutamine.conjugate.of.C6H10O2..1..",NA,NA,NA,NA,NA,NA,NA,NA,NA,NA,NA,NA,NA,NA,NA,NA,NA,NA,NA,NA,NA,NA,NA,NA,NA
0.135375879665845,-0.23472416011313,1.01462004912727,0.311032960005302,0.464156878777143,-5.68844550275828,100001658,"100001658","Lipid","Secondary Bile Acid Metabolism",3572,"NAMED","HSNPMXROZIQAQD-VUIPEFFGSA-N","C[C@@]([C@]([C@@](CC1)([H])[C@@]2([H])[C@](CC3)(C)[C@]1([H])C[C@@H]3OS(=O)(O)=O)(CC4)[H])(CC2)[C@]4([H])[C@H](C)CCC(NCCS(O)(=O)=O)=O","taurolithocholate 3-sulfate","taurolithocholate 3-sulfate","64936-83-0",389078,"HMDB0002580","C03642",440071,NA,NA,NA,36850,36850,36850,209,209,209,128309,128309,128309,"Neg","Neg","Neg",128309,36850,209,"Neg"
-0.0250247679258296,-0.0187512685671527,-0.986867350508501,0.324433037690783,0.482668783067576,-5.71505413859392,100006314,"100006314","Lipid","Sphingomyelins",3179,"NAMED","LQINJRUGTUOHGS-YPDYIYJKSA-N","CCCCCCCCCCCCC/C=C/[C@@H](O)[C@@H](NC(CCCCCCCCCCCCCC)=O)COP([O-])(OCC[N+](C)(C)C)=O","sphingomyelin (d17:1/16:0, d18:1/15:0, d16:1/17:0)*","sphingomyelin (d17:1/16:0, d18:1/15:0, d16:1/17:0)*","121999-58-4",28532779,"HMDB0240617,HMDB0240608",NA,NA,"SM 33:1;O2","Unknown","Unknown",52433,52433,52433,402,402,402,164557,164557,164557,"Pos Late","Pos Late","Pos Late",164557,52433,402,"Pos Late"
-0.0420933610282729,-0.104206135157103,-0.975448655435015,0.330054597491703,0.489530519215523,-5.72578906691159,100020414,"100020414","Amino Acid","Tryptophan Metabolism",334,"NAMED","OAORYCZPERQARS-UHFFFAOYSA-N","Brc1ccc2c(CC(N)C(O)=O)c[nH]c2c1","6-bromotryptophan","6-bromotryptophan",NA,NA,"HMDB0242168",NA,9856996,NA,NA,NA,62503,62503,62503,209,209,209,219798,219798,219798,"Neg","Neg","Neg",219798,62503,209,"Neg"
-0.0335045525547314,-0.0153232792507175,-0.961672735582704,0.33692060943767,0.498190535296555,-5.73857462754943,100015790,"100015790","Lipid","Sphingomyelins",3189,"NAMED","SDUGEKJCGFHJRC-GKPQAQNZSA-N","CCC/C=C/CCCCCCCC/C=C/[C@@H](O)[C@@H](NC(CCCCCCCCCCCCCCCCCCCC)=O)COP([O-])(OCC[N+](C)(C)C)=O","sphingomyelin (d18:2/21:0, d16:2/23:0)*","sphingomyelin (d18:2/21:0, d16:2/23:0)*",NA,NA,"HMDB0240676",NA,NA,"SM 39:2;O2","Unknown","Unknown",57480,57480,57480,402,402,402,211143,211143,211143,"Pos Late","Pos Late","Pos Late",211143,57480,402,"Pos Late"
0.0368280458201041,-0.022191338451941,0.954237894985038,0.340664198233107,0.501446326263375,-5.74539989871915,100009132,"100009132","Lipid","Phosphatidylcholine (PC)",2414,"NAMED","FCTKCFNDGVBOBD-YZXVGOFNSA-N","O=C(CCCCCCC/C=C\C/C=C\CCCCC)OC[C@]([H])(COP(OCC[N+](C)(C)C)([O-])=O)OC(CC/C=C\C/C=C\C/C=C\C/C=C\C/C=C\C/C=C\CC)=O","1-linoleoyl-2-docosahexaenoyl-GPC (18:2/22:6)*","1-linoleoyl-2-docosahexaenoyl-GPC (18:2/22:6)*",NA,24766818,"HMDB0008156",NA,24778983,"PC 40:8","PC 18:2_22:6","Unknown",53199,53199,53199,402,402,402,166629,166629,166629,"Pos Late","Pos Late","Pos Late",166629,53199,402,"Pos Late"
-0.0488950275223543,-0.0307233803696442,-0.952334119055052,0.341627062589334,0.501446326263375,-5.74713913010642,100008916,"100008916","Lipid","Phosphatidylcholine (PC)",2384,"NAMED","FAUYAENFVCNTAL-PFFNLMTBSA-N","O=C(CC/C=C\C/C=C\C/C=C\C/C=C\C/C=C\C/C=C\CC)O[C@H](COC(CCCCCCCCCCCCCCCCC)=O)CO[P](OCC[N+](C)(C)C)([O-])=O","1-stearoyl-2-docosahexaenoyl-GPC (18:0/22:6)","1-stearoyl-2-docosahexaenoyl-GPC (18:0/22:6)","59403-52-0",NA,"HMDB0008057",NA,24778876,"PC 40:6","PC 18:0_22:6","Unknown",52611,52611,52611,402,402,402,165343,165343,165343,"Pos Late","Pos Late","Pos Late",165343,52611,402,"Pos Late"
0.110202914698292,0.188538139728568,0.951155203498196,0.342224193800365,0.501446326263375,-5.74821441982424,NA,"histidine_to_serotonin",NA,"Stoichiometry / Network Ratio",NA,NA,NA,NA,"histidine_to_serotonin",NA,NA,NA,NA,NA,NA,NA,NA,NA,NA,NA,NA,NA,NA,NA,NA,NA,NA,NA,NA,NA,NA,NA,NA,NA
0.0976416749815116,-0.0609577345666912,0.906681649534072,0.365239103040404,0.533557123417458,-5.7878112116431,NA,"choline.phosphate_to_glutamine.conjugate.of.C6H10O2..1..",NA,"Stoichiometry / Network Ratio",NA,NA,NA,NA,"choline.phosphate_to_glutamine.conjugate.of.C6H10O2..1..",NA,NA,NA,NA,NA,NA,NA,NA,NA,NA,NA,NA,NA,NA,NA,NA,NA,NA,NA,NA,NA,NA,NA,NA,NA
0.152452183384494,0.452181755793352,0.902997193315136,0.367188401225573,0.534464028128501,-5.79100706453386,NA,"choline.phosphate_to_tryptophan.betaine",NA,"Stoichiometry / Network Ratio",NA,NA,NA,NA,"choline.phosphate_to_tryptophan.betaine",NA,NA,NA,NA,NA,NA,NA,NA,NA,NA,NA,NA,NA,NA,NA,NA,NA,NA,NA,NA,NA,NA,NA,NA,NA
0.0475062937735097,-0.0656117589289829,0.901075403418473,0.368207722893799,0.534464028128501,-5.79266886448669,100001882,"100001882","Lipid","Hexosylceramides (HCER)",3121,"NAMED","YMYQEDCYNANIPI-OQRGLTFYSA-N","OC1C(CO)OC(OC[C@H](NC(CCCCCCCCCCCCCCCCC)=O)[C@H](O)/C=C/CCCCCCCCCCCCC)C(O)C1O","glycosyl-N-stearoyl-sphingosine (d18:1/18:0)","glycosyl-N-stearoyl-sphingosine (d18:1/18:0)",NA,NA,NA,NA,NA,"HexCer 36:1;O2","HexCer 18:1;O2_18:0","HexCer 18:1;O2/18:0",52234,52234,52234,402,402,402,164199,164199,164199,"Pos Late","Pos Late","Pos Late",164199,52234,402,"Pos Late"
-0.0307849965690667,-0.0697589596357429,-0.899271567275277,0.369165875099068,0.534464028128501,-5.79422568572623,100015791,"100015791","Lipid","Sphingomyelins",3174,"NAMED","FEKSRDMVIULIDJ-SQPFVDNVSA-N","CCC/C=C/CCCCCCCC/C=C/[C@@H](O)[C@@H](NC(CCCCCCCCCCCCCCCCC/C=C/CCC)=O)COP([O-])(OCC[N+](C)(C)C)=O","sphingomyelin (d18:2/23:1)*","sphingomyelin (d18:2/23:1)*",NA,NA,"HMDB0240668",NA,NA,"SM 41:3;O2","SM 18:2;O2_23:1","SM 18:2;O2/23:1",57482,57482,57482,402,402,402,211145,211145,211145,"Pos Late","Pos Late","Pos Late",211145,57482,402,"Pos Late"
0.0417733529710853,-0.0675342464576658,0.888239997439144,0.375060945156406,0.541382614288265,-5.80367749967815,100001409,"100001409","Nucleotide","Purine Metabolism, (Hypo)Xanthine/Inosine containing",4329,"NAMED","WJNGQIYEQLPJMN-UHFFFAOYSA-N","OC(C1O)C(OC1CO)N(C=N2)C(N=CN3C)=C2C3=O","N1-methylinosine","N1-methylinosine","20245-33-4",513976,"HMDB0002721",NA,650095,NA,NA,NA,48351,48351,48351,400,400,400,179271,179271,179271,"Pos Early","Pos Early","Pos Early",179271,48351,400,"Pos Early"
-0.0645400144296127,0.00353544113889602,-0.881520844345351,0.378679879395074,0.54498439616205,-5.80937769864441,100001181,"100001181","Lipid","Long Chain Polyunsaturated Fatty Acid (n3 and n6)",1607,"NAMED","YUFFSWGQGVEMMI-JLNKQSITSA-N","O=C(O)CCCCC/C=C\C/C=C\C/C=C\C/C=C\C/C=C\CC","docosapentaenoate (n3 DPA; 22:5n3)","docosapentaenoate (DPA; 22:5n3)","2234-74-4",NA,"HMDB0006528,HMDB0001976","C16513",6441454,NA,NA,NA,32504,32504,32504,209,209,209,125862,125862,125862,"Neg","Neg","Neg",125862,32504,209,"Neg"
0.0223591496025121,-0.00820344576517221,0.871960220750397,0.383866096123377,0.550813776981768,-5.8174144337656,NA,"tryptophan_to_choline",NA,"Stoichiometry / Network Ratio",NA,NA,NA,NA,"tryptophan_to_choline",NA,NA,NA,NA,NA,NA,NA,NA,NA,NA,NA,NA,NA,NA,NA,NA,NA,NA,NA,NA,NA,NA,NA,NA,NA
-0.0284917900888993,0.0104237213405911,-0.86275137598649,0.388902852063769,0.556394935843445,-5.82507270253968,1518,"1518","Lipid","Ceramides",3083,"NAMED","YDNKGFDKKRUKPY-TURZORIXSA-N","OC[C@@H]([C@H](O)/C=C/CCCCCCCCCCCCC)NC(CCCCCCCCCCCCCCC)=O","N-palmitoyl-sphingosine (d18:1/16:0)","N-palmitoyl-sphingosine (d18:1/16:0)","24696-26-2",4446677,"HMDB0004949",NA,5283564,"CER 34:1;O2","CER 18:1; O2_16:0","CER 18:1; O2/16:0",44877,44877,44877,402,402,402,164219,164219,164219,"Pos Late","Pos Late","Pos Late",164219,44877,402,"Pos Late"
-0.0608122538810527,-0.00479031437824213,-0.847962737462075,0.397075539186728,0.565379270299184,-5.83720190583716,1547,"1547","Lipid","Ceramides",3087,"NAMED","VODZWWMEJITOND-NXCSZAMKSA-N","OC[C@H](NC(CCCCCCCCCCCCCCCCC)=O)[C@H](O)/C=C/CCCCCCCCCCCCC","N-stearoyl-sphingosine (d18:1/18:0)*","N-stearoyl-sphingosine (d18:1/18:0)*","104404-17-3",4446678,"HMDB0004950",NA,5283565,"CER 36:1;O2","CER 18:1; O2_18:0","CER 18:1; O2/18:0",54979,54979,54979,402,402,402,208064,208064,208064,"Pos Late","Pos Late","Pos Late",208064,54979,402,"Pos Late"
0.116664922147462,-0.328352076723985,0.847174419662457,0.397514084890767,0.565379270299184,-5.83784260748289,100006644,"100006644","Lipid","Secondary Bile Acid Metabolism",3560,"NAMED","UCVGCHGIKFWAGH-WQVRBXQRSA-N","C[C@@]12[C@@](CCC3C2C[C@H](O)[C@@]4(C)C3CC[C@@H]4[C@@H](CCC(NCCS(O)(=O)=O)=O)C)([H])C[C@H](OS(O)(=O)=O)CC1","taurodeoxycholic acid 3-sulfate","taurodeoxycholic acid 3-sulfate",NA,NA,NA,NA,NA,NA,NA,NA,62889,62889,62889,209,209,209,220740,220740,220740,"Neg","Neg","Neg",220740,62889,209,"Neg"
-0.0380619960657927,0.101574982455794,-0.843424714891764,0.399603984714641,0.56668986136433,-5.84088214266752,100009026,"100009026","Lipid","Dihydrosphingomyelins",3163,"NAMED","FONAXCRWZQFJHY-JCGOJSMZSA-N","[H][C@](NC(CCCCCCCCCCCCCCCCCCCCC)=O)(COP(OCC[N+](C)(C)C)([O-])=O)[C@@](O)([H])CCCCCCCCCCCCCCC","behenoyl dihydrosphingomyelin (d18:0/22:0)*","behenoyl dihydrosphingomyelin (d18:0/22:0)*",NA,24846880,"HMDB0012091",NA,44260132,"SM 40:0;O2","SM 18:0;O2_22:0","SM 18:0;O2/22:0",57331,57331,57331,402,402,402,210829,210829,210829,"Pos Late","Pos Late","Pos Late",210829,57331,402,"Pos Late"
-0.0510550813339744,-0.0794744424134867,-0.840249017557072,0.401379320419623,0.567548018669146,-5.84344569847689,100020541,"100020541","Lipid","Androgenic Steroids",3469,"NAMED","BRPLOVMHAFXVOQ-HXVIYJDASA-N","C[C@]12CC[C@@H](OC3C(O)C(O)C(O)C(C(O)=O)O3)C[C@]1([H])CC[C@]4([H])[C@]2([H])[C@@H](O)C[C@@]5(C)[C@@]4([H])CCC5=O","11beta-hydroxyandrosterone glucuronide","11beta-hydroxyandrosterone glucuronide",NA,NA,"HMDB0010351",NA,NA,NA,NA,NA,63251,63251,63251,209,209,209,222126,222126,222126,"Neg","Neg","Neg",222126,63251,209,"Neg"
0.026780998064302,0.0112855735989592,0.837704144405566,0.402805210310432,0.567908508722556,-5.84549330946584,100009014,"100009014","Lipid","Plasmalogen",2868,"NAMED","IOYKZPNDXIIXLN-LOQSCQKMSA-N","[H][C@](OC(CCC/C=C\C/C=C\C/C=C\C/C=C\CCCCC)=O)(COP(OCC[N+](C)(C)C)([O-])=O)CO/C=C\CCCCCCCCCCCCCC","1-(1-enyl-palmitoyl)-2-arachidonoyl-GPC (P-16:0/20:4)*","1-(1-enyl-palmitoyl)-2-arachidonoyl-GPC (P-16:0/20:4)*",NA,24767495,"HMDB0011220",NA,NA,"PC O-36:5","PC P-16:0_20:4","PC P-16:0/20:4",52689,52689,52689,402,402,402,165459,165459,165459,"Pos Late","Pos Late","Pos Late",165459,52689,402,"Pos Late"
0.0873977475310456,-0.206858709918635,0.83360406508088,0.405109255638204,0.569501417346461,-5.8487788445585,100002241,"100002241","Xenobiotics","Xanthine Metabolism",4800,"NAMED","YHNNPKUFPWLTOP-UHFFFAOYSA-N","CN(C1=C(N2)NC(NC1=O)=O)C2=O","7-methylurate","7-methylurate","612-37-3",62375,"HMDB0011107","C16355",69160,NA,NA,NA,39598,39598,39598,400,400,400,156601,156601,156601,"Pos Early","Pos Early","Pos Early",156601,39598,400,"Pos Early"
-0.0569995390193177,0.0843742959345314,-0.823583248075782,0.410773326990677,0.57579498147537,-5.85674168537966,171,"171","Nucleotide","Purine Metabolism, (Hypo)Xanthine/Inosine containing",4323,"NAMED","FDGQSTZJBFJUBT-UHFFFAOYSA-N","O=C1C(N=CN2)=C2N=CN1","hypoxanthine","hypoxanthine","68-94-0",768,"HMDB0000157","C00262",790135398638,NA,NA,NA,3127,3127,3127,209,400,209,124615,155485,124615,"Neg","Pos Early","Neg",155485,3127,400,"Pos Early"
0.0240016105912608,-0.0694228682641895,0.816824672075541,0.414619829176165,0.579511864986858,-5.86205831333883,1002,"1002","Nucleotide","Purine Metabolism, (Hypo)Xanthine/Inosine containing",4336,"NAMED","POJWUDADGALRAB-UHFFFAOYSA-N","O=C(N1)C(NC(N)=O)NC1=O","allantoin","allantoin","97-59-6",199,"HMDB0000462","C02348,C01551,C02350",439714204439713,NA,NA,NA,1107,1107,1107,305,305,305,146424,146424,146424,"Polar","Polar","Polar",146424,1107,305,"Polar"
-0.0418674516431531,-0.0122114009600734,-0.806656325625552,0.420447556104239,0.584433874848293,-5.86997452623614,100015623,"100015623","Lipid","Lactosylceramides (LCER)",3153,"NAMED","QYWVASPEUXEHSY-NNRNTGNWSA-N","[H][C@](NC(CCCCCCCCCCCCCCCCCCCCC)=O)(CO[C@H]1[C@H](O)[C@@H](O)[C@H](O[C@H]2[C@H](O)[C@@H](O)[C@@H](O)[C@H](O2)CO)[C@H](O1)CO)[C@@](O)([H])/C=C/CCCCCCCCCCCCC","lactosyl-N-behenoyl-sphingosine (d18:1/22:0)*","lactosyl-N-behenoyl-sphingosine (d18:1/22:0)*",NA,24846893,"HMDB0011594",NA,44260143,"LacCer 40:1;O2","LacCer 18:1;O2_22:0","LacCer 18:1;O2/22:0",57422,57422,57422,402,402,402,211075,211075,211075,"Pos Late","Pos Late","Pos Late",211075,57422,402,"Pos Late"
-0.0270651446950251,-0.0668872120949599,-0.806475581937517,0.420551386231039,0.584433874848293,-5.87011455264678,100009019,"100009019","Lipid","Plasmalogen",2850,"NAMED","GBNPCIWXLWZJGA-ADTCAWDJSA-N","CCCCCCCCCCCCCCCCCCOCC(OC(CCC/C=C/C/C=C/C/C=C/C/C=C/CCCCC)=O)COP([O-])(OCC[N+](C)(C)C)=O","1-stearyl-2-arachidonoyl-GPC (O-18:0/20:4)*","1-stearyl-2-arachidonoyl-GPC (O-18:0/20:4)*",NA,NA,"HMDB0013420",NA,NA,"PC O-38:4","PC O-18:0_20:4","PC O-18:0/20:4",57333,57333,57333,402,402,402,210831,210831,210831,"Pos Late","Pos Late","Pos Late",210831,57333,402,"Pos Late"
-0.0160568912165117,0.0128360814744231,-0.803497687378701,0.422267389548495,0.585141954088629,-5.87241373881008,100008957,"100008957","Lipid","Sphingomyelins",3194,"NAMED","TXFLWJQVQCDUDZ-BRUGZULGSA-N","[H][C@](NC(CCCCCCCCCCCCC/C=C\CCCCCCCC)=O)(COP(OCC[N+](C)(C)C)([O-])=O)[C@@](O)([H])/C=C/CCCCCCCC/C=C\CCC","sphingomyelin (d18:2/24:1, d18:1/24:2)*","sphingomyelin (d18:2/24:1, d18:1/24:2)*",NA,NA,"HMDB0240636,HMDB0240615",NA,85336023,"SM 42:3;O2","Unknown","Unknown",52437,52437,52437,402,402,402,164561,164561,164561,"Pos Late","Pos Late","Pos Late",164561,52437,402,"Pos Late"
-0.0339808588668046,-0.0590544440958356,-0.794157671564504,0.427676404555584,0.590948878089625,-5.87956986832865,100008918,"100008918","Lipid","Plasmalogen",2871,"NAMED","FHHVIBPVBBRLOR-IYACIECVSA-N","O=C(O[C@](COP([O-])(OCC[N+](C)(C)C)=O)([H])CO/C=C\CCCCCCCCCCCCCCCC)CCC/C=C\C/C=C\C/C=C\C/C=C\CCCCC","1-(1-enyl-stearoyl)-2-arachidonoyl-GPC (P-18:0/20:4)","1-(1-enyl-stearoyl)-2-arachidonoyl-GPC (P-18:0/20:4)","97802-56-7",24767528,"HMDB0011253",NA,24779390,"PC O-38:5","PC P-18:0_20:4","PC P-18:0/20:4",52613,52613,52613,402,402,402,165345,165345,165345,"Pos Late","Pos Late","Pos Late",165345,52613,402,"Pos Late"
-0.0272224465074175,-0.0190016105642485,-0.780186483837042,0.435842313434879,0.599255949677703,-5.89011907754063,100002060,"100002060","Lipid","Lysophospholipid",2751,"NAMED","XEVRBOQZSXWGQO-FJXNLOIUSA-N","NCCOP(OC[C@](O)([H])COC(CC\C=C/C/C=C\C/C=C\C/C=C\C/C=C\C/C=C\CC)=O)(O)=O","1-docosahexaenoyl-GPE (22:6)*","1-docosahexaenoyl-GPE (22:6)*",NA,NA,"HMDB0011526",NA,NA,"LPE 22:6","LPE 22:6","LPE 22:6/0:0",44633,44633,44633,402,402,402,159616,159616,159616,"Pos Late","Pos Late","Pos Late",159616,44633,402,"Pos Late"
0.058641367954502,-0.0117482231512589,0.779646979411638,0.436159485023153,0.599255949677703,-5.89052265724945,100005714,"100005714","Lipid","Lysophospholipid",2728,"NAMED","NTBBASCGALPTDC-IUQGRGSQSA-N","[NH3+]CCOP(OCC(O)COC(CCCCCCC/C=C/C/C=C/C/C=C/CC)=O)([O-])=O","1-linolenoyl-GPE (18:3)*","1-linolenoyl-GPE (18:3)*",NA,NA,"HMDB0011509",NA,52925148,"LPE 18:3","LPE 18:3","LPE 18:3/0:0",57509,57509,57509,402,402,402,211207,211207,211207,"Pos Late","Pos Late","Pos Late",211207,57509,402,"Pos Late"
0.12814420980476,-0.120313363930179,0.774663302008264,0.439095315581137,0.601585389991106,-5.89423796172576,NA,"serotonin_to_glutamine.conjugate.of.C6H10O2..2..",NA,"Stoichiometry / Network Ratio",NA,NA,NA,NA,"serotonin_to_glutamine.conjugate.of.C6H10O2..2..",NA,NA,NA,NA,NA,NA,NA,NA,NA,NA,NA,NA,NA,NA,NA,NA,NA,NA,NA,NA,NA,NA,NA,NA,NA
-0.0904775921600031,-0.328223814910123,-0.768706125898969,0.442619539595574,0.604705568179868,-5.8986478616657,100006173,"100006173","Lipid","Progestin Steroids",3356,"NAMED","MENQCIVHHONJLU-GQCBXAOTSA-N","C[C@]12C(C3CC[C@@]4(C[C@@H](CC[C@@]4(C3CC2)C)OS(=O)(O)=O)[H])CCC1C(C)=O","pregnanolone/allopregnanolone sulfate","pregnanolone/allopregnanolone sulfate",NA,NA,"HMDB0240591,HMDB0062782","C05480",31402129699967,NA,NA,NA,48394,48394,48394,209,209,209,154288,154288,154288,"Neg","Neg","Neg",154288,48394,209,"Neg"
-0.0597345698994002,-0.0274067629393911,-0.765805234934906,0.444341553207043,0.605352958723078,-5.90078301607877,100009394,"100009394","Lipid","Long Chain Polyunsaturated Fatty Acid (n3 and n6)",1611,"NAMED","WPJGPAAPSBVXNU-HZJYTTRNSA-N","CCCCC/C=C\C/C=C\CCCCCC(O)=O","hexadecadienoate (16:2n6)","hexadecadienoate (16:2n6)","28290-73-5",13628094,"HMDB0000477",NA,13932172,NA,NA,NA,57652,57652,57652,209,209,209,212703,212703,212703,"Neg","Neg","Neg",212703,57652,209,"Neg"
-0.0311977663124113,-0.0888896504592127,-0.747440696883015,0.455331638587579,0.617640185323412,-5.91411342429595,100002063,"100002063","Lipid","Lysophospholipid",2693,"NAMED","BIEOSECQPGGZMF-AQWHIBQFSA-N","O=C(OC[C@@](O)([H])COP(OCC[N+](C)(C)C)([O-])=O)CCCCC/C=C\C/C=C\C/C=C\C/C=C\C/C=C\CC","1-docosapentaenoyl-GPC (22:5n3)*","1-docosapentaenoyl-GPC (22:5n3)*",NA,NA,"HMDB0010403",NA,NA,"LPC 22:5","LPC 22:5(7,10,13,16,19)","LPC 22:5(7,10,13,16,19)/0:0",37231,37231,37231,402,402,402,158890,158890,158890,"Pos Late","Pos Late","Pos Late",158890,37231,402,"Pos Late"
0.110982296625266,-0.647037330155385,0.746485436498748,0.455907600712951,0.617640185323412,-5.91479787609871,100020542,"100020542","Lipid","Androgenic Steroids",3425,"NAMED","BRPLOVMHAFXVOQ-KXVRARTKSA-N","O[C@@H]1[C@@]2([H])[C@](CCC3[C@]2(C)CC[C@H](O[C@@H]4O[C@H](C(O)=O)[C@@H](O)[C@H](O)[C@H]4O)C3)([H])[C@@]5([H])[C@](C(CC5)=O)(C)C1","11beta-hydroxyetiocholanolone glucuronide*","11beta-hydroxyetiocholanolone glucuronide*","17181-15-6",NA,NA,NA,NA,NA,NA,NA,64418,64418,64418,209,209,209,237607,237607,237607,"Neg","Neg","Neg",237607,64418,209,"Neg"
0.135931472170463,0.329015446720345,0.742903617432685,0.458070446697648,0.618163701809691,-5.91735697125012,NA,"glutamate..gamma.methyl.ester_to_tryptophan.betaine",NA,"Stoichiometry / Network Ratio",NA,NA,NA,NA,"glutamate..gamma.methyl.ester_to_tryptophan.betaine",NA,NA,NA,NA,NA,NA,NA,NA,NA,NA,NA,NA,NA,NA,NA,NA,NA,NA,NA,NA,NA,NA,NA,NA,NA
0.0555003121531003,-0.0953879997381517,0.741626264656873,0.458843160106162,0.618163701809691,-5.91826663188089,888,"888","Lipid","Medium Chain Fatty Acid",1539,"NAMED","GHVNFZFCNZKVNT-UHFFFAOYSA-N","CCCCCCCCCC(O)=O","caprate (10:0)","caprate (10:0)","334-48-5",2863,"HMDB0000511","C01571",2969,NA,NA,NA,1642,1642,1642,209,209,209,125736,125736,125736,"Neg","Neg","Neg",125736,1642,209,"Neg"
-0.0142346861384636,0.00081696295158613,-0.73854787991696,0.460708218235002,0.618957024498549,-5.92045266434644,100000657,"100000657","Lipid","Phosphatidylcholine (PC)",2323,"NAMED","KILNVBDSWZSGLL-KXQOOQHDSA-N","CCCCCCCCCCCCCCCC(OC[C@]([H])(COP([O-])(OCC[N+](C)(C)C)=O)OC(CCCCCCCCCCCCCCC)=O)=O","1,2-dipalmitoyl-GPC (16:0/16:0)","1,2-dipalmitoyl-GPC (16:0/16:0)","63-89-8",398235,"HMDB0245715","D03585",452110,"PC 32:0","PC 16:0_16:0","PC 16:0/16:0",19130,19130,19130,402,402,402,164201,164201,164201,"Pos Late","Pos Late","Pos Late",164201,19130,402,"Pos Late"
-0.0508164307481043,0.0529992747258932,-0.730739418101248,0.465458680665561,0.62361176829502,-5.92595633726308,100001193,"100001193","Lipid","Long Chain Polyunsaturated Fatty Acid (n3 and n6)",1620,"NAMED","TWSWSIQAPQLDBP-CGRWFSSPSA-N","O=C(CCCCC/C=C/C/C=C/C/C=C/C/C=C/CCCCC)O","adrenate (22:4n6)","adrenate (22:4n6)","2091-25-0",4445971,"HMDB0002226","C16527",52828445497181,NA,NA,NA,32980,32980,32980,209,209,209,125866,125866,125866,"Neg","Neg","Neg",125866,32980,209,"Neg"
-0.0507116561481062,-0.0856214506018675,-0.725919836729425,0.468404275253635,0.625829403575794,-5.92932436016156,100005351,"100005351","Lipid","Lysophospholipid",2686,"NAMED","PDIGSOAOQOXRDU-GUTOPQIJSA-N","C[N+](CCOP(OCC(O)COC(CCC/C=C/C/C=C/C/C=C/C/C=C/C/C=C/CC)=O)([O-])=O)(C)C","1-eicosapentaenoyl-GPC (20:5)*","1-eicosapentaenoyl-GPC (20:5)*",NA,NA,"HMDB0010397",NA,NA,"LPC 20:5","LPC 20:5","LPC 20:5/0:0",44563,44563,44563,402,402,402,159609,159609,159609,"Pos Late","Pos Late","Pos Late",159609,44563,402,"Pos Late"
0.0267413520351192,-0.0615849049761714,0.719684080558054,0.472230650531545,0.628356121485082,-5.93364916152164,100009130,"100009130","Lipid","Phosphatidylcholine (PC)",2403,"NAMED","FPEVDFOXMCHLKL-KFDYCXSYSA-N","O=C(CCCCCCC/C=C\CCCCCCCC)OC[C@]([H])(COP(OCC[N+](C)(C)C)([O-])=O)OC(CC/C=C\C/C=C\C/C=C\C/C=C\C/C=C\C/C=C\CC)=O","1-oleoyl-2-docosahexaenoyl-GPC (18:1/22:6)*","1-oleoyl-2-docosahexaenoyl-GPC (18:1/22:6)*",NA,24766785,"HMDB0008123",NA,24778955,"PC 40:7","PC 18:1_22:6","Unknown",52697,52697,52697,402,402,402,165470,165470,165470,"Pos Late","Pos Late","Pos Late",165470,52697,402,"Pos Late"
-0.0195305206862271,-0.0315940664914236,-0.718617852612588,0.472886565653721,0.628356121485082,-5.93438499465886,100008956,"100008956","Lipid","Sphingomyelins",3192,"NAMED","JBDGKEXQKCCQFK-JWQIMADESA-N","[H][C@](NC(CCCCCCCCCCCCCCCCCCCCCC)=O)(COP(OCC[N+](C)(C)C)([O-])=O)[C@@](O)([H])/C=C/CCCCCCCC/C=C\CCC","sphingomyelin (d18:2/23:0, d18:1/23:1, d17:1/24:1)*","sphingomyelin (d18:2/23:0, d18:1/23:1, d17:1/24:1)*",NA,NA,"HMDB0240634,HMDB0011696,HMDB0240614",NA,134757653,"SM 41:2;O2","Unknown","Unknown",52435,52435,52435,402,402,402,164559,164559,164559,"Pos Late","Pos Late","Pos Late",164559,52435,402,"Pos Late"
-0.0226250383854646,-0.0527201892800782,-0.715375296216244,0.474884648589688,0.62928703433333,-5.93661581538118,100015620,"100015620","Lipid","Lactosylceramides (LCER)",3154,"NAMED","MKOKWBRPIBQYJJ-WZBOJYASSA-N","[H][C@](NC(CCCCCCCCCCCCC/C=C\CCCCCCCC)=O)(CO[C@H]1[C@H](O)[C@@H](O)[C@H](O[C@H]2[C@H](O)[C@@H](O)[C@@H](O)[C@H](O2)CO)[C@H](O1)CO)[C@@](O)([H])/C=C/CCCCCCCCCCCCC","lactosyl-N-nervonoyl-sphingosine (d18:1/24:1)*","lactosyl-N-nervonoyl-sphingosine (d18:1/24:1)*",NA,24846896,"HMDB0004872",NA,NA,"LacCer 42:1;O2","LacCer 18:1;O2_24:1","LacCer 18:1;O2/24:1",57370,57370,57370,402,402,402,210897,210897,210897,"Pos Late","Pos Late","Pos Late",210897,57370,402,"Pos Late"
0.0424565338597426,-0.138270511783938,0.70297181472402,0.482570708828635,0.635007715929937,-5.94505620487392,100001554,"100001554","Lipid","Lysophospholipid",2683,"NAMED","IGJKYDBBINVMLH-JXRLJXCWSA-N","OC[C@](OC(CCC\C=C/C\C=C/C/C=C\C/C=C\CCCCC)=O)([H])COP(OCC[N+](C)(C)C)([O-])=O","2-arachidonoyl-GPC (20:4)*","2-arachidonoyl-GPC (20:4)*",NA,21403158,"HMDB0061699",NA,52924038,"LPC 20:4","LPC 20:4","LPC 0:0/20:4",33387,33387,33387,209,209,209,142527,142527,142527,"Neg","Neg","Neg",142527,33387,209,"Neg"
-0.0442665129017851,-0.189669026597429,-0.702483887212329,0.482874332145759,0.635007715929937,-5.94538534495855,100001197,"100001197","Lipid","Medium Chain Fatty Acid",1545,"NAMED","FRPZMMHWLSIFAZ-UHFFFAOYSA-N","O=C(CCCCCCCCC=C)O[H]","10-undecenoate (11:1n1)","10-undecenoate (11:1n1)","1333-28-4",10771160,"HMDB0033724","C13910",14891,NA,NA,NA,32497,32497,32497,209,209,209,125854,125854,125854,"Neg","Neg","Neg",125854,32497,209,"Neg"
-0.0286388921175122,0.133381487074344,-0.69973933699437,0.484584669822126,0.635007715929937,-5.94723190547186,NA,"glutamate_to_choline",NA,"Stoichiometry / Network Ratio",NA,NA,NA,NA,"glutamate_to_choline",NA,NA,NA,NA,NA,NA,NA,NA,NA,NA,NA,NA,NA,NA,NA,NA,NA,NA,NA,NA,NA,NA,NA,NA,NA
-0.110254901276376,-0.356651526938425,-0.69859137615016,0.485301213249515,0.635007715929937,-5.94800192930234,100021712,"100021712","Lipid","Secondary Bile Acid Metabolism",3552,"NAMED","GMRIQHBJNVMHJA-LLQZFEROSA-N","O[C@H]1C[C@]2([H])[C@]([C@@]3([H])C[C@H](OS(O)(=O)=O)[C@@]4(C)[C@](CC[C@@]4([C@H](C)CCC(O)=O)[H])([H])[C@]3([H])CC2)(C)CC1","deoxycholic acid 12-sulfate*","deoxycholic acid 12-sulfate*",NA,NA,NA,NA,NA,NA,NA,NA,63688,63688,63688,209,209,209,223114,223114,223114,"Neg","Neg","Neg",223114,63688,209,"Neg"
0.0275600908880459,-0.0412434176270151,0.697875620032883,0.485748170329911,0.635007715929937,-5.94848151087514,100001556,"100001556","Lipid","Lysophospholipid",2664,"NAMED","SULIDBRAXVDKBU-AYZYJWAHSA-N","OC[C@H](OC(CCCCCCC/C=C\CCCCCCCC)=O)COP(OCC[N+](C)(C)C)([O-])=O","2-oleoyl-GPC (18:1)*","2-oleoyl-GPC (18:1)*",NA,21403159,"HMDB0061701",NA,24779494,"LPC 18:1","LPC 18:1","LPC 0:0/18:1",48259,48259,48259,209,209,209,154240,154240,154240,"Neg","Neg","Neg",154240,48259,209,"Neg"
-0.0236825450596184,-0.0575483671204161,-0.685950865709468,0.493227337024032,0.643051770044773,-5.95639952795682,100001551,"100001551","Lipid","Lysophospholipid",2685,"NAMED","LAXQYRRMGGEGOH-JXRLJXCWSA-N","C[N+](C)(C)CCOP(OC[C@@](O)([H])COC(CCC\C=C/C\C=C/C/C=C\C/C=C\CCCCC)=O)([O-])=O","1-arachidonoyl-GPC (20:4n6)*","1-arachidonoyl-GPC (20:4n6)*",NA,21403155,"HMDB0010395","C05208",24779476,"LPC 20:4","LPC 20:4(5,8,11,14)","LPC 20:4/0:0",33228,33228,33228,402,402,402,158552,158552,158552,"Pos Late","Pos Late","Pos Late",158552,33228,402,"Pos Late"
-0.0103494954558255,0.0250094444532447,-0.683677633210056,0.494660077309662,0.643190717145271,-5.95789353561009,1537,"1537","Lipid","Phosphatidylcholine (PC)",2331,"NAMED","JLPULHDHAOZNQI-ZTIMHPMXSA-N","O=P([O-])(OC[C@@H](COC(CCCCCCCCCCCCCCC)=O)OC(CCCCCCC/C=C\C/C=C\CCCCC)=O)OCC[N+](C)(C)C","1-palmitoyl-2-linoleoyl-GPC (16:0/18:2)","1-palmitoyl-2-linoleoyl-GPC (16:0/18:2)","40811-94-7",4450224,"HMDB0007973",NA,5287971,"PC 34:2","PC 16:0_18:2","Unknown",42446,42446,42446,402,402,402,165129,165129,165129,"Pos Late","Pos Late","Pos Late",165129,42446,402,"Pos Late"
0.0397429774755812,-0.0358911352947328,0.664939171121952,0.506555480572347,0.65689681304168,-5.97001983365159,100015834,"100015834","Lipid","Fatty Acid Metabolism (Acyl Carnitine, Long Chain Saturated)",1914,"NAMED","YDUFZFUYBBPVLJ-UHFFFAOYSA-N","O=C(CCCCCCCCCCCCCCCCCCCCCCC)OC(C[N+](C)(C)C)CC([O-])=O","lignoceroylcarnitine (C24)*","lignoceroylcarnitine (C24)*",NA,NA,"HMDB0240665",NA,NA,NA,NA,NA,57515,57515,57515,402,402,402,211216,211216,211216,"Pos Late","Pos Late","Pos Late",211216,57515,402,"Pos Late"
0.0214715861654185,0.010683746660397,0.653677095771303,0.513776615881757,0.664484423207073,-5.97714643486064,100001567,"100001567","Lipid","Lysophospholipid",2715,"NAMED","YVYMBNSKXOXSKW-HXUWFJFHSA-N","O=P(OCC[NH3+])([O-])OC[C@H](O)COC(CCCCCCCCCCCCCCC)=O","1-palmitoyl-GPE (16:0)","1-palmitoyl-GPE (16:0)","53862-35-4",7826019,"HMDB0011503",NA,9547069,"LPE 16:0","LPE 16:0","LPE 16:0/0:0",35631,35631,35631,402,402,402,158748,158748,158748,"Pos Late","Pos Late","Pos Late",158748,35631,402,"Pos Late"
-0.0257662049587879,-0.0496272005934586,-0.648266137135033,0.517265256981706,0.666608036243597,-5.98052714059545,NA,"vanillylmandelate..VMA._to_choline",NA,"Stoichiometry / Network Ratio",NA,NA,NA,NA,"vanillylmandelate..VMA._to_choline",NA,NA,NA,NA,NA,NA,NA,NA,NA,NA,NA,NA,NA,NA,NA,NA,NA,NA,NA,NA,NA,NA,NA,NA,NA
-0.009487164879789,0.0173752754787175,-0.642754714541222,0.520831049088885,0.666608036243597,-5.98394206157284,572,"572","Carbohydrate","Glycolysis, Gluconeogenesis, and Pyruvate Metabolism",1262,"NAMED","WQZGKKKJIJFFOK-DVKNGEFBSA-N","O[C@H]1O[C@H](CO)[C@@H](O)[C@H](O)[C@H]1O","glucose","glucose","50-99-7",71358,"HMDB0000122","C00031",5793,NA,NA,NA,48152,48152,48152,305,305,305,151982,151982,151982,"Polar","Polar","Polar",151982,48152,305,"Polar"
0.0847245346445062,0.0493301839493677,0.642595757149324,0.520934230529517,0.666608036243597,-5.98403996282771,100021093,"100021093","Lipid","Secondary Bile Acid Metabolism",3611,"NAMED","IJHJZQKOSUFQCX-WZJRQFJBSA-N","[H][C@@](CCC(NCCS(O)(=O)=O)=O)([C@]1(CC[C@]2([C@@]3([C@@H](C[C@@]4(C[C@H](S(O)(=O)=O)CC[C@@]4([C@]3(C[C@H]([C@]12C)O)[H])C)[H])O)[H])[H])[H])C","taurochenodeoxycholic acid 3-sulfate","taurochenodeoxycholic acid 3-sulfate",NA,24850141,"HMDB0002486",NA,52931550,NA,NA,NA,62890,62890,62890,209,209,209,220741,220741,220741,"Neg","Neg","Neg",220741,62890,209,"Neg"
-0.0670984564922665,-0.0786708987855407,-0.641248593408603,0.521807877000274,0.666608036243597,-5.98487001082637,100001279,"100001279","Lipid","Secondary Bile Acid Metabolism",3595,"NAMED","DKPMWHFRUGMUKF-OAEKOJLISA-N","C[C@]12CC[C@@H](O)C[C@@]1([H])[C@@H](O)[C@@H](O)C3C2CC[C@@]4(C)C3CCC4C(CCC(O)=O)C","hyocholate (gamma-muricholate)","hyocholate","547-75-1",21403098,"HMDB0000760","C17649",92805,NA,NA,NA,34093,34093,34093,209,209,209,126896,126896,126896,"Neg","Neg","Neg",126896,34093,209,"Neg"
-0.0202805301639683,-0.0594496051516614,-0.64050415137918,0.522290832520756,0.666608036243597,-5.98532810295398,100005352,"100005352","Lipid","Lysophospholipid",2677,"NAMED","YYSFWGQAKJTHRE-OUKQBFOZSA-N","C[N+](CCOP(OCC(O)COC(CCCCCCCCC/C=C/CCCCCCCC)=O)([O-])=O)(C)C","1-eicosenoyl-GPC (20:1)*","1-eicosenoyl-GPC (20:1)*",NA,NA,"HMDB0010391",NA,52924051,"LPC 20:1","LPC 20:1","LPC 20:1/0:0",44560,44560,44560,402,402,402,159608,159608,159608,"Pos Late","Pos Late","Pos Late",159608,44560,402,"Pos Late"
-0.071584885740323,-0.154381590186297,-0.621904963154547,0.53443531765366,0.679690298086715,-5.99659689290493,313,"313","Lipid","Sphingolipid Synthesis",3062,"NAMED","OTKJDMGTUTTYMP-UHFFFAOYSA-N","CCCCCCCCCCCCCCCC(C(CO)N)O","sphinganine","sphinganine","3102-56-5",3014,"HMDB0000269","C00836",3126,NA,NA,NA,17769,17769,17769,402,402,402,158166,158166,158166,"Pos Late","Pos Late","Pos Late",158166,17769,402,"Pos Late"
-0.0708413376935731,-0.231287015568084,-0.618714394248484,0.5365328949494,0.679690298086715,-5.99849672237226,100002017,"100002017","Lipid","Androgenic Steroids",3448,"NAMED","JHFAETDERBWUOO-ILBJSTGGSA-N","C[C@@]12[C@](CCC3C2CC[C@@]4(C)C3CC[C@@H]4OS(=O)(O)=O)([H])C[C@H](OS(=O)(O)=O)CC1","5alpha-androstan-3alpha,17beta-diol disulfate","5alpha-androstan-3alpha,17beta-diol disulfate",NA,NA,"HMDB0094682",NA,56639109,NA,NA,NA,37184,37184,37184,209,209,209,144264,144264,144264,"Neg","Neg","Neg",144264,37184,209,"Neg"
-0.0220956245759296,0.0992220180411358,-0.618391720789561,0.536745121994252,0.679690298086715,-5.9986884616107,561,"561","Amino Acid","Glutamate Metabolism",46,"NAMED","WHUUTDBJXJRKMK-VKHMYHEASA-N","O=C(O)[C@@H](N)CCC(O)=O","glutamate","glutamate","56-86-0",591,"HMDB0000148","C00025,C00217",33032,NA,NA,NA,57,57,57,400,400,400,155297,155297,155297,"Pos Early","Pos Early","Pos Early",155297,57,400,"Pos Early"
0.0830444932167438,-0.493641780144382,0.612992347500741,0.540305136048822,0.682416643186663,-6.00187950601407,100023220,"100023220","Lipid","Secondary Bile Acid Metabolism",3622,"NAMED",NA,"C[C@@]12[C@](CC[C@]2([H])[C@H](C)CCC(O)=O)([H])[C@@]3([H])[C@@](CC1)([H])[C@@]4([C@@](C[C@H](CC4)O)([H])CC3)C","isoallolithocholic acid","isoallolithocholic acid","2276-93-9",NA,NA,NA,NA,NA,NA,NA,65706,65706,65706,209,209,209,283489,283489,283489,"Neg","Neg","Neg",283489,65706,209,"Neg"
0.0237338006140984,0.0470825691407119,0.610468392110519,0.541973192819058,0.682745450694138,-6.00336174384327,100008977,"100008977","Lipid","Phosphatidylethanolamine (PE)",2483,"NAMED","ANRKEHNWXKCXDB-BHFWLYLHSA-N","O=C(CCCCCCCCCCCCCCCCC)OC[C@]([H])(COP(OCCN)(O)=O)OC(CCC/C=C\C/C=C\C/C=C\C/C=C\CCCCC)=O","1-stearoyl-2-arachidonoyl-GPE (18:0/20:4)","1-stearoyl-2-arachidonoyl-GPE (18:0/20:4)",NA,4451158,"HMDB0009003","C05210",5289133,"PE 38:4","PE 18:0_20:4","Unknown",52447,52447,52447,402,402,402,165110,165110,165110,"Pos Late","Pos Late","Pos Late",165110,52447,402,"Pos Late"
0.0156498951430499,0.00123551732554816,0.606737267648478,0.544443831086534,0.68294101038875,-6.00554167845847,NA,"glutamine_to_choline",NA,"Stoichiometry / Network Ratio",NA,NA,NA,NA,"glutamine_to_choline",NA,NA,NA,NA,NA,NA,NA,NA,NA,NA,NA,NA,NA,NA,NA,NA,NA,NA,NA,NA,NA,NA,NA,NA,NA
-0.0171155147925035,-0.00625321321017755,-0.605950760090017,0.544965361968448,0.68294101038875,-6.00599948628522,100009272,"100009272","Lipid","Hexosylceramides (HCER)",3120,"NAMED","VJLLLMIZEJJZTE-NNTBDIJYSA-N","[H][C@](O)([C@@](NC(CCCCCCCCCCCCCCC)=O)(CO[C@@H]1O[C@H](CO)[C@@H](O)[C@H](O)[C@H]1O)[H])/C=C/CCCCCCCCCCCCC","glycosyl-N-palmitoyl-sphingosine (d18:1/16:0)","glycosyl-N-palmitoyl-sphingosine (d18:1/16:0)",NA,NA,"HMDB0004971,HMDB0010708",NA,NA,"HexCer 34:1;O2","HexCer 18:1;O2_16:0","HexCer 18:1;O2/16:0",53013,53013,53013,402,402,402,166346,166346,166346,"Pos Late","Pos Late","Pos Late",166346,53013,402,"Pos Late"
-0.0226235528587704,-0.0497472070322697,-0.603860371663267,0.546352808311,0.68294101038875,-6.00721326399548,100001501,"100001501","Lipid","Fatty Acid Metabolism (Acyl Carnitine, Monounsaturated)",1931,"NAMED","IPOLTUVFXFHAHI-WHIOSMTNSA-N","[O-]C(C[C@@H](OC(CCCCCCC/C=C\CCCCCCCC)=O)C[N+](C)(C)C)=O","oleoylcarnitine (C18:1)","oleoylcarnitine (C18:1)","38677-66-6",21403150,"HMDB0005065",NA,6441392,NA,NA,NA,35160,35160,35160,402,402,402,158710,158710,158710,"Pos Late","Pos Late","Pos Late",158710,35160,402,"Pos Late"
-0.0683972423037216,-0.152864719901907,-0.592924047836719,0.553639543842095,0.688832017500619,-6.01349572403847,NA,"serotonin_to_tryptophan",NA,"Stoichiometry / Network Ratio",NA,NA,NA,NA,"serotonin_to_tryptophan",NA,NA,NA,NA,NA,NA,NA,NA,NA,NA,NA,NA,NA,NA,NA,NA,NA,NA,NA,NA,NA,NA,NA,NA,NA
-0.0136567945851912,0.0144099288239252,-0.59252505016598,0.553906158402559,0.688832017500619,-6.01372290295278,100008921,"100008921","Lipid","Phosphatidylcholine (PC)",2326,"NAMED","PZNPLUBHRSSFHT-RRHRGVEJSA-N","O=C(CCCCCCCCCCCCCCC)OC[C@]([H])(COP(OCC[N+](C)(C)C)([O-])=O)OC(CCCCCCCCCCCCCCCCC)=O","1-palmitoyl-2-stearoyl-GPC (16:0/18:0)","1-palmitoyl-2-stearoyl-GPC (16:0/18:0)","59403-51-9",24766643,"HMDB0007970","C03889",24778686,"PC 34:0","PC 16:0_18:0","Unknown",52616,52616,52616,402,402,402,165348,165348,165348,"Pos Late","Pos Late","Pos Late",165348,52616,402,"Pos Late"
0.026071807435038,0.00633829419908339,0.584521000269617,0.559270663491256,0.693724480289666,-6.01824511454456,100001557,"100001557","Lipid","Lysophospholipid",2667,"NAMED","LSUXCWJOIAWGOU-YMVLYFQPSA-N","OC[C@H](OC(CCCCCCC/C=C\C/C=C\CCCCC)=O)COP(OCC[N+](C)(C)C)([O-])=O","2-linoleoyl-GPC (18:2)*","2-linoleoyl-GPC (18:2)*",NA,21403160,"HMDB0061700",NA,71768169,"LPC 18:2","LPC 18:2","LPC 0:0/18:2",35257,35257,35257,209,209,209,126982,126982,126982,"Neg","Neg","Neg",126982,35257,209,"Neg"
0.122580330071569,-0.0231730990196413,0.582261195800056,0.560789773539451,0.693834286139372,-6.01951081133746,NA,"tryptophan.betaine_to_glutamine.conjugate.of.C7H12O2.",NA,"Stoichiometry / Network Ratio",NA,NA,NA,NA,"tryptophan.betaine_to_glutamine.conjugate.of.C7H12O2.",NA,NA,NA,NA,NA,NA,NA,NA,NA,NA,NA,NA,NA,NA,NA,NA,NA,NA,NA,NA,NA,NA,NA,NA,NA
0.133147263861343,-0.475068841038566,0.57207311523835,0.567663325551925,0.700323610528198,-6.02515631759915,1668,"1668","Lipid","Secondary Bile Acid Metabolism",3559,"NAMED","AWDRATDZQPNJFN-RZGBOAIJSA-N","C[C@@]12[C@@]([H])(CC[C@]2([H])[C@@H](CCC(NCCS(O)(=O)=O)=O)C)[C@@](CC[C@@]3([H])[C@@]4(CC[C@@H](O)C3)C)([H])[C@@]4([H])C[C@@H]1O","taurodeoxycholate","taurodeoxycholate","207737-97-1",2015539,"HMDB0000896","C05463",2733768,NA,NA,NA,12261,12261,12261,209,209,209,124839,124839,124839,"Neg","Neg","Neg",124839,12261,209,"Neg"
0.0743232407408168,0.01466402334608,0.569950093399626,0.569100741176586,0.700323610528198,-6.0263202240082,NA,"choline.phosphate_to_glutamine.conjugate.of.C6H10O2..2..",NA,"Stoichiometry / Network Ratio",NA,NA,NA,NA,"choline.phosphate_to_glutamine.conjugate.of.C6H10O2..2..",NA,NA,NA,NA,NA,NA,NA,NA,NA,NA,NA,NA,NA,NA,NA,NA,NA,NA,NA,NA,NA,NA,NA,NA,NA
-0.0268800985241298,-0.0479357675906899,-0.568082509163372,0.570366651873481,0.700323610528198,-6.02734052121796,100003594,"100003594","Peptide","Dipeptide",957,"NAMED","JMCOUWKXLXDERB-UHFFFAOYSA-N","OC(C(CC1=CNC2=C1C=CC=C2)NC(C(CC3=CC=CC=C3)N)=O)=O","phenylalanyltryptophan","phenylalanyltryptophan","24587-41-5",10443429,"HMDB0029006",NA,134906,NA,NA,NA,41377,41377,41377,209,209,209,145131,145131,145131,"Neg","Neg","Neg",145131,41377,209,"Neg"
-0.053820969063943,0.134977387276259,-0.55533690004534,0.579041846480309,0.709180039249874,-6.03421445931439,NA,"choline.phosphate_to_serotonin",NA,"Stoichiometry / Network Ratio",NA,NA,NA,NA,"choline.phosphate_to_serotonin",NA,NA,NA,NA,NA,NA,NA,NA,NA,NA,NA,NA,NA,NA,NA,NA,NA,NA,NA,NA,NA,NA,NA,NA,NA
0.0196650022834928,-0.0833973599354718,0.535152292266586,0.592906153710417,0.724331195338923,-6.0447820142271,100006293,"100006293","Lipid","Sphingomyelins",3187,"NAMED","YVTVVJRJLRHYSJ-COUPUTHFSA-N","CCCCCCCCCCCCC/C=C/[C@@H](O)[C@@H](NC(CCCCCCCCC/C=C/C/C=C/CCCCC)=O)COP([O-])(OCC[N+](C)(C)C)=O","sphingomyelin (d18:1/20:2, d18:2/20:1, d16:1/22:2)*","sphingomyelin (d18:1/20:2, d18:2/20:1, d16:1/22:2)*",NA,NA,"HMDB0013465",NA,NA,"SM 38:3;O2","Unknown","Unknown",57481,57481,57481,402,402,402,211144,211144,211144,"Pos Late","Pos Late","Pos Late",211144,57481,402,"Pos Late"
-0.0126017775133065,0.0078145739644482,-0.5301609293401,0.596358055694525,0.726717731185539,-6.04733496840707,1134,"1134","Nucleotide","Purine Metabolism, (Hypo)Xanthine/Inosine containing",4334,"NAMED","LEHOTFFKMJEONL-UHFFFAOYSA-N","O=C1NC(NC(NC2=O)=O)=C2N1","urate","urate","120K5305,69-93-2",NA,"HMDB0000289","C00366",1175,NA,NA,NA,1604,1604,1604,209,209,209,124593,124593,124593,"Neg","Neg","Neg",124593,1604,209,"Neg"
-0.0616879878442594,-0.162303682992627,-0.525623103266864,0.59950437526656,0.728720857153589,-6.04963511333523,NA,"serotonin_to_glutamine",NA,"Stoichiometry / Network Ratio",NA,NA,NA,NA,"serotonin_to_glutamine",NA,NA,NA,NA,NA,NA,NA,NA,NA,NA,NA,NA,NA,NA,NA,NA,NA,NA,NA,NA,NA,NA,NA,NA,NA
-0.0192229374172053,-0.0837866696266672,-0.523426128444901,0.601030192880411,0.728749108867498,-6.05074179691457,1111,"1111","Amino Acid","Tyrosine Metabolism",208,"NAMED","CGQCWMIAEPEHNQ-UHFFFAOYSA-N","OC(C(O)=O)C1=CC=C(O)C(OC)=C1","vanillylmandelate (VMA)","vanillylmandelate (VMA)","55-10-7",1207,"HMDB0000291","C05584",1245,NA,NA,NA,1567,1567,1567,209,209,209,124579,124579,124579,"Neg","Neg","Neg",124579,1567,209,"Neg"
0.070341680277974,-0.011811078203253,0.521085132699769,0.602658208322332,0.72890082552701,-6.05191570577698,NA,"serotonin_to_glutamate..gamma.methyl.ester",NA,"Stoichiometry / Network Ratio",NA,NA,NA,NA,"serotonin_to_glutamate..gamma.methyl.ester",NA,NA,NA,NA,NA,NA,NA,NA,NA,NA,NA,NA,NA,NA,NA,NA,NA,NA,NA,NA,NA,NA,NA,NA,NA
0.0196554416845592,0.00291832794268218,0.512077602658873,0.608940451557891,0.732424197505118,-6.05638402796318,100001552,"100001552","Lipid","Lysophospholipid",2680,"NAMED","BBNHCUBQEQJHIG-FZZJNMCHSA-N","C[N+](C)(C)CCOP(OC[C@@](O)([H])COC(CCCCCC\C=C/C/C=C\C/C=C\CCCCC)=O)([O-])=O","1-dihomo-linolenoyl-GPC (20:3n3 or n6)*","1-dihomo-linolenoyl-GPC (20:3n3 or n6)*",NA,21403156,"HMDB0010394",NA,52924055,"LPC 20:3","LPC 20:3","LPC 20:3/0:0",33821,33821,33821,402,402,402,158575,158575,158575,"Pos Late","Pos Late","Pos Late",158575,33821,402,"Pos Late"
-0.00986848532438593,-0.058255239284657,-0.507202322660211,0.612352738268985,0.732424197505118,-6.05877014729276,1124,"1124","Energy","TCA Cycle",1479,"NAMED","KRKNYBCHXYNGOX-UHFFFAOYSA-N","OC(CC(CC(O)=O)(O)C(O)=O)=O","citrate","citrate","77-92-9",305,"HMDB0000094","C00158",311,NA,NA,NA,1564,1564,1564,209,209,209,124575,124575,124575,"Neg","Neg","Neg",124575,1564,209,"Neg"
0.0214657917359666,0.0501199763021217,0.507011539822711,0.612486533366611,0.732424197505118,-6.05886297280025,100002871,"100002871","Lipid","Lysophospholipid",2692,"NAMED","ZOJBSSVHFSBHMP-JJJSWPRASA-N","CCCCC/C=C\C/C=C\C/C=C\C/C=C\CCCCCC(OC[C@H](COP([O-])(OCC[N+](C)(C)C)=O)O)=O","1-adrenoyl-GPC (22:4)*","1-adrenoyl-GPC (22:4)*",NA,NA,"HMDB0010401",NA,52924039,"LPC 22:4","LPC 22:4","LPC 22:4/0:0",52698,52698,52698,402,402,402,165471,165471,165471,"Pos Late","Pos Late","Pos Late",165471,52698,402,"Pos Late"
-0.0233597886243538,-0.00981709767714952,-0.506147351275631,0.613092381167696,0.732424197505118,-6.05928335640673,893,"893","Lipid","Long Chain Saturated Fatty Acid",1562,"NAMED","VKOBVWXKNCXXDE-UHFFFAOYSA-N","CCCCCCCCCCCCCCCCCCCC(O)=O","arachidate (20:0)","arachidate (20:0)","506-30-9",10035,"HMDB0002212","C06425",10467,NA,NA,NA,1118,1118,1118,209,209,209,125716,125716,125716,"Neg","Neg","Neg",125716,1118,209,"Neg"
-0.0181759706025899,0.0064398969844804,-0.506104916018063,0.613122111725934,0.732424197505118,-6.05930400527819,1489,"1489","Lipid","Endocannabinoid",2207,"NAMED","HXYVTAGFYLMHSO-UHFFFAOYSA-N","CCCCCCCCCCCCCCCC(NCCO)=O","palmitoyl ethanolamide (16:0)","palmitoyl ethanolamide (16:0)","544-31-0",4509,"HMDB0002100","C16512",4671,NA,NA,NA,38165,38165,38165,209,209,402,127721,127721,159012,"Neg","Neg","Pos Late",159012,38165,402,"Pos Late"
0.0389025152187443,-0.0574293937745064,0.499501964204301,0.617759854445824,0.735738583644438,-6.06249225628412,100001073,"100001073","Lipid","Androgenic Steroids",3418,"NAMED","ZMITXKRGXGRMKS-HLUDHZFRSA-N","C[C@]1([C@](CC2)([H])[C@]3([H])CC[C@@]4([H])C[C@H](OS(=O)(O)=O)CC[C@]4(C)[C@@]3([H])CC1)C2=O","androsterone sulfate","androsterone sulfate","2479-86-9",19988780,"HMDB0002759",NA,159663,NA,NA,NA,31591,31591,31591,209,209,209,126075,126075,126075,"Neg","Neg","Neg",126075,31591,209,"Neg"
-0.0472473923405635,-0.261272842926491,-0.497838567863914,0.618930602323568,0.735738583644438,-6.06328884521622,100000015,"100000015","Amino Acid","Tryptophan Metabolism",285,"NAMED","FBZONXHGGPHHIY-UHFFFAOYSA-N","OC1=C2C(C(O)=CC(C(O)=O)=N2)=CC=C1","xanthurenate","xanthurenate","59-007",5497,"HMDB0000881","C02470",5699,NA,NA,NA,15679,15679,15679,400,400,209,155571,155571,123267,"Pos Early","Pos Early","Neg",155571,15679,400,"Pos Early"
-0.0191976453697089,-0.131469812903675,-0.493251262968734,0.622164206342429,0.737774181115106,-6.06547202776051,100001391,"100001391","Lipid","Fatty Acid Metabolism (Acyl Carnitine, Long Chain Saturated)",1911,"NAMED","FNPHNLNTJNMAEE-HSZRJFAPSA-N","[O-]C(C[C@@H](OC(CCCCCCCCCCCCCCCCC)=O)C[N+](C)(C)C)=O","stearoylcarnitine (C18)","stearoylcarnitine (C18)","18822-91-8",21233653,"HMDB0000848",NA,3006797,NA,NA,NA,34409,34409,34409,402,402,402,158657,158657,158657,"Pos Late","Pos Late","Pos Late",158657,34409,402,"Pos Late"
-0.0277082897761645,-0.0120271316808415,-0.46687500198353,0.640898503797808,0.758136034980334,-6.07763270701025,100001580,"100001580","Lipid","Long Chain Polyunsaturated Fatty Acid (n3 and n6)",1621,"NAMED","AVKOENOBFIYBSA-WMPRHZDHSA-N","OC(CC/C=C\C/C=C\C/C=C\C/C=C\C/C=C\CCCCC)=O","docosapentaenoate (n6 DPA; 22:5n6)","docosapentaenoate (n6 DPA; 22:5n6)","25182-74-5",4945614,"HMDB0001976","C16513",6441454,NA,NA,NA,37478,37478,37478,209,209,209,127695,127695,127695,"Neg","Neg","Neg",127695,37478,209,"Neg"
0.0372731398566277,-0.0116071862596695,0.448446020625478,0.654126692255614,0.771901327844216,-6.08573342733023,100001777,"100001777","Lipid","Lysophospholipid",2778,"NAMED","UGDOFRYHDCDVHD-JCASDCETSA-N","[H]C(C(O)(C(O)([C@](O)1[H])[H])[H])([C@@](OP(O)(OC[C@@]([H])(COC(CCCCCCC/C=C\CCCCCCCC)=O)O)=O)([C@]1(O)[H])[H])O","1-oleoyl-GPI (18:1)","1-oleoyl-GPI (18:1)",NA,NA,"HMDB0061693",NA,86289645,"LPI 18:1","LPI 18:1","LPI 18:1/0:0",36602,36602,36602,209,209,209,146821,146821,146821,"Neg","Neg","Neg",146821,36602,209,"Neg"
0.0180485204478025,-0.0785768187218949,0.426423278981601,0.670078442338699,0.788805933335605,-6.09498656968849,100015882,"100015882","Lipid","Hexosylceramides (HCER)",3141,"NAMED","FXNTXJCUSRJUFN-QOSDPKFLSA-N","OCC(NC(CCCCCCCCCCCCCCCCCCC)=O)C(OC1OC(CO)C(O)C(O)C1O)/C=C/CCCCCCCCCCCCC","glycosyl ceramide (d18:1/20:0, d16:1/22:0)*","glycosyl ceramide (d18:1/20:0, d16:1/22:0)*",NA,NA,NA,NA,NA,"HexCer 38:1;O2","Unknown","Unknown",57595,57595,57595,402,402,402,212143,212143,212143,"Pos Late","Pos Late","Pos Late",212143,57595,402,"Pos Late"
-0.0781289426436776,-0.437517732447271,-0.420692092010128,0.674254747014679,0.79052964516509,-6.09731827471844,NA,"tryptophan.betaine_to_glutamine.conjugate.of.C6H10O2..2..",NA,"Stoichiometry / Network Ratio",NA,NA,NA,NA,"tryptophan.betaine_to_glutamine.conjugate.of.C6H10O2..2..",NA,NA,NA,NA,NA,NA,NA,NA,NA,NA,NA,NA,NA,NA,NA,NA,NA,NA,NA,NA,NA,NA,NA,NA,NA
-0.014152727701355,-0.0320575760801838,-0.419941227649807,0.674802624945045,0.79052964516509,-6.09762144794904,100009021,"100009021","Lipid","Plasmalogen",2849,"NAMED","DUUSFCFZBREELS-WWBBCYQPSA-N","[H][C@](OC(CCC/C=C\C/C=C\C/C=C\C/C=C\CCCCC)=O)(COP(OCC[N+](C)(C)C)([O-])=O)COCCCCCCCCCCCCCCCC","1-palmityl-2-arachidonoyl-GPC (O-16:0/20:4)*","1-palmityl-2-arachidonoyl-GPC (O-16:0/20:4)*",NA,4947173,"HMDB0243975",NA,10747814,"PC O-36:4","PC O-16:0_20:4","PC O-16:0/20:4",52718,52718,52718,402,402,402,165497,165497,165497,"Pos Late","Pos Late","Pos Late",165497,52718,402,"Pos Late"
0.04407590238212,-0.0772595705466748,0.415746020663513,0.677867047692941,0.792206067785727,-6.09930524182373,100009264,"100009264","Lipid","Primary Bile Acid Metabolism",3540,"NAMED","ABFZMYIIUREPLL-ASWJIRIHSA-N","O[C@H]1[C@@]2([C@@]([H])([C@]3(CC[C@H](C[C@]3(C1)[H])O[C@H]4[C@@H]([C@H]([C@@H]([C@H](O4)C(O)=O)O)O)O)C)CC[C@]5([C@]2(CC[C@@H]5[C@@H](CCC(NCC(O)=O)=O)C)[H])C)[H]","glycochenodeoxycholate glucuronide (1)","glycochenodeoxycholate glucuronide (1)",NA,NA,"HMDB0002579",NA,44263370,NA,NA,NA,52983,52983,52983,209,209,209,166140,166140,166140,"Neg","Neg","Neg",166140,52983,209,"Neg"
0.0629033271797021,-0.363648894453671,0.410878545810995,0.681429224402755,0.792642848371494,-6.10123771788714,100001402,"100001402","Xenobiotics","Xanthine Metabolism",4809,"NAMED","RDZNZFGKEVDNPK-UHFFFAOYSA-N","O=C(NC(NC=O)=C1NC(C)=O)N(C)C1=O","5-acetylamino-6-formylamino-3-methyluracil","5-acetylamino-6-formylamino-3-methyluracil","85438-96-6",97287,"HMDB0011105","C16365",108214,NA,NA,NA,34401,34401,34401,305,305,305,165248,165248,165248,"Polar","Polar","Polar",165248,34401,305,"Polar"
0.0578025295267856,-0.108502285726926,0.40864486074419,0.68306630535656,0.792642848371494,-6.10211692142565,NA,"glutamate..gamma.methyl.ester_to_glutamine.conjugate.of.C6H10O2.",NA,"Stoichiometry / Network Ratio",NA,NA,NA,NA,"glutamate..gamma.methyl.ester_to_glutamine.conjugate.of.C6H10O2.",NA,NA,NA,NA,NA,NA,NA,NA,NA,NA,NA,NA,NA,NA,NA,NA,NA,NA,NA,NA,NA,NA,NA,NA,NA
-0.00951204864044947,-0.0550818708084503,-0.408539147982344,0.683143733235638,0.792642848371494,-6.10215848499444,461,"461","Energy","Oxidative Phosphorylation",1508,"NAMED","NBIIXXVUZAFLBC-UHFFFAOYSA-N","O=P(O)(O)O","phosphate","phosphate","7664-38-2",1032,"HMDB0001429","C00009",1061,NA,NA,NA,42109,42109,42109,400,400,400,156915,156915,156915,"Pos Early","Pos Early","Pos Early",156915,42109,400,"Pos Early"
-0.0460380927012094,-0.161068165667079,-0.395755444855248,0.692542099258076,0.800016236430079,-6.10709681403093,NA,"serotonin_to_choline",NA,"Stoichiometry / Network Ratio",NA,NA,NA,NA,"serotonin_to_choline",NA,NA,NA,NA,NA,NA,NA,NA,NA,NA,NA,NA,NA,NA,NA,NA,NA,NA,NA,NA,NA,NA,NA,NA,NA
0.0443889647839313,-0.425798290868921,0.395408865386398,0.692797565568316,0.800016236430079,-6.10722851739902,100021136,"100021136","Lipid","Fatty Acid Metabolism (Acyl Carnitine, Monounsaturated)",1924,"NAMED","YMJNFVUJNDWLND-ZHACJKMWSA-N","O=C(C/C([H])=C(CCCCCC)\[H])OC(CC([O-])=O)C[N+](C)(C)C","3-decenoylcarnitine","3-decenoylcarnitine",NA,NA,"HMDB0241067",NA,NA,NA,NA,NA,63361,63361,63361,402,402,402,222432,222432,222432,"Pos Late","Pos Late","Pos Late",222432,63361,402,"Pos Late"
0.0223423695473063,0.0932330227204241,0.390540341344298,0.696389919748454,0.802254420612827,-6.10906639275531,100015594,"100015594","Lipid","Phosphatidylethanolamine (PE)",2484,"NAMED","HNFSZKRUPTYBOQ-ZDYOIFAYSA-N","O=C(CCCCCCCCCCCCCCCCC)OC[C@]([H])(COP(OCCN)(O)=O)OC(CCCCC/C=C\C/C=C\C/C=C\C/C=C\CCCCC)=O","1-stearoyl-2-adrenoyl-GPE (18:0/22:4)*","1-stearoyl-2-adrenoyl-GPE (18:0/22:4)*","131350-53-3",24768484,"HMDB0009009",NA,52924901,"PE 40:4","PE 18:0_22:4","Unknown",57339,57339,57339,402,402,402,210840,210840,210840,"Pos Late","Pos Late","Pos Late",210840,57339,402,"Pos Late"
0.0197977264709618,-0.0726673041726902,0.382612012608334,0.702254656531686,0.807093621843288,-6.1120106667989,100008989,"100008989","Lipid","Phosphatidylcholine (PC)",2343,"NAMED","KLTHQSWIRFFBRI-RWSHWRRPSA-N","CCCCCCCCCCCCCCCC(OCC(OC(CCC/C=C/C/C=C/C/C=C/C/C=C/C/C=C/CC)=O)COP([O-])(OCC[N+](C)(C)C)=O)=O","1-palmitoyl-2-eicosapentaenoyl-GPC (16:0/20:5)*","1-palmitoyl-2-eicosapentaenoyl-GPC (16:0/20:5)*",NA,NA,"HMDB0007984",NA,24778723,"PC 36:5","PC 16:0_20:5","Unknown",52463,52463,52463,402,402,402,165130,165130,165130,"Pos Late","Pos Late","Pos Late",165130,52463,402,"Pos Late"
0.0153465636483556,0.012931141294839,0.354374212997124,0.723285605034602,0.829299097971116,-6.12200698907273,100020276,"100020276","Lipid","Sphingomyelins",3176,"NAMED","VDFACZRLDXDTEB-WSYRTZMQSA-N","CCCCCCCCCCC/C=C/[C@@H](O)[C@@H](NC(CCCCCCCCCCCCCC)=O)COP(OCC[N+](C)(C)C)([O-])=O","sphingomyelin (d17:1/14:0, d16:1/15:0)*","sphingomyelin (d17:1/14:0, d16:1/15:0)*",NA,NA,NA,NA,NA,"SM 31:1;O2","Unknown","Unknown",62152,62152,62152,402,402,402,219058,219058,219058,"Pos Late","Pos Late","Pos Late",219058,62152,402,"Pos Late"
-0.00883189934079907,0.0444199155947718,-0.349139852306535,0.727207717815991,0.830409571729385,-6.12377594346259,100001412,"100001412","Nucleotide","Purine Metabolism, Guanine containing",4395,"NAMED","RSPURTUNRHNVGF-IOSLPCCCSA-N","O=C1C(N=CN2[C@@]3([H])[C@@](O)([H])[C@@](O)([H])[C@](CO)([H])O3)=C2N=C(N(C)C)N1","N2,N2-dimethylguanosine","N2,N2-dimethylguanosine","2140-67-2",83878,"HMDB0004824",NA,135501639,NA,NA,NA,35137,35137,35137,400,400,400,156155,156155,156155,"Pos Early","Pos Early","Pos Early",156155,35137,400,"Pos Early"
-0.0260720004656472,0.056944313907056,-0.347776767856763,0.7282303549916,0.830409571729385,-6.12423221350044,100009343,"100009343","Lipid","Phosphatidylcholine (PC)",2405,"NAMED","HZGAVPNEGHQJID-UNBCHYIMSA-N","O=C(CCCCCCC/C=C\C/C=C\CCCCC)OC[C@]([H])(COP(OCC[N+](C)(C)C)([O-])=O)OC(CCCCCCC/C=C\C/C=C\C/C=C\CC)=O","1-linoleoyl-2-linolenoyl-GPC (18:2/18:3)*","1-linoleoyl-2-linolenoyl-GPC (18:2/18:3)*",NA,24766802,"HMDB0008141",NA,52922731,"PC 36:5","PC 18:2_18:3","Unknown",53176,53176,53176,402,402,402,166602,166602,166602,"Pos Late","Pos Late","Pos Late",166602,53176,402,"Pos Late"
0.0120334260987991,-0.00523872745521515,0.344621503419339,0.730599231223138,0.830409571729385,-6.12528167998456,100001562,"100001562","Lipid","Lysophospholipid",2651,"NAMED","NEGQHKSYEYVFTD-HSZRJFAPSA-N","OC[C@](OC(CCCCCCCCCCCCCCC)=O)([H])COP(OCC[N+](C)(C)C)([O-])=O","2-palmitoyl-GPC (16:0)*","2-palmitoyl-GPC (16:0)*",NA,21403165,"HMDB0240262",NA,15061532,"LPC 16:0","LPC 16:0","LPC 0:0/16:0",35253,35253,35253,209,209,209,126137,126137,126137,"Neg","Neg","Neg",126137,35253,209,"Neg"
-0.0394948251596268,-0.195227634700287,-0.341858379800759,0.732675851626897,0.830409571729385,-6.12619284665513,504,"504","Amino Acid","Tryptophan Metabolism",294,"NAMED","QZAYGJVTTNCVMB-UHFFFAOYSA-N","NCCC1=CNC(C=C2)=C1C=C2O","serotonin","serotonin","153-98-0",5013,"HMDB0000259","C00780",5202,NA,NA,NA,2342,2342,2342,400,400,400,155468,155468,155468,"Pos Early","Pos Early","Pos Early",155468,2342,400,"Pos Early"
0.00867741884285191,-0.0371983394698592,0.34125879923449,0.733126651133114,0.830409571729385,-6.12638965079219,100001272,"100001272","Lipid","Lysophospholipid",2663,"NAMED","YAMUFBLWGFFICM-PTGWMXDISA-N","O[C@H](COC(CCCCCCC/C=C\CCCCCCCC)=O)COP(OCC[N+](C)(C)C)([O-])=O","1-oleoyl-GPC (18:1)","1-oleoyl-GPC (18:1)","19420-56-5",17240641,"HMDB0002815","C03916",16081932,"LPC 18:1","LPC 18:1","LPC 18:1/0:0",48258,48258,48258,402,402,402,160285,160285,160285,"Pos Late","Pos Late","Pos Late",160285,48258,402,"Pos Late"
-0.0165130059692081,0.0517490945396565,-0.339397148407715,0.734527229426611,0.830409571729385,-6.12699829920932,100001654,"100001654","Lipid","Lysophospholipid",2786,"NAMED","LXUGKKVCSTYZFK-OSKOXSHBSA-N","[H]C(C(O)(C(O)([C@](O)1[H])[H])[H])([C@@](OP(O)(OC[C@@]([H])(COC(CCC/C=C\C/C=C\C/C=C\C/C=C\CCCCC)=O)O)=O)([C@]1(O)[H])[H])O","1-arachidonoyl-GPI (20:4)*","1-arachidonoyl-GPI (20:4)*",NA,NA,"HMDB0061690",NA,121596217,"LPI 20:4","LPI 20:4","LPI 20:4/0:0",34214,34214,34214,209,209,209,142524,142524,142524,"Neg","Neg","Neg",142524,34214,209,"Neg"
-0.00912198343834271,-0.0234152373009274,-0.318343439627361,0.750426465490423,0.846411245960129,-6.13365063848309,100000265,"100000265","Amino Acid","Tryptophan Metabolism",274,"NAMED","YGPSJZOEDVAXAB-QMMMGPOBSA-N","N[C@H](C(O)=O)CC(C1=CC=CC=C1N)=O","kynurenine","kynurenine","2922-83-0",141580,"HMDB0000684","C00328",161166,NA,NA,NA,15140,15140,15140,400,400,400,155539,155539,155539,"Pos Early","Pos Early","Pos Early",155539,15140,400,"Pos Early"
-0.054810508402983,-0.513139490360042,-0.312763201636548,0.75465884090853,0.849210064595446,-6.13534241833971,NA,"tryptophan.betaine_to_glutamine.conjugate.of.C6H10O2..1..",NA,"Stoichiometry / Network Ratio",NA,NA,NA,NA,"tryptophan.betaine_to_glutamine.conjugate.of.C6H10O2..1..",NA,NA,NA,NA,NA,NA,NA,NA,NA,NA,NA,NA,NA,NA,NA,NA,NA,NA,NA,NA,NA,NA,NA,NA,NA
0.00654326754158259,-0.0341594690332085,0.307457532440781,0.758689718160977,0.851769706731653,-6.1369233131869,1256,"1256","Lipid","Phospholipid Metabolism",2277,"NAMED","CRBHXDCYXIISFC-UHFFFAOYSA-N","[O-]CC[N+](C)(C)C","choline","choline","67-48-1",149278,"HMDB0000097","C00114",305,NA,NA,NA,15506,15506,15506,400,400,400,155556,155556,155556,"Pos Early","Pos Early","Pos Early",155556,15506,400,"Pos Early"
0.0240414905390617,-0.197120117388749,0.293379639303216,0.769417059714343,0.85725348299571,-6.14098683650129,100002008,"100002008","Lipid","Androgenic Steroids",3426,"NAMED","LERFMBCTNMFXCT-SKIFDASYSA-N","O[C@H]1C2(C)C(CC1)C(CCC3C4(C)CC[C@@H](OS(=O)(O)=O)C3)C4CC2","5alpha-androstan-3alpha,17alpha-diol monosulfate","5alpha-androstan-3alpha,17alpha-diol monosulfate",NA,NA,"HMDB0000412",NA,NA,NA,NA,NA,37183,37183,37183,209,209,209,144260,144260,144260,"Neg","Neg","Neg",144260,37183,209,"Neg"
-0.0184414974066772,0.152208227014758,-0.293276844991004,0.769495554520435,0.85725348299571,-6.14101580804848,100001778,"100001778","Lipid","Lysophospholipid",2780,"NAMED","SAHCQBPGXQFTRA-WNOZMNFTSA-N","[H]C(C(O)(C(O)([C@](O)1[H])[H])[H])([C@@](OP(O)(OC[C@@]([H])(COC(CCCCCCC/C=C\C/C=C\CCCCC)=O)O)=O)([C@]1(O)[H])[H])O","1-linoleoyl-GPI (18:2)*","1-linoleoyl-GPI* (18:2)*",NA,NA,"HMDB0240597",NA,11124828,"LPI 18:2","LPI 18:2","LPI 18:2/0:0",36594,36594,36594,209,209,209,146822,146822,146822,"Neg","Neg","Neg",146822,36594,209,"Neg"
0.0124943666560212,0.00594208918842797,0.292443708091319,0.770131834014268,0.85725348299571,-6.1412502449316,100009227,"100009227","Lipid","Lysophospholipid",2770,"NAMED","VEEHTGYBVMTAAF-RFFZIGDUSA-N","[H][C@@](CO)(O)COP(OC[C@]([H])(O)COC(CCCCCCC/C=C\C/C=C\CCCCC)=O)(O)=O","1-linoleoyl-GPG (18:2)*","1-linoleoyl-GPG (18:2)*",NA,NA,"HMDB0240600",NA,NA,"LPG 18:2","LPG 18:2","LPG 18:2/0:0",54885,54885,54885,209,209,209,207774,207774,207774,"Neg","Neg","Neg",207774,54885,209,"Neg"
-0.00904367540692877,-0.0183220558353274,-0.291154210877769,0.771116910162197,0.85725348299571,-6.14161180824134,100008915,"100008915","Lipid","Phosphatidylcholine (PC)",2348,"NAMED","IESVDEZGAHUQJU-ZLBXKVHBSA-N","CCCCCCCCCCCCCCCC(OC[C@](OC(CC/C=C\C/C=C\C/C=C\C/C=C\C/C=C\C/C=C\CC)=O)([H])COP([O-])(OCC[N+](C)(C)C)=O)=O","1-palmitoyl-2-docosahexaenoyl-GPC (16:0/22:6)","1-palmitoyl-2-docosahexaenoyl-GPC (16:0/22:6)","59403-54-2",4946007,"HMDB0007991",NA,6441886,"PC 38:6","PC 16:0_22:6","Unknown",52610,52610,52610,402,402,402,165342,165342,165342,"Pos Late","Pos Late","Pos Late",165342,52610,402,"Pos Late"
0.00577618657611418,0.00908757322398674,0.289459803438929,0.772411901173454,0.85725348299571,-6.14208445687563,100001263,"100001263","Lipid","Lysophospholipid",2650,"NAMED","ASWBNKHCZGQVJV-UHFFFAOYSA-N","O=P(OCC[N+](C)(C)C)([O-])OCC(O)COC(CCCCCCCCCCCCCCC)=O","1-palmitoyl-GPC (16:0)","1-palmitoyl-GPC (16:0)","17364-16-8",78064,"HMDB0010382","C04102",86554,"LPC 16:0","LPC 16:0","LPC 16:0/0:0",33955,33955,33955,402,402,402,158599,158599,158599,"Pos Late","Pos Late","Pos Late",158599,33955,402,"Pos Late"
-0.00746259565752162,-0.0054842135972454,-0.285323958678344,0.775575537657515,0.858631072904176,-6.14322652442388,100008955,"100008955","Lipid","Sphingomyelins",3171,"NAMED","SXZWBNWTCVLZJN-NMIJJABPSA-N","[H][C@](NC(CCCCCCCCCCCCCCCCCCCCCC)=O)(COP(OCC[N+](C)(C)C)([O-])=O)[C@@](O)([H])/C=C/CCCCCCCCCCCCC","tricosanoyl sphingomyelin (d18:1/23:0)*","tricosanoyl sphingomyelin (d18:1/23:0)*",NA,NA,"HMDB0012105",NA,NA,"SM 41:1;O2","SM 18:1;O2_23:0","SM 18:1;O2/23:0",52436,52436,52436,402,402,402,164560,164560,164560,"Pos Late","Pos Late","Pos Late",164560,52436,402,"Pos Late"
-0.0145757619286512,0.0603467978101895,-0.281190896420462,0.778740845597951,0.858631072904176,-6.14435137708236,100015786,"100015786","Lipid","Dihydrosphingomyelins",3165,"NAMED","UGRZESKDAPEULH-ACEXITHZSA-N","CCCCCCCCCCCCCCC[C@@H](O)[C@@H](NC(CCCCCCCCCCCCCCCCCCC)=O)COP([O-])(OCC[N+](C)(C)C)=O","sphingomyelin (d18:0/20:0, d16:0/22:0)*","sphingomyelin (d18:0/20:0, d16:0/22:0)*",NA,NA,"HMDB0012090",NA,NA,"SM 38:0;O2","Unknown","Unknown",57476,57476,57476,402,402,402,211139,211139,211139,"Pos Late","Pos Late","Pos Late",211139,57476,402,"Pos Late"
-0.00700257064010718,0.0418358750281016,-0.280899261768654,0.778964272325438,0.858631072904176,-6.14443016724917,100006294,"100006294","Lipid","Sphingomyelins",3170,"NAMED","FJJANLYCZUNFSE-TWKUQIQBSA-N","CCCCCCCCCCCCC/C=C/[C@@H](O)[C@@H](NC(CCCCCCCCCCCCCCCCCCCCC)=O)COP([O-])(OCC[N+](C)(C)C)=O","behenoyl sphingomyelin (d18:1/22:0)*","behenoyl sphingomyelin (d18:1/22:0)*",NA,24846873,"HMDB0012103",NA,44260125,"SM 40:1;O2","SM 18:1;O2_22:0","SM 18:1;O2/22:0",48492,48492,48492,402,402,402,164533,164533,164533,"Pos Late","Pos Late","Pos Late",164533,48492,402,"Pos Late"
0.00841929271917313,0.0556760154825455,0.272983695770439,0.785037055380448,0.862742638964653,-6.1465365201887,823,"823","Carbohydrate","Glycolysis, Gluconeogenesis, and Pyruvate Metabolism",1278,"NAMED","LCTONWCANYUPML-UHFFFAOYSA-N","CC(C(O)=O)=O","pyruvate","pyruvate","127-17-3",96901,"HMDB0000243","C00022",1060,NA,NA,NA,48990,48990,48990,305,305,305,160586,160586,160586,"Polar","Polar","Polar",160586,48990,305,"Polar"
-0.00670925445946228,0.00943896309072037,-0.271402078754253,0.786252054479127,0.862742638964653,-6.14695017956224,NA,"glutamine_to_tryptophan",NA,"Stoichiometry / Network Ratio",NA,NA,NA,NA,"glutamine_to_tryptophan",NA,NA,NA,NA,NA,NA,NA,NA,NA,NA,NA,NA,NA,NA,NA,NA,NA,NA,NA,NA,NA,NA,NA,NA,NA
0.0127065054017832,-0.0654911505401638,0.267046937366835,0.789600426201771,0.862957226622399,-6.14807678340842,100015835,"100015835","Lipid","Fatty Acid Metabolism (Acyl Carnitine, Long Chain Saturated)",1915,"NAMED","KOCKWDDTAHPJSX-UHFFFAOYSA-N","[O-]C(CC(C[N+](C)(C)C)OC(CCCCCCCCCCCCCCCCCCCCCCCCC)=O)=O","cerotoylcarnitine (C26)*","cerotoylcarnitine (C26)*",NA,35015992,"HMDB0006347",NA,53477828,NA,NA,NA,57516,57516,57516,402,402,402,211217,211217,211217,"Pos Late","Pos Late","Pos Late",211217,57516,402,"Pos Late"
-0.00495305812897292,-0.0203644451819194,-0.261862274728205,0.793591530410665,0.862957226622399,-6.14939429025117,100001456,"100001456","Nucleotide","Purine Metabolism, Guanine containing",4389,"NAMED","FZWGECJQACGGTI-UHFFFAOYSA-N","O=C1C(N2C)=C(N=C2)N=C(N)N1","7-methylguanine","7-methylguanine","578-76-7",10883,"HMDB0000897","C02242",135398679,NA,NA,NA,35114,35114,35114,400,400,400,156140,156140,156140,"Pos Early","Pos Early","Pos Early",156140,35114,400,"Pos Early"
-0.00698346155634638,-0.08497751481675,-0.26185170479687,0.793599672743407,0.862957226622399,-6.14939694980442,100001359,"100001359","Energy","TCA Cycle",1481,"NAMED",NA,NA,"aconitate [cis or trans]","aconitate [cis or trans]",NA,NA,"HMDB0000958,HMDB000072","C004174,C02341",444212643757,NA,NA,NA,46173,46173,46173,209,209,209,144239,144239,144239,"Neg","Neg","Neg",144239,46173,209,"Neg"
-0.00872401646948497,-0.0495892441048694,-0.260643095966608,0.79453086739489,0.862957226622399,-6.14970033547387,100009025,"100009025","Lipid","Sphingomyelins",3188,"NAMED","YXSZOBWVQJIWNE-QVDCKBILSA-N","[H][C@](NC(CCCCCCCCCCCCCCCCCCCC)=O)(COP(OCC[N+](C)(C)C)([O-])=O)[C@@](O)([H])/C=C/CCCCCCCCCCCCC","sphingomyelin (d18:1/21:0, d17:1/22:0, d16:1/23:0)*","sphingomyelin (d18:1/21:0, d17:1/22:0, d16:1/23:0)*",NA,NA,"HMDB0240619,HMDB0240611,HMDB0240621",NA,NA,"SM 39;1;O2","Unknown","Unknown",52495,52495,52495,402,402,402,165187,165187,165187,"Pos Late","Pos Late","Pos Late",165187,52495,402,"Pos Late"
-0.0233184342406946,0.0756217579127711,-0.259587949658345,0.795344083093222,0.862957226622399,-6.14996404111455,NA,"glutamine.conjugate.of.C6H10O2..1.._to_glutamine.conjugate.of.C6",NA,"Stoichiometry / Network Ratio",NA,NA,NA,NA,"glutamine.conjugate.of.C6H10O2..1.._to_glutamine.conjugate.of.C6",NA,NA,NA,NA,NA,NA,NA,NA,NA,NA,NA,NA,NA,NA,NA,NA,NA,NA,NA,NA,NA,NA,NA,NA,NA
0.0167168280033326,-0.00178686848244732,0.24948214263975,0.803143626667074,0.869474685119489,-6.15243574542444,100002868,"100002868","Lipid","Lysophospholipid",2688,"NAMED","UIINDYGXBHJQHX-GDLZYMKVSA-N","CCCCCCCCCCCCCCCCCCCCCC(OC[C@H](COP([O-])(OCC[N+](C)(C)C)=O)O)=O","1-behenoyl-GPC (22:0)","1-behenoyl-GPC (22:0)","125146-65-8",NA,"HMDB0010398",NA,24779479,"LPC 22:0","LPC 22:0","LPC 22:0/0:0",39792,39792,39792,402,402,402,159193,159193,159193,"Pos Late","Pos Late","Pos Late",159193,39792,402,"Pos Late"
-0.0156636580655464,0.0544127392042095,-0.243062532342006,0.808108509509027,0.872901173968548,-6.15395492089033,100002027,"100002027","Lipid","Androgenic Steroids",3436,"NAMED","VPDALJSLCNNODJ-IUIQAQCZSA-N","O[C@@H]1CCC2C3CCC4=CC(OS(=O)(O)=O)CC[C@]4(C)C3CC[C@@]21C","androstenediol (3alpha, 17alpha) monosulfate (3)","androstenediol (3alpha, 17alpha) monosulfate (3)",NA,NA,NA,NA,NA,NA,NA,NA,37209,37209,37209,209,209,209,144214,144214,144214,"Neg","Neg","Neg",144214,37209,209,"Neg"
-0.00681993422496088,-0.0154480424171818,-0.239297633494381,0.811023837428891,0.873056456060699,-6.15482748023723,100006296,"100006296","Lipid","Sphingomyelins",3191,"NAMED","BBJBWENPFZYXKM-CUYAXJSGSA-N","CCCCCCCCCCCCC/C=C/[C@@H](O)[C@@H](NC(CCCCCCCCCCC/C=C/C/C=C/CCCCC)=O)COP([O-])(OCC[N+](C)(C)C)=O","sphingomyelin (d18:1/22:2, d18:2/22:1, d16:1/24:2)*","sphingomyelin (d18:1/22:2, d18:2/22:1, d16:1/24:2)*",NA,NA,"HMDB0240670,HMDB0240672,HMDB0240669",NA,NA,"SM 40:3;O2","Unknown","Unknown",57477,57477,57477,402,402,402,211140,211140,211140,"Pos Late","Pos Late","Pos Late",211140,57477,402,"Pos Late"
-0.0130206403720572,0.0115118183148535,-0.238228191783021,0.811852498316237,0.873056456060699,-6.15507281882408,100005350,"100005350","Lipid","Lysophospholipid",2668,"NAMED","WKQNRCYKYCKESD-YHTMAJSVSA-N","C[N+](CCOP(OCC(O)COC(CCCCCCC/C=C/C/C=C/C/C=C/CC)=O)([O-])=O)(C)C","1-linolenoyl-GPC (18:3)*","1-linolenoyl-GPC (18:3)*",NA,NA,"HMDB0010388","C04100",NA,"LPC 18:3","LPC 18:3","LPC 18:3/0:0",45951,45951,45951,402,402,402,159653,159653,159653,"Pos Late","Pos Late","Pos Late",159653,45951,402,"Pos Late"
0.0177516240411093,-0.184491069005442,0.215576441624667,0.829451576923496,0.890008882318354,-6.16001179328827,100004552,"100004552","Lipid","Lysophospholipid",2741,"NAMED","KCWGBXXAJHVZNN-YAWQMZOFSA-N","O=C(CCC/C=C\C/C=C\C/C=C\C/C=C\C/C=C\CC)OC[C@@](O)([H])COP(OCCN)(O)=O","1-eicosapentaenoyl-GPE (20:5)*","1-eicosapentaenoyl-GPE (20:5)*",NA,NA,"HMDB0011489",NA,53480938,"LPE 20:5","LPE 20:5","LPE 20:5/0:0",47888,47888,47888,402,402,402,178779,178779,178779,"Pos Late","Pos Late","Pos Late",178779,47888,402,"Pos Late"
-0.0274673765788198,-0.587815290010014,-0.208157764789692,0.835234646998785,0.894235769965586,-6.16152220935649,100006005,"100006005","Lipid","Androgenic Steroids",3447,"NAMED","LERFMBCTNMFXCT-ILBJSTGGSA-N","C[C@@]12[C@](CCC3C2CC[C@@]4(C)C3CC[C@@H]4O)([H])C[C@H](OS(=O)(O)=O)CC1","5alpha-androstan-3alpha,17beta-diol monosulfate (2)","5alpha-androstan-3alpha,17beta-diol monosulfate (2)",NA,NA,NA,NA,121596225,NA,NA,NA,37185,37185,37185,209,209,209,144272,144272,144272,"Neg","Neg","Neg",144272,37185,209,"Neg"
0.0117866672253062,-0.0937234643636481,0.203881052031077,0.83857257394521,0.895831934721204,-6.162368899699,100001295,"100001295","Peptide","Gamma-glutamyl Amino Acid",664,"NAMED","CATMPQFFVNKDEY-AAEUAGOBSA-N","O=C(O)[C@@H](N)CCC(N[C@@H](CC1=CNC2=C1C=CC=C2)C(O)=O)=O","gamma-glutamyltryptophan","gamma-glutamyltryptophan","66471-20-3",2302065,"HMDB0029160",NA,3989307,NA,NA,NA,33947,33947,33947,400,209,400,156045,126107,156045,"Pos Early","Neg","Pos Early",156045,33947,400,"Pos Early"
0.00526733034146575,0.0128406324195375,0.19891513007596,0.842452030076681,0.897998317774044,-6.16333001359589,409,"409","Energy","TCA Cycle",1491,"NAMED","BJEPYKJPYRNKOW-UHFFFAOYSA-N","OC(C(O)=O)CC(O)=O","malate","malate","6915-15-7",510,"HMDB0031518,HMDB0000156,HMDB0000744","C00149,C00711,C00497",525,NA,NA,NA,1303,1303,1303,209,209,209,123199,123199,123199,"Neg","Neg","Neg",123199,1303,209,"Neg"
-0.0029169644510572,-0.00378362800200965,-0.19589753993221,0.8448113279744,0.898538364183299,-6.16390245943833,100002107,"100002107","Lipid","Sphingomyelins",3167,"NAMED","RWKUXQNLWDTSLO-GWQJGLRPSA-N","CCCCCCCCCCCCCCCC(N[C@@](COP([O-])(OCC[N+](C)(C)C)=O)([C@](O)(/C=C/CCCCCCCCCCCCC)[H])[H])=O","palmitoyl sphingomyelin (d18:1/16:0)","palmitoyl sphingomyelin (d18:1/16:0)","6254-89-3",8115562,"HMDB0010169",NA,9939941,"SM 34:1;O2","SM 18:1;O2_16:0","SM 18:1;O2/16:0",37506,37506,37506,402,402,402,164195,164195,164195,"Pos Late","Pos Late","Pos Late",164195,37506,402,"Pos Late"
0.0165207112140311,0.123166309073006,0.180140627758322,0.857153133187379,0.905483608491872,-6.16674946746885,NA,"choline.phosphate_to_glutamate..gamma.methyl.ester",NA,"Stoichiometry / Network Ratio",NA,NA,NA,NA,"choline.phosphate_to_glutamate..gamma.methyl.ester",NA,NA,NA,NA,NA,NA,NA,NA,NA,NA,NA,NA,NA,NA,NA,NA,NA,NA,NA,NA,NA,NA,NA,NA,NA
-0.0202718877424216,-0.11144096507362,-0.178798731974853,0.858205854765174,0.905483608491872,-6.16698090439873,NA,"serotonin_to_vanillylmandelate..VMA.",NA,"Stoichiometry / Network Ratio",NA,NA,NA,NA,"serotonin_to_vanillylmandelate..VMA.",NA,NA,NA,NA,NA,NA,NA,NA,NA,NA,NA,NA,NA,NA,NA,NA,NA,NA,NA,NA,NA,NA,NA,NA,NA
0.0126115218735338,-0.195083097533539,0.176831524446768,0.859749584924097,0.905483608491872,-6.16731706491574,100009125,"100009125","Lipid","Phosphatidylcholine (PC)",2364,"NAMED","KSRURLYJRNYEOH-SHHFQLSYSA-N","O=C(CCCCCCCCCCCCCCCC)OC[C@]([H])(COP(OCC[N+](C)(C)C)([O-])=O)OC(CC/C=C\C/C=C\C/C=C\C/C=C\C/C=C\C/C=C\CC)=O","1-margaroyl-2-docosahexaenoyl-GPC (17:0/22:6)*","1-margaroyl-2-docosahexaenoyl-GPC (17:0/22:6)*",NA,24822432,NA,NA,NA,"PC 39:6","PC 17:0_22:6","Unknown",53198,53198,53198,402,402,402,166628,166628,166628,"Pos Late","Pos Late","Pos Late",166628,53198,402,"Pos Late"
0.0074049716164899,0.0380183687510116,0.172159911760856,0.86341772228944,0.905483608491872,-6.16810044944447,100002873,"100002873","Lipid","Lysophospholipid",2700,"NAMED","SKJMUADLQLZAGH-WJOKGBTCSA-N","CCCCCCCCCCCCCCCCCCCCCCCC(OC[C@H](COP([O-])(OCC[N+](C)(C)C)=O)O)=O","1-lignoceroyl-GPC (24:0)","1-lignoceroyl-GPC (24:0)","325171-59-3",24766539,"HMDB0010405",NA,24779481,"LPC 24:0","LPC 24:0","LPC 24:0/0:0",49617,49617,49617,402,402,402,161405,161405,161405,"Pos Late","Pos Late","Pos Late",161405,49617,402,"Pos Late"
-0.0123405264348478,0.0307217082186646,-0.171064185627827,0.864278512996782,0.905483608491872,-6.16828115702641,100001989,"100001989","Lipid","Secondary Bile Acid Metabolism",3605,"NAMED","HCXZDHWUVRQLGC-UHFFFAOYSA-N","O=S(OC1CCC2(C)C(CCC3C2CCC4(C)C3CCC4C(CCC(NCC(O)=O)=O)C)=C1)(O)=O","glycocholenate sulfate*","glycocholenate sulfate*",NA,NA,NA,NA,NA,NA,NA,NA,32599,57741,32599,209,209,209,142563,213336,142563,"Neg","Neg","Neg",213336,57741,209,"Neg"
0.00770305685295822,-0.0626304307772127,0.167744045397621,0.866887763560347,0.905483608491872,-6.168821672331,1137,"1137","Lipid","Endocannabinoid",2204,"NAMED","BOWVQLFMWHZBEF-KTKRTIGZSA-N","O=C(NCCO)CCCCCCC/C=C\CCCCCCCC","oleoyl ethanolamide (18:1)","oleoyl ethanolamide (18:1)","111-58-0,11-58-0",4446574,"HMDB0002088",NA,5283454,NA,NA,NA,38102,38102,38102,209,209,209,127707,127707,127707,"Neg","Neg","Neg",127707,38102,209,"Neg"
0.0182016329510051,-0.213018422716122,0.167433821951136,0.867131638621942,0.905483608491872,-6.16887163532015,100003008,"100003008","Lipid","Lysophospholipid",2777,"NAMED","GRWOGFDNIAYTPK-DTNGDMSLSA-N","[H]C(C(O)(C(O)([C@](O)1[H])[H])[H])([C@@](OP(O)(O[C@](COC(CCCCCCCCCCCCCCCCC)=O)(CO)[H])=O)([C@]1(O)[H])[H])O","2-stearoyl-GPI (18:0)*","2-stearoyl-GPI (18:0)*",NA,NA,"HMDB0061704",NA,131770413,"LPI 18:0","LPI 18:0","LPI 0:0/18:0",39223,39223,39223,209,209,209,149867,149867,149867,"Neg","Neg","Neg",149867,39223,209,"Neg"
0.00641380686699553,-0.0250936553101483,0.164734551464882,0.869254142065612,0.905483608491872,-6.16930246323558,100001553,"100001553","Lipid","Lysophospholipid",2679,"NAMED","YYQVCMMXPIJVHY-ZOIJLGJPSA-N","C[N+](C)(C)CCOP(OC[C@@](O)([H])COC(CCCCCCCCC/C=C\C/C=C\CCCCC)=O)([O-])=O","1-dihomo-linoleoyl-GPC (20:2)*","1-eicosadienoyl-GPC* (20:2)*",NA,21403157,"HMDB0010392",NA,NA,"LPC 20:2","LPC 20:2","LPC 20:2/0:0",33871,33871,33871,402,402,402,158577,158577,158577,"Pos Late","Pos Late","Pos Late",158577,33871,402,"Pos Late"
0.00436511228330821,0.0382729341014855,0.164439020656012,0.869486550069967,0.905483608491872,-6.16934922010346,100015789,"100015789","Lipid","Sphingomyelins",3175,"NAMED","ZLNGRWIWHFFRNK-UKCALJHFSA-N","CCC/C=C/CCCCCCCC/C=C/[C@@H](O)[C@@H](NC(CCCCCCCCCCCCCCCC/C=C/C/C=C/CC)=O)COP([O-])(OCC[N+](C)(C)C)=O","sphingomyelin (d18:2/24:2)*","sphingomyelin (d18:2/24:2)*",NA,NA,"HMDB0240644",NA,NA,"SM 42:4;O2","SM 18:2;O2_24:2","SM 18:2;O2/24:2",57479,57479,57479,402,402,402,211142,211142,211142,"Pos Late","Pos Late","Pos Late",211142,57479,402,"Pos Late"
0.0127917333925961,-0.214854984270219,0.163772248190681,0.870011054757139,0.905483608491872,-6.1694543627238,100002874,"100002874","Lipid","Lysophospholipid",2702,"NAMED","GDXMCRNTFPQYOQ-RPUPUBLZSA-N","CCCCCCCC/C=C\CCCCCCCCCCCCCC(OC[C@H](COP([O-])(OCC[N+](C)(C)C)=O)O)=O","1-nervonoyl-GPC (24:1n9)*","1-nervonoyl-GPC (24:1n9)*",NA,NA,"HMDB0010406",NA,53480477,"LPC 24:1","LPC 24:1(15)","LPC 24:1/0:0",55071,55071,55071,402,402,402,208194,208194,208194,"Pos Late","Pos Late","Pos Late",208194,55071,402,"Pos Late"
0.0161084847633621,0.0549541137567283,0.155200590867918,0.876758408023021,0.910552093985364,-6.17076813649369,100002018,"100002018","Lipid","Androgenic Steroids",3446,"NAMED","LERFMBCTNMFXCT-ILBJSTGGSA-N","C[C@@]12[C@](CCC3C2CC[C@@]4(C)C3CC[C@@H]4O)([H])C[C@H](OS(=O)(O)=O)CC1","5alpha-androstan-3alpha,17beta-diol monosulfate (1)","5alpha-androstan-3alpha,17beta-diol monosulfate (1)",NA,NA,"HMDB0247995",NA,121596226121596000,NA,NA,NA,37186,37186,37186,209,209,209,144270,144270,144270,"Neg","Neg","Neg",144270,37186,209,"Neg"
-0.0173992005836973,-0.294449652741423,-0.151012114199644,0.880058758732661,0.912026705096881,-6.17138442511906,NA,"serotonin_to_glutamate",NA,"Stoichiometry / Network Ratio",NA,NA,NA,NA,"serotonin_to_glutamate",NA,NA,NA,NA,NA,NA,NA,NA,NA,NA,NA,NA,NA,NA,NA,NA,NA,NA,NA,NA,NA,NA,NA,NA,NA
0.00370856673599924,-0.0279644331998795,0.14631875444106,0.883759393244392,0.91390896742757,-6.17205498421508,100004328,"100004328","Lipid","Sphingomyelins",3177,"NAMED","KYICBZWZQPCUMO-PSALXKTOSA-N","CCCCCCCCCCCCCC(N[C@@](COP([O-])(OCC[N+](C)(C)C)=O)([C@](O)(/C=C/CCCCCCCCCCCCC)[H])[H])=O","sphingomyelin (d18:1/14:0, d16:1/16:0)*","sphingomyelin (d18:1/14:0, d16:1/16:0)*",NA,9608732,"HMDB0012097",NA,11433862,"SM 32:1;O2","Unknown","Unknown",42463,42463,42463,402,402,402,164531,164531,164531,"Pos Late","Pos Late","Pos Late",164531,42463,402,"Pos Late"
-0.0138801595772867,-0.0460827046947885,-0.137389593200901,0.890806943782635,0.919236952626762,-6.17327225886013,NA,"N.acetyl.aspartyl.glutamate..NAAG._to_dopamine.3.O.sulfate",NA,"Stoichiometry / Network Ratio",NA,NA,NA,NA,"N.acetyl.aspartyl.glutamate..NAAG._to_dopamine.3.O.sulfate",NA,NA,NA,NA,NA,NA,NA,NA,NA,NA,NA,NA,NA,NA,NA,NA,NA,NA,NA,NA,NA,NA,NA,NA,NA
0.00342984282258962,0.022086911908671,0.0962006530904792,0.923419806610364,0.950867529099844,-6.17789557158786,100008903,"100008903","Lipid","Phosphatidylcholine (PC)",2404,"NAMED","FVXDQWZBHIXIEJ-LNDKUQBDSA-N","CCCCC/C=C\C/C=C\CCCCCCCC(OC[C@@H](OC(CCCCCCC/C=C\C/C=C\CCCCC)=O)COP([O-])(OCC[N+](C)(C)C)=O)=O","1,2-dilinoleoyl-GPC (18:2/18:2)","1,2-dilinoleoyl-GPC (18:2/18:2)","998-06-1",4450312,"HMDB0008138",NA,5288075,"PC 36:4","PC 18:2_18:2","PC 18:2/18:2",52603,52603,52603,402,402,402,165331,165331,165331,"Pos Late","Pos Late","Pos Late",165331,52603,402,"Pos Late"
0.00134161926012534,0.00416763883734655,0.0789467852997006,0.937122955807457,0.962933545691984,-6.17934773992959,1242,"1242","Nucleotide","Purine Metabolism, Adenine containing",4356,"NAMED","GFYLSDSUCHVORB-IOSLPCCCSA-N","N=C1C2=C(N([C@@]3([H])[C@@](O)([H])[C@@](O)([H])[C@](CO)([H])O3)C=N2)N=CN1C","N1-methyladenosine","1-methyladenosine","15763-06-1",4573813,"HMDB0003331","C02494",27476,NA,NA,NA,15650,15650,15650,400,400,400,155564,155564,155564,"Pos Early","Pos Early","Pos Early",155564,15650,400,"Pos Early"
-0.00313432649218276,-0.0380288274386873,-0.0681134308337027,0.945736738075887,0.969730059126438,-6.18011331203733,100015625,"100015625","Lipid","Hexosylceramides (HCER)",3131,"NAMED","BZVOAOVDSULRAB-NUBHLNQHSA-N","[H][C@](NC(CCCCCCCCCCCCCCCCCCCCC)=O)(CO[C@H]1[C@H](O)[C@@H](O)[C@@H](O)[C@@H](CO)O1)[C@@](O)([H])/C=C/CCCCCCCC/C=C\CCC","glycosyl-N-behenoyl-sphingadienine (d18:2/22:0)*","glycosyl-N-behenoyl-sphingadienine (d18:2/22:0)*",NA,NA,NA,NA,NA,"HexCer 40:2;O2","HexCer 18:2;O2_22:0","HexCer 18:2;O2/22:0",57421,57421,57421,402,402,402,211074,211074,211074,"Pos Late","Pos Late","Pos Late",211074,57421,402,"Pos Late"
-0.00455583688132018,-0.122335726482791,-0.0637426883464221,0.949213845018233,0.970568761389081,-6.18039025263674,100001287,"100001287","Lipid","Androgenic Steroids",3410,"NAMED","ZMITXKRGXGRMKS-FMLJXKFRSA-N","O=C1CCC2C3CC[C@@]4([H])C[C@@H](OS(=O)(O)=O)CC[C@]4(C)C3CC[C@@]21C","epiandrosterone sulfate","epiandrosterone sulfate","22229-22-7",21403101,"HMDB0062657","C04555",9929317,NA,NA,NA,33973,33973,33973,209,209,209,126133,126133,126133,"Neg","Neg","Neg",126133,33973,209,"Neg"
0.0033930912880033,-0.0562684459150431,0.0609656133521535,0.951423632448289,0.970568761389081,-6.18055667616551,100005673,"100005673","Lipid","Lysophospholipid",2695,"NAMED","YBUXFQUGNPBZPS-TYBLUDCLSA-N","O=C(OC[C@@](O)([H])COP(OCC[N+](C)(C)C)([O-])=O)CC/C=C/C/C=C\C/C=C\C/C=C\C/C=C\CCCCC","1-docosapentaenoyl-GPC (22:5n6)*","1-docosapentaenoyl-GPC (22:5n6)*",NA,NA,"HMDB0010402",NA,NA,"LPC 22:5","LPC 22:5(4,7,10,13,16)","LPC 22:5(4,7,10,13,16)/0:0",45675,45675,45675,402,402,402,159648,159648,159648,"Pos Late","Pos Late","Pos Late",159648,45675,402,"Pos Late"
0.0053921551692749,-0.19302495734258,0.0562461791330699,0.955179854994166,0.970568761389081,-6.18082249981556,100004182,"100004182","Lipid","Secondary Bile Acid Metabolism",3609,"NAMED","HIAJCGFYHIANNA-QIZZZRFXSA-N","O[C@@H]1CC2=CC[C@@]([C@@]3([H])[C@@]2(C)CC1)([H])[C@@]4([H])[C@@](CC3)(C)[C@]([C@H](C)CCC(O)=O)([H])CC4","3beta-hydroxy-5-cholenoate","3beta-hydroxy-5-cholenoate","5255-17-4",83950,"HMDB0000308",NA,92997,NA,NA,NA,43507,43507,43507,209,209,209,144005,144005,144005,"Neg","Neg","Neg",144005,43507,209,"Neg"
-0.0028726871587243,0.183008687667803,-0.0552550540739478,0.955968815577176,0.970568761389081,-6.18087560694407,NA,"glutamate_to_vanillylmandelate..VMA.",NA,"Stoichiometry / Network Ratio",NA,NA,NA,NA,"glutamate_to_vanillylmandelate..VMA.",NA,NA,NA,NA,NA,NA,NA,NA,NA,NA,NA,NA,NA,NA,NA,NA,NA,NA,NA,NA,NA,NA,NA,NA,NA
-0.00255540869296799,-0.0655839273380163,-0.0545117494861695,0.956560552461816,0.970568761389081,-6.1809148131415,100009126,"100009126","Lipid","Phosphatidylcholine (PC)",2419,"NAMED","UAVRPIXHIHJERN-CBTSKTMBSA-N","O=C(CCCCCCCCCCCCCCCCCCC)OC[C@]([H])(COP(OCC[N+](C)(C)C)([O-])=O)OC(CCC/C=C\C/C=C\C/C=C\C/C=C\CCCCC)=O","1-arachidoyl-2-arachidonoyl-GPC (20:0/20:4)*","1-arachidoyl-2-arachidonoyl-GPC (20:0/20:4)*",NA,24766940,"HMDB0008279",NA,24779048,"PC 40:4","PC 20:0_20:4","Unknown",55062,55062,55062,402,402,402,208176,208176,208176,"Pos Late","Pos Late","Pos Late",208176,55062,402,"Pos Late"
-0.00139877999153456,-0.0486912788743485,-0.0378677436482883,0.969816109046828,0.979920041823626,-6.18165368240246,100001869,"100001869","Lipid","Phosphatidylcholine (PC)",2378,"NAMED","PSVRFUPOQYJOOZ-QNPWAGBNSA-N","C[N+](C)(CCOP([O-])(OC[C@@]([H])(COC(CCCCCCCCCCCCCCCCC)=O)OC(CCC/C=C\C/C=C\C/C=C\C/C=C\CCCCC)=O)=O)C","1-stearoyl-2-arachidonoyl-GPC (18:0/20:4)","1-stearoyl-2-arachidonoyl-GPC (18:0/20:4)","35418-59-8",17347139,"HMDB0008048",NA,16219824,"PC 38:4","PC 18:0_20:4","Unknown",42450,42450,42450,402,402,402,164205,164205,164205,"Pos Late","Pos Late","Pos Late",164205,42450,402,"Pos Late"
-0.000630700743389539,0.0165357347136828,-0.0378656473492652,0.969817773351218,0.979920041823626,-6.1816537592235,100008980,"100008980","Lipid","Phosphatidylcholine (PC)",2370,"NAMED","FORFDCPQKJHEBF-JEFUZMEDSA-N","CCCCCCCCCCCCCCCCCC(OCC(OC(CCCCCCC/C=C/C/C=C/CCCCC)=O)COP([O-])(OCC[N+](C)(C)C)=O)=O","1-stearoyl-2-linoleoyl-GPC (18:0/18:2)*","1-stearoyl-2-linoleoyl-GPC (18:0/18:2)*",NA,NA,"HMDB0008039",NA,6441487,"PC 36:2","PC 18:0_18:2","Unknown",52452,52452,52452,402,402,402,165115,165115,165115,"Pos Late","Pos Late","Pos Late",165115,52452,402,"Pos Late"
0.00117074736555677,0.012065454572165,0.0342585911135906,0.972691728180947,0.980780640681413,-6.18177877592152,100001461,"100001461","Lipid","Lysophospholipid",2722,"NAMED","BBYWOYAFBUOUFP-JOCHJYFZSA-N","O=P(OCC[NH3+])([O-])OC[C@H](O)COC(CCCCCCCCCCCCCCCCC)=O","1-stearoyl-GPE (18:0)","1-stearoyl-GPE (18:0)","69747-55-3",7826018,"HMDB0011130",NA,9547068,"LPE 18:0","LPE 18:0","LPE 18:0/0:0",42398,42398,42398,402,402,402,159466,159466,159466,"Pos Late","Pos Late","Pos Late",159466,42398,402,"Pos Late"
0.000572315519821684,0.00171283028529753,0.0235883649437971,0.9811952561958,0.987302280611956,-6.18207538883093,100001271,"100001271","Lipid","Lysophospholipid",2661,"NAMED","IHNKQIMGVNPMTC-RUZDIDTESA-N","O[C@H](COC(CCCCCCCCCCCCCCCCC)=O)COP(OCC[N+](C)(C)C)([O-])=O","1-stearoyl-GPC (18:0)","1-stearoyl-GPC (18:0)","19420-57-6",435389,"HMDB0010384",NA,497300,"LPC 18:0","LPC 18:0","LPC 18:0/0:0",33961,33961,33961,402,402,402,158603,158603,158603,"Pos Late","Pos Late","Pos Late",158603,33961,402,"Pos Late"
0.000739207961435043,-0.0351920548961548,0.0167704663688938,0.98662990198041,0.990715326005174,-6.18220761724168,100001384,"100001384","Lipid","Lysophospholipid",2674,"NAMED","UATOAILWGVYRQS-HHHXNRCGSA-N","CCCCCCCCCCCCCCCCCCCC(OC[C@](O)([H])COP(OCC[N+](C)(C)C)([O-])=O)=O","1-arachidoyl-GPC (20:0)","1-arachidoyl-GPC (20:0)","108341-80-6",21403128,"HMDB0010390","C04230",24779473,"LPC 20:0","LPC 20:0","LPC 20:0/0:0",45456,45456,45456,402,402,402,159647,159647,159647,"Pos Late","Pos Late","Pos Late",159647,45456,402,"Pos Late"
-0.000891348186017697,0.0697393876183966,-0.0131801724375308,0.989492041469178,0.991536446513536,-6.18225929133769,100003901,"100003901","Lipid","Lysophospholipid",2723,"NAMED","KIHAGWUUUHJRMS-JOCHJYFZSA-N","OC[C@@H](OC(CCCCCCCCCCCCCCCCC)=O)COP(OCC[NH3+])([O-])=O","2-stearoyl-GPE (18:0)*","2-stearoyl-GPE (18:0)*",NA,24769218,"HMDB0011129",NA,9065845353480660,"LPE 18:0","LPE 18:0","LPE 0:0/18:0",41220,41220,41220,209,209,209,142786,142786,142786,"Neg","Neg","Neg",142786,41220,209,"Neg"
-0.000555157748201634,0.0194911014755351,-0.0061118665617414,0.99512717267413,0.99512717267413,-6.18232481986792,181,"181","Lipid","Medium Chain Fatty Acid",1547,"NAMED","POULHZVOKOAJMA-UHFFFAOYSA-N","O=C(O)CCCCCCCCCCC","laurate (12:0)","laurate (12:0)","143-07-7",3756,"HMDB0000638","C02679",3893,NA,NA,NA,1645,1645,1645,209,209,209,125740,125740,125740,"Neg","Neg","Neg",125740,1645,209,"Neg"
