"logFC","AveExpr","t","P.Value","adj.P.Val","B","CHEM_ID","Original_ID","SUPER_PATHWAY","SUB_PATHWAY","PATHWAY_SORTORDER","TYPE","INCHIKEY","SMILES","CHEMICAL_NAME","PLOT_NAME","CAS","CHEMSPIDER","HMDB","KEGG","PUBCHEM","LIPID SPECIES LEVEL","LIPID MOLECULAR SPECIES LEVEL","LIPID SN POSITION LEVEL","COMP_ID_1","COMP_ID_2","COMP_ID_3","LIB_ID_1","LIB_ID_2","LIB_ID_3","CHRO_LIB_ENTRY_ID_1","CHRO_LIB_ENTRY_ID_2","CHRO_LIB_ENTRY_ID_3","PLATFORM_1","PLATFORM_2","PLATFORM_3","CHRO_LIB_ENTRY_ID","COMP_ID","LIB_ID","PLATFORM","PTSDBioPriority_v8","Neuro_addon_v12","V12_panel","effect_size"
0.246370201225537,-0.0350817532194718,4.05761742303415,5.67385109182681e-05,0.0218443267035332,1.5243052816664,100001563,"100001563","Lipid","Lysophospholipid",2646,"NAMED","IGZPHNNYPPAPLA-OAQYLSRUSA-N","OC[C@](OC(CCCCCCCCCCCCC)=O)([H])COP(OCC[N+](C)(C)C)([O-])=O","2-myristoyl-GPC (14:0)*","2-myristoyl-GPC (14:0)*",NA,21403166,"HMDB0010379",NA,460604,"LPC 14:0","LPC 14:0","LPC 0:0/14:0",35626,35626,35626,402,402,402,158743,158743,158743,"Pos Late","Pos Late","Pos Late",158743,35626,402,"Pos Late",TRUE,FALSE,TRUE,0.482788514668185
0.199188829443606,-0.0516283028995593,3.38803335718747,0.000754230295356728,0.0863011853899735,-0.638973098317313,100001383,"100001383","Lipid","Lysophospholipid",2645,"NAMED","VXUOFDJKYGDUJI-OAQYLSRUSA-N","CCCCCCCCCCCCCC(OC[C@](O)([H])COP(OCC[N+](C)(C)C)([O-])=O)=O","1-myristoyl-GPC (14:0)","1-myristoyl-GPC (14:0)","20559-16-4",405289,"HMDB0010379","C04230",460604,"LPC 14:0","LPC 14:0","LPC 14:0/0:0",45453,45453,45453,402,402,402,159645,159645,159645,"Pos Late","Pos Late","Pos Late",159645,45453,402,"Pos Late",TRUE,FALSE,TRUE,0.403119225306283
0.249856463201574,-0.0347752165989823,3.3728772128749,0.000796094460350227,0.0863011853899735,-0.683659254546861,100000672,"100000672","Lipid","Phosphatidylcholine (PC)",2307,"NAMED","RFVFQQWKPSOBED-PSXMRANNSA-N","CCCCCCCCCCCCCCCC(O[C@](COC(CCCCCCCCCCCCC)=O)(COP([O-])(OCC[N+](C)(C)C)=O)[H])=O","1-myristoyl-2-palmitoyl-GPC (14:0/16:0)","1-myristoyl-2-palmitoyl-GPC (14:0/16:0)","69525-80-0",114798,"HMDB0007869",NA,129657,"PC 30:0","PC 14:0_16:0","Unknown",19258,19258,19258,402,402,402,164196,164196,164196,"Pos Late","Pos Late","Pos Late",164196,19258,402,"Pos Late",TRUE,FALSE,TRUE,0.401315897974528
0.418008237329305,-0.0407289515582077,3.26576333544942,0.00115949913189508,0.0863011853899735,-0.994010193060175,100009346,"100009346","Lipid","Phosphatidylcholine (PC)",2304,"NAMED","CITHEXJVPOWHKC-UHFFFAOYSA-N","CCCCCCCCCCCCCC(OCC(OC(CCCCCCCCCCCCC)=O)COP([O-])(OCC[N+](C)(C)C)=O)=O","phosphatidylcholine (14:0/14:0, 16:0/12:0)","phosphatidylcholine (14:0/14:0, 16:0/12:0)",NA,NA,"HMDB0007866",NA,NA,"PC 28:0","Unknown","Unknown",53177,53177,53177,402,402,402,166606,166606,166606,"Pos Late","Pos Late","Pos Late",166606,53177,402,"Pos Late",TRUE,FALSE,TRUE,0.388571140548894
-0.257817980051654,0.116396792432366,-3.23714121778771,0.00127987082747104,0.0863011853899735,-1.07531616299913,100020343,"100020343","Lipid","Long Chain Polyunsaturated Fatty Acid (n3 and n6)",1595,"NAMED","HXHZGHRLVRFQDR-HZJYTTRNSA-N","OC(CCC/C=C\C/C=C\CCCCC)=O","tetradecadienoate (14:2)*","tetradecadienoate (14:2)*","39039-37-7",4471834,"HMDB0000560",NA,5312409,NA,NA,NA,62850,62850,62850,209,209,209,220619,220619,220619,"Neg","Neg","Neg",220619,62850,209,"Neg",TRUE,FALSE,TRUE,-0.385165587922343
-0.342941303167938,-0.0143364894489739,-3.2226885955239,0.00134495353854504,0.0863011853899735,-1.11611061114535,100001988,"100001988","Lipid","Progestin Steroids",3348,"NAMED","LSQGWMYMIHQKSA-VNCHAANSSA-N","C[C@@]12[C@](CCC3C2CC[C@@]4(C)C3CCC4C(OS(=O)(O)=O)C)([H])C[C@@H](OS(=O)(O)=O)CC1","5alpha-pregnan-3beta,20alpha-diol disulfate","5alpha-pregnan-3beta,20alpha-diol disulfate",NA,NA,"HMDB0094650",NA,118703093,NA,NA,NA,37198,37198,37198,209,209,209,144254,144254,144254,"Neg","Neg","Neg",144254,37198,209,"Neg",TRUE,FALSE,TRUE,-0.383445967931509
0.144562262174585,-0.016892165431397,3.11626228051037,0.00192696966995953,0.10124708509202,-1.41111590392957,100009347,"100009347","Lipid","Phosphatidylcholine (PC)",2315,"NAMED","ZEWLMKXMNQOCOQ-QZQOTICOSA-N","CCCCCCCCCCCCCCC(OCC(OC(CCCCCCC/C=C/CCCCCCCC)=O)COP([O-])(OCC[N+](C)(C)C)=O)=O","phosphatidylcholine (15:0/18:1, 17:0/16:1, 16:0/17:1)*","phosphatidylcholine (15:0/18:1, 17:0/16:1, 16:0/17:1)*",NA,NA,"HMDB0007939",NA,NA,"PC 33:1","Unknown","Unknown",53178,53178,53178,402,402,402,166607,166607,166607,"Pos Late","Pos Late","Pos Late",166607,53178,402,"Pos Late",TRUE,FALSE,TRUE,0.370783018917314
-0.261910954321332,-0.000789429232069683,-3.08006919790454,0.00217268940801325,0.10124708509202,-1.50927037253075,100009271,"100009271","Lipid","Fatty Acid Metabolism (Acyl Carnitine, Hydroxy)",1965,"NAMED","UEFRDQSMQXDWTO-UHFFFAOYSA-N","CC(O)CC(OC(C[N+](C)(C)C)CC([O-])=O)=O","(S)-3-hydroxybutyrylcarnitine","(S)-3-hydroxybutyrylcarnitine",NA,NA,"HMDB0013127",NA,71464477,NA,NA,NA,52984,52984,52984,400,400,400,166220,166220,166220,"Pos Early","Pos Early","Pos Early",166220,52984,400,"Pos Early",TRUE,FALSE,TRUE,-0.366476648264098
0.118030735468542,1.09876094555552,3.05404654420975,0.00236681497617709,0.10124708509202,-1.57916093880895,NA,"Glycolytic_Ratio",NA,NA,NA,NA,NA,NA,"Glycolytic_Ratio",NA,NA,NA,NA,NA,NA,NA,NA,NA,NA,NA,NA,NA,NA,NA,NA,NA,NA,NA,NA,NA,NA,NA,NA,NA,NA,NA,NA,0.363380388312701
-0.303362593966702,-0.208777188216279,-2.91583272992026,0.00369172670078299,0.136809648186801,-1.94078388723766,100002014,"100002014","Lipid","Progestin Steroids",3342,"NAMED","ZIVKBPVUJZDVBI-MHACIFFSSA-N","C[C@@]12[C@](CCC3C2CC[C@@]4(C)C3CCC4[C@](C)([H])O)([H])C[C@@H](OS(=O)(O)=O)CC1","5alpha-pregnan-3beta,20alpha-diol monosulfate (2)","5alpha-pregnan-3beta,20alpha-diol monosulfate (2)",NA,NA,NA,NA,NA,NA,NA,NA,37200,37200,37200,209,209,209,144283,144283,144283,"Neg","Neg","Neg",144283,37200,209,"Neg",TRUE,FALSE,TRUE,-0.346935259274993
-0.332734672095927,-0.208553025638833,-2.88668984625093,0.00404581612863775,0.136809648186801,-2.01496896709291,100021990,"100021990","Lipid","Fatty Acid Metabolism (Acyl Carnitine, Hydroxy)",1969,"NAMED","RCXSFDNDEVSQNG-UHFFFAOYSA-N","[O-]C(CC(OC(C(O)CCCCCC)=O)C[N+](C)(C)C)=O","3-hydroxyoctanoylcarnitine (1)","3-hydroxyoctanoylcarnitine (1)",NA,NA,NA,NA,NA,NA,NA,NA,64393,64393,64393,400,400,400,237477,237477,237477,"Pos Early","Pos Early","Pos Early",237477,64393,400,"Pos Early",TRUE,FALSE,TRUE,-0.343467744215542
-0.126168671504452,-0.0541023756073074,-2.86985397250595,0.00426419682660157,0.136809648186801,-2.05749739596451,100000802,"100000802","Lipid","Fatty Acid Metabolism (Acyl Carnitine, Short Chain)",1885,"NAMED","RDHQFKQIGNGIED-MRVPVSSYSA-N","C[N+](C)(C)C[C@H](OC(C)=O)CC([O-])=O","acetylcarnitine (C2)","acetylcarnitine (C2)","5080-50-2",5406074,"HMDB0000201","C02571",7045767,NA,NA,NA,32198,32198,32198,400,400,400,155890,155890,155890,"Pos Early","Pos Early","Pos Early",155890,32198,400,"Pos Early",TRUE,FALSE,TRUE,-0.341464557214141
0.127951603193335,-0.0338565695830498,2.80054303290676,0.00528067269095303,0.148285218826461,-2.23004477745549,100001511,"100001511","Lipid","Lysophospholipid",2652,"NAMED","LFUDDCMNKWEORN-KHPPLWFESA-N","O=P(OCC[N+](C)(C)C)([O-])OCC(O)COC(CCCCCCC/C=C\CCCCCC)=O","1-palmitoleoyl-GPC (16:1)*","1-palmitoleoyl-GPC (16:1)*",NA,21403152,"HMDB0010383",NA,24779461,"LPC 16:1","LPC 16:1","LPC 16:1/0:0",33230,33230,33230,402,402,402,158553,158553,158553,"Pos Late","Pos Late","Pos Late",158553,33230,402,"Pos Late",TRUE,FALSE,TRUE,0.333217716250429
-0.225908362390295,-0.0282230427892358,-2.77571004518765,0.00569521586473739,0.148285218826461,-2.29087141412225,100006051,"100006051","Lipid","Fatty Acid Metabolism (Acyl Carnitine, Monounsaturated)",1929,"NAMED","ABVVZYXTZLEOHP-OLHLWXQYSA-N","O=C(CCCCCCC/C=C\CCCC)O[C@H](CC([O-])=O)C[N+](C)(C)C","myristoleoylcarnitine/physeteroylcarnitine (C14:1)*","myristoleoylcarnitine/physeteroylcarnitine (C14:1)*","889848-55-9",34999520,"HMDB0240588",NA,129691961,NA,NA,NA,48182,48182,48182,402,402,402,160274,160274,160274,"Pos Late","Pos Late","Pos Late",160274,48182,402,"Pos Late",TRUE,FALSE,TRUE,-0.330263006625114
-0.385641108421385,-0.153964106288908,-2.770985053914,0.00577734618804392,0.148285218826461,-2.30238547996593,100009345,"100009345","Lipid","Phosphatidylcholine (PC)",2355,"NAMED","MMUCLZZSNHBNFL-KBTBXKTRSA-N","O=C(CCCCCCC/C=C\CCCCCC)OC[C@]([H])(COP(OCC[N+](C)(C)C)([O-])=O)OC(CCCCCCC/C=C\C/C=C\C/C=C\CC)=O","1-palmitoleoyl-2-linolenoyl-GPC (16:1/18:3)*","1-palmitoleoyl-2-linolenoyl-GPC (16:1/18:3)*",NA,24766677,"HMDB0008008",NA,52922452,"PC 34:4","PC 16:1_18:3","Unknown",53180,53180,53180,402,402,402,166609,166609,166609,"Pos Late","Pos Late","Pos Late",166609,53180,402,"Pos Late",TRUE,FALSE,TRUE,-0.329700811799679
0.0698748131092624,0.0406449404994261,2.6697028371478,0.00781572564317926,0.174159082071424,-2.54461640560297,1539,"1539","Lipid","Phosphatidylcholine (PC)",2328,"NAMED","WTJKGGKOPKCXLL-PFDVCBLKSA-N","O=C(CCCCCCC/C=C\CCCCCCCC)O[C@@H](COC(CCCCCCCCCCCCCCC)=O)COP(OCC[N+](C)(C)C)([O-])=O","1-palmitoyl-2-oleoyl-GPC (16:0/18:1)","1-palmitoyl-2-oleoyl-GPC (16:0/18:1)","26853-31-6,26853-31-6",4940699,"HMDB0007972","C13875",6436017,"PC 34:1","PC 16:0_18:1","Unknown",52461,52461,52461,402,402,402,165127,165127,165127,"Pos Late","Pos Late","Pos Late",165127,52461,402,"Pos Late",TRUE,FALSE,TRUE,0.317649924321408
0.348049287396427,0.0683396478268079,2.65432149443763,0.00817632347071859,0.174159082071424,-2.58063693733009,1628,"1628","Lipid","Primary Bile Acid Metabolism",3529,"NAMED","GHCZAUBVMUEKKP-AZDOMVTHSA-N","O=C(NCC(O)=O)CC[C@@H](C)[C@@H]1[C@](CC[C@H]2[C@@]3([H])[C@H](O)C[C@@]4([H])C2(C)CC[C@@H](O)C4)(C)[C@]3([H])CC1","glycochenodeoxycholate","glycochenodeoxycholate","16564-43-5",NA,"HMDB0000637","C05466",12544,NA,NA,NA,32346,32346,32346,209,209,209,124921,124921,124921,"Neg","Neg","Neg",124921,32346,209,"Neg",TRUE,FALSE,TRUE,0.315819802152056
-0.144465663421518,0.000931246048619368,-2.64231441465214,0.00846811729494781,0.174159082071424,-2.60861490713314,100008916,"100008916","Lipid","Phosphatidylcholine (PC)",2384,"NAMED","FAUYAENFVCNTAL-PFFNLMTBSA-N","O=C(CC/C=C\C/C=C\C/C=C\C/C=C\C/C=C\C/C=C\CC)O[C@H](COC(CCCCCCCCCCCCCCCCC)=O)CO[P](OCC[N+](C)(C)C)([O-])=O","1-stearoyl-2-docosahexaenoyl-GPC (18:0/22:6)","1-stearoyl-2-docosahexaenoyl-GPC (18:0/22:6)","59403-52-0",NA,"HMDB0008057",NA,24778876,"PC 40:6","PC 18:0_22:6","Unknown",52611,52611,52611,402,402,402,165343,165343,165343,"Pos Late","Pos Late","Pos Late",165343,52611,402,"Pos Late",TRUE,FALSE,TRUE,-0.314391160757175
0.109747246009211,0.0567814462945648,2.62638004703709,0.00886975953937331,0.174159082071424,-2.64555349312902,482,"482","Carbohydrate","Glycolysis, Gluconeogenesis, and Pyruvate Metabolism",1279,"NAMED","JVTAAEKCZFNVCJ-UHFFFAOYSA-N","CC(O)C(O)=O","lactate","lactate","79-33-4",592,"HMDB0000190","C00186",612,NA,NA,NA,527,527,527,209,305,305,123163,146396,146396,"Neg","Polar","Polar",146396,527,305,"Polar",TRUE,FALSE,TRUE,0.312495237886434
0.0935629790748496,-0.0319267926394255,2.61954452433447,0.0090472250426714,0.174159082071424,-2.66133280116053,100009036,"100009036","Lipid","Phosphatidylcholine (PC)",2361,"NAMED","SXNXGNVZTLZDHE-IYEJTHTFSA-N","O=C(CCCCCCCCCCCCCCCC)OC[C@]([H])(COP(OCC[N+](C)(C)C)([O-])=O)OC(CCCCCCC/C=C\CCCCCCCC)=O","1-margaroyl-2-oleoyl-GPC (17:0/18:1)*","1-margaroyl-2-oleoyl-GPC (17:0/18:1)*",NA,24822423,"HMDB0256160",NA,NA,"PC 35:1","PC 17:0_18:1","Unknown",52499,52499,52499,402,402,402,165191,165191,165191,"Pos Late","Pos Late","Pos Late",165191,52499,402,"Pos Late",TRUE,FALSE,TRUE,0.311681925169014
-0.190435467445415,-0.0185458493220601,-2.58750358328231,0.00992216518900915,0.176929571902435,-2.73476366251607,100000665,"100000665","Lipid","Long Chain Polyunsaturated Fatty Acid (n3 and n6)",1608,"NAMED","MBMBGCFOFBJSGT-KUBAVDMBSA-N","CC\C=C/C\C=C/C\C=C/C/C=C\C/C=C\C/C=C\CCC(O)=O","docosahexaenoate (DHA; 22:6n3)","docosahexaenoate (DHA; 22:6n3)","6217-54-5",393183,"HMDB0002183","C06429",445580,NA,NA,NA,44675,44675,44675,209,209,209,126139,126139,126139,"Neg","Neg","Neg",126139,44675,209,"Neg",TRUE,FALSE,TRUE,-0.307869589818882
0.081160270634393,0.00342714780440299,2.57384922074753,0.0103174541286067,0.176929571902435,-2.76578919913601,100000616,"100000616","Lipid","Phosphatidylinositol (PI)",2601,"NAMED","KRTOMQDUKGRFDJ-YKOKTLGVSA-N","CCCCCCCCCCCCCCCCCC(OC[C@]([H])(COP(O)(O[C@](C(O)(C(O)(C(O)([C@](O)1[H])[H])[H])[H])([C@]1(O)[H])[H])=O)OC(CCC/C=C\C/C=C\C/C=C\C/C=C\CCCCC)=O)=O","1-stearoyl-2-arachidonoyl-GPI (18:0/20:4)","1-stearoyl-2-arachidonoyl-GPI (18:0/20:4)","383907-33-3",21403055,"HMDB0009815",NA,NA,"PI 38:4","PI 18:0_20:4","Unknown",52449,52449,52449,402,402,402,208070,208070,208070,"Pos Late","Pos Late","Pos Late",208070,52449,402,"Pos Late",TRUE,FALSE,TRUE,0.306244949366215
0.399310803095341,0.152643875679562,2.55382285297967,0.0109226412246258,0.176929571902435,-2.81100410237577,1629,"1629","Lipid","Primary Bile Acid Metabolism",3530,"NAMED","BHTRKEVKTKCXOH-BJLOMENOSA-N","C[C@@]12[C@@]([H])(CC[C@@]2([C@@H](CCC(NCCS(O)(=O)=O)=O)C)[H])[C@@]([C@@H](C[C@]3([H])C[C@H](O)CC4)O)([H])[C@]([C@]34C)([H])CC1","taurochenodeoxycholate","taurochenodeoxycholate","6009-98-9",343282,"HMDB0000951","C05465",387316,NA,NA,NA,18494,18494,18494,209,209,209,124667,124667,124667,"Neg","Neg","Neg",124667,18494,209,"Neg",TRUE,FALSE,TRUE,0.303862147011819
0.105171381569632,-0.0382393213786752,2.55039392972973,0.0110293759108011,0.176929571902435,-2.8187113268279,100009038,"100009038","Lipid","Dihydrosphingomyelins",3161,"NAMED","MJAFYELZQYPMQG-MPQUPPDSSA-N","[H][C@](NC(CCCCCCCCCCCCC)=O)(COP(OCC[N+](C)(C)C)([O-])=O)[C@@](O)([H])CCCCCCCCCCCCCCC","myristoyl dihydrosphingomyelin (d18:0/14:0)*","myristoyl dihydrosphingomyelin (d18:0/14:0)*",NA,24846886,"HMDB0012085",NA,44260138,"SM 32:0;O2","SM 18:0;O2_14:0","SM 18:0;O2/14:0",57365,57365,57365,402,402,402,210891,210891,210891,"Pos Late","Pos Late","Pos Late",210891,57365,402,"Pos Late",TRUE,FALSE,TRUE,0.303454162574116
-0.416087853553265,-0.645941062329944,-2.52943821497222,0.011702105434906,0.179064866254756,-2.86559445297546,100021991,"100021991","Lipid","Fatty Acid Metabolism (Acyl Carnitine, Hydroxy)",1970,"NAMED","RCXSFDNDEVSQNG-UHFFFAOYSA-N","[O-]C(CC(OC(C(O)CCCCCC)=O)C[N+](C)(C)C)=O","3-hydroxyoctanoylcarnitine (2)","3-hydroxyoctanoylcarnitine (2)",NA,NA,NA,NA,NA,NA,NA,NA,64394,64394,64394,400,400,400,237478,237478,237478,"Pos Early","Pos Early","Pos Early",237478,64394,400,"Pos Early",TRUE,FALSE,TRUE,-0.300960783493044
0.124112401434722,0.0526925840398886,2.51775825746473,0.012092692266555,0.179064866254756,-2.89156180783118,100009138,"100009138","Lipid","Phosphatidylcholine (PC)",2310,"NAMED","IWXJKHSPEQSQMD-GMGFYYQASA-N","O=C(CCCCCCCCCCCCC)OC[C@]([H])(COP(OCC[N+](C)(C)C)([O-])=O)OC(CCCCCCC/C=C\C/C=C\CCCCC)=O","1-myristoyl-2-linoleoyl-GPC (14:0/18:2)*","1-myristoyl-2-linoleoyl-GPC (14:0/18:2)*",NA,24766550,"HMDB0007874",NA,24778624,"PC 32:2","PC 14:0_18:2","Unknown",52707,52707,52707,402,402,402,165481,165481,165481,"Pos Late","Pos Late","Pos Late",165481,52707,402,"Pos Late",TRUE,FALSE,TRUE,0.299571064170464
0.345010982405059,0.231944319575939,2.49556313556274,0.0128669604914611,0.183473325526389,-2.94058402325927,342,"342","Lipid","Primary Bile Acid Metabolism",3522,"NAMED","RFDAIACWWDREDC-FRVQLJSFSA-N","O=C(CNC(CC[C@H]([C@@H]1[C@@]2(C)[C@@H](O)C[C@]3([H])[C@@]4(C)CC[C@@H](O)C[C@@]4([H])C[C@@H](O)[C@@]3([H])[C@]2([H])CC1)C)=O)O","glycocholate","glycocholate","475-31-0,863-57-0",9734,"HMDB0000138","C01921",10140,NA,NA,NA,18476,18476,18476,209,209,209,126842,126842,126842,"Neg","Neg","Neg",126842,18476,209,"Neg",TRUE,FALSE,TRUE,0.296930216397307
0.145635839711812,0.0376463770601914,2.4652203299971,0.0139965192667496,0.19001162860332,-3.00691693952628,100008993,"100008993","Lipid","Phosphatidylinositol (PI)",2584,"NAMED","KIQYUSYSJTUGFZ-LSLODQAYSA-N","O=C(CCCCCCCCCCCCCCC)OC[C@@]([H])(OC(CCC/C=C\C/C=C\C/C=C\C/C=C\CCCCC)=O)COP(O[C@H]1[C@H](O)[C@@H](O)[C@H](O)[C@@H](O)[C@H]1O)(O)=O","1-palmitoyl-2-arachidonoyl-GPI (16:0/20:4)*","1-palmitoyl-2-arachidonoyl-GPI (16:0/20:4)*",NA,24767674,"HMDB0009789",NA,NA,"PI 36:4","PI 16:0_20:4","Unknown",52467,52467,52467,402,402,402,208085,208085,208085,"Pos Late","Pos Late","Pos Late",208085,52467,402,"Pos Late",TRUE,FALSE,TRUE,0.293319930728988
-0.25156909848528,-0.180169563151689,-2.45711935566268,0.0143125642324579,0.19001162860332,-3.0244927065704,100003470,"100003470","Lipid","Progestin Steroids",3351,"NAMED","ZFFFJLDTCLJDHL-JQYCEVDMSA-N","[H][C@]12CC[C@]3([C@@]4(CC[C@]([C@@H](O)C)([C@]4(CC[C@@]3([C@]1(CC[C@@H](O[C@@H]5O[C@H]([C@](O)=O)[C@H]([C@@H]([C@H]5O)O)O)C2)C)[H])C)[H])[H])[H]","pregnanediol-3-glucuronide","pregnanediol-3-glucuronide","1852-49-9",110346,"HMDB0010318",NA,123796,NA,NA,NA,40708,40708,40708,209,209,209,143065,143065,143065,"Neg","Neg","Neg",143065,40708,209,"Neg",TRUE,FALSE,TRUE,-0.292356050461697
0.132216969922446,-0.0531883189765156,2.38302991539994,0.017508575940664,0.210680450776134,-3.18261494785952,100001569,"100001569","Lipid","Lysophospholipid",2724,"NAMED","PYVRVRFVLRNJLY-MZMPXXGTSA-N","O=P(OCC[NH3+])([O-])OC[C@H](O)COC(CCCCCCC\C=C/CCCCCCCC)=O","1-oleoyl-GPE (18:1)","1-oleoyl-GPE (18:1)","89576-29-4",7826021,"HMDB0011506",NA,9547071,"LPE 18:1","LPE 18:1","LPE 18:1/0:0",35628,35628,35628,402,402,402,158745,158745,158745,"Pos Late","Pos Late","Pos Late",158745,35628,402,"Pos Late",TRUE,FALSE,TRUE,0.28354064795135
-0.163742893250144,0.0491786577889957,-2.38005961460162,0.0176488599240343,0.210680450776134,-3.188855577297,100002259,"100002259","Lipid","Fatty Acid Metabolism (Acyl Carnitine, Monounsaturated)",1925,"NAMED","OQWOHRPOYAVIOK-KTKRTIGZSA-N","O=C([O-])CC(OC(CC/C=C\CCCCC)=O)C[N+](C)(C)C","cis-4-decenoylcarnitine (C10:1)","cis-4-decenoylcarnitine (C10:1)","98930-66-6",28639171,"HMDB0013205",NA,57357170,NA,NA,NA,38178,38178,38178,402,402,402,159020,159020,159020,"Pos Late","Pos Late","Pos Late",159020,38178,402,"Pos Late",TRUE,FALSE,TRUE,-0.283187231904189
0.113952266792697,0.0391251165232864,2.37802885315796,0.0177453381789703,0.210680450776134,-3.19311784720829,100009143,"100009143","Lipid","Phosphatidylcholine (PC)",2344,"NAMED","IRWRFKUTKSUFST-MDYGELLQSA-N","O=C(CCCCCCCCCCCCCCC)OC[C@]([H])(COP(OCC[N+](C)(C)C)([O-])=O)OC(CCCCC/C=C\C/C=C\C/C=C\C/C=C\CCCCC)=O","1-palmitoyl-2-adrenoyl-GPC (16:0/22:4)*","1-palmitoyl-2-adrenoyl-GPC (16:0/22:4)*",NA,24766658,"HMDB0007988",NA,24778732,"PC 38:4","PC 16:0_22:4","Unknown",52706,52706,52706,402,402,402,165479,165479,165479,"Pos Late","Pos Late","Pos Late",165479,52706,402,"Pos Late",TRUE,FALSE,TRUE,0.282945605304435
-0.166040358240242,-0.00884487283475605,-2.37150695606574,0.0180583243522401,0.210680450776134,-3.20678229948404,182,"182","Cofactors and Vitamins","Nicotinate and Nicotinamide Metabolism",4503,"NAMED","GJAWHXHKYYXBSV-UHFFFAOYSA-N","OC(C(C=CC=N1)=C1C(O)=O)=O","quinolinate","quinolinate","89-00-9",1037,"HMDB0000232","C03722",1066,NA,NA,NA,1899,1899,1899,400,305,400,155456,146452,155456,"Pos Early","Polar","Pos Early",155456,1899,400,"Pos Early",TRUE,FALSE,TRUE,-0.28216960878192
-0.169031471213711,0.10473428620094,-2.3282952559628,0.0202572063754665,0.224288597088911,-3.29639083975791,180,"180","Lipid","Long Chain Polyunsaturated Fatty Acid (n3 and n6)",1612,"NAMED","OYHQOLUKZRVURQ-HZJYTTRNSA-N","OC(CCCCCCC/C=C\C/C=C\CCCCC)=O","linoleate (18:2n6)","linoleate (18:2n6)","60-33-3",4444105,"HMDB0006270,HMDB0000673","C01595",5280450,NA,NA,NA,1105,1105,1105,209,209,209,125969,125969,125969,"Neg","Neg","Neg",125969,1105,209,"Neg",TRUE,FALSE,TRUE,-0.277028140197288
0.32779280007985,0.0199211992252092,2.32582184030046,0.0203898724626283,0.224288597088911,-3.30147121519171,100002911,"100002911","Lipid","Secondary Bile Acid Metabolism",3584,"NAMED","GHCZAUBVMUEKKP-XROMFQGDSA-N","[H][C@]1([C@H](C)CCC(NCC(O)=O)=O)CC[C@@]2([H])[C@]3([H])[C@@H](O)C[C@]4([H])C[C@H](O)CC[C@]4(C)[C@@]3([H])CC[C@@]21C","glycoursodeoxycholate","glycoursodeoxycholate","64480-66-6",19973534,"HMDB0000708",NA,12310288,NA,NA,NA,39379,39379,39379,209,209,209,143714,143714,143714,"Neg","Neg","Neg",143714,39379,209,"Neg",TRUE,FALSE,TRUE,0.276733845159269
0.0669791868686484,-0.0519498593129382,2.2799542423164,0.0229914709254103,0.241081073622252,-3.39472505124552,100001272,"100001272","Lipid","Lysophospholipid",2663,"NAMED","YAMUFBLWGFFICM-PTGWMXDISA-N","O[C@H](COC(CCCCCCC/C=C\CCCCCCCC)=O)COP(OCC[N+](C)(C)C)([O-])=O","1-oleoyl-GPC (18:1)","1-oleoyl-GPC (18:1)","19420-56-5",17240641,"HMDB0002815","C03916",16081932,"LPC 18:1","LPC 18:1","LPC 18:1/0:0",48258,48258,48258,402,402,402,160285,160285,160285,"Pos Late","Pos Late","Pos Late",160285,48258,402,"Pos Late",TRUE,FALSE,TRUE,0.271276369208872
-0.360287973331541,-0.306058715647848,-2.26245195137684,0.0240578757147262,0.241081073622252,-3.42982970648716,100001229,"100001229","Lipid","Long Chain Polyunsaturated Fatty Acid (n3 and n6)",1602,"NAMED","JIWBIWFOSCKQMA-LTKCOYKYSA-N","CC\C=C/C\C=C/C\C=C/C\C=C/CCCCC(O)=O","stearidonate (18:4n3)","stearidonate (18:4n3)","111174-40-4",4471933,"HMDB0006547","C16300",5312508,NA,NA,NA,33969,33969,33969,209,209,209,126890,126890,126890,"Neg","Neg","Neg",126890,33969,209,"Neg",TRUE,FALSE,TRUE,-0.269193889722749
0.156568314384497,0.0745057582814563,2.25164575480537,0.0247375493848062,0.241081073622252,-3.45137156892957,100008984,"100008984","Lipid","Phosphatidylcholine (PC)",2324,"NAMED","QIBZFHLFHCIUOT-HTXNQAPBSA-N","CCCCCCCCCCCCCCCC(OCC(OC(CCCCCCC/C=C/CCCCCC)=O)COP([O-])(OCC[N+](C)(C)C)=O)=O","1-palmitoyl-2-palmitoleoyl-GPC (16:0/16:1)*","1-palmitoyl-2-palmitoleoyl-GPC (16:0/16:1)*",NA,NA,"HMDB0007969",NA,6443788,"PC 32:1","PC 16:0_16:1","Unknown",52470,52470,52470,402,402,402,165143,165143,165143,"Pos Late","Pos Late","Pos Late",165143,52470,402,"Pos Late",TRUE,FALSE,TRUE,0.267908133317442
-0.109461939487987,-0.0675805544936191,-2.25101759882166,0.0247775661998876,0.241081073622252,-3.45262067342671,100000580,"100000580","Carbohydrate","Glycolysis, Gluconeogenesis, and Pyruvate Metabolism",1259,"NAMED","MPCAJMNYNOGXPB-SLPGGIOYSA-N","O[C@@H]1[C@@H](CO)OC[C@H](O)[C@H]1O","1,5-anhydroglucitol (1,5-AG)","1,5-anhydroglucitol (1,5-AG)","154-58-5",NA,"HMDB0002712","C07326",64960,NA,NA,NA,20675,20675,20675,209,209,209,123293,123293,123293,"Neg","Neg","Neg",123293,20675,209,"Neg",TRUE,FALSE,TRUE,-0.267833393276
-0.192772784476049,0.0292074134334959,-2.234721058544,0.0258355715563619,0.241081073622252,-3.48490740479473,100001337,"100001337","Lipid","Long Chain Polyunsaturated Fatty Acid (n3 and n6)",1614,"NAMED","DTOSIQBPPRVQHS-PDBXOOCHSA-N","O=C(O)CCCCCCC/C=C\C/C=C\C/C=C\CC","linolenate [alpha or gamma; (18:3n3 or 6)]","linolenate (18:3n3 or 3n6)",NA,4444437,"HMDB0003073,HMDB0001388","C06426,C06427",52809335280934,NA,NA,NA,34035,34035,34035,209,209,209,143703,143703,143703,"Neg","Neg","Neg",143703,34035,209,"Neg",TRUE,FALSE,TRUE,-0.265894377924227
-0.304707989547376,-0.200984943807911,-2.23305351943412,0.0259460094636872,0.241081073622252,-3.48819816993681,100001232,"100001232","Lipid","Medium Chain Fatty Acid",1549,"NAMED","IJBFSOLHRKELLR-FPLPWBNLSA-N","CCCCCC\C=C/CCCC(O)=O","5-dodecenoate (12:1n7)","5-dodecenoate (12:1n7)","2430-94-6",4471803,"HMDB0000529",NA,5312378,NA,NA,NA,33968,33968,33968,209,209,209,126127,126127,126127,"Neg","Neg","Neg",126127,33968,209,"Neg",TRUE,FALSE,TRUE,-0.265695968698794
0.14273877297091,-0.0895618451079126,2.21267269849574,0.0273292118116704,0.241081073622252,-3.52822364495761,100001612,"100001612","Amino Acid","Glutamate Metabolism",57,"NAMED","OPVPGKGADVGKTG-UHFFFAOYSA-N","CC(NC(C(NC(CCC(O)=O)C(O)=O)=O)CC(O)=O)=O","N-acetyl-aspartyl-glutamate (NAAG)","N-acetyl-aspartyl-glutamate (NAAG)","3106-85-2",5065,"HMDB0001067","C12270",188803,NA,NA,NA,35665,35665,35665,400,400,400,156223,156223,156223,"Pos Early","Pos Early","Pos Early",156223,35665,400,"Pos Early",FALSE,TRUE,TRUE,0.263270992353636
-0.330444178446316,-0.16987820964176,-2.202894363369,0.0280151934243999,0.241081073622252,-3.54729938951746,100003926,"100003926","Lipid","Fatty Acid Metabolism (Acyl Carnitine, Hydroxy)",1964,"NAMED","UEFRDQSMQXDWTO-UHFFFAOYSA-N","CC(CC(OC(C[N+](C)(C)C)CC([O-])=O)=O)O","(R)-3-hydroxybutyrylcarnitine","(R)-3-hydroxybutyrylcarnitine",NA,NA,"HMDB0062735",NA,53481617,NA,NA,NA,43264,43264,43264,400,400,400,156990,156990,156990,"Pos Early","Pos Early","Pos Early",156990,43264,400,"Pos Early",TRUE,FALSE,TRUE,-0.262107534245198
0.152126922426222,-0.0200960692902969,2.19332504195113,0.0287008702089221,0.241081073622252,-3.56588717064126,100009139,"100009139","Lipid","Phosphatidylcholine (PC)",2311,"NAMED","SRQSAJRUMDQMMS-NLDJLLEISA-N","O=C(CCCCCCCCCCCCC)OC[C@]([H])(COP(OCC[N+](C)(C)C)([O-])=O)OC(CCC/C=C\C/C=C\C/C=C\C/C=C\CCCCC)=O","1-myristoyl-2-arachidonoyl-GPC (14:0/20:4)*","1-myristoyl-2-arachidonoyl-GPC (14:0/20:4)*",NA,24766559,"HMDB0007883",NA,24778634,"PC 34:4","PC 14:0_20:4","Unknown",53195,53195,53195,402,402,402,166625,166625,166625,"Pos Late","Pos Late","Pos Late",166625,53195,402,"Pos Late",TRUE,FALSE,TRUE,0.260968945267467
0.102513909692148,0.019616330476418,2.18471434463239,0.0293301961674868,0.241081073622252,-3.58254504633555,100002871,"100002871","Lipid","Lysophospholipid",2692,"NAMED","ZOJBSSVHFSBHMP-JJJSWPRASA-N","CCCCC/C=C\C/C=C\C/C=C\C/C=C\CCCCCC(OC[C@H](COP([O-])(OCC[N+](C)(C)C)=O)O)=O","1-adrenoyl-GPC (22:4)*","1-adrenoyl-GPC (22:4)*",NA,NA,"HMDB0010401",NA,52924039,"LPC 22:4","LPC 22:4","LPC 22:4/0:0",52698,52698,52698,402,402,402,165471,165471,165471,"Pos Late","Pos Late","Pos Late",165471,52698,402,"Pos Late",TRUE,FALSE,TRUE,0.259944416502096
0.0968365297333937,-0.113299278819384,2.18430981397271,0.0293600524348289,0.241081073622252,-3.58332605279864,100016019,"100016019","Lipid","Phosphatidylcholine (PC)",2322,"NAMED","NPGWXTIWUUFYAB-DIPNUNPCSA-N","O=C(CCCCCCCCCCCCCCC)OC[C@]([H])(COP(OCC[N+](C)(C)C)([O-])=O)OC(CCCCCCCCCCCCCC)=O","1-palmitoyl-2-pentadecanoyl-GPC (16:0/15:0)*","1-palmitoyl-2-pentadecanoyl-GPC (16:0/15:0)*",NA,24766642,"HMDB0007967",NA,24778680,"PC 31:0","PC 15:0_16:0","Unknown",57757,57757,57757,402,402,402,213377,213377,213377,"Pos Late","Pos Late","Pos Late",213377,57757,402,"Pos Late",TRUE,FALSE,TRUE,0.259896284128842
-0.305648486641221,-0.40334963475726,-2.15105711477724,0.0319056017146512,0.241081073622252,-3.64704003901746,100001398,"100001398","Xenobiotics","Xanthine Metabolism",4803,"NAMED","HMLZLHKHNBLLJD-UHFFFAOYSA-N","CN1C(NC(C(N2C)=C1NC2=O)=O)=O","3,7-dimethylurate","3,7-dimethylurate","13087-49-5",74994,"HMDB0001982","C16360",83126,NA,NA,NA,34399,34399,34399,209,209,209,126922,126922,126922,"Neg","Neg","Neg",126922,34399,209,"Neg",TRUE,FALSE,TRUE,-0.255939769854689
-0.245664768713931,-0.390391528698365,-2.15096308419742,0.031913060766534,0.241081073622252,-3.64721884673425,100020360,"100020360","Amino Acid","Tryptophan Metabolism",286,"NAMED","BXZSKDOPGDPDEG-UHFFFAOYSA-N","OC1=CC(C(O)=O)=NC(C1=CC=C2)=C2OC","8-methoxykynurenate","8-methoxykynurenate","2929-14-8",68710,"HMDB0060426","C05830",76230,NA,NA,NA,62955,62955,62955,209,209,209,220839,220839,220839,"Neg","Neg","Neg",220839,62955,209,"Neg",TRUE,FALSE,TRUE,-0.255928581790554
0.173532404715022,-0.131730888238845,2.14155797624565,0.0326667411163773,0.241081073622252,-3.66506475272683,100020864,"100020864","Lipid","Lysophospholipid",2658,"NAMED","SRRQPVVYXBTRQK-UHFFFAOYSA-N","OC(COP(OCC[N+](C)(C)C)([O-])=O)COC(CCCCCCCCCCCCCCCC)=O","1-(14 or 15)-methylpalmitoyl-GPC (a17:0 or i17:0)*","1-(14 or 15)-methylpalmitoyl-GPC (a17:0 or i17:0)*",NA,NA,NA,NA,NA,"LPC 17:0","LPC 16:0(Me)","LPC 16:0(Me)/0:0",62782,62782,62782,209,209,209,220396,220396,220396,"Neg","Neg","Neg",220396,62782,209,"Neg",TRUE,FALSE,TRUE,0.254809531464973
0.159133994028221,-0.040631231738126,2.14070816159736,0.032735588068768,0.241081073622252,-3.66667346855573,100005371,"100005371","Lipid","Lysophospholipid",2736,"NAMED","RNWSKZCVPICGIX-DQXFYRDTSA-N","O=C(CCCCCC/C=C\C/C=C\C/C=C\CCCCC)OC[C@@](O)([H])COP(OCCN)(O)=O","1-dihomo-linolenoyl-GPE (20:3n3 or n6)*","1-dihomo-linolenoyl-GPE (20:3n3 or n6)*",NA,NA,"HMDB0011514,HMDB0011516",NA,NA,"LPE 20:3","LPE 20:3","LPE 20:3/0:0",44630,44630,44630,209,209,209,142531,142531,142531,"Neg","Neg","Neg",142531,44630,209,"Neg",TRUE,FALSE,TRUE,0.254708417754877
-0.145455265339652,0.0721736683585871,-2.13642467050307,0.0330845109103308,0.241081073622252,-3.67477265875317,100021728,"100021728","Lipid","Fatty Acid Metabolism (Acyl Carnitine, Medium Chain)",1901,"NAMED","LNGSHJPPGDBEPT-VYAYZGMFSA-N","O=C(C[C@@]1([H])[C@@](C1)([H])CCC)OC(CC([O-])=O)C[N+](C)(C)C","cis-3,4-methyleneheptanoylcarnitine","cis-3,4-methyleneheptanoylcarnitine",NA,NA,NA,NA,NA,NA,NA,NA,64389,64389,64389,402,402,402,237480,237480,237480,"Pos Late","Pos Late","Pos Late",237480,64389,402,"Pos Late",TRUE,FALSE,TRUE,-0.254198754056356
0.409083426510965,0.259216418538015,2.13393801143593,0.033288528823884,0.241081073622252,-3.67946710693156,1648,"1648","Lipid","Primary Bile Acid Metabolism",3523,"NAMED","WBWWGRHZICKQGZ-HGVCTONRSA-N","C[C@@]12[C@@]([H])(CC[C@]2([H])[C@@H](CCC(NCCS(O)(=O)=O)=O)C)[C@@]([C@H](O)C[C@@]3([H])[C@@]4(CC[C@@H](O)C3)C)([H])[C@@]4([H])C[C@@H]1O","taurocholate","taurocholate","145-42-6",NA,"HMDB0000036","C05122",667546783527,NA,NA,NA,18497,18497,18497,209,209,209,125762,125762,125762,"Neg","Neg","Neg",125762,18497,209,"Neg",TRUE,FALSE,TRUE,0.253902883274972
-0.275782587311601,-0.116807251999438,-2.12893706401231,0.0337021016105248,0.241081073622252,-3.68889191008802,504,"504","Amino Acid","Tryptophan Metabolism",294,"NAMED","QZAYGJVTTNCVMB-UHFFFAOYSA-N","NCCC1=CNC(C=C2)=C1C=C2O","serotonin","serotonin","153-98-0",5013,"HMDB0000259","C00780",5202,NA,NA,NA,2342,2342,2342,400,400,400,155468,155468,155468,"Pos Early","Pos Early","Pos Early",155468,2342,400,"Pos Early",FALSE,TRUE,TRUE,-0.25330785428952
0.0481998655983781,-0.00656344804417354,2.12655546494832,0.0339006010666197,0.241081073622252,-3.69337264776538,100001263,"100001263","Lipid","Lysophospholipid",2650,"NAMED","ASWBNKHCZGQVJV-UHFFFAOYSA-N","O=P(OCC[N+](C)(C)C)([O-])OCC(O)COC(CCCCCCCCCCCCCCC)=O","1-palmitoyl-GPC (16:0)","1-palmitoyl-GPC (16:0)","17364-16-8",78064,"HMDB0010382","C04102",86554,"LPC 16:0","LPC 16:0","LPC 16:0/0:0",33955,33955,33955,402,402,402,158599,158599,158599,"Pos Late","Pos Late","Pos Late",158599,33955,402,"Pos Late",TRUE,FALSE,TRUE,0.253024483888922
-0.224929409982485,-0.427542750124036,-2.11999329294021,0.0344527325182559,0.241081073622252,-3.7056932303186,100002003,"100002003","Lipid","Pregnenolone Steroids",3318,"NAMED","YNTXPDSHGMGJJG-WGKOQXAXSA-N","C[C@@]1([C@H]2[C@@](COS(=O)(O)=O)=O)[C@](CC2)([H])[C@@](CC=C3[C@@]4(CC[C@H](O)C3)C)([H])[C@@]4([H])CC1","21-hydroxypregnenolone monosulfate (1)","21-hydroxypregnenolone monosulfate (1)","88378-34-1",152343,NA,NA,174681,NA,NA,NA,37174,37174,37174,209,209,209,144212,144212,144212,"Neg","Neg","Neg",144212,37174,209,"Neg",TRUE,FALSE,TRUE,-0.252243695325956
-0.0609049717548153,-0.0500199184481346,-2.11280535679596,0.0350663379814184,0.241081073622252,-3.7191457805455,252,"252","Energy","TCA Cycle",1488,"NAMED","KDYFGRWQOYBRFD-UHFFFAOYSA-N","OC(CCC(O)=O)=O","succinate","succinate","110-15-6",1078,"HMDB0000254","C00042",1110,NA,NA,NA,1437,1437,1437,305,209,305,147106,125975,147106,"Polar","Neg","Polar",147106,1437,305,"Polar",TRUE,FALSE,TRUE,-0.25138845131135
-0.331993841024701,-0.248212748535705,-2.0892351172253,0.0371444866468808,0.248019471443731,-3.76294367086623,100001872,"100001872","Lipid","Phosphatidylserine (PS)",2552,"NAMED","SVOUGFFDROZBJI-DNALCEECSA-N","O=C(CCCCCCCCCCCCCCCCC)OC[C@]([H])(COP(O)(OC[C@]([NH3+])(C([O-])=O)[H])=O)OC(CCC/C=C\C/C=C\C/C=C\C/C=C\CCCCC)=O","1-stearoyl-2-arachidonoyl-GPS (18:0/20:4)","1-stearoyl-2-arachidonoyl-GPS (18:0/20:4)",NA,NA,"HMDB0012383",NA,24779545,"PS 38:4","PS 18:0_20:4","Unknown",52235,52235,52235,402,402,402,164206,164206,164206,"Pos Late","Pos Late","Pos Late",164206,52235,402,"Pos Late",TRUE,FALSE,TRUE,-0.248583987566667
0.0894421039782784,-0.0765636677333112,2.08681198575721,0.0373639723213933,0.248019471443731,-3.76741893513114,100002173,"100002173","Lipid","Lysophospholipid",2649,"NAMED","RJZVWDTYEWCUAR-QFIPXVFZSA-N","O=P(OCC[N+](C)(C)C)([O-])OC[C@@H](O)COC(CCCCCCCCCCCCCC)=O","1-pentadecanoyl-GPC (15:0)*","1-pentadecanoyl-GPC (15:0)*",NA,NA,"HMDB0010381",NA,24779458,"LPC 15:0","LPC 15:0","LPC 15:0/0:0",37418,37418,37418,402,402,402,158898,158898,158898,"Pos Late","Pos Late","Pos Late",158898,37418,402,"Pos Late",TRUE,FALSE,TRUE,0.248295675505584
0.122354792651555,-0.085589786677972,2.06572726864591,0.039320959028472,0.256585919084097,-3.80614471944408,100001882,"100001882","Lipid","Hexosylceramides (HCER)",3121,"NAMED","YMYQEDCYNANIPI-OQRGLTFYSA-N","OC1C(CO)OC(OC[C@H](NC(CCCCCCCCCCCCCCCCC)=O)[C@H](O)/C=C/CCCCCCCCCCCCC)C(O)C1O","glycosyl-N-stearoyl-sphingosine (d18:1/18:0)","glycosyl-N-stearoyl-sphingosine (d18:1/18:0)",NA,NA,NA,NA,NA,"HexCer 36:1;O2","HexCer 18:1;O2_18:0","HexCer 18:1;O2/18:0",52234,52234,52234,402,402,402,164199,164199,164199,"Pos Late","Pos Late","Pos Late",164199,52234,402,"Pos Late",TRUE,FALSE,TRUE,0.245786947304995
-0.223035203596404,0.0250493728938274,-2.04790162243557,0.0410428886168313,0.263358535291334,-3.83858308001972,254,"254","Lipid","Ketone Bodies",1983,"NAMED","WHBMMWSBFZVSSR-UHFFFAOYSA-N","CC(O)CC(O)=O","3-hydroxybutyrate (BHBA)","3-hydroxybutyrate (BHBA)","625-72-9",428,"HMDB0000442,HMDB0000357,HMDB0000011","C03197,C01089",9431844192135,NA,NA,NA,542,542,542,305,305,305,145710,145710,145710,"Polar","Polar","Polar",145710,542,305,"Polar",TRUE,FALSE,TRUE,-0.24366599395734
-0.163326986731572,-0.0203286733629071,-2.03856684431691,0.0419698926049257,0.264891945129449,-3.85545983831029,2050,"2050","Lipid","Long Chain Polyunsaturated Fatty Acid (n3 and n6)",1605,"NAMED","JAZBEHYOTPTENJ-JLNKQSITSA-N","O=C(O)CCC\C=C/C/C=C\C/C=C\C/C=C\C/C=C\CC","eicosapentaenoate (EPA; 20:5n3)","eicosapentaenoate (EPA; 20:5n3)","10-2005-9,10417-94-4",393682,"HMDB0001999","C06428",446284,NA,NA,NA,18467,18467,18467,209,209,209,126840,126840,126840,"Neg","Neg","Neg",126840,18467,209,"Neg",TRUE,FALSE,TRUE,-0.242555311703985
0.141901809723147,0.129842793327368,1.998208786853,0.0461847537208716,0.283419698116555,-3.92755215984238,100009215,"100009215","Lipid","Phosphatidylethanolamine (PE)",2479,"NAMED","XJPVAWWHABLYPE-KPRICRNFSA-N","O=C(CCCCCCCCCCCCCCCCC)OC[C@]([H])(COP(OCCN)(O)=O)OC(CCCCCC/C=C\C/C=C\C/C=C\CCCCC)=O","1-stearoyl-2-dihomo-linolenoyl-GPE (18:0/20:3n3 or n6)*","1-stearoyl-2-dihomo-linolenoyl-GPE (18:0/20:3n3 or n6)*",NA,24768480,"HMDB0009002",NA,52924903,"PE 38:3","PE 18:0_20:3","Unknown",57336,57336,57336,402,402,402,210835,210835,210835,"Pos Late","Pos Late","Pos Late",210835,57336,402,"Pos Late",TRUE,FALSE,TRUE,0.237753378799398
-0.16858708531489,-0.11379449984237,-1.99537149609122,0.046494064712034,0.283419698116555,-3.93256710330981,100016069,"100016069","Lipid","Fatty Acid Metabolism (Acyl Carnitine, Monounsaturated)",1927,"NAMED","PETYOUXDCHQKTQ-QXPKXGMISA-N","CCCCCC/C=C\CCCC(O[C@@H](C[N+](C)(C)C)CC([O-])=O)=O","5-dodecenoylcarnitine (C12:1)","5-dodecenoylcarnitine (C12:1)",NA,NA,"HMDB0241212",NA,91825571,NA,NA,NA,61769,61769,61769,402,402,402,218137,218137,218137,"Pos Late","Pos Late","Pos Late",218137,61769,402,"Pos Late",TRUE,FALSE,TRUE,-0.237415788718878
0.179041259830993,0.0650583227829774,1.98790385974545,0.0473165264613815,0.283419698116555,-3.94573271677632,100015593,"100015593","Lipid","Phosphatidylethanolamine (PE)",2486,"NAMED","DPRXQVIZBLENFV-UFHXWEBOSA-N","CCCCCCCCCCCCCCCCCC(OCC(OC(CC/C=C/C/C=C/C/C=C/C/C=C/C/C=C/CCCCC)=O)COP(O)(OCCN)=O)=O","1-stearoyl-2-docosapentaenoyl-GPE (18:0/22:5n6)*","1-stearoyl-2-docosapentaenoyl-GPE (18:0/22:5n6)*",NA,NA,"HMDB0009010",NA,53479611,"PE 40:5","PE 18:0_22:5(4,7,10,13,16)","Unknown",57338,57338,57338,402,402,402,210839,210839,210839,"Pos Late","Pos Late","Pos Late",210839,57338,402,"Pos Late",TRUE,FALSE,TRUE,0.236527265064827
-0.150013721833166,-0.0702014094104244,-1.9764299142466,0.0486041183985757,0.283419698116555,-3.96586686522605,100001392,"100001392","Lipid","Fatty Acid Metabolism (Acyl Carnitine, Medium Chain)",1906,"NAMED","FUJLYHJROOYKRA-UHFFFAOYSA-N","[O-]C(CC(C[N+](C)(C)C)OC(CCCCCCCCCCC)=O)=O","laurylcarnitine (C12)","laurylcarnitine (C12)","25518-54-1",8602997,"HMDB0002250",NA,168381,NA,NA,NA,34534,34534,34534,402,402,402,158670,158670,158670,"Pos Late","Pos Late","Pos Late",158670,34534,402,"Pos Late",TRUE,FALSE,TRUE,-0.2351620577209
0.0541122420482299,-0.0191423406433141,1.97229712741074,0.049075064830999,0.283419698116555,-3.97309085668656,100008985,"100008985","Lipid","Phosphatidylcholine (PC)",2338,"NAMED","SRIGHEHXEGELQJ-YYQUKWHJSA-N","CCCCCCCCCCCCCCCC(OC[C@@H](OC(CCCCCC/C=C\C/C=C\C/C=C\CCCCC)=O)COP([O-])(OCC[N+](C)(C)C)=O)=O","1-palmitoyl-2-dihomo-linolenoyl-GPC (16:0/20:3n3 or n6)*","1-palmitoyl-2-dihomo-linolenoyl-GPC (16:0/20:3n3 or n6)*",NA,NA,NA,NA,NA,"PC 36:3","PC 16:0_20:3","Unknown",52454,52454,52454,402,402,402,165119,165119,165119,"Pos Late","Pos Late","Pos Late",165119,52454,402,"Pos Late",TRUE,FALSE,TRUE,0.234670325305074
-0.172339064736942,0.0191366517847766,-1.96644942434132,0.0497479887532562,0.283419698116555,-3.98328703773601,100009394,"100009394","Lipid","Long Chain Polyunsaturated Fatty Acid (n3 and n6)",1611,"NAMED","WPJGPAAPSBVXNU-HZJYTTRNSA-N","CCCCC/C=C\C/C=C\CCCCCC(O)=O","hexadecadienoate (16:2n6)","hexadecadienoate (16:2n6)","28290-73-5",13628094,"HMDB0000477",NA,13932172,NA,NA,NA,57652,57652,57652,209,209,209,212703,212703,212703,"Neg","Neg","Neg",212703,57652,209,"Neg",TRUE,FALSE,TRUE,-0.233974546579589
0.215800231500225,-0.0767547056585856,1.96377310916949,0.050058544082924,0.283419698116555,-3.98794357577647,100010937,"100010937","Lipid","Diacylglycerol",3002,"NAMED","LWXLWRXRJKMNLM-XBUMEPTLSA-N","CCCCCCCC/C=C/CCCCCCCC(OCC(OC(CCC/C=C/C/C=C/C/C=C/C/C=C/CCCCC)=O)CO)=O","oleoyl-arachidonoyl-glycerol (18:1/20:4) [2]*","oleoyl-arachidonoyl-glycerol (18:1/20:4) [2]*",NA,NA,"HMDB0007508",NA,9543786,"DG 38:5","DG 18:1_20:4","Unknown",54961,54961,54961,402,402,402,208046,208046,208046,"Pos Late","Pos Late","Pos Late",208046,54961,402,"Pos Late",TRUE,FALSE,TRUE,0.233656109898186
0.07781704648564,-0.0119164435349471,1.95398939639487,0.0512077323515593,0.285724303700729,-4.00491318214072,100001567,"100001567","Lipid","Lysophospholipid",2715,"NAMED","YVYMBNSKXOXSKW-HXUWFJFHSA-N","O=P(OCC[NH3+])([O-])OC[C@H](O)COC(CCCCCCCCCCCCCCC)=O","1-palmitoyl-GPE (16:0)","1-palmitoyl-GPE (16:0)","53862-35-4",7826019,"HMDB0011503",NA,9547069,"LPE 16:0","LPE 16:0","LPE 16:0/0:0",35631,35631,35631,402,402,402,158748,158748,158748,"Pos Late","Pos Late","Pos Late",158748,35631,402,"Pos Late",TRUE,FALSE,TRUE,0.232492011939718
0.0996818413735869,-0.02452859604762,1.93611242243449,0.0533647694528326,0.290477948426686,-4.03570474887168,100001570,"100001570","Lipid","Lysophospholipid",2726,"NAMED","DBHKHNGBVGWQJE-HZJYTTRNSA-N","O=P(OCC(O)COC(CCCCCCC/C=C\C/C=C\CCCCC)=O)(O)OCCN","1-linoleoyl-GPE (18:2)*","1-linoleoyl-GPE (18:2)*",NA,21403170,"HMDB0011507",NA,52925130,"LPE 18:2","LPE 18:2","LPE 18:2/0:0",36600,36600,36600,402,402,402,158788,158788,158788,"Pos Late","Pos Late","Pos Late",158788,36600,402,"Pos Late",TRUE,FALSE,TRUE,0.230364951449466
-0.152308388545182,0.018350865798169,-1.93445412895152,0.0535686606189472,0.290477948426686,-4.03854689060098,100001247,"100001247","Lipid","Fatty Acid Metabolism (Acyl Carnitine, Medium Chain)",1897,"NAMED","CXTATJFJDMJMIY-UHFFFAOYSA-N","[O-]C(CC(C[N+](C)(C)C)OC(CCCCCCC)=O)=O","octanoylcarnitine (C8)","octanoylcarnitine (C8)","3671-77-0",110274,"HMDB0000791","C02838",12370111953814,NA,NA,NA,33936,33936,33936,402,402,402,158581,158581,158581,"Pos Late","Pos Late","Pos Late",158581,33936,402,"Pos Late",TRUE,FALSE,TRUE,-0.230167642298785
-0.184467320734729,-0.0554682174661232,-1.91876668843263,0.055529934631328,0.29139641384479,-4.06531482305087,100002009,"100002009","Lipid","Progestin Steroids",3339,"NAMED","NOGKXXMAHGCQBS-VNCHAANSSA-N","O[C@H]1CC[C@@]2(C)[C@](CCC3C2CC[C@@]4(C)C3CCC4C(C)OS(=O)(O)=O)([H])C1","5alpha-pregnan-3beta,20beta-diol monosulfate (1)","5alpha-pregnan-3beta,20beta-diol monosulfate (1)",NA,NA,"HMDB0240580",NA,NA,NA,NA,NA,37196,37196,37196,209,209,209,144279,144279,144279,"Neg","Neg","Neg",144279,37196,209,"Neg",TRUE,FALSE,TRUE,-0.228301099616849
-0.105559331282667,-0.0101416674997372,-1.91460623543244,0.0560600343745052,0.29139641384479,-4.07237789626863,98,"98","Amino Acid","Tryptophan Metabolism",279,"NAMED","HCZHHEIFKROPDY-UHFFFAOYSA-N","OC1=C(C=CC=C2)C2=NC(C(O)=O)=C1","kynurenate","kynurenate","492-27-3",3712,"HMDB0000715","C01717",3845,NA,NA,NA,1417,1417,1417,209,209,209,124553,124553,124553,"Neg","Neg","Neg",124553,1417,209,"Neg",TRUE,FALSE,TRUE,-0.227806075390833
0.152686733422156,-0.0262249984187614,1.91299850816426,0.0562660100983127,0.29139641384479,-4.07510323870524,100001776,"100001776","Lipid","Lysophospholipid",2727,"NAMED","SVRBKLJIDJHADS-HZJYTTRNSA-N","O=P(OCC(OC(CCCCCCC/C=C\C/C=C\CCCCC)=O)CO)(O)OCCN","2-linoleoyl-GPE (18:2)*","2-linoleoyl-GPE (18:2)*",NA,NA,"HMDB0011477",NA,NA,"LPE 18:2","LPE 18:2","LPE 0:0/18:2",36593,36593,36593,209,209,209,142534,142534,142534,"Neg","Neg","Neg",142534,36593,209,"Neg",TRUE,FALSE,TRUE,0.227614782772808
0.225210925776891,-0.0186517067966522,1.90911981390743,0.0567655351645696,0.29139641384479,-4.0816689291542,100001784,"100001784","Lipid","Lysophospholipid",2717,"NAMED","DSOWUEHXZJUNID-FPLPWBNLSA-N","O=P(OCCN)(O)OCC(O)COC(CCCCCCC/C=C\CCCCCC)=O","1-palmitoleoyl-GPE (16:1)*","1-palmitoleoyl-GPE (16:1)*",NA,NA,"HMDB0011474",NA,53480923,"LPE 16:1","LPE 16:1","LPE 16:1/0:0",34565,34565,34565,402,402,402,158671,158671,158671,"Pos Late","Pos Late","Pos Late",158671,34565,402,"Pos Late",TRUE,FALSE,TRUE,0.227153283118238
-0.202345739292979,-0.136436531894238,-1.88673943802064,0.0597206203876782,0.30046754748418,-4.11929696477133,100021141,"100021141","Lipid","Fatty Acid Metabolism (Acyl Carnitine, Hydroxy)",1972,"NAMED","VCRSQDIROUELAR-UHFFFAOYSA-N","OC(CCCCCCC)CC(OC(CC([O-])=O)C[N+](C)(C)C)=O","3-hydroxydecanoylcarnitine","3-hydroxydecanoylcarnitine",NA,59664325,"HMDB0061636",NA,121454166,NA,NA,NA,63358,63358,63358,402,402,402,222426,222426,222426,"Pos Late","Pos Late","Pos Late",222426,63358,402,"Pos Late",TRUE,FALSE,TRUE,-0.224490393223601
0.0822308822211275,-0.0220806548439874,1.87864199139182,0.0608208483341759,0.30046754748418,-4.13280341702381,100001552,"100001552","Lipid","Lysophospholipid",2680,"NAMED","BBNHCUBQEQJHIG-FZZJNMCHSA-N","C[N+](C)(C)CCOP(OC[C@@](O)([H])COC(CCCCCC\C=C/C/C=C\C/C=C\CCCCC)=O)([O-])=O","1-dihomo-linolenoyl-GPC (20:3n3 or n6)*","1-dihomo-linolenoyl-GPC (20:3n3 or n6)*",NA,21403156,"HMDB0010394",NA,52924055,"LPC 20:3","LPC 20:3","LPC 20:3/0:0",33821,33821,33821,402,402,402,158575,158575,158575,"Pos Late","Pos Late","Pos Late",158575,33821,402,"Pos Late",TRUE,FALSE,TRUE,0.223526932694193
-0.270775819985925,-0.337228128323219,-1.87825430198098,0.0608739446851065,0.30046754748418,-4.13344864210546,100001396,"100001396","Xenobiotics","Xanthine Metabolism",4807,"NAMED","PFWLFWPASULGAN-UHFFFAOYSA-N","OC1=C(N2C)C(N=C2)=NC(O)=N1","7-methylxanthine","7-methylxanthine","552-62-5",61660,"HMDB0001991","C16353",68374,NA,NA,NA,34390,34390,34390,400,400,400,156093,156093,156093,"Pos Early","Pos Early","Pos Early",156093,34390,400,"Pos Early",TRUE,FALSE,TRUE,-0.223480804147487
-0.16988940668647,-0.10729305795059,-1.8527083873638,0.0644584193898112,0.314132803355409,-4.17567489063961,100002152,"100002152","Lipid","Androgenic Steroids",3461,"NAMED","UNURIUSTYBXRLV-UHFFFAOYSA-N","CC12CCC(O)CC1=CCC3C2CCC4(C)C3CC(OS(=O)(O)=O)C4=O","andro steroid monosulfate C19H28O6S (1)*","andro steroid monosulfate C19H28O6S (1)*",NA,NA,NA,NA,NA,NA,NA,NA,32827,32827,32827,209,209,209,149822,149822,149822,"Neg","Neg","Neg",149822,32827,209,"Neg",TRUE,FALSE,TRUE,-0.2204412681617
0.0753484609118564,0.02630123494242,1.84425367067232,0.0656825477402489,0.316097260999948,-4.18952455285996,100009051,"100009051","Lipid","Phosphatidylcholine (PC)",2374,"NAMED","VGSUMLIRUGDCTF-NSMRCOLJSA-N","O=C(CCCCCCCCCCCCCCCCC)OC[C@]([H])(COP(OCC[N+](C)(C)C)([O-])=O)OC(CCCCCC/C=C\C/C=C\C/C=C\CCCCC)=O","1-stearoyl-2-dihomo-linolenoyl-GPC (18:0/20:3n3 or n6)*","1-stearoyl-2-dihomo-linolenoyl-GPC (18:0/20:3n3 or n6)*",NA,24766712,"HMDB0008047",NA,NA,"PC 38:3","PC 18:0_20:3","Unknown",52629,52629,52629,402,402,402,165382,165382,165382,"Pos Late","Pos Late","Pos Late",165382,52629,402,"Pos Late",TRUE,FALSE,TRUE,0.219435298478544
0.168703978717214,-0.0450121355121815,1.8271646137715,0.068215511123385,0.324234219537077,-4.21732731449005,100001777,"100001777","Lipid","Lysophospholipid",2778,"NAMED","UGDOFRYHDCDVHD-JCASDCETSA-N","[H]C(C(O)(C(O)([C@](O)1[H])[H])[H])([C@@](OP(O)(OC[C@@]([H])(COC(CCCCCCC/C=C\CCCCCCCC)=O)O)=O)([C@]1(O)[H])[H])O","1-oleoyl-GPI (18:1)","1-oleoyl-GPI (18:1)",NA,NA,"HMDB0061693",NA,86289645,"LPI 18:1","LPI 18:1","LPI 18:1/0:0",36602,36602,36602,209,209,209,146821,146821,146821,"Neg","Neg","Neg",146821,36602,209,"Neg",TRUE,FALSE,TRUE,0.217401986922015
-0.150965743592683,-0.107667630252707,-1.81148272140681,0.0706102436672388,0.329070827455161,-4.24261601246467,100001251,"100001251","Lipid","Fatty Acid Metabolism (Acyl Carnitine, Medium Chain)",1905,"NAMED","LZOSYCMHQXPBFU-UHFFFAOYSA-N","[O-]C(CC(C[N+](C)(C)C)OC(CCCCCCCCC)=O)=O","decanoylcarnitine (C10)","decanoylcarnitine (C10)","1492-27-9",8420677,"HMDB0000651",NA,10245190,NA,NA,NA,33941,33941,33941,402,402,402,158585,158585,158585,"Pos Late","Pos Late","Pos Late",158585,33941,402,"Pos Late",TRUE,FALSE,TRUE,-0.215536104377506
0.0726767939840706,-0.0798045677259973,1.80934138590152,0.0709425420228009,0.329070827455161,-4.24605244917761,100001264,"100001264","Lipid","Lysophospholipid",2656,"NAMED","SRRQPVVYXBTRQK-DEOSSOPVSA-N","O=P(OCC[N+](C)(C)C)([O-])OC[C@@H](O)COC(CCCCCCCCCCCCCCCC)=O","1-margaroyl-GPC (17:0)","1-margaroyl-GPC (17:0)","50930-23-9",NA,"HMDB0012108","C04230",24779463,"LPC 17:0","LPC 17:0","LPC 17:0/0:0",44682,44682,44682,402,402,402,159625,159625,159625,"Pos Late","Pos Late","Pos Late",159625,44682,402,"Pos Late",TRUE,FALSE,TRUE,0.215281321316359
-0.0403299840110799,-0.0414228839052593,-1.79504335292213,0.0731944447025688,0.333610369687598,-4.26889525296684,1124,"1124","Energy","TCA Cycle",1479,"NAMED","KRKNYBCHXYNGOX-UHFFFAOYSA-N","OC(CC(CC(O)=O)(O)C(O)=O)=O","citrate","citrate","77-92-9",305,"HMDB0000094","C00158",311,NA,NA,NA,1564,1564,1564,209,209,209,124575,124575,124575,"Neg","Neg","Neg",124575,1564,209,"Neg",TRUE,FALSE,TRUE,-0.213580094861245
-0.13065506037433,-0.0480489973449499,-1.79216847578428,0.0736542374634956,0.333610369687598,-4.27346661025988,100008930,"100008930","Lipid","Long Chain Monounsaturated Fatty Acid",1578,"NAMED","ZQPPMHVWECSIRJ-KTKRTIGZSA-N","OC(CCCCCCC/C=C\CCCCCCCC)=O","oleate/vaccenate (18:1)","oleate/vaccenate (18:1)",NA,NA,"HMDB0003231,HMDB0000573,HMDB0240219,HMDB0000207","C21944,C08367,C01712,C00712",5.28276163751752e+25,NA,NA,NA,52285,52285,52285,209,209,209,164313,164313,164313,"Neg","Neg","Neg",164313,52285,209,"Neg",TRUE,FALSE,TRUE,-0.213238032631485
-0.148801767230889,-0.0709561904435845,-1.76882469743543,0.0774760462033168,0.346656058111987,-4.3103178211733,100000781,"100000781","Lipid","Fatty Acid Metabolism (Acyl Carnitine, Medium Chain)",1889,"NAMED","VVPRQWTYSNDTEA-UHFFFAOYSA-N","O=C(CCCCC)OC(CC([O-])=O)C[N+](C)(C)C","hexanoylcarnitine (C6)","hexanoylcarnitine (C6)","6920-35-0",4932273,"HMDB0000756",NA,6426853,NA,NA,NA,32328,32328,32328,400,400,400,155906,155906,155906,"Pos Early","Pos Early","Pos Early",155906,32328,400,"Pos Early",TRUE,FALSE,TRUE,-0.21046051397933
0.155612367679735,-0.0662616504014239,1.76228966910504,0.0785745073344484,0.346656058111987,-4.32054874605888,100006361,"100006361","Amino Acid","Tyrosine Metabolism",230,"NAMED","NZKRYJGNYPYXJZ-UHFFFAOYSA-N","NCCC1=CC(OS(=O)(O)=O)=C(O)C=C1","dopamine 3-O-sulfate","dopamine 3-O-sulfate",NA,108936,"HMDB0006275","C13690",122136,NA,NA,NA,48407,48407,48407,209,209,209,155061,155061,155061,"Neg","Neg","Neg",155061,48407,209,"Neg",FALSE,TRUE,TRUE,0.2096829550594
-0.248227911467224,-0.0768629572219928,-1.75240680994742,0.0802598096073384,0.346656058111987,-4.33594982698793,100002796,"100002796","Lipid","Medium Chain Fatty Acid",1540,"NAMED","XKZKQTCECFWKBN-SREVYHEPSA-N","OC(CC\C=C/CCCCC)=O","cis-4-decenoate (10:1n6)*","cis-4-decenoate (10:1n6)*","505-90-8",4471776,"HMDB0004980",NA,5282726,NA,NA,NA,62873,62873,62873,209,209,209,220667,220667,220667,"Neg","Neg","Neg",220667,62873,209,"Neg",TRUE,FALSE,TRUE,-0.2085070603419
0.0773117539914098,-0.0573407428987604,1.74896180805532,0.0808541547638672,0.346656058111987,-4.34129828284239,100001556,"100001556","Lipid","Lysophospholipid",2664,"NAMED","SULIDBRAXVDKBU-AYZYJWAHSA-N","OC[C@H](OC(CCCCCCC/C=C\CCCCCCCC)=O)COP(OCC[N+](C)(C)C)([O-])=O","2-oleoyl-GPC (18:1)*","2-oleoyl-GPC (18:1)*",NA,21403159,"HMDB0061701",NA,24779494,"LPC 18:1","LPC 18:1","LPC 0:0/18:1",48259,48259,48259,209,209,209,154240,154240,154240,"Neg","Neg","Neg",154240,48259,209,"Neg",TRUE,FALSE,TRUE,0.208097162815072
0.0910869535238462,-0.116808338576312,1.74790912359846,0.0810364811170879,0.346656058111987,-4.34293052944747,100009122,"100009122","Lipid","Phosphatidylcholine (PC)",2317,"NAMED","ZSWHHKKYMMYPPD-MSZSINMWSA-N","O=C(CCCCCCCCCCCCCC)OC[C@]([H])(COP(OCC[N+](C)(C)C)([O-])=O)OC(CCC/C=C\C/C=C\C/C=C\C/C=C\CCCCC)=O","1-pentadecanoyl-2-arachidonoyl-GPC (15:0/20:4)*","1-pentadecanoyl-2-arachidonoyl-GPC (15:0/20:4)*",NA,24766624,"HMDB0007949",NA,52922330,"PC 35:4","PC 15:0_20:4","Unknown",53194,53194,53194,402,402,402,166624,166624,166624,"Pos Late","Pos Late","Pos Late",166624,53194,402,"Pos Late",TRUE,FALSE,TRUE,0.207971910995505
-0.321704365296116,-0.645185472110632,-1.73617093756846,0.0830923089762292,0.3515443841302,-4.36106548336965,100001108,"100001108","Xenobiotics","Xanthine Metabolism",4806,"NAMED","GMSNIKWWOQHZGF-UHFFFAOYSA-N","O=C1N(C)C2=C(N=CN2)C(N1)=O","3-methylxanthine","3-methylxanthine","1076-22-8",63805,"HMDB0001886","C16357",70639,NA,NA,NA,32445,32445,32445,209,209,209,125834,125834,125834,"Neg","Neg","Neg",125834,32445,209,"Neg",TRUE,FALSE,TRUE,-0.206575263453982
-0.308138012323748,-0.477815532353216,-1.71675168698116,0.0865862667116968,0.362344703086992,-4.39080223957401,100001743,"100001743","Amino Acid","Tryptophan Metabolism",271,"NAMED","AOHCBEAZXHZMOR-ZDUSSCGKSA-N","O=C([O-])[C@@H]([N@+](C)(C)C)CC1=CNC2=C1C=CC=C2","tryptophan betaine","tryptophan betaine","20671-76-5",390633,"HMDB0061115","C09213",442106,NA,NA,NA,37097,37097,37097,400,400,400,156317,156317,156317,"Pos Early","Pos Early","Pos Early",156317,37097,400,"Pos Early",TRUE,TRUE,TRUE,-0.20426469787582
0.13703495252893,-0.0890423850090743,1.71076970347429,0.0876862154442816,0.363002074688693,-4.39989587916157,100001651,"100001651","Lipid","Lysophospholipid",2725,"NAMED","NOVZJYYJYIFXJC-MZMPXXGTSA-N","OC[C@@H](OC(CCCCCCC\C=C/CCCCCCCC)=O)COP(OCC[NH3+])([O-])=O","2-oleoyl-GPE (18:1)*","2-oleoyl-GPE (18:1)*",NA,NA,"HMDB0011476",NA,NA,"LPE 18:1","LPE 18:1","LPE 0:0/18:1",45455,45455,45455,209,209,209,142789,142789,142789,"Neg","Neg","Neg",142789,45455,209,"Neg",TRUE,FALSE,TRUE,0.203552942027263
0.102371347945578,0.0105628237373624,1.66924575623061,0.095636424154806,0.388701625877882,-4.46215451862255,100001674,"100001674","Lipid","Lysophospholipid",2740,"NAMED","YWOCITMXHHTBAW-XSQXPFHXSA-N","OC[C@](OC(CCC\C=C/C\C=C/C/C=C\C/C=C\CCCCC)=O)([H])COP(OCCN)(O)=O","2-arachidonoyl-GPE (20:4)*","2-arachidonoyl-GPE (20:4)*",NA,NA,"HMDB0011487",NA,53480936,"LPE 20:4","LPE 20:4","LPE 0:0/20:4",32815,32815,32815,209,209,209,142522,142522,142522,"Neg","Neg","Neg",142522,32815,209,"Neg",TRUE,FALSE,TRUE,0.198612287765693
-0.132848711722009,0.0327256259317092,-1.66393553744897,0.0966936010672575,0.388701625877882,-4.47000727997864,100001181,"100001181","Lipid","Long Chain Polyunsaturated Fatty Acid (n3 and n6)",1607,"NAMED","YUFFSWGQGVEMMI-JLNKQSITSA-N","O=C(O)CCCCC/C=C\C/C=C\C/C=C\C/C=C\C/C=C\CC","docosapentaenoate (n3 DPA; 22:5n3)","docosapentaenoate (DPA; 22:5n3)","2234-74-4",NA,"HMDB0006528,HMDB0001976","C16513",6441454,NA,NA,NA,32504,32504,32504,209,209,209,125862,125862,125862,"Neg","Neg","Neg",125862,32504,209,"Neg",TRUE,FALSE,TRUE,-0.197980460668442
-0.0782819995722445,0.105374764872072,-1.6603821798563,0.0974062355890527,0.388701625877882,-4.4752481733715,100009002,"100009002","Lipid","Plasmalogen",2859,"NAMED","UUYSKERSKRMYME-MAIXUNBTSA-N","[H][C@](OC(CCC/C=C\C/C=C\C/C=C\C/C=C\CCCCC)=O)(COP(OCCN)(O)=O)CO/C=C\CCCCCCCCCCCCCC","1-(1-enyl-palmitoyl)-2-arachidonoyl-GPE (P-16:0/20:4)*","1-(1-enyl-palmitoyl)-2-arachidonoyl-GPE (P-16:0/20:4)*",NA,24769238,"HMDB0011352",NA,52925126,"PE O-36:5","PE P-16:0_20:4","PE P-16:0/20:4",52673,52673,52673,402,402,402,165435,165435,165435,"Pos Late","Pos Late","Pos Late",165435,52673,402,"Pos Late",TRUE,FALSE,TRUE,-0.197557670628033
-0.259493658344605,-0.126592440950795,-1.65777087710255,0.0979326174289729,0.388701625877882,-4.47909255448786,100002015,"100002015","Lipid","Progestin Steroids",3349,"NAMED","LSQGWMYMIHQKSA-UHFFFAOYSA-N","CC(OS(=O)(O)=O)C1CCC2C3CCC4CC(OS(=O)(O)=O)CCC4(C)C3CCC21C","5alpha-pregnan-diol disulfate","5alpha-pregnan-diol disulfate",NA,4302261,"HMDB0240581,HMDB0240582",NA,30822775127902,NA,NA,NA,46172,46172,46172,209,209,209,144285,144285,144285,"Neg","Neg","Neg",144285,46172,209,"Neg",TRUE,FALSE,TRUE,-0.197246969335526
0.0869981440480924,-0.0046948479911331,1.6416029617921,0.101242638681831,0.396066905517141,-4.50276184935029,93,"93","Energy","TCA Cycle",1485,"NAMED","KPGXRSRHYNQIFN-UHFFFAOYSA-N","O=C(C(O)=O)CCC(O)=O","alpha-ketoglutarate","alpha-ketoglutarate","328-50-7,22202-68-2,305-72-6",50,"HMDB0000208","C00026",51,NA,NA,NA,528,528,528,305,305,305,146398,146398,146398,"Polar","Polar","Polar",146398,528,305,"Polar",TRUE,FALSE,TRUE,0.195323258200587
0.0838909631603783,0.06489780095198,1.63737813730016,0.102122143152462,0.396066905517141,-4.50890903862137,100009146,"100009146","Lipid","Phosphatidylcholine (PC)",2381,"NAMED","AXZGUCXCTZMPTR-UVGACIQRSA-N","O=C(CCCCCCCCCCCCCCCCC)OC[C@]([H])(COP(OCC[N+](C)(C)C)([O-])=O)OC(CCCCC/C=C\C/C=C\C/C=C\C/C=C\CCCCC)=O","1-stearoyl-2-adrenoyl-GPC (18:0/22:4)*","1-stearoyl-2-adrenoyl-GPC (18:0/22:4)*","137254-39-8",24766718,"HMDB0008054",NA,24778868,"PC 40:4","PC 18:0_22:4","Unknown",55061,55061,55061,402,402,402,208175,208175,208175,"Pos Late","Pos Late","Pos Late",208175,55061,402,"Pos Late",TRUE,FALSE,TRUE,0.194820574845173
-0.159284863160858,-0.0332320735035706,-1.62726711084773,0.104251773890826,0.396066905517141,-4.52355711612389,100006726,"100006726","Lipid","Endocannabinoid",2227,"NAMED","KQXDGUVSAAQARU-HZJYTTRNSA-N","CCCCC/C=C\C/C=C\CCCCCCCC(NCCO)=O","linoleoyl ethanolamide (18:2)","linoleoyl ethanolamide (18:2)","68171-52-8",4446566,"HMDB0012252",NA,5283446,NA,NA,NA,52608,52608,52608,209,209,209,166573,166573,166573,"Neg","Neg","Neg",166573,52608,209,"Neg",TRUE,FALSE,TRUE,-0.193617532041032
-0.130564951197069,-0.124233224460616,-1.62416242515305,0.104912748599895,0.396066905517141,-4.52803693160771,100009125,"100009125","Lipid","Phosphatidylcholine (PC)",2364,"NAMED","KSRURLYJRNYEOH-SHHFQLSYSA-N","O=C(CCCCCCCCCCCCCCCC)OC[C@]([H])(COP(OCC[N+](C)(C)C)([O-])=O)OC(CC/C=C\C/C=C\C/C=C\C/C=C\C/C=C\C/C=C\CC)=O","1-margaroyl-2-docosahexaenoyl-GPC (17:0/22:6)*","1-margaroyl-2-docosahexaenoyl-GPC (17:0/22:6)*",NA,24822432,NA,NA,NA,"PC 39:6","PC 17:0_22:6","Unknown",53198,53198,53198,402,402,402,166628,166628,166628,"Pos Late","Pos Late","Pos Late",166628,53198,402,"Pos Late",TRUE,FALSE,TRUE,-0.193248126441939
-0.145391410596182,-0.0168745046518454,-1.62407217935619,0.104932011331814,0.396066905517141,-4.52816702254164,100002126,"100002126","Lipid","Androgenic Steroids",3407,"NAMED","ALBNSVAJDFJRKQ-UAFBDMIJSA-N","O=C1[C@H](O)CC2C3CC=C4C[C@@H](OS(=O)(O)=O)CC[C@]4(C)C3CC[C@@]21C","16alpha-hydroxy DHEA 3-sulfate","16alpha-hydroxy DHEA 3-sulfate",NA,NA,"HMDB0062544",NA,20848950,NA,NA,NA,38168,38168,38168,209,209,209,143871,143871,143871,"Neg","Neg","Neg",143871,38168,209,"Neg",TRUE,FALSE,TRUE,-0.193237388703587
-0.119820623185117,0.0334904337540927,-1.58894202490889,0.112646803531404,0.415655358010247,-4.57826435516551,432,"432","Cofactors and Vitamins","Nicotinate and Nicotinamide Metabolism",4507,"NAMED","DFPAKSUCGFBDDF-UHFFFAOYSA-N","NC(C1=CN=CC=C1)=O","nicotinamide","nicotinamide","98-92-0",911,"HMDB0001406","C00153",936,NA,NA,NA,594,594,594,400,400,400,155332,155332,155332,"Pos Early","Pos Early","Pos Early",155332,594,400,"Pos Early",TRUE,FALSE,TRUE,-0.189057488698871
-0.15952170355217,-0.209483630461399,-1.58742787678858,0.112989139207961,0.415655358010247,-4.58039923059192,100000015,"100000015","Amino Acid","Tryptophan Metabolism",285,"NAMED","FBZONXHGGPHHIY-UHFFFAOYSA-N","OC1=C2C(C(O)=CC(C(O)=O)=N2)=CC=C1","xanthurenate","xanthurenate","59-007",5497,"HMDB0000881","C02470",5699,NA,NA,NA,15679,15679,15679,400,400,209,155571,155571,123267,"Pos Early","Pos Early","Neg",155571,15679,400,"Pos Early",TRUE,FALSE,TRUE,-0.18887733043214
0.102187739917677,0.101121197582087,1.58253864809721,0.114100166695893,0.415655358010247,-4.58727904890725,1526,"1526","Lipid","Phosphatidylethanolamine (PE)",2453,"NAMED","FHQVHHIBKUMWTI-OTMQOFQLSA-N","CCCCCCCC\C=C/CCCCCCCC(O[C@](COC(CCCCCCCCCCCCCCC)=O)(COP([O-])(OCC[N+]([H])([H])[H])=O)[H])=O","1-palmitoyl-2-oleoyl-GPE (16:0/18:1)","1-palmitoyl-2-oleoyl-GPE (16:0/18:1)","26662-94-2",4446615,"HMDB0005320",NA,5283496,"PE 34:1","PE 16:0_18:1","Unknown",19263,19263,19263,402,402,402,164198,164198,164198,"Pos Late","Pos Late","Pos Late",164198,19263,402,"Pos Late",TRUE,FALSE,TRUE,0.188295594104713
-0.16471392634528,0.0336174219488222,-1.579082520633,0.1148907261837,0.415655358010247,-4.59212962166256,100020261,"100020261","Partially Characterized Molecules","Partially Characterized Molecules",6707,"NAMED",NA,NA,"glutamine conjugate of C6H10O2 (1)*","glutamine conjugate of C6H10O2 (1)*",NA,NA,NA,NA,NA,NA,NA,NA,63657,63657,63657,209,209,209,223045,223045,223045,"Neg","Neg","Neg",223045,63657,209,"Neg",FALSE,TRUE,TRUE,-0.18788437282114
0.0496785056085875,-0.0222403873199493,1.57344671158732,0.116189129739816,0.415655358010247,-4.60001679381517,100001571,"100001571","Lipid","Lysophospholipid",2739,"NAMED","ROPRRXYVXLDXQO-XSQXPFHXSA-N","NCCOP(OC[C@@](O)([H])COC(CCC\C=C/C\C=C/C/C=C\C/C=C\CCCCC)=O)(O)=O","1-arachidonoyl-GPE (20:4n6)*","1-arachidonoyl-GPE (20:4n6)*",NA,21403171,"HMDB0011517",NA,42607465,"LPE 20:4","LPE 20:4(5,8,11,14)","LPE 20:4(5,8,11,14)/0:0",35186,35186,35186,402,402,402,158719,158719,158719,"Pos Late","Pos Late","Pos Late",158719,35186,402,"Pos Late",TRUE,FALSE,TRUE,0.18721380593559
0.0817630708395397,0.0236382241071999,1.56962534330386,0.11707607209848,0.415655358010247,-4.60534881810423,100001654,"100001654","Lipid","Lysophospholipid",2786,"NAMED","LXUGKKVCSTYZFK-OSKOXSHBSA-N","[H]C(C(O)(C(O)([C@](O)1[H])[H])[H])([C@@](OP(O)(OC[C@@]([H])(COC(CCC/C=C\C/C=C\C/C=C\C/C=C\CCCCC)=O)O)=O)([C@]1(O)[H])[H])O","1-arachidonoyl-GPI (20:4)*","1-arachidonoyl-GPI (20:4)*",NA,NA,"HMDB0061690",NA,121596217,"LPI 20:4","LPI 20:4","LPI 20:4/0:0",34214,34214,34214,209,209,209,142524,142524,142524,"Neg","Neg","Neg",142524,34214,209,"Neg",TRUE,FALSE,TRUE,0.186759127111731
-0.0622766617208979,-0.032910969089189,-1.56508045466342,0.118137874235592,0.415655358010247,-4.61167366981917,100009130,"100009130","Lipid","Phosphatidylcholine (PC)",2403,"NAMED","FPEVDFOXMCHLKL-KFDYCXSYSA-N","O=C(CCCCCCC/C=C\CCCCCCCC)OC[C@]([H])(COP(OCC[N+](C)(C)C)([O-])=O)OC(CC/C=C\C/C=C\C/C=C\C/C=C\C/C=C\C/C=C\CC)=O","1-oleoyl-2-docosahexaenoyl-GPC (18:1/22:6)*","1-oleoyl-2-docosahexaenoyl-GPC (18:1/22:6)*",NA,24766785,"HMDB0008123",NA,24778955,"PC 40:7","PC 18:1_22:6","Unknown",52697,52697,52697,402,402,402,165470,165470,165470,"Pos Late","Pos Late","Pos Late",165470,52697,402,"Pos Late",TRUE,FALSE,TRUE,-0.186218361483214
0.155890044377128,-0.0155702409086015,1.56243807993932,0.118758673717213,0.415655358010247,-4.61534255744263,100001655,"100001655","Lipid","Lysophospholipid",2772,"NAMED","UOXRPRZMAROFPH-AQFLIPHUSA-N","[H]C(C(O)(C(O)([C@](O)1[H])[H])[H])([C@@](OP(O)(OC[C@@]([H])(COC(CCCCCCCCCCCCCCC)=O)O)=O)([C@]1(O)[H])[H])O","1-palmitoyl-GPI (16:0)","1-palmitoyl-GPI (16:0)",NA,NA,"HMDB0061695",NA,71296207,"LPI 16:0","LPI 16:0","LPI 16:0/0:0",35305,35305,35305,209,209,209,146820,146820,146820,"Neg","Neg","Neg",146820,35305,209,"Neg",TRUE,FALSE,TRUE,0.185903963146643
0.0932531629606758,-0.0721111312006855,1.55644259207298,0.120176763342387,0.415827729164045,-4.62364441224492,100005673,"100005673","Lipid","Lysophospholipid",2695,"NAMED","YBUXFQUGNPBZPS-TYBLUDCLSA-N","O=C(OC[C@@](O)([H])COP(OCC[N+](C)(C)C)([O-])=O)CC/C=C/C/C=C\C/C=C\C/C=C\C/C=C\CCCCC","1-docosapentaenoyl-GPC (22:5n6)*","1-docosapentaenoyl-GPC (22:5n6)*",NA,NA,"HMDB0010402",NA,NA,"LPC 22:5","LPC 22:5(4,7,10,13,16)","LPC 22:5(4,7,10,13,16)/0:0",45675,45675,45675,402,402,402,159648,159648,159648,"Pos Late","Pos Late","Pos Late",159648,45675,402,"Pos Late",TRUE,FALSE,TRUE,0.185190600505485
0.0584911808120124,-0.0457821115965969,1.54787663631849,0.122225861205882,0.415827729164045,-4.63545071074912,100009035,"100009035","Lipid","Phosphatidylcholine (PC)",2316,"NAMED","DGBYUHHIADYUMU-UESLNCBNSA-N","O=C(CCCCCCCCCCCCCC)OC[C@]([H])(COP(OCC[N+](C)(C)C)([O-])=O)OC(CCCCCCC/C=C\C/C=C\CCCCC)=O","1-pentadecanoyl-2-linoleoyl-GPC (15:0/18:2)*","1-pentadecanoyl-2-linoleoyl-GPC (15:0/18:2)*",NA,24766615,"HMDB0007940",NA,24778664,"PC 33:2","PC 15:0_18:2","Unknown",52497,52497,52497,402,402,402,165189,165189,165189,"Pos Late","Pos Late","Pos Late",165189,52497,402,"Pos Late",TRUE,FALSE,TRUE,0.184171395236909
0.0959345724164848,0.0349925602801131,1.54486617710429,0.122952473352051,0.415827729164045,-4.63958464664508,100008976,"100008976","Lipid","Phosphatidylethanolamine (PE)",2474,"NAMED","YDTWOEYVDRKKCR-KNERPIHHSA-N","O=C(CCCCCCCCCCCCCCCCC)OC[C@]([H])(COP(OCCN)(O)=O)OC(CCCCCCC/C=C\C/C=C\CCCCC)=O","1-stearoyl-2-linoleoyl-GPE (18:0/18:2)*","1-stearoyl-2-linoleoyl-GPE (18:0/18:2)*",NA,7825699,"HMDB0008994",NA,9546749,"PE 36:2","PE 18:0_18:2","Unknown",52446,52446,52446,402,402,402,165108,165108,165108,"Pos Late","Pos Late","Pos Late",165108,52446,402,"Pos Late",TRUE,FALSE,TRUE,0.183813201010849
0.0493709221573479,0.0535901911649821,1.54414016536614,0.12312821071351,0.415827729164045,-4.64058040659483,100008904,"100008904","Lipid","Phosphatidylcholine (PC)",2367,"NAMED","ATHVAWFAEPLPPQ-VRDBWYNSSA-N","O=C(CCCCCCCCCCCCCCCCC)OC[C@]([H])(COP(OCC[N+](C)(C)C)([O-])=O)OC(CCCCCCC/C=C\CCCCCCCC)=O","1-stearoyl-2-oleoyl-GPC (18:0/18:1)","1-stearoyl-2-oleoyl-GPC (18:0/18:1)","56421-10-4",24766704,"HMDB0008038",NA,24778825,"PC 36:1","PC 18:0_18:1","Unknown",52438,52438,52438,402,402,402,164562,164562,164562,"Pos Late","Pos Late","Pos Late",164562,52438,402,"Pos Late",TRUE,FALSE,TRUE,0.183726817773557
0.0590628186705703,-0.0112189084824779,1.51645669130911,0.129977106608163,0.435140748209937,-4.67820369798868,100005985,"100005985","Lipid","Sphingomyelins",3178,"NAMED","SOWIKWJDPCEPOJ-IOBWIPHESA-N","CCCC/C=C/CCCCCCCC(N[C@@](COP([O-])(OCC[N+](C)(C)C)=O)([C@](O)(/C=C/CCCCCCCCCCCCC)[H])[H])=O","sphingomyelin (d18:2/14:0, d18:1/14:1)*","sphingomyelin (d18:2/14:0, d18:1/14:1)*",NA,NA,"HMDB0240637,HMDB0240612",NA,NA,"SM 32:2;O2","Unknown","Unknown",47154,47154,47154,402,402,402,164532,164532,164532,"Pos Late","Pos Late","Pos Late",164532,47154,402,"Pos Late",TRUE,FALSE,TRUE,0.180432948015167
-0.225832338065472,-0.375712318922429,-1.50002406590256,0.134180637964249,0.445340910484791,-4.70021755000698,100009332,"100009332","Lipid","Fatty Acid Metabolism (Acyl Choline)",1997,"NAMED","XUWOVXDQNYUPNL-WYTUUNCASA-N","O=C(CCC/[C-]=C/C/C=C/C/C=C/C/C=C/CCCCC)OCC[N+](C)(C)C","arachidonoylcholine","arachidonoylcholine",NA,NA,"HMDB0240583",NA,122198216,NA,NA,NA,53261,53261,53261,402,402,402,179347,179347,179347,"Pos Late","Pos Late","Pos Late",179347,53261,402,"Pos Late",TRUE,FALSE,TRUE,-0.178477740812267
0.15952354724168,-0.0360149785443706,1.48910914093922,0.137030476933296,0.448107952687725,-4.71470828235512,100010923,"100010923","Lipid","Diacylglycerol",3004,"NAMED","KRECEGQUDDMNAQ-MYBRWWDOSA-N","OC[C@](COC(CCCCCCC/C=C\C/C=C\CCCCC)=O)([H])OC(CCC/C=C\C/C=C\C/C=C\C/C=C\CCCCC)=O","linoleoyl-arachidonoyl-glycerol (18:2/20:4) [2]*","linoleoyl-arachidonoyl-glycerol (18:2/20:4) [2]*",NA,NA,"HMDB0007509",NA,9543796,"DG 38:6","DG 18:2_20:4","Unknown",54956,54956,54956,402,402,402,208041,208041,208041,"Pos Late","Pos Late","Pos Late",208041,54956,402,"Pos Late",TRUE,FALSE,TRUE,0.177179047549356
-0.201316843769735,-0.0502828013179091,-1.48792601426715,0.137342177706887,0.448107952687725,-4.71627270919095,100002021,"100002021","Lipid","Androgenic Steroids",3457,"NAMED","JHFAETDERBWUOO-ILSMVHKQSA-N","O=S(O[C@@H]1CCC2C3CC[C@@]4([H])C[C@@H](OS(=O)(O)=O)CC[C@]4(C)C3CC[C@@]21C)(O)=O","5alpha-androstan-3beta,17alpha-diol disulfate","5alpha-androstan-3beta,17alpha-diol disulfate",NA,NA,"HMDB0240625",NA,56639109,NA,NA,NA,37187,37187,37187,209,209,209,144291,144291,144291,"Neg","Neg","Neg",144291,37187,209,"Neg",TRUE,FALSE,TRUE,-0.17703827529088
-0.10907582749078,-0.153760549135888,-1.47447288283336,0.140925144971652,0.455934292555345,-4.73397485267491,207,"207","Nucleotide","Purine Metabolism, Adenine containing",4345,"NAMED","IVOMOUWHDPKRLL-UHFFFAOYSA-N","NC1=NC=NC2=C1N=CN2C3OC(CO4)C(OP4(O)=O)C3O","adenosine 3',5'-cyclic monophosphate (cAMP)","adenosine 3',5'-cyclic monophosphate (cAMP)","60-92-4",268,"HMDB0000058","C00575",6076,NA,NA,NA,2831,2831,2831,209,209,209,123233,123233,123233,"Neg","Neg","Neg",123233,2831,209,"Neg",TRUE,FALSE,TRUE,-0.175437577968928
0.0742091498117967,-0.0828224481071558,1.45064700270124,0.147446922936768,0.472527785119383,-4.76493473170021,100001409,"100001409","Nucleotide","Purine Metabolism, (Hypo)Xanthine/Inosine containing",4329,"NAMED","WJNGQIYEQLPJMN-UHFFFAOYSA-N","OC(C1O)C(OC1CO)N(C=N2)C(N=CN3C)=C2C3=O","N1-methylinosine","N1-methylinosine","20245-33-4",513976,"HMDB0002721",NA,650095,NA,NA,NA,48351,48351,48351,400,400,400,179271,179271,179271,"Pos Early","Pos Early","Pos Early",179271,48351,400,"Pos Early",TRUE,FALSE,TRUE,0.172602697279007
0.0627583992232397,-0.0441684601536079,1.44059447883243,0.150266981162391,0.472527785119383,-4.77784719542855,100001553,"100001553","Lipid","Lysophospholipid",2679,"NAMED","YYQVCMMXPIJVHY-ZOIJLGJPSA-N","C[N+](C)(C)CCOP(OC[C@@](O)([H])COC(CCCCCCCCC/C=C\C/C=C\CCCCC)=O)([O-])=O","1-dihomo-linoleoyl-GPC (20:2)*","1-eicosadienoyl-GPC* (20:2)*",NA,21403157,"HMDB0010392",NA,NA,"LPC 20:2","LPC 20:2","LPC 20:2/0:0",33871,33871,33871,402,402,402,158577,158577,158577,"Pos Late","Pos Late","Pos Late",158577,33871,402,"Pos Late",TRUE,FALSE,TRUE,0.17140661530249
0.0980078820955905,0.0401949133121576,1.43766850782477,0.151095511056946,0.472527785119383,-4.78158887377613,100001856,"100001856","Lipid","Phosphatidylethanolamine (PE)",2470,"NAMED","JQKOHRZNEOQNJE-AYBNWLFXSA-N","O=C(CCCCCCC/C=C/CCCCCCCC)O[C@@H](COP(OCCN)(O)=O)COC(CCCCCCCCCCCCCCCCC)=O","1-stearoyl-2-oleoyl-GPE (18:0/18:1)","1-stearoyl-2-oleoyl-GPE (18:0/18:1)",NA,NA,"HMDB0008993",NA,9546742,"PE 36:1","PE 18:0_18:1","Unknown",42448,42448,42448,402,402,402,164202,164202,164202,"Pos Late","Pos Late","Pos Late",164202,42448,402,"Pos Late",TRUE,FALSE,TRUE,0.171058473757965
-0.0886646947474187,-0.13580593779205,-1.43355841927569,0.152265229603434,0.472527785119383,-4.78683203802499,100002067,"100002067","Lipid","Pregnenolone Steroids",3327,"NAMED","MENQCIVHHONJLU-UHFFFAOYSA-N","CC(C1CCC2C3CCC4CC(OS(O)(=O)=O)CCC4(C3CCC12C)C)=O","pregnenediol sulfate (C21H34O5S)*","pregnenediol sulfate (C21H34O5S)*","1247-64-9",13465233,NA,NA,NA,NA,NA,NA,32619,32619,32619,209,209,209,149838,149838,149838,"Neg","Neg","Neg",149838,32619,209,"Neg",TRUE,FALSE,TRUE,-0.170569442058105
0.0344567263211819,-0.0271196750102649,1.43350643459101,0.152280068422859,0.472527785119383,-4.78689825859293,100008914,"100008914","Lipid","Phosphatidylcholine (PC)",2342,"NAMED","IIZPXYDJLKNOIY-JXPKJXOSSA-N","CCCCCCCCCCCCCCCC(OC[C@@]([H])(OC(CCC/C=C\C/C=C\C/C=C\C/C=C\CCCCC)=O)COP([O-])(OCC[N+](C)(C)C)=O)=O","1-palmitoyl-2-arachidonoyl-GPC (16:0/20:4n6)","1-palmitoyl-2-arachidonoyl-GPC (16:0/20:4n6)","35418-58-7",8923140,"HMDB0007982","C05208",10747814,"PC 36:4","PC 16:0_20:4(5,8,11,14)","Unknown",52462,52462,52462,402,402,402,165128,165128,165128,"Pos Late","Pos Late","Pos Late",165128,52462,402,"Pos Late",TRUE,FALSE,TRUE,0.17056325675129
-0.11053988422825,0.00222447817184629,-1.42845302980481,0.153727817578988,0.472527785119383,-4.79332415764847,100001335,"100001335","Lipid","Long Chain Monounsaturated Fatty Acid",1588,"NAMED","BITHHVVYSMSWAG-KTKRTIGZSA-N","O=C(O)CCCCCCCCC/C=C\CCCCCCCC","eicosenoate (20:1)","eicosenoate (20:1n9 or 1n11)",NA,4445895,"HMDB0002231,HMDB0062436","C16526",5282768528276989952,NA,NA,NA,33587,33587,33587,209,209,209,143715,143715,143715,"Neg","Neg","Neg",143715,33587,209,"Neg",TRUE,FALSE,TRUE,-0.169961986218268
-0.0441681464012043,-0.0744288294543325,-1.42487910769562,0.15475802764648,0.472527785119383,-4.79785516204793,100001359,"100001359","Energy","TCA Cycle",1481,"NAMED",NA,NA,"aconitate [cis or trans]","aconitate [cis or trans]",NA,NA,"HMDB0000958,HMDB000072","C004174,C02341",444212643757,NA,NA,NA,46173,46173,46173,209,209,209,144239,144239,144239,"Neg","Neg","Neg",144239,46173,209,"Neg",TRUE,FALSE,TRUE,-0.169536749344816
-0.0570020991624219,0.017320067392076,-1.42103217599973,0.155872801844576,0.472527785119383,-4.80271970580954,100015687,"100015687","Lipid","Phosphatidylethanolamine (PE)",2493,"NAMED","XWVCHGXTKMKQBL-RGNSOIIYSA-N","O=C(CCC/C=C\C/C=C\C/C=C\C/C=C\CCCCC)OC(COP(OCCN)(O)=O)CO/C=C/CCCCCC/C=C\CCCCCCCC","phosphatidylethanolamine (P-18:1/20:4, P-16:0/22:5n3)*","phosphatidylethanolamine (P-18:1/20:4, P-16:0/22:5n3)*",NA,NA,"HMDB0011360",NA,53480850,"PE O-38:6","Unknown","Unknown",57411,57411,57411,402,402,402,211060,211060,211060,"Pos Late","Pos Late","Pos Late",211060,57411,402,"Pos Late",TRUE,FALSE,TRUE,-0.169079028903025
-0.0990014877909009,-0.153647991235538,-1.40954012595457,0.15923939191891,0.478962233506095,-4.81717400294506,100001197,"100001197","Lipid","Medium Chain Fatty Acid",1545,"NAMED","FRPZMMHWLSIFAZ-UHFFFAOYSA-N","O=C(CCCCCCCCC=C)O[H]","10-undecenoate (11:1n1)","10-undecenoate (11:1n1)","1333-28-4",10771160,"HMDB0033724","C13910",14891,NA,NA,NA,32497,32497,32497,209,209,209,125854,125854,125854,"Neg","Neg","Neg",125854,32497,209,"Neg",TRUE,FALSE,TRUE,-0.167711667421309
-0.0655097620106821,-0.0216903684610439,-1.39437692771914,0.163765489655437,0.488757469126693,-4.83606756642551,980,"980","Lipid","Long Chain Saturated Fatty Acid",1554,"NAMED","WQEPLUUGTLDZJY-UHFFFAOYSA-N","O=C(O)CCCCCCCCCCCCCC","pentadecanoate (15:0)","pentadecanoate (15:0)","10002-84-2,1002-84-2",13249,"HMDB0000826","C16537",13849,NA,NA,NA,1361,1361,1361,209,209,209,125726,125726,125726,"Neg","Neg","Neg",125726,1361,209,"Neg",TRUE,FALSE,TRUE,-0.165907500790876
0.0912784546189501,0.0187341455548103,1.37431124982306,0.169903518081103,0.502008113009667,-4.86075798783766,100009142,"100009142","Lipid","Phosphatidylcholine (PC)",2383,"NAMED","GLPAGCOJQYNMCC-NEEAVLKMSA-N","O=C(CCCCCCCCCCCCCCCCC)OC[C@]([H])(COP(OCC[N+](C)(C)C)([O-])=O)OC(CC/C=C\C/C=C\C/C=C\C/C=C\C/C=C\CCCCC)=O","1-stearoyl-2-docosapentaenoyl-GPC (18:0/22:5n6)*","1-stearoyl-2-docosapentaenoyl-GPC (18:0/22:5n6)*",NA,24766719,"HMDB0008055",NA,24778871,"PC 40:5","PC 18:0_22:5(4,7,10,13,16)","Unknown",52700,52700,52700,402,402,402,165473,165473,165473,"Pos Late","Pos Late","Pos Late",165473,52700,402,"Pos Late",TRUE,FALSE,TRUE,0.163520021189604
0.093658935469037,-0.103419354635328,1.37076903543473,0.17100479957521,0.502008113009667,-4.86507973095045,100001652,"100001652","Lipid","Lysophospholipid",2716,"NAMED","CKPBBEOJHAPPBT-HXUWFJFHSA-N","OC[C@@H](OC(CCCCCCCCCCCCCCC)=O)COP(OCC[NH3+])([O-])=O","2-palmitoyl-GPE (16:0)*","2-palmitoyl-GPE* (16:0)*",NA,NA,"HMDB0011473",NA,NA,"LPE 16:0","LPE 16:0","LPE 0:0/16:0",45452,45452,45452,209,209,209,142731,142731,142731,"Neg","Neg","Neg",142731,45452,209,"Neg",TRUE,FALSE,TRUE,0.163098557003881
-0.103215710201609,-0.088378270841873,-1.36114925015694,0.174022647711998,0.502008113009667,-4.87676067173826,100002761,"100002761","Lipid","Androgenic Steroids",3408,"NAMED","VFUIRAVTUVCQTF-BSOWLZGZSA-N","O[C@H]1[C@H](O)[C@@H]([C@](O)=O)O[C@@H](O[C@@H]2CC[C@@]3(C)[C@](CC[C@]4([H])[C@]3([H])CC[C@@]5(C)[C@@]4([H])CCC5=O)([H])C2)[C@@H]1O","androsterone glucuronide","androsterone glucuronide","1852-43-3",102793,"HMDB0002829","C11135",114833,NA,NA,NA,61846,61846,61846,209,209,209,218457,218457,218457,"Neg","Neg","Neg",218457,61846,209,"Neg",TRUE,FALSE,TRUE,-0.161953963672009
-0.0420872181773739,-0.058170398843008,-1.36040257876551,0.174258545739629,0.502008113009667,-4.87766391180454,100006379,"100006379","Amino Acid","Tryptophan Metabolism",268,"NAMED","CPXSBHKDEPPWIX-RAYCSJGISA-N","N[C@H](C(O)=O)CC1=C([C@H]([C@H]([C@@H](O)[C@@H]2O)O)O[C@@H]2CO)NC3=CC=CC=C13","C-glycosyltryptophan","C-glycosyltryptophan","180509-18-6",9157171,"HMDB0240296",NA,10981970,NA,NA,NA,48782,48782,48782,400,209,400,157831,155139,157831,"Pos Early","Neg","Pos Early",157831,48782,400,"Pos Early",TRUE,FALSE,TRUE,-0.161865122281993
-0.0743530472235163,0.00714384814078154,-1.35535671431753,0.175858980390614,0.502008113009667,-4.88375494240837,229,"229","Lipid","Long Chain Polyunsaturated Fatty Acid (n3 and n6)",1618,"NAMED","YZXBAPSDXZZRGB-DOFZRALJSA-N","CCCCC/C=C\C/C=C\C/C=C\C/C=C\CCCC(O)=O","arachidonate (20:4n6)","arachidonate (20:4n6)","506-32-1",392692,"HMDB0001043","C00219",444899,NA,NA,NA,1110,1110,1110,209,209,209,125971,125971,125971,"Neg","Neg","Neg",125971,1110,209,"Neg",TRUE,FALSE,TRUE,-0.161264748922931
-0.0744292034074839,0.0534866221377404,-1.35153774230944,0.177077561206164,0.502008113009667,-4.88835001311969,424,"424","Lipid","Long Chain Saturated Fatty Acid",1555,"NAMED","IPCSVZSSVZVIGE-UHFFFAOYSA-N","OC(CCCCCCCCCCCCCCC)=O","palmitate (16:0)","palmitate (16:0)","57-10-3",960,"HMDB0000220","C00249",985,NA,NA,NA,1336,1336,1336,209,209,209,125720,125720,125720,"Neg","Neg","Neg",125720,1336,209,"Neg",TRUE,FALSE,TRUE,-0.160810355215708
0.0531590782201375,-0.0119701250523005,1.34725816386396,0.178450597246011,0.502008113009667,-4.89348400255338,100001461,"100001461","Lipid","Lysophospholipid",2722,"NAMED","BBYWOYAFBUOUFP-JOCHJYFZSA-N","O=P(OCC[NH3+])([O-])OC[C@H](O)COC(CCCCCCCCCCCCCCCCC)=O","1-stearoyl-GPE (18:0)","1-stearoyl-GPE (18:0)","69747-55-3",7826018,"HMDB0011130",NA,9547068,"LPE 18:0","LPE 18:0","LPE 18:0/0:0",42398,42398,42398,402,402,402,159466,159466,159466,"Pos Late","Pos Late","Pos Late",159466,42398,402,"Pos Late",TRUE,FALSE,TRUE,0.160301157056865
0.0950094224747778,0.0532083059281709,1.3466801437967,0.178636653200843,0.502008113009667,-4.89417618440544,100001870,"100001870","Lipid","Phosphatidylethanolamine (PE)",2455,"NAMED","HBZNVZIRJWODIB-NHCUFCNUSA-N","O=C(CCCCCCC/C=C\C/C=C\CCCCC)O[C@@H](COP(OCCN)(O)=O)COC(CCCCCCCCCCCCCCC)=O","1-palmitoyl-2-linoleoyl-GPE (16:0/18:2)","1-palmitoyl-2-linoleoyl-GPE (16:0/18:2)",NA,7825697,"HMDB0005322",NA,9546747,"PE 34:2","PE 16:0_18:2","Unknown",42449,42449,42449,402,402,402,164197,164197,164197,"Pos Late","Pos Late","Pos Late",164197,42449,402,"Pos Late",TRUE,FALSE,TRUE,0.160232382349782
0.0588462465073904,0.0578988366169496,1.32947629538018,0.184240765805302,0.514005035036531,-4.91464286858373,100009141,"100009141","Lipid","Phosphatidylcholine (PC)",2382,"NAMED","MAAMGQXOTCBPFS-JPGWWKBXSA-N","O=C(CCCCCCCCCCCCCCCCC)OC[C@]([H])(COP(OCC[N+](C)(C)C)([O-])=O)OC(CCCCC/C=C\C/C=C\C/C=C\C/C=C\C/C=C\CC)=O","1-stearoyl-2-docosapentaenoyl-GPC (18:0/22:5n3)*","1-stearoyl-2-docosapentaenoyl-GPC (18:0/22:5n3)*",NA,24766720,"HMDB0008056",NA,24778873,"PC 40:5","PC 18:0_22:5(7,10,13,16,19)","Unknown",52699,52699,52699,402,402,402,165472,165472,165472,"Pos Late","Pos Late","Pos Late",165472,52699,402,"Pos Late",TRUE,FALSE,TRUE,0.158185412525462
-0.0645229137774396,-0.0555225244645676,-1.31711896233553,0.188345960747109,0.515736518613365,-4.92918261973132,267,"267","Lipid","Phospholipid Metabolism",2278,"NAMED","YHHSONZFOIEMCP-UHFFFAOYSA-N","C[N+](C)(CCOP(O)([O-])=O)C","choline phosphate","phosphocholine","72556-74-2",119298,"HMDB0001565","C00588",1014,NA,NA,NA,34396,34396,34396,400,400,400,156099,156099,156099,"Pos Early","Pos Early","Pos Early",156099,34396,400,"Pos Early",FALSE,TRUE,TRUE,-0.156715096858928
0.0485308471639626,0.0450825838244221,1.31572650735356,0.188812752952577,0.515736518613365,-4.93081254267121,823,"823","Carbohydrate","Glycolysis, Gluconeogenesis, and Pyruvate Metabolism",1278,"NAMED","LCTONWCANYUPML-UHFFFAOYSA-N","CC(C(O)=O)=O","pyruvate","pyruvate","127-17-3",96901,"HMDB0000243","C00022",1060,NA,NA,NA,48990,48990,48990,305,305,305,160586,160586,160586,"Polar","Polar","Polar",160586,48990,305,"Polar",TRUE,FALSE,TRUE,0.156549418037492
-0.245158427238213,-0.310759822110007,-1.31552573709508,0.188880127596064,0.515736518613365,-4.93104741087616,100021712,"100021712","Lipid","Secondary Bile Acid Metabolism",3552,"NAMED","GMRIQHBJNVMHJA-LLQZFEROSA-N","O[C@H]1C[C@]2([H])[C@]([C@@]3([H])C[C@H](OS(O)(=O)=O)[C@@]4(C)[C@](CC[C@@]4([C@H](C)CCC(O)=O)[H])([H])[C@]3([H])CC2)(C)CC1","deoxycholic acid 12-sulfate*","deoxycholic acid 12-sulfate*",NA,NA,NA,NA,NA,NA,NA,NA,63688,63688,63688,209,209,209,223114,223114,223114,"Neg","Neg","Neg",223114,63688,209,"Neg",TRUE,FALSE,TRUE,-0.156525529739317
0.140501987808884,-0.252971271196211,1.30223231461398,0.193380789363616,0.520665728001773,-4.94651932589643,100015744,"100015744","Lipid","Ceramides",3114,"NAMED","QMVWGDBKESWTON-OQKRWUNJSA-N","CCCCCCCCCCCCC/C=C/C(O)C(NC(CCC/C=C/CC/C=C/CCCCCCCCCCCCCC)=O)CO","ceramide (d18:2/24:1, d18:1/24:2)*","ceramide (d18:2/24:1, d18:1/24:2)*",NA,NA,"HMDB0240679,HMDB0240680",NA,NA,"CER 42:3;O2","Unknown","Unknown",57443,57443,57443,402,402,402,211097,211097,211097,"Pos Late","Pos Late","Pos Late",211097,57443,402,"Pos Late",TRUE,FALSE,TRUE,0.154943835107863
0.0222612164804217,0.0121441369804919,1.30220497115952,0.193390127543516,0.520665728001773,-4.94655098949266,1537,"1537","Lipid","Phosphatidylcholine (PC)",2331,"NAMED","JLPULHDHAOZNQI-ZTIMHPMXSA-N","O=P([O-])(OC[C@@H](COC(CCCCCCCCCCCCCCC)=O)OC(CCCCCCC/C=C\C/C=C\CCCCC)=O)OCC[N+](C)(C)C","1-palmitoyl-2-linoleoyl-GPC (16:0/18:2)","1-palmitoyl-2-linoleoyl-GPC (16:0/18:2)","40811-94-7",4450224,"HMDB0007973",NA,5287971,"PC 34:2","PC 16:0_18:2","Unknown",42446,42446,42446,402,402,402,165129,165129,165129,"Pos Late","Pos Late","Pos Late",165129,42446,402,"Pos Late",TRUE,FALSE,TRUE,0.154940581694742
0.119733743168964,-0.0496845147394379,1.29350318490494,0.196378807157015,0.52504056080174,-4.95659407362171,100009078,"100009078","Lipid","Phosphatidylethanolamine (PE)",2489,"NAMED","GKAFCSRKMWFPSJ-RJXNKANHSA-N","O=C(CCCCCCC/C=C\CCCCCCCC)OC[C@]([H])(COP(OCCN)(O)=O)OC(CCCCCCC/C=C\C/C=C\CCCCC)=O","1-oleoyl-2-linoleoyl-GPE (18:1/18:2)*","1-oleoyl-2-linoleoyl-GPE (18:1/18:2)*",NA,7825703,"HMDB0005349",NA,9546753,"PE 36:3","PE 18:1_18:2","Unknown",52687,52687,52687,402,402,402,165457,165457,165457,"Pos Late","Pos Late","Pos Late",165457,52687,402,"Pos Late",TRUE,FALSE,TRUE,0.153905214871601
0.0469866267433408,0.016713627049643,1.26628296032252,0.205946604602875,0.546823743255909,-4.98757814061199,100000626,"100000626","Lipid","Sphingosines",3225,"NAMED","DUYSYHSSBDVJSM-KRWOKUGFSA-N","OP([O-])(OC[C@@]([H])([C@](O)(/C=C/CCCCCCCCCCCCC)[H])[NH3+])=O","sphingosine 1-phosphate","sphingosine 1-phosphate","26993-30-6",4446673,"HMDB0000277","C06124",5283560,NA,NA,NA,34445,34445,34445,402,402,402,158668,158668,158668,"Pos Late","Pos Late","Pos Late",158668,34445,402,"Pos Late",TRUE,FALSE,TRUE,0.150666464041994
-0.121944125478379,0.0792974066330644,-1.25391553910205,0.210404169585851,0.55483291294899,-5.00143934236905,452,"452","Lipid","Long Chain Monounsaturated Fatty Acid",1574,"NAMED","SECPZKHBENQXJG-FPLPWBNLSA-N","CCCCCC\C=C/CCCCCCCC(O)=O","palmitoleate (16:1n7)","palmitoleate (16:1n7)","373-49-9",393216,"HMDB0003229","C08362",445638,NA,NA,NA,33447,33447,33447,209,209,209,126083,126083,126083,"Neg","Neg","Neg",126083,33447,209,"Neg",TRUE,FALSE,TRUE,-0.149194948051499
-0.193105340180434,-0.421654948617108,-1.24337747642968,0.214257279589766,0.55762228827576,-5.01314355807724,100000445,"100000445","Xenobiotics","Xanthine Metabolism",4797,"NAMED","YAPQBXQYLJRXSA-UHFFFAOYSA-N","CN1C=NC(N(C(N2)=O)C)=C1C2=O","theobromine","theobromine","83-67-0",5236,"HMDB0002825","C07480",5429,NA,NA,NA,18392,18392,18392,400,400,400,155668,155668,155668,"Pos Early","Pos Early","Pos Early",155668,18392,400,"Pos Early",TRUE,FALSE,TRUE,-0.147941095089366
0.0763603166813396,-0.0115436852418477,1.2431019623175,0.214358697830682,0.55762228827576,-5.01344824409692,100005350,"100005350","Lipid","Lysophospholipid",2668,"NAMED","WKQNRCYKYCKESD-YHTMAJSVSA-N","C[N+](CCOP(OCC(O)COC(CCCCCCC/C=C/C/C=C/C/C=C/CC)=O)([O-])=O)(C)C","1-linolenoyl-GPC (18:3)*","1-linolenoyl-GPC (18:3)*",NA,NA,"HMDB0010388","C04100",NA,"LPC 18:3","LPC 18:3","LPC 18:3/0:0",45951,45951,45951,402,402,402,159653,159653,159653,"Pos Late","Pos Late","Pos Late",159653,45951,402,"Pos Late",TRUE,FALSE,TRUE,0.147908313524442
-0.22727644666347,-0.505250647903827,-1.23836830717026,0.216106606263621,0.557938344735403,-5.01867262600302,100001399,"100001399","Xenobiotics","Xanthine Metabolism",4802,"NAMED","NOFNCLGCUJJPKU-UHFFFAOYSA-N","CN1C(NC(N2)=C(C1=O)N(C)C2=O)=O","1,7-dimethylurate","1,7-dimethylurate","33868-03-0",82720,"HMDB0011103","C16356",91611,NA,NA,NA,34400,34400,34400,209,209,209,126924,126924,126924,"Neg","Neg","Neg",126924,34400,209,"Neg",TRUE,FALSE,TRUE,-0.147345087843155
-0.0353204666009135,-0.0445107083705781,-1.23489805390216,0.217394522618215,0.557938344735403,-5.02249004779079,100006292,"100006292","Lipid","Sphingomyelins",3186,"NAMED","MDRFMTLYKHBJTF-YECRPIIFSA-N","CCCCCCCCCCCCC/C=C/[C@@H](O)[C@@H](NC(CCCCCCCCC/C=C/CCCCCCCC)=O)COP([O-])(OCC[N+](C)(C)C)=O","sphingomyelin (d18:1/20:1, d18:2/20:0)*","sphingomyelin (d18:1/20:1, d18:2/20:0)*","222403-67-0",NA,"HMDB0240610,HMDB0240632",NA,NA,"SM 38:2;O2","Unknown","Unknown",48491,48491,48491,402,402,402,164534,164534,164534,"Pos Late","Pos Late","Pos Late",164534,48491,402,"Pos Late",TRUE,FALSE,TRUE,-0.146932185825504
-0.0395138047380603,-0.00786227110411107,-1.23105360504735,0.218827766376743,0.557938344735403,-5.02670666915382,100001415,"100001415","Nucleotide","Purine Metabolism, Adenine containing",4367,"NAMED","UNUYMBPXEFMLNW-HZPYULPISA-N","OC(C)C(C(O)=O)NC(NC1=NC=NC2=C1N=CN2[C@@H]3O[C@H](CO)[C@@H](O)[C@H]3O)=O","N6-carbamoylthreonyladenosine","N6-carbamoylthreonyladenosine","24719-82-2",141829,"HMDB0041623",NA,161466,NA,NA,NA,35157,35157,35157,209,209,209,126974,126974,126974,"Neg","Neg","Neg",126974,35157,209,"Neg",TRUE,FALSE,TRUE,-0.146474760800218
0.0419485802685372,0.0414560789244517,1.19677413447164,0.231909017183097,0.5824207690213,-5.06372683359849,100009364,"100009364","Lipid","Phosphatidylcholine (PC)",2373,"NAMED","QLAPQVPZKNRKSF-FYBVJDQOSA-N","CCCCCCCCCCCCCCCCCC(OCC(OC(CC/C=C/C/C=C/CCCCCCCCCCCC)=O)COP([O-])(OCC[N+](C)(C)C)=O)=O","phosphatidylcholine (18:0/20:2, 20:0/18:2)*","phosphatidylcholine (18:0/20:2, 20:0/18:2)*",NA,NA,"HMDB0008143,HMDB0008045",NA,NA,"PC 38:2","Unknown","Unknown",53192,53192,53192,402,402,402,166622,166622,166622,"Pos Late","Pos Late","Pos Late",166622,53192,402,"Pos Late",TRUE,FALSE,TRUE,0.142396077928612
0.151287417562326,0.0271635601715565,1.19252011962479,0.233570411406008,0.5824207690213,-5.06824847084694,100006641,"100006641","Lipid","Primary Bile Acid Metabolism",3542,"NAMED","DKXXSIJHWWVNMO-ISIKUUMTSA-N","OS(OC1C[C@]2([H])C(CC1)(C)[C@@H]3[C@@]([C@@](CC4)([H])[C@@](CC3)(C)[C@H]4[C@H](C)CCC(NCC(O)=O)=O)([H])[C@H](O)C2)(=O)=O","glycochenodeoxycholate 3-sulfate","glycochenodeoxycholate 3-sulfate",NA,NA,"HMDB0002497",NA,2.111691721125e+23,NA,NA,NA,52974,52974,52974,209,209,209,166124,166124,166124,"Neg","Neg","Neg",166124,52974,209,"Neg",TRUE,FALSE,TRUE,0.141889921409856
-0.205014577751619,-0.316206460647051,-1.18512386849668,0.23647910651204,0.5824207690213,-5.0760719089459,100001402,"100001402","Xenobiotics","Xanthine Metabolism",4809,"NAMED","RDZNZFGKEVDNPK-UHFFFAOYSA-N","O=C(NC(NC=O)=C1NC(C)=O)N(C)C1=O","5-acetylamino-6-formylamino-3-methyluracil","5-acetylamino-6-formylamino-3-methyluracil","85438-96-6",97287,"HMDB0011105","C16365",108214,NA,NA,NA,34401,34401,34401,305,305,305,165248,165248,165248,"Polar","Polar","Polar",165248,34401,305,"Polar",TRUE,FALSE,TRUE,-0.141009891401117
0.101969479500736,-0.0169562555770217,1.18396169337301,0.236938475287202,0.5824207690213,-5.0772968081802,100005714,"100005714","Lipid","Lysophospholipid",2728,"NAMED","NTBBASCGALPTDC-IUQGRGSQSA-N","[NH3+]CCOP(OCC(O)COC(CCCCCCC/C=C/C/C=C/C/C=C/CC)=O)([O-])=O","1-linolenoyl-GPE (18:3)*","1-linolenoyl-GPE (18:3)*",NA,NA,"HMDB0011509",NA,52925148,"LPE 18:3","LPE 18:3","LPE 18:3/0:0",57509,57509,57509,402,402,402,211207,211207,211207,"Pos Late","Pos Late","Pos Late",211207,57509,402,"Pos Late",TRUE,FALSE,TRUE,0.140871612025995
-0.0996338650993726,-0.263524792658978,-1.17353562832291,0.241087847528904,0.5824207690213,-5.08823213069994,926,"926","Lipid","Medium Chain Fatty Acid",1534,"NAMED","FUZZWVXGSFPDMH-UHFFFAOYSA-N","CCCCCC(O)=O","caproate (6:0)","caproate (6:0)","142-62-1",8552,"HMDB0000535","C01585",8892,NA,NA,NA,32489,32489,32489,209,209,209,125850,125850,125850,"Neg","Neg","Neg",125850,32489,209,"Neg",TRUE,FALSE,TRUE,-0.139631084905129
0.0450869905744105,-0.0252494123064758,1.17325199918356,0.241201438861229,0.5824207690213,-5.08852826969691,100001562,"100001562","Lipid","Lysophospholipid",2651,"NAMED","NEGQHKSYEYVFTD-HSZRJFAPSA-N","OC[C@](OC(CCCCCCCCCCCCCCC)=O)([H])COP(OCC[N+](C)(C)C)([O-])=O","2-palmitoyl-GPC (16:0)*","2-palmitoyl-GPC (16:0)*",NA,21403165,"HMDB0240262",NA,15061532,"LPC 16:0","LPC 16:0","LPC 0:0/16:0",35253,35253,35253,209,209,209,126137,126137,126137,"Neg","Neg","Neg",126137,35253,209,"Neg",TRUE,FALSE,TRUE,0.139597337787886
-0.159858364426185,-0.342491494933528,-1.16737550782696,0.243563434851911,0.5824207690213,-5.09464793481725,100002007,"100002007","Lipid","Androgenic Steroids",3427,"NAMED","JHFAETDERBWUOO-SKIFDASYSA-N","O=S(O[C@H]1C2(C)C(CC1)C(CCC3C4(C)CC[C@@H](OS(=O)(O)=O)C3)C4CC2)(O)=O","5alpha-androstan-3alpha,17alpha-diol disulfate","5alpha-androstan-3alpha,17alpha-diol disulfate",NA,NA,NA,NA,NA,NA,NA,NA,37182,37182,37182,209,209,209,144256,144256,144256,"Neg","Neg","Neg",144256,37182,209,"Neg",TRUE,FALSE,TRUE,-0.138898133738385
-0.0443977128607002,-0.0416941024724191,-1.16634974429741,0.243977394881878,0.5824207690213,-5.09571301246635,100001869,"100001869","Lipid","Phosphatidylcholine (PC)",2378,"NAMED","PSVRFUPOQYJOOZ-QNPWAGBNSA-N","C[N+](C)(CCOP([O-])(OC[C@@]([H])(COC(CCCCCCCCCCCCCCCCC)=O)OC(CCC/C=C\C/C=C\C/C=C\C/C=C\CCCCC)=O)=O)C","1-stearoyl-2-arachidonoyl-GPC (18:0/20:4)","1-stearoyl-2-arachidonoyl-GPC (18:0/20:4)","35418-59-8",17347139,"HMDB0008048",NA,16219824,"PC 38:4","PC 18:0_20:4","Unknown",42450,42450,42450,402,402,402,164205,164205,164205,"Pos Late","Pos Late","Pos Late",164205,42450,402,"Pos Late",TRUE,FALSE,TRUE,-0.138776085058284
0.11636193149997,-0.198055552039397,1.16352018908128,0.245121865894704,0.5824207690213,-5.09864618803973,100005716,"100005716","Lipid","Lysophospholipid",2768,"NAMED","FQQQKGAFQIIGLQ-VYFUBJQISA-N","O[C@H](COC(CCCCCCC/C=C\CCCCCCCC)=O)COP(OCC(O)CO)(O)=O","1-oleoyl-GPG (18:1)*","1-oleoyl-GPG (18:1)*",NA,34999689,"HMDB0240602",NA,NA,"LPG 18:1","LPG 18:1","LPG 18:1/0:0",45968,45968,45968,209,209,209,144192,144192,144192,"Neg","Neg","Neg",144192,45968,209,"Neg",TRUE,FALSE,TRUE,0.138439415378139
-0.201981385718373,-0.445896101098602,-1.16340708182456,0.245167692794247,0.5824207690213,-5.09876329008413,100020259,"100020259","Partially Characterized Molecules","Partially Characterized Molecules",6709,"NAMED",NA,NA,"glutamine conjugate of C7H12O2*","glutamine conjugate of C7H12O2*",NA,NA,NA,NA,NA,NA,NA,NA,63658,63658,63658,209,209,209,223041,223041,223041,"Neg","Neg","Neg",223041,63658,209,"Neg",FALSE,TRUE,TRUE,-0.138425957508957
-0.227317611345356,-0.397624918137262,-1.16287156825538,0.245384745013112,0.5824207690213,-5.09931756352764,100001403,"100001403","Xenobiotics","Xanthine Metabolism",4808,"NAMED","POQOTWQIYYNXAT-UHFFFAOYSA-N","O=C(NC(N)=C1NC(C)=O)N(C)C1=O","5-acetylamino-6-amino-3-methyluracil","5-acetylamino-6-amino-3-methyluracil","1196153-01-1",79659,"HMDB0004400","C16366",88299,NA,NA,NA,34424,34424,34424,305,305,305,165245,165245,165245,"Polar","Polar","Polar",165245,34424,305,"Polar",TRUE,FALSE,TRUE,-0.138362240363229
-0.0849975114800325,-0.171530313498496,-1.15992036781836,0.246583338572654,0.5824207690213,-5.10236759558861,100001999,"100001999","Lipid","Pregnenolone Steroids",3321,"NAMED","CBOVWLYQUCVTFA-WGKOQXAXSA-N","C[C@@]1([C@H]2[C@@](COS(=O)(O)=O)=O)[C@](CC2)([H])[C@@](CC=C3[C@@]4(CC[C@H](OS(=O)(O)=O)C3)C)([H])[C@@]4([H])CC1","21-hydroxypregnenolone disulfate","21-hydroxypregnenolone disulfate","1164-98-3",118625,"HMDB0242133",NA,134595,NA,NA,NA,46115,46115,46115,209,209,209,143743,143743,143743,"Neg","Neg","Neg",143743,46115,209,"Neg",TRUE,FALSE,TRUE,-0.138011096939163
0.0858330707976328,0.0374251753765187,1.15028435270268,0.250525506132989,0.588123901592688,-5.11227263077437,100003901,"100003901","Lipid","Lysophospholipid",2723,"NAMED","KIHAGWUUUHJRMS-JOCHJYFZSA-N","OC[C@@H](OC(CCCCCCCCCCCCCCCCC)=O)COP(OCC[NH3+])([O-])=O","2-stearoyl-GPE (18:0)*","2-stearoyl-GPE (18:0)*",NA,24769218,"HMDB0011129",NA,9065845353480660,"LPE 18:0","LPE 18:0","LPE 0:0/18:0",41220,41220,41220,209,209,209,142786,142786,142786,"Neg","Neg","Neg",142786,41220,209,"Neg",TRUE,FALSE,TRUE,0.136864572528406
0.160987737146962,0.011663655246554,1.14350581674118,0.25332496047046,0.591091574431075,-5.1191911660587,100002488,"100002488","Lipid","Secondary Bile Acid Metabolism",3579,"NAMED","RUDATBOHQWOJDD-DNMBCGTGSA-N","O=C(O)CC[C@@H](C)[C@H]1CC[C@@]2([H])[C@]3([H])[C@@H](O)C[C@]4([H])C[C@@H](O)CC[C@]4(C)[C@@]3([H])CC[C@@]21C","isoursodeoxycholate","isoursodeoxycholate","78919-26-3",113205,"HMDB0000686","C17662",127601,NA,NA,NA,57577,57577,57577,209,209,209,212130,212130,212130,"Neg","Neg","Neg",212130,57577,209,"Neg",TRUE,FALSE,TRUE,0.136058040278742
-0.0948259357073126,-0.0152397501097827,-1.13420187026553,0.25720283634342,0.592415830128738,-5.1286210376555,100001278,"100001278","Lipid","Long Chain Monounsaturated Fatty Acid",1576,"NAMED","GDTXICBNEOEPAZ-FPLPWBNLSA-N","O=C(O)CCCCCCCC/C=C\CCCCCC","heptadecenoate (17:1)","heptadecenoate (17:1)","29743-97-3",4471860,"HMDB0060038",NA,5312435,NA,NA,NA,33971,33971,33971,209,209,209,126129,126129,126129,"Neg","Neg","Neg",126129,33971,209,"Neg",TRUE,FALSE,TRUE,-0.134951026474524
0.0569663973877781,-0.012253355147266,1.13136219585935,0.258394595082279,0.592415830128738,-5.13148388063681,100001557,"100001557","Lipid","Lysophospholipid",2667,"NAMED","LSUXCWJOIAWGOU-YMVLYFQPSA-N","OC[C@H](OC(CCCCCCC/C=C\C/C=C\CCCCC)=O)COP(OCC[N+](C)(C)C)([O-])=O","2-linoleoyl-GPC (18:2)*","2-linoleoyl-GPC (18:2)*",NA,21403160,"HMDB0061700",NA,71768169,"LPC 18:2","LPC 18:2","LPC 0:0/18:2",35257,35257,35257,209,209,209,126982,126982,126982,"Neg","Neg","Neg",126982,35257,209,"Neg",TRUE,FALSE,TRUE,0.134613152780243
-0.0963236435257577,0.0625654461956227,-1.12732978828297,0.260093508481211,0.592415830128738,-5.13553692020279,100001198,"100001198","Lipid","Long Chain Monounsaturated Fatty Acid",1571,"NAMED","YWWVWXASSLXJHU-WAYWQWQTSA-N","O=C(CCCCCCC/C=C\CCCC)O","myristoleate (14:1n5)","myristoleate (14:1n5)","544-64-9",4444564,"HMDB0002000","C08322",5281119,NA,NA,NA,32418,32418,32418,209,209,209,125828,125828,125828,"Neg","Neg","Neg",125828,32418,209,"Neg",TRUE,FALSE,TRUE,-0.134133363815102
-0.17482933742205,-0.425102816255943,-1.12418196852547,0.261425108581305,0.592415830128738,-5.13869083929918,100023220,"100023220","Lipid","Secondary Bile Acid Metabolism",3622,"NAMED",NA,"C[C@@]12[C@](CC[C@]2([H])[C@H](C)CCC(O)=O)([H])[C@@]3([H])[C@@](CC1)([H])[C@@]4([C@@](C[C@H](CC4)O)([H])CC3)C","isoallolithocholic acid","isoallolithocholic acid","2276-93-9",NA,NA,NA,NA,NA,NA,NA,65706,65706,65706,209,209,209,283489,283489,283489,"Neg","Neg","Neg",283489,65706,209,"Neg",TRUE,FALSE,TRUE,-0.13375882598496
-0.0713650525095084,0.0543205715043724,-1.1238018876378,0.261586210706196,0.592415830128738,-5.13907106297445,891,"891","Lipid","Long Chain Saturated Fatty Acid",1557,"NAMED","KEMQGTRYUADPNZ-UHFFFAOYSA-N","O=C(O)CCCCCCCCCCCCCCCC","margarate (17:0)","margarate (17:0)","506-12-7",10033,"HMDB0002259",NA,10465,NA,NA,NA,1121,1121,1121,209,209,209,125718,125718,125718,"Neg","Neg","Neg",125718,1121,209,"Neg",TRUE,FALSE,TRUE,-0.133713602725081
0.031942045554716,-0.0379686466398276,1.11798265083228,0.264061361756186,0.594524118573869,-5.14487651308182,100004328,"100004328","Lipid","Sphingomyelins",3177,"NAMED","KYICBZWZQPCUMO-PSALXKTOSA-N","CCCCCCCCCCCCCC(N[C@@](COP([O-])(OCC[N+](C)(C)C)=O)([C@](O)(/C=C/CCCCCCCCCCCCC)[H])[H])=O","sphingomyelin (d18:1/14:0, d16:1/16:0)*","sphingomyelin (d18:1/14:0, d16:1/16:0)*",NA,9608732,"HMDB0012097",NA,11433862,"SM 32:1;O2","Unknown","Unknown",42463,42463,42463,402,402,402,164531,164531,164531,"Pos Late","Pos Late","Pos Late",164531,42463,402,"Pos Late",TRUE,FALSE,TRUE,0.133021211008235
0.0230542394151177,-0.0125802075990466,1.10987378754737,0.26753731412005,0.598848057768717,-5.15291615569573,100000657,"100000657","Lipid","Phosphatidylcholine (PC)",2323,"NAMED","KILNVBDSWZSGLL-KXQOOQHDSA-N","CCCCCCCCCCCCCCCC(OC[C@]([H])(COP([O-])(OCC[N+](C)(C)C)=O)OC(CCCCCCCCCCCCCCC)=O)=O","1,2-dipalmitoyl-GPC (16:0/16:0)","1,2-dipalmitoyl-GPC (16:0/16:0)","63-89-8",398235,"HMDB0245715","D03585",452110,"PC 32:0","PC 16:0_16:0","PC 16:0/16:0",19130,19130,19130,402,402,402,164201,164201,164201,"Pos Late","Pos Late","Pos Late",164201,19130,402,"Pos Late",TRUE,FALSE,TRUE,0.132056392087963
0.0335017107630153,-0.00598721937686308,1.10187123631944,0.270998490120127,0.600379760074557,-5.16079329782494,100009037,"100009037","Lipid","Phosphatidylcholine (PC)",2362,"NAMED","ZSKWZJYUVZYDQU-WESJWMGVSA-N","O=C(CCCCCCCCCCCCCCCC)OC[C@]([H])(COP(OCC[N+](C)(C)C)([O-])=O)OC(CCCCCCC/C=C\C/C=C\CCCCC)=O","1-margaroyl-2-linoleoyl-GPC (17:0/18:2)*","1-margaroyl-2-linoleoyl-GPC (17:0/18:2)*",NA,NA,NA,NA,52922491,"PC 35:2","PC 17:0_18:2","Unknown",52500,52500,52500,402,402,402,165192,165192,165192,"Pos Late","Pos Late","Pos Late",165192,52500,402,"Pos Late",TRUE,FALSE,TRUE,0.131104222521913
-0.0495685308552877,0.000120489007686725,-1.1010843879256,0.271340462994735,0.600379760074557,-5.16156475255458,439,"439","Lipid","Long Chain Saturated Fatty Acid",1559,"NAMED","QIQXTHQIDYTFRH-UHFFFAOYSA-N","CCCCCCCCCCCCCCCCCC(O)=O","stearate (18:0)","stearate (18:0)","57-11-4",5091,"HMDB0000827","C01530",5281,NA,NA,NA,1358,1358,1358,209,209,209,125724,125724,125724,"Neg","Neg","Neg",125724,1358,209,"Neg",TRUE,FALSE,TRUE,-0.131010600741512
0.142438583943837,-0.303973427953671,1.08837943148622,0.276903222612572,0.609187089747659,-5.17394523231896,100010936,"100010936","Lipid","Diacylglycerol",3001,"NAMED","LWXLWRXRJKMNLM-XBUMEPTLSA-N","CCCCCCCC/C=C/CCCCCCCC(OCC(OC(CCC/C=C/C/C=C/C/C=C/C/C=C/CCCCC)=O)CO)=O","oleoyl-arachidonoyl-glycerol (18:1/20:4) [1]*","oleoyl-arachidonoyl-glycerol (18:1/20:4) [1]*",NA,NA,"HMDB0007228",NA,9543786,"DG 38:5","DG 18:1_20:4","Unknown",54960,54960,54960,402,402,402,208045,208045,208045,"Pos Late","Pos Late","Pos Late",208045,54960,402,"Pos Late",TRUE,FALSE,TRUE,0.129498923713147
-0.0789076454930573,0.0320613285427326,-1.08175201878043,0.279835698766421,0.612140591051545,-5.18034663256123,1231,"1231","Lipid","Long Chain Polyunsaturated Fatty Acid (n3 and n6)",1615,"NAMED","XSXIVVZCUAHUJO-HZJYTTRNSA-N","O=C(O)CCCCCCCCC/C=C\C/C=C\CCCCC","dihomo-linoleate (20:2n6)","dihomolinoleate (20:2n6)","2091-39-6",4944228,"HMDB0005060","C16525",6439848,NA,NA,NA,17805,17805,17805,209,209,209,126039,126039,126039,"Neg","Neg","Neg",126039,17805,209,"Neg",TRUE,FALSE,TRUE,-0.128710372599837
-0.0556450826121804,-0.0658149969990182,-1.07783914923248,0.281576954002555,0.612469645711772,-5.18410779243832,273,"273","Lipid","Corticosteroids",3383,"NAMED","MFYSYFVPBJMHGN-ZPOLXVRWSA-N","O[C@@]1([C@@](CO)=O)[C@](C2)(C)[C@](CC1)([H])[C@@](CCC3=CC4=O)([H])[C@]([C@@]3(C)CC4)([H])C2=O","cortisone","cortisone","53-06-5",361685,"HMDB0002802","C00762",222786,NA,NA,NA,1769,1769,1769,209,209,209,124819,124819,124819,"Neg","Neg","Neg",124819,1769,209,"Neg",TRUE,FALSE,TRUE,-0.128244806658006
0.0655124437580995,-0.126547844882008,1.06941994841577,0.285348509987043,0.617186383960738,-5.19215456585815,100005353,"100005353","Lipid","Lysophospholipid",2671,"NAMED","WYIMORDZGCUBAA-UHFFFAOYSA-N","C[N+](CCOP(OCC(O)COC(CCCCCCCCCCCCCCCCCC)=O)([O-])=O)(C)C","1-nonadecanoyl-GPC (19:0)","1-nonadecanoyl-GPC (19:0)","108273-88-7",24823014,NA,NA,NA,"LPC 19:0","LPC 19:0","LPC 19:0/0:0",47087,47087,47087,402,402,402,159895,159895,159895,"Pos Late","Pos Late","Pos Late",159895,47087,402,"Pos Late",TRUE,FALSE,TRUE,0.127243062769112
0.0230343028574651,0.00281403428924517,1.06482935135904,0.287419327265698,0.617213013602625,-5.19651563459587,355,"355","Amino Acid","Histidine Metabolism",73,"NAMED","HNDVDQJCIGZPNO-UHFFFAOYSA-N","NC(C(O)=O)CC1=CN=CN1","histidine","histidine","5934-29-2",752,"HMDB0000177","C00135",6274,NA,NA,NA,59,59,59,209,209,209,123153,123153,123153,"Neg","Neg","Neg",123153,59,209,"Neg",FALSE,TRUE,TRUE,0.1266968586046
-0.170189909736549,-0.345459968280458,-1.06229454860991,0.288567123242786,0.617213013602625,-5.19891569511001,100001400,"100001400","Xenobiotics","Xanthine Metabolism",4799,"NAMED","QFDRTQONISXGJA-UHFFFAOYSA-N","CN1C(NC(N2)=C(C1=O)NC2=O)=O","1-methylurate","1-methylurate","708-79-2",62926,"HMDB0003099","C16359",69726,NA,NA,NA,34395,34395,34395,400,400,400,156098,156098,156098,"Pos Early","Pos Early","Pos Early",156098,34395,400,"Pos Early",TRUE,FALSE,TRUE,-0.126395259531389
0.0544693440773684,0.0731205494392351,1.03866408235686,0.299416337924367,0.633378698731077,-5.22101603907833,100008990,"100008990","Lipid","Phosphatidylethanolamine (PE)",2461,"NAMED","DRIVXEVMDWCWLI-CAQMIEAISA-N","O=C(CCCCCCCCCCCCCCC)OC[C@]([H])(COP(OCCN)(O)=O)OC(CCC/C=C\C/C=C\C/C=C\C/C=C\CCCCC)=O","1-palmitoyl-2-arachidonoyl-GPE (16:0/20:4)*","1-palmitoyl-2-arachidonoyl-GPE (16:0/20:4)*",NA,7825750,"HMDB0005323","C05210",9546800,"PE 36:4","PE 16:0_20:4","Unknown",52464,52464,52464,402,402,402,165131,165131,165131,"Pos Late","Pos Late","Pos Late",165131,52464,402,"Pos Late",TRUE,FALSE,TRUE,0.123583629820204
0.0704071305782538,-0.0453721270057158,1.03797690774616,0.299735863841615,0.633378698731077,-5.22165131156339,100015834,"100015834","Lipid","Fatty Acid Metabolism (Acyl Carnitine, Long Chain Saturated)",1914,"NAMED","YDUFZFUYBBPVLJ-UHFFFAOYSA-N","O=C(CCCCCCCCCCCCCCCCCCCCCCC)OC(C[N+](C)(C)C)CC([O-])=O","lignoceroylcarnitine (C24)*","lignoceroylcarnitine (C24)*",NA,NA,"HMDB0240665",NA,NA,NA,NA,NA,57515,57515,57515,402,402,402,211216,211216,211216,"Pos Late","Pos Late","Pos Late",211216,57515,402,"Pos Late",TRUE,FALSE,TRUE,0.123501867550618
0.042956889662229,-0.0886041701641341,1.03413314098802,0.301527361980975,0.633378698731077,-5.2251970399019,100006293,"100006293","Lipid","Sphingomyelins",3187,"NAMED","YVTVVJRJLRHYSJ-COUPUTHFSA-N","CCCCCCCCCCCCC/C=C/[C@@H](O)[C@@H](NC(CCCCCCCCC/C=C/C/C=C/CCCCC)=O)COP([O-])(OCC[N+](C)(C)C)=O","sphingomyelin (d18:1/20:2, d18:2/20:1, d16:1/22:2)*","sphingomyelin (d18:1/20:2, d18:2/20:1, d16:1/22:2)*",NA,NA,"HMDB0013465",NA,NA,"SM 38:3;O2","Unknown","Unknown",57481,57481,57481,402,402,402,211144,211144,211144,"Pos Late","Pos Late","Pos Late",211144,57481,402,"Pos Late",TRUE,FALSE,TRUE,0.123044523683412
-0.063054388075072,-0.016896936677454,-1.02957236209492,0.303662299220948,0.633378698731077,-5.22938719342208,100015623,"100015623","Lipid","Lactosylceramides (LCER)",3153,"NAMED","QYWVASPEUXEHSY-NNRNTGNWSA-N","[H][C@](NC(CCCCCCCCCCCCCCCCCCCCC)=O)(CO[C@H]1[C@H](O)[C@@H](O)[C@H](O[C@H]2[C@H](O)[C@@H](O)[C@@H](O)[C@H](O2)CO)[C@H](O1)CO)[C@@](O)([H])/C=C/CCCCCCCCCCCCC","lactosyl-N-behenoyl-sphingosine (d18:1/22:0)*","lactosyl-N-behenoyl-sphingosine (d18:1/22:0)*",NA,24846893,"HMDB0011594",NA,44260143,"LacCer 40:1;O2","LacCer 18:1;O2_22:0","LacCer 18:1;O2/22:0",57422,57422,57422,402,402,402,211075,211075,211075,"Pos Late","Pos Late","Pos Late",211075,57422,402,"Pos Late",TRUE,FALSE,TRUE,-0.122501867380965
-0.0429011924610991,-0.00849900334109723,-1.02618095403368,0.30525635788463,0.633378698731077,-5.23249104816876,100008999,"100008999","Lipid","Plasmalogen",2873,"NAMED","URPXXNCTXCOATD-FXMFQVEGSA-N","[H][C@](OC(CCC/C=C\C/C=C\C/C=C\C/C=C\CCCCC)=O)(COP(OCCN)(O)=O)CO/C=C\CCCCCCCCCCCCCCCC","1-(1-enyl-stearoyl)-2-arachidonoyl-GPE (P-18:0/20:4)*","1-(1-enyl-stearoyl)-2-arachidonoyl-GPE (P-18:0/20:4)*",NA,7826008,"HMDB0005779",NA,9547058,"PE O-38:5","PE P-18:0_20:4","PE P-18:0/20:4",52475,52475,52475,402,402,402,165154,165154,165154,"Pos Late","Pos Late","Pos Late",165154,52475,402,"Pos Late",TRUE,FALSE,TRUE,-0.122098346622397
0.103360052078559,-0.148036548046176,1.02122517074425,0.307595710607799,0.633378698731077,-5.23700829803533,100002061,"100002061","Lipid","Lysophospholipid",2752,"NAMED","TWBVHOYVCUOMJY-PAUXXPOVSA-N","OC[C@](OC(CC\C=C/C/C=C\C/C=C\C/C=C\C/C=C\C/C=C\CC)=O)([H])COP(OCCN)(O)=O","2-docosahexaenoyl-GPE (22:6)*","2-docosahexaenoyl-GPE (22:6)*",NA,NA,"HMDB0011496",NA,NA,"LPE 22:6","LPE 22:6","LPE 0:0/22:6",34258,34258,34258,209,209,209,144195,144195,144195,"Neg","Neg","Neg",144195,34258,209,"Neg",TRUE,FALSE,TRUE,0.121508691412485
0.0512607739673047,0.00123504193409796,1.01745634090051,0.309382712725567,0.633378698731077,-5.24042904933808,100020276,"100020276","Lipid","Sphingomyelins",3176,"NAMED","VDFACZRLDXDTEB-WSYRTZMQSA-N","CCCCCCCCCCC/C=C/[C@@H](O)[C@@H](NC(CCCCCCCCCCCCCC)=O)COP(OCC[N+](C)(C)C)([O-])=O","sphingomyelin (d17:1/14:0, d16:1/15:0)*","sphingomyelin (d17:1/14:0, d16:1/15:0)*",NA,NA,NA,NA,NA,"SM 31:1;O2","Unknown","Unknown",62152,62152,62152,402,402,402,219058,219058,219058,"Pos Late","Pos Late","Pos Late",219058,62152,402,"Pos Late",TRUE,FALSE,TRUE,0.121060263783018
-0.0529504499176675,-0.118057553445596,-1.01187324028831,0.312042574970204,0.633378698731077,-5.24547336110723,100001566,"100001566","Lipid","Lysophospholipid",2696,"NAMED","LSOWKZULVQWMLY-FQPBCZPISA-N","C[N+](C)(C)CCOP(OC[C@](O)([H])COC(CC\C=C/C/C=C\C/C=C\C/C=C\C/C=C\C/C=C\CC)=O)([O-])=O","1-docosahexaenoyl-GPC (22:6)*","1-docosahexaenoyl-GPC (22:6)*",NA,21403169,"HMDB0010404",NA,10415542,"LPC 22:6","LPC 22:6","LPC 22:6/0:0",33822,33822,33822,402,402,402,158576,158576,158576,"Pos Late","Pos Late","Pos Late",158576,33822,402,"Pos Late",TRUE,FALSE,TRUE,-0.120395968318269
0.0637986451203089,-0.0924373622830801,1.01106610559372,0.312428351120958,0.633378698731077,-5.24620031758764,100015836,"100015836","Lipid","Fatty Acid Metabolism (Acyl Carnitine, Monounsaturated)",1935,"NAMED","ONGUASHYQLGIFC-OCOZRVBESA-N","O=C(OC(C[N+](C)(C)C)CC([O-])=O)CCC/C=C/CCCCCCCCCCCCCCCCCCCC","ximenoylcarnitine (C26:1)*","ximenoylcarnitine (C26:1)*",NA,NA,NA,NA,NA,NA,NA,NA,57517,57517,57517,402,402,402,211218,211218,211218,"Pos Late","Pos Late","Pos Late",211218,57517,402,"Pos Late",TRUE,FALSE,TRUE,0.120299932807842
0.0398391624510007,0.00787174416376727,1.00652480792332,0.314604769872182,0.633378698731077,-5.25027972731807,100008903,"100008903","Lipid","Phosphatidylcholine (PC)",2404,"NAMED","FVXDQWZBHIXIEJ-LNDKUQBDSA-N","CCCCC/C=C\C/C=C\CCCCCCCC(OC[C@@H](OC(CCCCCCC/C=C\C/C=C\CCCCC)=O)COP([O-])(OCC[N+](C)(C)C)=O)=O","1,2-dilinoleoyl-GPC (18:2/18:2)","1,2-dilinoleoyl-GPC (18:2/18:2)","998-06-1",4450312,"HMDB0008138",NA,5288075,"PC 36:4","PC 18:2_18:2","PC 18:2/18:2",52603,52603,52603,402,402,402,165331,165331,165331,"Pos Late","Pos Late","Pos Late",165331,52603,402,"Pos Late",TRUE,FALSE,TRUE,0.119759594444617
0.0325367973813534,-0.0638290909600554,0.998868596124544,0.318296587585804,0.633378698731077,-5.25711582816115,100001395,"100001395","Lipid","Lysophospholipid",2666,"NAMED","SPJFYYJXNPEZDW-UTJQPWESSA-N","O=P(OCC(O)COC(CCCCCCC/C=C\C/C=C\CCCCC)=O)([O-])OCC[N+](C)(C)C","1-linoleoyl-GPC (18:2)","1-linoleoyl-GPC (18:2)",NA,10160888,"HMDB0010386","C04100",11988421,"LPC 18:2","LPC 18:2","LPC 18:2/0:0",34419,34419,34419,402,402,402,158662,158662,158662,"Pos Late","Pos Late","Pos Late",158662,34419,402,"Pos Late",TRUE,FALSE,TRUE,0.118848633469998
-0.0789549913187528,-0.212221629744844,-0.998560377427229,0.318445803777293,0.633378698731077,-5.2573899428015,100021131,"100021131","Lipid","Fatty Acid Metabolism (Acyl Carnitine, Monounsaturated)",1926,"NAMED",NA,"C=CCCCCCCCCC(OC(CC([O-])=O)C[N+](C)(C)C)=O","undecenoylcarnitine (C11:1)","undecenoylcarnitine (C11:1)","792164-86-4",NA,"HMDB0241164",NA,NA,NA,NA,NA,63613,63613,63613,402,402,402,222938,222938,222938,"Pos Late","Pos Late","Pos Late",222938,63613,402,"Pos Late",TRUE,FALSE,TRUE,-0.118811960607193
0.0602495664958315,0.0294973500643482,0.997583188488199,0.31891918844634,0.633378698731077,-5.25825844983757,100015786,"100015786","Lipid","Dihydrosphingomyelins",3165,"NAMED","UGRZESKDAPEULH-ACEXITHZSA-N","CCCCCCCCCCCCCCC[C@@H](O)[C@@H](NC(CCCCCCCCCCCCCCCCCCC)=O)COP([O-])(OCC[N+](C)(C)C)=O","sphingomyelin (d18:0/20:0, d16:0/22:0)*","sphingomyelin (d18:0/20:0, d16:0/22:0)*",NA,NA,"HMDB0012090",NA,NA,"SM 38:0;O2","Unknown","Unknown",57476,57476,57476,402,402,402,211139,211139,211139,"Pos Late","Pos Late","Pos Late",211139,57476,402,"Pos Late",TRUE,FALSE,TRUE,0.118695691489818
-0.0330833579890161,-0.00142019227420283,-0.997092522154059,0.319157058581374,0.633378698731077,-5.25869422539143,100001662,"100001662","Lipid","Carnitine Metabolism",1976,"NAMED","JHPNVNIEXXLNTR-UHFFFAOYSA-N","C[N+](C)(C)CCCC([O-])=O","deoxycarnitine","deoxycarnitine","6249-56-5",705,"HMDB0001161","C01181",22620,NA,NA,NA,36747,36747,36747,400,400,400,156251,156251,156251,"Pos Early","Pos Early","Pos Early",156251,36747,400,"Pos Early",TRUE,FALSE,TRUE,-0.11863731041394
-0.194155605554508,-0.562491238195576,-0.990175779335458,0.322522612416946,0.636775414259098,-5.26481447112648,100001405,"100001405","Xenobiotics","Xanthine Metabolism",4805,"NAMED","MVOYJPOZRLFTCP-UHFFFAOYSA-N","O=C(N1C)NC2=C(NC=N2)C1=O","1-methylxanthine","1-methylxanthine","6136-37-4",72464,"HMDB0010738","C16358",80220,NA,NA,NA,34389,34389,34389,209,209,209,126906,126906,126906,"Neg","Neg","Neg",126906,34389,209,"Neg",TRUE,FALSE,TRUE,-0.117814333863026
0.0248440539227684,0.0279680564382687,0.98088690433317,0.327078788278441,0.642476191261223,-5.27296692341131,100005986,"100005986","Lipid","Sphingomyelins",3193,"NAMED","WKZHECFHXLTOLJ-QYKFWSDSSA-N","O[C@H](/C=C/CCCCCCCCCCCCC)[C@H](CO[P](OCC[N+](C)(C)C)([O-])=O)NC(CCCCCCCCCCCCC/C=C\CCCCCCCC)=O","sphingomyelin (d18:1/24:1, d18:2/24:0)*","sphingomyelin (d18:1/24:1, d18:2/24:0)*","94359-13-4",24846874,"HMDB0012107",NA,44260126,"SM 42:2;O2","Unknown","Unknown",47153,47153,47153,402,402,402,164529,164529,164529,"Pos Late","Pos Late","Pos Late",164529,47153,402,"Pos Late",TRUE,FALSE,TRUE,0.116709113311716
0.021880527242682,-0.0465206794627346,0.974803739017321,0.330085169696814,0.64509030626027,-5.27826438316394,565,"565","Amino Acid","Tryptophan Metabolism",261,"NAMED","QIVBCDIJIAJPQS-VIFPVBQESA-N","O=C(O)[C@@H](N)CC1=CNC2=C1C=CC=C2","tryptophan","tryptophan","73-22-3",6066,"HMDB0000929","C00078",6305,NA,NA,NA,54,54,54,400,400,400,155294,155294,155294,"Pos Early","Pos Early","Pos Early",155294,54,400,"Pos Early",TRUE,TRUE,TRUE,0.115985318522526
-0.0583126097460424,-0.0860019760818129,-0.968444229913974,0.333247242810603,0.647251896030589,-5.28376739296976,100001994,"100001994","Lipid","Androgenic Steroids",3432,"NAMED","UWPTUYJASNIIJM-QJIZPQHZSA-N","C[C@]12C(CCC3C1CC[C@]4(C3CC[C@@H]4OS(=O)(O)=O)C)=C[C@H](CC2)OS(=O)(O)=O","androstenediol (3beta,17beta) disulfate (2)","androstenediol (3beta,17beta) disulfate (2)",NA,NA,"HMDB0240313",NA,87120982,NA,NA,NA,37203,37203,37203,209,209,209,144269,144269,144269,"Neg","Neg","Neg",144269,37203,209,"Neg",TRUE,FALSE,TRUE,-0.115228643450944
0.0356870021428054,-0.00720254607395809,0.963606289427177,0.335665847005001,0.647251896030589,-5.28792972710377,1518,"1518","Lipid","Ceramides",3083,"NAMED","YDNKGFDKKRUKPY-TURZORIXSA-N","OC[C@@H]([C@H](O)/C=C/CCCCCCCCCCCCC)NC(CCCCCCCCCCCCCCC)=O","N-palmitoyl-sphingosine (d18:1/16:0)","N-palmitoyl-sphingosine (d18:1/16:0)","24696-26-2",4446677,"HMDB0004949",NA,5283564,"CER 34:1;O2","CER 18:1; O2_16:0","CER 18:1; O2/16:0",44877,44877,44877,402,402,402,164219,164219,164219,"Pos Late","Pos Late","Pos Late",164219,44877,402,"Pos Late",TRUE,FALSE,TRUE,0.114653009560865
-0.0320989739623254,-0.0049092418062088,-0.96247158247064,0.336234751184722,0.647251896030589,-5.28890296840694,100008915,"100008915","Lipid","Phosphatidylcholine (PC)",2348,"NAMED","IESVDEZGAHUQJU-ZLBXKVHBSA-N","CCCCCCCCCCCCCCCC(OC[C@](OC(CC/C=C\C/C=C\C/C=C\C/C=C\C/C=C\C/C=C\CC)=O)([H])COP([O-])(OCC[N+](C)(C)C)=O)=O","1-palmitoyl-2-docosahexaenoyl-GPC (16:0/22:6)","1-palmitoyl-2-docosahexaenoyl-GPC (16:0/22:6)","59403-54-2",4946007,"HMDB0007991",NA,6441886,"PC 38:6","PC 16:0_22:6","Unknown",52610,52610,52610,402,402,402,165342,165342,165342,"Pos Late","Pos Late","Pos Late",165342,52610,402,"Pos Late",TRUE,FALSE,TRUE,-0.114517998437584
-0.090745678707109,-0.107478256161612,-0.948202480653379,0.343441851776407,0.649581554386459,-5.30104409720676,100002106,"100002106","Lipid","Sphingomyelins",3183,"NAMED","NBEADXWAAWCCDG-QDDWGVBQSA-N","O=C(CCCCCCC/C=C\CCCCCCCC)N[C@@](COP([O-])(OCC[N+](C)(C)C)=O)([C@](O)(/C=C/CCCCCCCCCCCCC)[H])[H]","sphingomyelin (d18:1/18:1, d18:2/18:0)","sphingomyelin (d18:1/18:1, d18:2/18:0)","108392-10-5",4947837,"HMDB0012101",NA,6443882,"SM 36:2;O2","Unknown","Unknown",37529,37529,37529,402,402,402,164200,164200,164200,"Pos Late","Pos Late","Pos Late",164200,37529,402,"Pos Late",TRUE,FALSE,TRUE,-0.112820214306212
0.0275562125562638,-0.0307922158271612,0.944410661250253,0.345373560006769,0.649581554386459,-5.30424004991252,100006314,"100006314","Lipid","Sphingomyelins",3179,"NAMED","LQINJRUGTUOHGS-YPDYIYJKSA-N","CCCCCCCCCCCCC/C=C/[C@@H](O)[C@@H](NC(CCCCCCCCCCCCCC)=O)COP([O-])(OCC[N+](C)(C)C)=O","sphingomyelin (d17:1/16:0, d18:1/15:0, d16:1/17:0)*","sphingomyelin (d17:1/16:0, d18:1/15:0, d16:1/17:0)*","121999-58-4",28532779,"HMDB0240617,HMDB0240608",NA,NA,"SM 33:1;O2","Unknown","Unknown",52433,52433,52433,402,402,402,164557,164557,164557,"Pos Late","Pos Late","Pos Late",164557,52433,402,"Pos Late",TRUE,FALSE,TRUE,0.112369051304217
-0.0520652389145359,-0.0535655552835083,-0.943595806908182,0.34578958511372,0.649581554386459,-5.30492518800209,100009126,"100009126","Lipid","Phosphatidylcholine (PC)",2419,"NAMED","UAVRPIXHIHJERN-CBTSKTMBSA-N","O=C(CCCCCCCCCCCCCCCCCCC)OC[C@]([H])(COP(OCC[N+](C)(C)C)([O-])=O)OC(CCC/C=C\C/C=C\C/C=C\C/C=C\CCCCC)=O","1-arachidoyl-2-arachidonoyl-GPC (20:0/20:4)*","1-arachidoyl-2-arachidonoyl-GPC (20:0/20:4)*",NA,24766940,"HMDB0008279",NA,24779048,"PC 40:4","PC 20:0_20:4","Unknown",55062,55062,55062,402,402,402,208176,208176,208176,"Pos Late","Pos Late","Pos Late",208176,55062,402,"Pos Late",TRUE,FALSE,TRUE,-0.112272097285031
-0.0249339670957899,0.00440881275600411,-0.942513827121357,0.34634248616145,0.649581554386459,-5.30583401724585,1134,"1134","Nucleotide","Purine Metabolism, (Hypo)Xanthine/Inosine containing",4334,"NAMED","LEHOTFFKMJEONL-UHFFFAOYSA-N","O=C1NC(NC(NC2=O)=O)=C2N1","urate","urate","120K5305,69-93-2",NA,"HMDB0000289","C00366",1175,NA,NA,NA,1604,1604,1604,209,209,209,124593,124593,124593,"Neg","Neg","Neg",124593,1604,209,"Neg",TRUE,FALSE,TRUE,-0.112143359811849
-0.075797701450982,-0.10469802849744,-0.940835603486037,0.347201189270832,0.649581554386459,-5.30724161712205,100001993,"100001993","Lipid","Pregnenolone Steroids",3328,"NAMED","RKYCGXFEFAPXIP-BWUXAKENSA-N","C[C@@]12C(CCC3C2CC[C@@]4(C)C3CCC4C(OS(=O)(O)=O)C)=CC(OS(=O)(O)=O)CC1","pregnenediol disulfate (C21H34O8S2)*","pregnen-diol disulfate*",NA,NA,NA,NA,NA,NA,NA,NA,32562,32562,32562,209,209,209,149820,149820,149820,"Neg","Neg","Neg",149820,32562,209,"Neg",TRUE,FALSE,TRUE,-0.111943679306837
-0.0398810907432583,-0.0711013388054756,-0.938882931759016,0.348202028523416,0.649581554386459,-5.30887626240014,1052,"1052","Carbohydrate","Glycolysis, Gluconeogenesis, and Pyruvate Metabolism",1282,"NAMED","RBNPOMFGQQGHHO-UHFFFAOYSA-N","O=C(O)C(O)CO","glycerate","glycerate","600-19-1",732,"HMDB0000139,HMDB0006372","C00258",439194752,NA,NA,NA,1572,1572,1572,305,305,305,146444,146444,146444,"Polar","Polar","Polar",146444,1572,305,"Polar",TRUE,FALSE,TRUE,-0.111711344075484
-0.0375198075172341,-0.0507255030179695,-0.93683136130668,0.349255537033759,0.649581554386459,-5.31059005343349,100015620,"100015620","Lipid","Lactosylceramides (LCER)",3154,"NAMED","MKOKWBRPIBQYJJ-WZBOJYASSA-N","[H][C@](NC(CCCCCCCCCCCCC/C=C\CCCCCCCC)=O)(CO[C@H]1[C@H](O)[C@@H](O)[C@H](O[C@H]2[C@H](O)[C@@H](O)[C@@H](O)[C@H](O2)CO)[C@H](O1)CO)[C@@](O)([H])/C=C/CCCCCCCCCCCCC","lactosyl-N-nervonoyl-sphingosine (d18:1/24:1)*","lactosyl-N-nervonoyl-sphingosine (d18:1/24:1)*",NA,24846896,"HMDB0004872",NA,NA,"LacCer 42:1;O2","LacCer 18:1;O2_24:1","LacCer 18:1;O2/24:1",57370,57370,57370,402,402,402,210897,210897,210897,"Pos Late","Pos Late","Pos Late",210897,57370,402,"Pos Late",TRUE,FALSE,TRUE,-0.111467241552216
-0.054878136955913,0.00397208968622735,-0.929056401931533,0.35326647573814,0.650792124172808,-5.31705100368608,100001739,"100001739","Lipid","Long Chain Polyunsaturated Fatty Acid (n3 and n6)",1617,"NAMED","AHANXAKGNAKFSK-PDBXOOCHSA-N","CC\C=C/C\C=C/C\C=C/CCCCCCCCCC(O)=O","dihomo-linolenate (20:3n3 or n6)","dihomolinolenate (20:3n3 or 3n6)","17046-59-2",4471954,"HMDB0002925","C03242",5280581,NA,NA,NA,35718,35718,35718,209,209,209,143707,143707,143707,"Neg","Neg","Neg",143707,35718,209,"Neg",TRUE,FALSE,TRUE,-0.110542151604843
-0.152747951978878,-0.376594160084492,-0.929016465679209,0.353287153122381,0.650792124172808,-5.31708405198913,100001106,"100001106","Xenobiotics","Xanthine Metabolism",4801,"NAMED","OTSBKHHWSQYEHK-UHFFFAOYSA-N","CN1C(N(C(N2)=C(C1=O)NC2=O)C)=O","1,3-dimethylurate","1,3-dimethylurate","944-73-0",63527,"HMDB0001857",NA,70346,NA,NA,NA,32391,32391,32391,209,209,209,125804,125804,125804,"Neg","Neg","Neg",125804,32391,209,"Neg",TRUE,FALSE,TRUE,-0.110537399859685
-0.17216702750188,-0.596300801866366,-0.922060600660559,0.356900322585836,0.651909735458142,-5.32281861608532,100000437,"100000437","Xenobiotics","Xanthine Metabolism",4798,"NAMED","ZFXYFBGIUFBOJW-UHFFFAOYSA-N","O=C(N1C)C(N=CN2)=C2N(C)C1=O","theophylline","theophylline","58-55-9",2068,"HMDB0001889","C07130",2153,NA,NA,NA,18394,18394,18394,209,209,400,125760,125760,155669,"Neg","Neg","Pos Early",155669,18394,400,"Pos Early",TRUE,FALSE,TRUE,-0.109709768422201
-0.0428849760372096,0.0219548370487982,-0.920749909822163,0.35758375519443,0.651909735458142,-5.32389436862987,892,"892","Lipid","Long Chain Saturated Fatty Acid",1561,"NAMED","ISYWECDDZWTKFF-UHFFFAOYSA-N","CCCCCCCCCCCCCCCCCCC(O)=O","nonadecanoate (19:0)","nonadecanoate (19:0)","646-30-0",12071,"HMDB0000772","C16535",12591,NA,NA,NA,1356,1356,1356,209,209,209,125722,125722,125722,"Neg","Neg","Neg",125722,1356,209,"Neg",TRUE,FALSE,TRUE,-0.10955381816443
0.107163988664727,-0.240634076754213,0.918089187324207,0.358973672512016,0.651909735458142,-5.32607347252746,100002171,"100002171","Lipid","Lysophospholipid",2721,"NAMED","RVNBVQKDPQVSOY-NRFANRHFSA-N","O=P(OCCN)(O)OC[C@@H](O)COC(CCCCCCCCCCCCCCCC)=O","1-margaroyl-GPE (17:0)*","1-margaroyl-GPE (17:0)*",NA,NA,"HMDB0061691",NA,52925149,"LPE 17:0","LPE 17:0","LPE 17:0/0:0",37419,37419,37419,209,209,209,144194,144194,144194,"Neg","Neg","Neg",144194,37419,209,"Neg",TRUE,FALSE,TRUE,0.109237236750066
0.0600435462049782,0.111667454314818,0.909327008017114,0.36357491864557,0.65716593276312,-5.33320517726337,100001778,"100001778","Lipid","Lysophospholipid",2780,"NAMED","SAHCQBPGXQFTRA-WNOZMNFTSA-N","[H]C(C(O)(C(O)([C@](O)1[H])[H])[H])([C@@](OP(O)(OC[C@@]([H])(COC(CCCCCCC/C=C\C/C=C\CCCCC)=O)O)=O)([C@]1(O)[H])[H])O","1-linoleoyl-GPI (18:2)*","1-linoleoyl-GPI* (18:2)*",NA,NA,"HMDB0240597",NA,11124828,"LPI 18:2","LPI 18:2","LPI 18:2/0:0",36594,36594,36594,209,209,209,146822,146822,146822,"Neg","Neg","Neg",146822,36594,209,"Neg",TRUE,FALSE,TRUE,0.108194684165164
0.118400891971344,-0.286257488516143,0.899104759693599,0.368989413446771,0.663836094285078,-5.34143911079974,100002017,"100002017","Lipid","Androgenic Steroids",3448,"NAMED","JHFAETDERBWUOO-ILBJSTGGSA-N","C[C@@]12[C@](CCC3C2CC[C@@]4(C)C3CC[C@@H]4OS(=O)(O)=O)([H])C[C@H](OS(=O)(O)=O)CC1","5alpha-androstan-3alpha,17beta-diol disulfate","5alpha-androstan-3alpha,17beta-diol disulfate",NA,NA,"HMDB0094682",NA,56639109,NA,NA,NA,37184,37184,37184,209,209,209,144264,144264,144264,"Neg","Neg","Neg",144264,37184,209,"Neg",TRUE,FALSE,TRUE,0.106978407821154
0.0675556608180274,0.0250832962636305,0.890078524380623,0.373811986365482,0.663875007256614,-5.34863253051236,100002027,"100002027","Lipid","Androgenic Steroids",3436,"NAMED","VPDALJSLCNNODJ-IUIQAQCZSA-N","O[C@@H]1CCC2C3CCC4=CC(OS(=O)(O)=O)CC[C@]4(C)C3CC[C@@]21C","androstenediol (3alpha, 17alpha) monosulfate (3)","androstenediol (3alpha, 17alpha) monosulfate (3)",NA,NA,NA,NA,NA,NA,NA,NA,37209,37209,37209,209,209,209,144214,144214,144214,"Neg","Neg","Neg",144214,37209,209,"Neg",TRUE,FALSE,TRUE,0.105904436994073
-0.0330550029113564,-0.0502895216256964,-0.890039814808013,0.373832752130926,0.663875007256614,-5.34866322414185,100009019,"100009019","Lipid","Plasmalogen",2850,"NAMED","GBNPCIWXLWZJGA-ADTCAWDJSA-N","CCCCCCCCCCCCCCCCCCOCC(OC(CCC/C=C/C/C=C/C/C=C/C/C=C/CCCCC)=O)COP([O-])(OCC[N+](C)(C)C)=O","1-stearyl-2-arachidonoyl-GPC (O-18:0/20:4)*","1-stearyl-2-arachidonoyl-GPC (O-18:0/20:4)*",NA,NA,"HMDB0013420",NA,NA,"PC O-38:4","PC O-18:0_20:4","PC O-18:0/20:4",57333,57333,57333,402,402,402,210831,210831,210831,"Pos Late","Pos Late","Pos Late",210831,57333,402,"Pos Late",TRUE,FALSE,TRUE,-0.105899831203256
0.034630717592425,-0.0674969591946008,0.889385076839714,0.374184094999182,0.663875007256614,-5.34918217797167,100001551,"100001551","Lipid","Lysophospholipid",2685,"NAMED","LAXQYRRMGGEGOH-JXRLJXCWSA-N","C[N+](C)(C)CCOP(OC[C@@](O)([H])COC(CCC\C=C/C\C=C/C/C=C\C/C=C\CCCCC)=O)([O-])=O","1-arachidonoyl-GPC (20:4n6)*","1-arachidonoyl-GPC (20:4n6)*",NA,21403155,"HMDB0010395","C05208",24779476,"LPC 20:4","LPC 20:4(5,8,11,14)","LPC 20:4/0:0",33228,33228,33228,402,402,402,158552,158552,158552,"Pos Late","Pos Late","Pos Late",158552,33228,402,"Pos Late",TRUE,FALSE,TRUE,0.105821928350854
-0.0297027308318868,-0.0500322122339068,-0.874067723078559,0.382461983344279,0.674334738101357,-5.36121427741196,1002,"1002","Nucleotide","Purine Metabolism, (Hypo)Xanthine/Inosine containing",4336,"NAMED","POJWUDADGALRAB-UHFFFAOYSA-N","O=C(N1)C(NC(N)=O)NC1=O","allantoin","allantoin","97-59-6",199,"HMDB0000462","C02348,C01551,C02350",439714204439713,NA,NA,NA,1107,1107,1107,305,305,305,146424,146424,146424,"Polar","Polar","Polar",146424,1107,305,"Polar",TRUE,FALSE,TRUE,-0.10399941979472
-0.121988505937551,-0.0274862016441579,-0.872009865572908,0.383582617257655,0.674334738101357,-5.36281488924525,100020262,"100020262","Partially Characterized Molecules","Partially Characterized Molecules",6708,"NAMED",NA,NA,"glutamine conjugate of C6H10O2 (2)*","glutamine conjugate of C6H10O2 (2)*",NA,NA,NA,NA,NA,NA,NA,NA,63660,63660,63660,209,209,209,223046,223046,223046,"Neg","Neg","Neg",223046,63660,209,"Neg",FALSE,TRUE,TRUE,-0.103754569217406
0.0265453221216644,-0.0387852435123933,0.867730218739332,0.385919603336363,0.675359305838636,-5.36613157484328,100009131,"100009131","Lipid","Phosphatidylcholine (PC)",2410,"NAMED","ZZSZQATYGVHNLZ-PUMLCSCDSA-N","O=C(CCCCCCC/C=C\C/C=C\CCCCC)OC[C@]([H])(COP(OCC[N+](C)(C)C)([O-])=O)OC(CCC/C=C\C/C=C\C/C=C\C/C=C\CCCCC)=O","1-linoleoyl-2-arachidonoyl-GPC (18:2/20:4n6)*","1-linoleoyl-2-arachidonoyl-GPC (18:2/20:4n6)*",NA,24766809,"HMDB0008147","C05208",24778979,"PC 38:6","PC 18:2_20:4(5,8,11,14)","Unknown",52710,52710,52710,402,402,402,165488,165488,165488,"Pos Late","Pos Late","Pos Late",165488,52710,402,"Pos Late",TRUE,FALSE,TRUE,0.103245362921524
-0.161443252460724,-0.529748169197401,-0.860951467259023,0.389639071919023,0.676400954514347,-5.37135175042002,100000453,"100000453","Xenobiotics","Xanthine Metabolism",4796,"NAMED","QUNWUDVFRNGTCO-UHFFFAOYSA-N","O=C(N2C)NC1=C(N(C)C=N1)C2=O","paraxanthine","paraxanthine","611-59-6",4525,"HMDB0001860","C13747",4687,NA,NA,NA,18254,18254,18254,209,209,209,124653,124653,124653,"Neg","Neg","Neg",124653,18254,209,"Neg",TRUE,FALSE,TRUE,-0.102438805028731
-0.0566866561071062,-0.124822243895166,-0.860243835567848,0.390028602343337,0.676400954514347,-5.37189432999318,100001270,"100001270","Lipid","Fatty Acid Metabolism (Acyl Carnitine, Long Chain Saturated)",1907,"NAMED","PSHXNVGSVNEJBD-UHFFFAOYSA-N","O=C(CCCCCCCCCCCCC)OC(CC([O-])=O)C[N+](C)(C)C","myristoylcarnitine (C14)","myristoylcarnitine (C14)","18822-89-4",4932274,"HMDB0005066",NA,6426854,NA,NA,NA,33952,33952,33952,402,402,402,158596,158596,158596,"Pos Late","Pos Late","Pos Late",158596,33952,402,"Pos Late",TRUE,FALSE,TRUE,-0.102354608709193
-0.0352604804319306,-0.00219759178189367,-0.856660072958325,0.39200500134102,0.67677993505064,-5.3746353641862,100002060,"100002060","Lipid","Lysophospholipid",2751,"NAMED","XEVRBOQZSXWGQO-FJXNLOIUSA-N","NCCOP(OC[C@](O)([H])COC(CC\C=C/C/C=C\C/C=C\C/C=C\C/C=C\C/C=C\CC)=O)(O)=O","1-docosahexaenoyl-GPE (22:6)*","1-docosahexaenoyl-GPE (22:6)*",NA,NA,"HMDB0011526",NA,NA,"LPE 22:6","LPE 22:6","LPE 22:6/0:0",44633,44633,44633,402,402,402,159616,159616,159616,"Pos Late","Pos Late","Pos Late",159616,44633,402,"Pos Late",TRUE,FALSE,TRUE,-0.101928200981014
-0.155811614122267,-0.5322245501208,-0.845772241313017,0.398046766792846,0.684142880425205,-5.38289291502446,798,"798","Nucleotide","Purine Metabolism, Adenine containing",4349,"NAMED","OIRDTQYFTABQOQ-KQYNXXCUSA-N","NC1=NC=NC2=C1N=CN2[C@@]3([H])[C@@](O)([H])[C@@](O)([H])[C@](CO)([H])O3","adenosine","adenosine","58-61-7",54923,"HMDB0000050","C00212",60961,NA,NA,NA,555,555,555,209,209,209,124777,124777,124777,"Neg","Neg","Neg",124777,555,209,"Neg",TRUE,FALSE,TRUE,-0.100632731369178
-0.133426641164985,-0.273409606282288,-0.828664525643819,0.407652893321831,0.693503012987177,-5.3956549923889,100006644,"100006644","Lipid","Secondary Bile Acid Metabolism",3560,"NAMED","UCVGCHGIKFWAGH-WQVRBXQRSA-N","C[C@@]12[C@@](CCC3C2C[C@H](O)[C@@]4(C)C3CC[C@@H]4[C@@H](CCC(NCCS(O)(=O)=O)=O)C)([H])C[C@H](OS(O)(=O)=O)CC1","taurodeoxycholic acid 3-sulfate","taurodeoxycholic acid 3-sulfate",NA,NA,NA,NA,NA,NA,NA,NA,62889,62889,62889,209,209,209,220740,220740,220740,"Neg","Neg","Neg",220740,62889,209,"Neg",TRUE,FALSE,TRUE,-0.0985971997317177
0.0260464569720017,-0.0254649809619036,0.828613562123724,0.407681715211175,0.693503012987177,-5.39569262184526,100006296,"100006296","Lipid","Sphingomyelins",3191,"NAMED","BBJBWENPFZYXKM-CUYAXJSGSA-N","CCCCCCCCCCCCC/C=C/[C@@H](O)[C@@H](NC(CCCCCCCCCCC/C=C/C/C=C/CCCCC)=O)COP([O-])(OCC[N+](C)(C)C)=O","sphingomyelin (d18:1/22:2, d18:2/22:1, d16:1/24:2)*","sphingomyelin (d18:1/22:2, d18:2/22:1, d16:1/24:2)*",NA,NA,"HMDB0240670,HMDB0240672,HMDB0240669",NA,NA,"SM 40:3;O2","Unknown","Unknown",57477,57477,57477,402,402,402,211140,211140,211140,"Pos Late","Pos Late","Pos Late",211140,57477,402,"Pos Late",TRUE,FALSE,TRUE,0.0985911359263847
-0.05727722354847,-0.0126966395266668,-0.825206268585454,0.409611436043702,0.693503012987177,-5.39820319787927,519,"519","Lipid","Long Chain Saturated Fatty Acid",1552,"NAMED","TUNFSRHWOTWDNC-UHFFFAOYSA-N","OC(CCCCCCCCCCCCC)=O","myristate (14:0)","myristate (14:0)","544-63-8",10539,"HMDB0000806","C06424",11005,NA,NA,NA,1365,1365,1365,209,209,209,125728,125728,125728,"Neg","Neg","Neg",125728,1365,209,"Neg",TRUE,FALSE,TRUE,-0.0981857250621072
-0.0593717808280647,-0.0881615033576188,-0.823292140057866,0.410697888210588,0.693503012987177,-5.39960904824721,100020541,"100020541","Lipid","Androgenic Steroids",3469,"NAMED","BRPLOVMHAFXVOQ-HXVIYJDASA-N","C[C@]12CC[C@@H](OC3C(O)C(O)C(O)C(C(O)=O)O3)C[C@]1([H])CC[C@]4([H])[C@]2([H])[C@@H](O)C[C@@]5(C)[C@@]4([H])CCC5=O","11beta-hydroxyandrosterone glucuronide","11beta-hydroxyandrosterone glucuronide",NA,NA,"HMDB0010351",NA,NA,NA,NA,NA,63251,63251,63251,209,209,209,222126,222126,222126,"Neg","Neg","Neg",222126,63251,209,"Neg",TRUE,FALSE,TRUE,-0.097957975825949
0.0869124223827603,-0.197365454716165,0.81979653915205,0.412686401676125,0.69381774954283,-5.40216802418151,100004182,"100004182","Lipid","Secondary Bile Acid Metabolism",3609,"NAMED","HIAJCGFYHIANNA-QIZZZRFXSA-N","O[C@@H]1CC2=CC[C@@]([C@@]3([H])[C@@]2(C)CC1)([H])[C@@]4([H])[C@@](CC3)(C)[C@]([C@H](C)CCC(O)=O)([H])CC4","3beta-hydroxy-5-cholenoate","3beta-hydroxy-5-cholenoate","5255-17-4",83950,"HMDB0000308",NA,92997,NA,NA,NA,43507,43507,43507,209,209,209,144005,144005,144005,"Neg","Neg","Neg",144005,43507,209,"Neg",TRUE,FALSE,TRUE,0.0975420578639422
-0.0770583235412834,0.0445247996711837,-0.815671418747116,0.415040369125185,0.694741487448679,-5.40517387536919,100001990,"100001990","Lipid","Secondary Bile Acid Metabolism",3606,"NAMED","OEDITLKCLMKBOM-UHFFFAOYSA-N","O=S(OC1CCC2(C)C(CCC3C2CCC4(C)C3CCC4C(CCC(NCCS(=O)(O)=O)=O)C)=C1)(O)=O","taurocholenate sulfate*","taurocholenate sulfate*",NA,NA,NA,NA,NA,NA,NA,NA,32807,32807,32807,209,209,209,142566,142566,142566,"Neg","Neg","Neg",142566,32807,209,"Neg",TRUE,FALSE,TRUE,-0.0970512376249961
0.0930952812905346,0.0292253402455502,0.804064380570481,0.421706384466025,0.700339825276493,-5.41355043243799,100002018,"100002018","Lipid","Androgenic Steroids",3446,"NAMED","LERFMBCTNMFXCT-ILBJSTGGSA-N","C[C@@]12[C@](CCC3C2CC[C@@]4(C)C3CC[C@@H]4O)([H])C[C@H](OS(=O)(O)=O)CC1","5alpha-androstan-3alpha,17beta-diol monosulfate (1)","5alpha-androstan-3alpha,17beta-diol monosulfate (1)",NA,NA,"HMDB0247995",NA,121596226121596000,NA,NA,NA,37186,37186,37186,209,209,209,144270,144270,144270,"Neg","Neg","Neg",144270,37186,209,"Neg",TRUE,FALSE,TRUE,0.0956701944815042
-0.0140937006932922,-0.0231700838253096,-0.800232494835765,0.423920814984498,0.700339825276493,-5.41628953399737,563,"563","Amino Acid","Glutamate Metabolism",47,"NAMED","ZDXPYRJPNDTMRX-VKHMYHEASA-N","OC([C@@H](N)CCC(N)=O)=O","glutamine","glutamine","56-85-9",5746,"HMDB0000641","C00064",5961,NA,NA,NA,53,53,53,400,400,400,155293,155293,155293,"Pos Early","Pos Early","Pos Early",155293,53,400,"Pos Early",FALSE,TRUE,TRUE,-0.0952142642570972
-0.0502640523620293,0.101222913165061,-0.79789336714428,0.42527593269475,0.700339825276493,-5.41795516989641,100001182,"100001182","Lipid","Long Chain Polyunsaturated Fatty Acid (n3 and n6)",1622,"NAMED","HVGRZDASOHMCSK-AVQMFFATSA-N","CCCCC/C=C/C/C=C/CCCCCCCCCCCC(O)=O","docosadienoate (22:2n6)","docosadienoate (22:2n6)","7370-49-2",4445934,"HMDB0061714","C16533",5282807,NA,NA,NA,32415,32415,32415,209,209,209,125824,125824,125824,"Neg","Neg","Neg",125824,32415,209,"Neg",TRUE,FALSE,TRUE,-0.0949359472384989
0.0617271310139609,-0.0313144566601551,0.797229329800652,0.425661088609609,0.700339825276493,-5.41842712844279,1547,"1547","Lipid","Ceramides",3087,"NAMED","VODZWWMEJITOND-NXCSZAMKSA-N","OC[C@H](NC(CCCCCCCCCCCCCCCCC)=O)[C@H](O)/C=C/CCCCCCCCCCCCC","N-stearoyl-sphingosine (d18:1/18:0)*","N-stearoyl-sphingosine (d18:1/18:0)*","104404-17-3",4446678,"HMDB0004950",NA,5283565,"CER 36:1;O2","CER 18:1; O2_18:0","CER 18:1; O2/18:0",54979,54979,54979,402,402,402,208064,208064,208064,"Pos Late","Pos Late","Pos Late",208064,54979,402,"Pos Late",TRUE,FALSE,TRUE,0.0948569379161822
0.0460015273121152,-0.0551423912934356,0.792168034838488,0.428603449821013,0.702180119919532,-5.42201151935033,100015792,"100015792","Lipid","Sphingomyelins",3195,"NAMED","JONXXLXMISNQNG-BXMSAMRLSA-N","[H][C@](NC(CCCCCCCCCCCCCCCCCCCCCCCC)=O)(COP(OCC[N+](C)(C)C)([O-])=O)[C@@](O)([H])/C=C/CCCCCCCCCCCCC","sphingomyelin (d18:1/25:0, d19:0/24:1, d20:1/23:0, d19:1/24:0)*","sphingomyelin (d18:1/25:0, d19:0/24:1, d20:1/23:0, d19:1/24:0)*",NA,24846885,"HMDB0240675,HMDB0240674,HMDB0240673,HMDB0240671",NA,NA,"SM 43:1;O2","Unknown","Unknown",57478,57478,57478,402,402,402,211141,211141,211141,"Pos Late","Pos Late","Pos Late",211141,57478,402,"Pos Late",TRUE,FALSE,TRUE,0.0942547285843686
-0.0560364619312803,-0.128943049709253,-0.778050257946795,0.436873180924307,0.712695655321434,-5.43188933156658,100002129,"100002129","Lipid","Pregnenolone Steroids",3311,"NAMED","DIJBBUIOWGGQOP-QGVNFLHTSA-N","C[C@]12CC[C@H](OS(=O)(O)=O)CC1=CC[C@@]3([H])[C@]4([H])CC[C@H]([C@](C)=O)[C@](C)4CC[C@]23[H]","pregnenolone sulfate","pregnenolone sulfate","1247-64-9",94802,"HMDB0000774","C18044",105074,NA,NA,NA,38170,38170,38170,209,209,209,127723,127723,127723,"Neg","Neg","Neg",127723,38170,209,"Neg",TRUE,FALSE,TRUE,-0.0925749495846864
-0.131166674190853,-0.0178966624151164,-0.768455311891097,0.442545795777808,0.718903507909097,-5.43850151052516,100021502,"100021502","Lipid","Medium Chain Fatty Acid",1543,"NAMED","WXBXVVIUZANZAU-CMDGGOBGSA-N","CCCCCCC/C=C/C(O)=O","(2 or 3)-decenoate (10:1n7 or n8)","(2 or 3)-decenoate (10:1n7 or n8)",NA,NA,"HMDB0340520,HMDB0340524",NA,NA,NA,NA,NA,63436,63436,63436,209,209,209,222605,222605,222605,"Neg","Neg","Neg",222605,63436,209,"Neg",TRUE,FALSE,TRUE,-0.091433311704226
-0.0225618042955385,-0.0268783625218781,-0.756193300204423,0.449856324540093,0.727269488428067,-5.44683250220675,100009030,"100009030","Lipid","Lactosylceramides (LCER)",3150,"NAMED","HLIJNIKSBCIDGO-QKLMXXKVSA-N","O=C(CCCCCCCCCCCCCCC)N[C@@]([C@]([H])(O)/C=C/CCCCCCCCCCCCC)([H])CO[C@H](O1)[C@H](O)[C@@H](O)[C@@H]([C@H]1CO)O[C@H](O2)[C@H](O)[C@@H](O)[C@H]([C@H]2CO)O","lactosyl-N-palmitoyl-sphingosine (d18:1/16:0)","lactosyl-N-palmitoyl-sphingosine (d18:1/16:0)","4201-62-1",NA,"HMDB0006750",NA,53477895,"LacCer 34:1;O2","LacCer 18:1;O2_16:0","LacCer 18:1;O2/16:0",53010,53010,53010,402,402,402,166340,166340,166340,"Pos Late","Pos Late","Pos Late",166340,53010,402,"Pos Late",TRUE,FALSE,TRUE,-0.0899743376828096
-0.0611524467858857,-0.00114799009189849,-0.753495686410347,0.451473786322878,0.727269488428067,-5.44864735921221,100001277,"100001277","Lipid","Long Chain Monounsaturated Fatty Acid",1585,"NAMED","BBOWBNGUEWHNQZ-KTKRTIGZSA-N","O=C(O)CCCCCCCC/C=C\CCCCCCCC","nonadecenoate (19:1)","nonadecenoate (19:1)","73033-09-7",4471938,"HMDB0013622",NA,5312513,NA,NA,NA,33972,33972,33972,209,209,209,126131,126131,126131,"Neg","Neg","Neg",126131,33972,209,"Neg",TRUE,FALSE,TRUE,-0.0896533668220782
0.0196197182930584,-0.0120418041822586,0.749006394860822,0.454172818762026,0.728568896764083,-5.45165324702345,100001271,"100001271","Lipid","Lysophospholipid",2661,"NAMED","IHNKQIMGVNPMTC-RUZDIDTESA-N","O[C@H](COC(CCCCCCCCCCCCCCCCC)=O)COP(OCC[N+](C)(C)C)([O-])=O","1-stearoyl-GPC (18:0)","1-stearoyl-GPC (18:0)","19420-57-6",435389,"HMDB0010384",NA,497300,"LPC 18:0","LPC 18:0","LPC 18:0/0:0",33961,33961,33961,402,402,402,158603,158603,158603,"Pos Late","Pos Late","Pos Late",158603,33961,402,"Pos Late",TRUE,FALSE,TRUE,0.0891192163162163
-0.0445714615316506,-0.0932965061299165,-0.723736155944927,0.469534723959638,0.750086592217678,-5.468239002163,100009123,"100009123","Lipid","Phosphatidylcholine (PC)",2318,"NAMED","GEINPYKZLFHHIL-HEXXMCQTSA-N","O=C(CCCCCCCCCCCCCC)OC[C@]([H])(COP(OCC[N+](C)(C)C)([O-])=O)OC(CC/C=C\C/C=C\C/C=C\C/C=C\C/C=C\C/C=C\CC)=O","1-pentadecanoyl-2-docosahexaenoyl-GPC (15:0/22:6)*","1-pentadecanoyl-2-docosahexaenoyl-GPC (15:0/22:6)*",NA,24766633,"HMDB0007958",NA,52922342,"PC 37:6","PC 15:0_22:6","Unknown",53197,53197,53197,402,402,402,166627,166627,166627,"Pos Late","Pos Late","Pos Late",166627,53197,402,"Pos Late",TRUE,FALSE,TRUE,-0.0861124811217503
-0.0536040584862665,-0.139449243337587,-0.718004219499382,0.473058849345488,0.75259362395873,-5.47192204991806,100009406,"100009406","Lipid","Fatty Acid Metabolism (Acyl Carnitine, Monounsaturated)",1930,"NAMED","JFAGPSOZZSTLRF-KHPPLWFESA-N","O=C(OC(CC([O-])=O)C[N+](C)(C)C)CCCCCCC/C=C\CCCCCC","palmitoleoylcarnitine (C16:1)*","palmitoleoylcarnitine (C16:1)*",NA,28639183,"HMDB0013207",NA,71464547,NA,NA,NA,53223,53223,53223,402,402,402,178791,178791,178791,"Pos Late","Pos Late","Pos Late",178791,53223,402,"Pos Late",TRUE,FALSE,TRUE,-0.0854304766855983
-0.0245149727040902,-0.0676216394870948,-0.708765668899731,0.47876951384912,0.75435600533435,-5.47779675490885,100015788,"100015788","Lipid","Sphingomyelins",3173,"NAMED","YMTVMVYOUDDTQJ-UOMMIRHQSA-N","[H][C@](NC(CCCCCCC/C=C\CCCCCCCC)=O)(COP(OCC[N+](C)(C)C)([O-])=O)[C@@](O)([H])/C=C/CCCCCCCC/C=C\CCC","sphingomyelin (d18:2/18:1, d18:1/18:2)*","sphingomyelin (d18:2/18:1, d18:1/18:2)*",NA,NA,"HMDB0258342",NA,NA,"SM 36:2;O2","SM 18:2;O2_18:1","SM 18:2;O2/18:1",57474,57474,57474,402,402,402,211137,211137,211137,"Pos Late","Pos Late","Pos Late",211137,57474,402,"Pos Late",TRUE,FALSE,TRUE,-0.0843312438953474
0.144597211653394,-0.573842899517807,0.708030298842953,0.479225687853711,0.75435600533435,-5.47826110736787,100000436,"100000436","Lipid","Secondary Bile Acid Metabolism",3557,"NAMED","WVULKSPCQVQLCU-BUXLTGKBSA-N","O=C(NCC(O)=O)CC[C@@H](C)[C@@H]1[C@@]2(C)[C@@H](O)C[C@]3([H])[C@@]4(C)CC[C@@H](O)C[C@@]4([H])CC[C@@]3([H])[C@@]2(CC1)[H]","glycodeoxycholate","glycodeoxycholate","360-65-6",NA,"HMDB0000631","C05464",3035026,NA,NA,NA,18477,18477,18477,209,209,209,123291,123291,123291,"Neg","Neg","Neg",123291,18477,209,"Neg",TRUE,FALSE,TRUE,0.0842437471748759
0.0263893053574755,0.0100860300199816,0.706710931002224,0.480044730667314,0.75435600533435,-5.47909302182169,100009014,"100009014","Lipid","Plasmalogen",2868,"NAMED","IOYKZPNDXIIXLN-LOQSCQKMSA-N","[H][C@](OC(CCC/C=C\C/C=C\C/C=C\C/C=C\CCCCC)=O)(COP(OCC[N+](C)(C)C)([O-])=O)CO/C=C\CCCCCCCCCCCCCC","1-(1-enyl-palmitoyl)-2-arachidonoyl-GPC (P-16:0/20:4)*","1-(1-enyl-palmitoyl)-2-arachidonoyl-GPC (P-16:0/20:4)*",NA,24767495,"HMDB0011220",NA,NA,"PC O-36:5","PC P-16:0_20:4","PC P-16:0/20:4",52689,52689,52689,402,402,402,165459,165459,165459,"Pos Late","Pos Late","Pos Late",165459,52689,402,"Pos Late",TRUE,FALSE,TRUE,0.0840867644991534
-0.108883724582347,-0.595615641141081,-0.702671468115891,0.482557117584824,0.755221505163241,-5.48163043699122,100006005,"100006005","Lipid","Androgenic Steroids",3447,"NAMED","LERFMBCTNMFXCT-ILBJSTGGSA-N","C[C@@]12[C@](CCC3C2CC[C@@]4(C)C3CC[C@@H]4O)([H])C[C@H](OS(=O)(O)=O)CC1","5alpha-androstan-3alpha,17beta-diol monosulfate (2)","5alpha-androstan-3alpha,17beta-diol monosulfate (2)",NA,NA,NA,NA,121596225,NA,NA,NA,37185,37185,37185,209,209,209,144272,144272,144272,"Neg","Neg","Neg",144272,37185,209,"Neg",TRUE,FALSE,TRUE,-0.0836061360702928
0.118975454189346,0.300223968771773,0.697786011580631,0.485605227446167,0.756915030634714,-5.48467987367385,136,"136","Lipid","Primary Bile Acid Metabolism",3521,"NAMED","BHQCQFFYRZLCQQ-OLRQUHAPSA-N","O[C@H]1[C@@]2([H])[C@]3([H])CC[C@H]([C@H](C)CCC(O)=O)[C@@]3(C)[C@@H](O)C[C@]2([H])[C@@]4(C)CC[C@@H](O)CC4C1","cholate","cholate","81-25-4",NA,"HMDB0000619","C00695",221493,NA,NA,NA,22842,22842,22842,209,209,209,124689,124689,124689,"Neg","Neg","Neg",124689,22842,209,"Neg",TRUE,FALSE,TRUE,0.0830248485662653
0.0556863464094821,-0.11541890913846,0.694596204601541,0.487601020257478,0.756961261286811,-5.48665945039072,100009219,"100009219","Lipid","Phosphatidylethanolamine (PE)",2492,"NAMED","PECSWFQRRFRZPW-BHPGJWMBSA-N","O=C(CCCCCCC/C=C\CCCCCCCC)OC[C@]([H])(COP(OCCN)(O)=O)OC(CCC/C=C\C/C=C\C/C=C\C/C=C\CCCCC)=O","1-oleoyl-2-arachidonoyl-GPE (18:1/20:4)*","1-oleoyl-2-arachidonoyl-GPE (18:1/20:4)*",NA,24768534,"HMDB0009069",NA,348281223,"PE 38:5","PE 18:1_20:4","Unknown",55041,55041,55041,402,402,402,210837,210837,210837,"Pos Late","Pos Late","Pos Late",210837,55041,402,"Pos Late",TRUE,FALSE,TRUE,0.0826453149599744
0.0129649064056041,0.00105840427493659,0.685929270502173,0.493046077284669,0.759254116020272,-5.49199238855919,1242,"1242","Nucleotide","Purine Metabolism, Adenine containing",4356,"NAMED","GFYLSDSUCHVORB-IOSLPCCCSA-N","N=C1C2=C(N([C@@]3([H])[C@@](O)([H])[C@@](O)([H])[C@](CO)([H])O3)C=N2)N=CN1C","N1-methyladenosine","1-methyladenosine","15763-06-1",4573813,"HMDB0003331","C02494",27476,NA,NA,NA,15650,15650,15650,400,400,400,155564,155564,155564,"Pos Early","Pos Early","Pos Early",155564,15650,400,"Pos Early",TRUE,FALSE,TRUE,0.0816140949595851
-0.0556891108481794,0.0117812119142804,-0.684352252640354,0.494040349842029,0.759254116020272,-5.4929555724505,55,"55","Cofactors and Vitamins","Nicotinate and Nicotinamide Metabolism",4519,"NAMED","LDHMAVIPBRSVRG-UHFFFAOYSA-N","C[N+]1=CC(C([NH-])=O)=CC=C1","1-methylnicotinamide","1-methylnicotinamide","1005-24-9",8305504,"HMDB0000699","C02918",457,NA,NA,NA,27665,27665,27665,400,400,400,155829,155829,155829,"Pos Early","Pos Early","Pos Early",155829,27665,400,"Pos Early",TRUE,FALSE,TRUE,-0.081426456246583
-0.0569544669057642,-0.0166857064447573,-0.682840882024217,0.494994241872956,0.759254116020272,-5.49387658486836,209,"209","Nucleotide","Purine Metabolism, Adenine containing",4342,"NAMED","UDMBCSSLTHHNCD-UHFFFAOYSA-N","NC1=NC=NC2=C1N=CN2C3OC(C(C3O)O)COP(O)(O)=O","adenosine 5'-monophosphate (AMP)","AMP","149022-20-8",10239183,"HMDB0000045","C00020",6083,NA,NA,NA,32342,32342,32342,400,400,400,155907,155907,155907,"Pos Early","Pos Early","Pos Early",155907,32342,400,"Pos Early",TRUE,FALSE,TRUE,-0.0812466284563296
0.0778006348112319,-0.0899056118191852,0.663806569074347,0.507091634295808,0.767062883297405,-5.50530189126693,100010922,"100010922","Lipid","Diacylglycerol",3003,"NAMED","KRECEGQUDDMNAQ-MYBRWWDOSA-N","OC[C@](OC(CCC/C=C\C/C=C\C/C=C\C/C=C\CCCCC)=O)(COC(CCCCCCC/C=C\C/C=C\CCCCC)=O)[H]","linoleoyl-arachidonoyl-glycerol (18:2/20:4) [1]*","linoleoyl-arachidonoyl-glycerol (18:2/20:4) [1]*",NA,NA,"HMDB0007257",NA,9543796,"DG 38:6","DG 18:2_20:4","Unknown",54955,54955,54955,402,402,402,208040,208040,208040,"Pos Late","Pos Late","Pos Late",208040,54955,402,"Pos Late",TRUE,FALSE,TRUE,0.0789818640099256
0.0319629667269478,0.0803901841347579,0.663488722561162,0.507294957787723,0.767062883297405,-5.50548994117203,1004,"1004","Nucleotide","Purine Metabolism, (Hypo)Xanthine/Inosine containing",4324,"NAMED","LRFVTYWOQMYALW-UHFFFAOYSA-N","O=C(N1)C(N=CN2)=C2NC1=O","xanthine","xanthine","69-89-6",1151,"HMDB0000292","C00385",1188,NA,NA,NA,3147,3147,3147,305,305,305,147146,147146,147146,"Polar","Polar","Polar",147146,3147,305,"Polar",TRUE,FALSE,TRUE,0.0789440455982829
0.0418038514668237,-0.00748523718622634,0.662474980857355,0.507943725763914,0.767062883297405,-5.50608910809959,100009027,"100009027","Lipid","Dihydrosphingomyelins",3164,"NAMED","JCELSEVNSMXGKA-IOLBBIBUSA-N","[H][C@](NC(CCCCCCCCCCCCCCCCC)=O)(COP(OCC[N+](C)(C)C)([O-])=O)[C@@](O)([H])CCCCCCCCCCCCCCC","sphingomyelin (d18:0/18:0, d19:0/17:0)*","sphingomyelin (d18:0/18:0, d19:0/17:0)*",NA,24846878,"HMDB0012087",NA,44260130,"SM 36:0;O2","Unknown","Unknown",57473,57473,57473,402,402,402,211136,211136,211136,"Pos Late","Pos Late","Pos Late",211136,57473,402,"Pos Late",TRUE,FALSE,TRUE,0.0788234273140997
0.0373305414886695,-0.000740133713477355,0.662301743152506,0.50805463698919,0.767062883297405,-5.50619140787541,100001555,"100001555","Lipid","Lysophospholipid",2662,"NAMED","IQGPMZRCLCCXAG-VWLOTQADSA-N","OC[C@H](OC(CCCCCCCCCCCCCCCCC)=O)COP(OCC[N+](C)(C)C)([O-])=O","2-stearoyl-GPC (18:0)*","2-stearoyl-GPC* (18:0)*",NA,8383879,"HMDB0011128",NA,24779491,"LPC 18:0","LPC 18:0","LPC 0:0/18:0",35255,35255,35255,209,209,209,213240,213240,213240,"Neg","Neg","Neg",213240,35255,209,"Neg",TRUE,FALSE,TRUE,0.0788028149286802
-0.0691991572347435,-0.0860049705223629,-0.658201472037976,0.510683450648409,0.768020033201709,-5.50860488992265,100002024,"100002024","Lipid","Androgenic Steroids",3453,"NAMED","KWYNDVHEQWYGIL-ARKAXQQOSA-N","O[C@H]1CC[C@@]2(C)[C@](CCC3C2CC[C@@]4(C)C3CC[C@@H]4OS(=O)(O)=O)([H])C1","5alpha-androstan-3beta,17beta-diol monosulfate (2)","5alpha-androstan-3beta,17beta-diol monosulfate (2)",NA,NA,NA,NA,NA,NA,NA,NA,37192,37192,37192,209,209,209,144276,144276,144276,"Neg","Neg","Neg",144276,37192,209,"Neg",TRUE,FALSE,TRUE,-0.0783149513391058
0.0317728281244929,-0.0304040425999453,0.651566185077855,0.51495259807812,0.771427043813526,-5.51247882347138,100015745,"100015745","Lipid","Hexosylceramides (HCER)",3145,"NAMED","WYTRSDHGWSSQLK-PCKKJQKNSA-N","OC(/C=C/CCCCCCCC/C=C\CCC)C(COC1C(O)C(O)C(O)C(CO)O1)NC(CCCCCCCCCCCCC/C=C\CCCCCCCC)=O","glycosyl ceramide (d18:2/24:1, d18:1/24:2)*","glycosyl ceramide (d18:2/24:1, d18:1/24:2)*",NA,NA,NA,NA,NA,"HexCer 42:3;O2","Unknown","Unknown",57453,57453,57453,402,402,402,211107,211107,211107,"Pos Late","Pos Late","Pos Late",211107,57453,402,"Pos Late",TRUE,FALSE,TRUE,0.0775254633214113
-0.0824922615731119,-0.358271489388216,-0.641254880962923,0.521623602032394,0.778391809234387,-5.51842119535248,100021136,"100021136","Lipid","Fatty Acid Metabolism (Acyl Carnitine, Monounsaturated)",1924,"NAMED","YMJNFVUJNDWLND-ZHACJKMWSA-N","O=C(C/C([H])=C(CCCCCC)\[H])OC(CC([O-])=O)C[N+](C)(C)C","3-decenoylcarnitine","3-decenoylcarnitine",NA,NA,"HMDB0241067",NA,NA,NA,NA,NA,63361,63361,63361,402,402,402,222432,222432,222432,"Pos Late","Pos Late","Pos Late",222432,63361,402,"Pos Late",TRUE,FALSE,TRUE,-0.0762985908297663
-0.0332960448680166,-0.050488367854009,-0.630058299585595,0.528917503249195,0.7862287210461,-5.524766578319,100021103,"100021103","Lipid","Pregnenolone Steroids",3329,"NAMED","HIYOTPJZDPVBTL-HXOPQMAFSA-N","O[C@H]1C2=C[C@@H](OS(=O)(O)=O)CC[C@]2(C)C3CC[C@@]4(C)C(CCC4[C@H](O)C)C3C1","pregnenetriol sulfate*","pregnenetriol sulfate*",NA,NA,NA,NA,129671303,NA,NA,NA,62922,62922,62922,209,209,209,220778,220778,220778,"Neg","Neg","Neg",220778,62922,209,"Neg",TRUE,FALSE,TRUE,-0.0749663851708899
0.0791063209837488,0.124247000621837,0.612477972302552,0.540474121630386,0.800317449337303,-5.53450462011242,100004083,"100004083","Lipid","Secondary Bile Acid Metabolism",3596,"NAMED",NA,"C[C@@]([C@@]1([H])C[C@@H]2O)(CC2)[C@](CC3)([H])[C@]([C@H](O)[C@@H]1O)([H])[C@@](CC4)([H])[C@@]3(C)[C@H]4[C@H](C)CCC(NCC(O)=O)=O","glycohyocholate","glycohyocholate",NA,NA,"HMDB0240607",NA,71361462,NA,NA,NA,42574,42574,42574,209,209,209,143947,143947,143947,"Neg","Neg","Neg",143947,42574,209,"Neg",TRUE,FALSE,TRUE,0.0728746206668786
-0.149820009327838,-0.591956935438507,-0.600515409915611,0.548409587459592,0.807527923460211,-5.54097357505144,849,"849","Xenobiotics","Xanthine Metabolism",4795,"NAMED","RYYVLZVUVIJVGH-UHFFFAOYSA-N","O=C(N(C)C1=C2N(C)C=N1)N(C)C2=O","caffeine","caffeine","58-08-2",2424,"HMDB0001847","C07481",2519,NA,NA,NA,569,569,569,400,400,400,155325,155325,155325,"Pos Early","Pos Early","Pos Early",155325,569,400,"Pos Early",TRUE,FALSE,TRUE,-0.0714512760968284
-0.048544669182314,-0.105003110047273,-0.59262797101568,0.553673164266556,0.807527923460211,-5.54516914117112,100001287,"100001287","Lipid","Androgenic Steroids",3410,"NAMED","ZMITXKRGXGRMKS-FMLJXKFRSA-N","O=C1CCC2C3CC[C@@]4([H])C[C@@H](OS(=O)(O)=O)CC[C@]4(C)C3CC[C@@]21C","epiandrosterone sulfate","epiandrosterone sulfate","22229-22-7",21403101,"HMDB0062657","C04555",9929317,NA,NA,NA,33973,33973,33973,209,209,209,126133,126133,126133,"Neg","Neg","Neg",126133,33973,209,"Neg",TRUE,FALSE,TRUE,-0.0705128029698606
-0.0225582611321065,-0.0165317253344522,-0.586997751286069,0.557445531011338,0.807527923460211,-5.54813014189816,100015790,"100015790","Lipid","Sphingomyelins",3189,"NAMED","SDUGEKJCGFHJRC-GKPQAQNZSA-N","CCC/C=C/CCCCCCCC/C=C/[C@@H](O)[C@@H](NC(CCCCCCCCCCCCCCCCCCCC)=O)COP([O-])(OCC[N+](C)(C)C)=O","sphingomyelin (d18:2/21:0, d16:2/23:0)*","sphingomyelin (d18:2/21:0, d16:2/23:0)*",NA,NA,"HMDB0240676",NA,NA,"SM 39:2;O2","Unknown","Unknown",57480,57480,57480,402,402,402,211143,211143,211143,"Pos Late","Pos Late","Pos Late",211143,57480,402,"Pos Late",TRUE,FALSE,TRUE,-0.0698429011193106
-0.0899225235960724,-0.141767244766086,-0.585550954473686,0.558416937960132,0.807527923460211,-5.5488864713493,100001092,"100001092","Cofactors and Vitamins","Nicotinate and Nicotinamide Metabolism",4525,"NAMED","WWNNZCOKKKDOPX-UHFFFAOYSA-N","C[N+]1=CC(C([O-])=O)=CC=C1","trigonelline (N'-methylnicotinate)","trigonelline (N'-methylnicotinate)","535-83-1",5369,"HMDB0000875","C01004",5570,NA,NA,NA,32401,32401,32401,400,400,400,155930,155930,155930,"Pos Early","Pos Early","Pos Early",155930,32401,400,"Pos Early",TRUE,FALSE,TRUE,-0.0696707565301949
-0.0409256635437478,-0.104753303780934,-0.583778449795667,0.559608154753875,0.807527923460211,-5.54981052775898,330,"330","Energy","TCA Cycle",1489,"NAMED","VZCYOOQTPOCHFL-OWOJBTEDSA-N","OC(/C=C/C(O)=O)=O","fumarate","fumarate","100-17-8",10197150,"HMDB0000134","C00122",444972,NA,NA,NA,1643,1643,1643,305,305,305,146876,146876,146876,"Polar","Polar","Polar",146876,1643,305,"Polar",TRUE,FALSE,TRUE,-0.06945985816016
0.0488294657858436,-0.0251826934500865,0.582883162421308,0.56021030465778,0.807527923460211,-5.55027620279043,100001992,"100001992","Lipid","Androgenic Steroids",3431,"NAMED","UWPTUYJASNIIJM-QJIZPQHZSA-N","C[C@@]12C(CCC3C2CC[C@@]4(C)C3CC[C@@H]4OS(=O)(O)=O)=C[C@@H](OS(=O)(O)=O)CC1","androstenediol (3beta,17beta) disulfate (1)","androstenediol (3beta,17beta) disulfate (1)",NA,NA,"HMDB0240313","C04295",87120982,NA,NA,NA,37202,37202,37202,209,209,209,144229,144229,144229,"Neg","Neg","Neg",144229,37202,209,"Neg",TRUE,FALSE,TRUE,0.0693533339572585
-0.115406433893,-0.395705768919324,-0.581616415276072,0.561062827495488,0.807527923460211,-5.55093386964464,100001397,"100001397","Xenobiotics","Xanthine Metabolism",4804,"NAMED","BYXCFUMGEBZDDI-UHFFFAOYSA-N","CN(C(N1C)=O)C(NC2=O)=C(N2C)C1=O","1,3,7-trimethylurate","1,3,7-trimethylurate","5415-44-1",71754,"HMDB0002123","C16361",79437,NA,NA,NA,34404,34404,34404,209,209,209,126930,126930,126930,"Neg","Neg","Neg",126930,34404,209,"Neg",TRUE,FALSE,TRUE,-0.0692026122629861
-0.0185993691720374,-0.0340148035808441,-0.580041932441798,0.562123333733342,0.807527923460211,-5.55174931427182,100000265,"100000265","Amino Acid","Tryptophan Metabolism",274,"NAMED","YGPSJZOEDVAXAB-QMMMGPOBSA-N","N[C@H](C(O)=O)CC(C1=CC=CC=C1N)=O","kynurenine","kynurenine","2922-83-0",141580,"HMDB0000684","C00328",161166,NA,NA,NA,15140,15140,15140,400,400,400,155539,155539,155539,"Pos Early","Pos Early","Pos Early",155539,15140,400,"Pos Early",TRUE,FALSE,TRUE,-0.0690152751758042
-0.0163159381952883,0.039308792328226,-0.576262652435014,0.564672855510926,0.808174904727533,-5.5536976426343,100001412,"100001412","Nucleotide","Purine Metabolism, Guanine containing",4395,"NAMED","RSPURTUNRHNVGF-IOSLPCCCSA-N","O=C1C(N=CN2[C@@]3([H])[C@@](O)([H])[C@@](O)([H])[C@](CO)([H])O3)=C2N=C(N(C)C)N1","N2,N2-dimethylguanosine","N2,N2-dimethylguanosine","2140-67-2",83878,"HMDB0004824",NA,135501639,NA,NA,NA,35137,35137,35137,400,400,400,156155,156155,156155,"Pos Early","Pos Early","Pos Early",156155,35137,400,"Pos Early",TRUE,FALSE,TRUE,-0.0685656041519584
0.0287014694819221,-0.0880790410955931,0.565352499639631,0.572064037479925,0.815720942332486,-5.55925078414026,100009124,"100009124","Lipid","Phosphatidylcholine (PC)",2363,"NAMED","MHUZXLUKTLNHIX-GUNPMBPGSA-N","O=C(CCCCCCCCCCCCCCCC)OC[C@]([H])(COP(OCC[N+](C)(C)C)([O-])=O)OC(CCC/C=C\C/C=C\C/C=C\C/C=C\CCCCC)=O","1-margaroyl-2-arachidonoyl-GPC (17:0/20:4)*","1-margaroyl-2-arachidonoyl-GPC (17:0/20:4)*",NA,24822197,NA,NA,NA,"PC 37:4","PC 17:0_20:4","Unknown",53193,53193,53193,402,402,402,166623,166623,166623,"Pos Late","Pos Late","Pos Late",166623,53193,402,"Pos Late",TRUE,FALSE,TRUE,0.0672674786971078
0.0378682247752682,-0.151315096147989,0.559104699022265,0.576317322868524,0.818131988769549,-5.56238310888873,100001554,"100001554","Lipid","Lysophospholipid",2683,"NAMED","IGJKYDBBINVMLH-JXRLJXCWSA-N","OC[C@](OC(CCC\C=C/C\C=C/C/C=C\C/C=C\CCCCC)=O)([H])COP(OCC[N+](C)(C)C)([O-])=O","2-arachidonoyl-GPC (20:4)*","2-arachidonoyl-GPC (20:4)*",NA,21403158,"HMDB0061699",NA,52924038,"LPC 20:4","LPC 20:4","LPC 0:0/20:4",33387,33387,33387,209,209,209,142527,142527,142527,"Neg","Neg","Neg",142527,33387,209,"Neg",TRUE,FALSE,TRUE,0.0665240950644179
0.053009013733938,-0.193234990891463,0.553159371549555,0.580378534051619,0.818131988769549,-5.56533150844214,100002008,"100002008","Lipid","Androgenic Steroids",3426,"NAMED","LERFMBCTNMFXCT-SKIFDASYSA-N","O[C@H]1C2(C)C(CC1)C(CCC3C4(C)CC[C@@H](OS(=O)(O)=O)C3)C4CC2","5alpha-androstan-3alpha,17alpha-diol monosulfate","5alpha-androstan-3alpha,17alpha-diol monosulfate",NA,NA,"HMDB0000412",NA,NA,NA,NA,NA,37183,37183,37183,209,209,209,144260,144260,144260,"Neg","Neg","Neg",144260,37183,209,"Neg",TRUE,FALSE,TRUE,0.0658167006699953
0.0258969683316169,0.0654129093192787,0.552096316450846,0.581106114026783,0.818131988769549,-5.56585537971268,100001876,"100001876","Lipid","Sphingolipid Synthesis",3063,"NAMED","YHEDRJPUIRMZMP-UHFFFAOYSA-N","OP(O)(OCC(C(CCCCCCCCCCCCCCC)O)N)=O","sphinganine-1-phosphate","sphinganine-1-phosphate","19794-97-9",505,"HMDB0001383",NA,520,NA,NA,NA,52605,52605,52605,402,402,402,165336,165336,165336,"Pos Late","Pos Late","Pos Late",165336,52605,402,"Pos Late",TRUE,FALSE,TRUE,0.0656902149177402
0.0241543332739072,-0.140180382051608,0.550419006835746,0.582254973825601,0.818131988769549,-5.56667990739355,100001391,"100001391","Lipid","Fatty Acid Metabolism (Acyl Carnitine, Long Chain Saturated)",1911,"NAMED","FNPHNLNTJNMAEE-HSZRJFAPSA-N","[O-]C(C[C@@H](OC(CCCCCCCCCCCCCCCCC)=O)C[N+](C)(C)C)=O","stearoylcarnitine (C18)","stearoylcarnitine (C18)","18822-91-8",21233653,"HMDB0000848",NA,3006797,NA,NA,NA,34409,34409,34409,402,402,402,158657,158657,158657,"Pos Late","Pos Late","Pos Late",158657,34409,402,"Pos Late",TRUE,FALSE,TRUE,0.0654906431658259
0.0194779454387106,-0.0982596218663967,0.545971351638991,0.585306497645973,0.819047868908118,-5.56885414311168,100009166,"100009166","Lipid","Phosphatidylcholine (PC)",2346,"NAMED","ARDJUHDXABDVFH-JWTYRHBCSA-N","CCCCCCCCCCCCCCCC(OCC(OC(CCCCC/C=C/C/C=C/C/C=C/C/C=C/C/C=C/CC)=O)COP([O-])(OCC[N+](C)(C)C)=O)=O","phosphatidylcholine (16:0/22:5n3, 18:1/20:4)*","phosphatidylcholine (16:0/22:5n3, 18:1/20:4)*",NA,NA,"HMDB0008114,HMDB0007990",NA,NA,"PC 38:5","Unknown","Unknown",52719,52719,52719,402,402,402,165499,165499,165499,"Pos Late","Pos Late","Pos Late",165499,52719,402,"Pos Late",TRUE,FALSE,TRUE,0.0649614466886006
-0.0112183355411965,-0.0159024658150577,-0.543272801201901,0.587161589139326,0.819047868908118,-5.5701647411012,100006295,"100006295","Lipid","Sphingomyelins",3190,"NAMED","VBFKEZGCUWHGSK-ADSSWVSQSA-N","CCCCCCCCCCCCC/C=C/[C@@H](O)[C@@H](NC(CCCCCCCCCCC/C=C\CCCCCCCC)=O)COP([O-])(OCC[N+](C)(C)C)=O","sphingomyelin (d18:1/22:1, d18:2/22:0, d16:1/24:1)*","sphingomyelin (d18:1/22:1, d18:2/22:0, d16:1/24:1)*",NA,29368329,"HMDB0012104",NA,NA,"SM 40:2;O2","Unknown","Unknown",48493,48493,48493,402,402,402,164535,164535,164535,"Pos Late","Pos Late","Pos Late",164535,48493,402,"Pos Late",TRUE,FALSE,TRUE,-0.0646403643830377
-0.0291199244683885,0.0217691351292085,-0.534846789465443,0.592971461884189,0.824166111283079,-5.57421523487887,100015971,"100015971","Lipid","Corticosteroids",3394,"NAMED","INMJYSGZRBTEOR-RXCXIKFNSA-N","O[C@H]([C@]([C@]([C@]1([H])[C@@](CC2)([H])[C@@]3([H])[C@]([C@@]2([H])C[C@@H]4OC5C(O)C(O)C(O)C(C(O)=O)O5)(CC4)C)(CC3=O)C)(CC1)O)CO","cortolone glucuronide (1)","cortolone glucuronide (1)",NA,NA,"HMDB0010320",NA,NA,NA,NA,NA,57699,57699,57699,209,209,209,212775,212775,212775,"Neg","Neg","Neg",212775,57699,209,"Neg",TRUE,FALSE,TRUE,-0.0636378101087663
-0.0574581975116377,-0.127250238506533,-0.527946469936586,0.597748928231513,0.825239292183716,-5.5774852076453,100004561,"100004561","Amino Acid","Tryptophan Metabolism",281,"NAMED","LLLPDUXGHXIXIW-UHFFFAOYSA-N","OC(C1=CC=CC=C1N([H])C=O)=O","N-formylanthranilic acid","N-formylanthranilic acid","3342-77-6",91624,"HMDB0004089","C05653",101399,NA,NA,NA,43549,43549,43549,209,209,209,212072,212072,212072,"Neg","Neg","Neg",212072,43549,209,"Neg",TRUE,FALSE,TRUE,-0.0628167876542684
-0.0710862968393255,-0.0809871310618443,-0.527540495235154,0.598030551998069,0.825239292183716,-5.57767627275067,100020550,"100020550","Lipid","Secondary Bile Acid Metabolism",3554,"NAMED",NA,"O[C@H]1C[C@]2([H])[C@@]3(C)CC[C@@H](OC4C(O)C(O)C(O)C(C(O)=O)O4)CC3CC[C@@]2([H])[C@]5([H])CC[C@H]([C@H](C)CCC(O)=O)[C@@]15C","deoxycholic acid glucuronide","deoxycholic acid glucuronide",NA,NA,"HMDB0002596",NA,NA,NA,NA,NA,63610,63610,63610,209,209,209,222934,222934,222934,"Neg","Neg","Neg",222934,63610,209,"Neg",TRUE,FALSE,TRUE,-0.062768483464232
-0.0258771110570696,-0.0468566081803004,-0.520901486032177,0.602644564092255,0.827488050748275,-5.58077997773231,100008918,"100008918","Lipid","Plasmalogen",2871,"NAMED","FHHVIBPVBBRLOR-IYACIECVSA-N","O=C(O[C@](COP([O-])(OCC[N+](C)(C)C)=O)([H])CO/C=C\CCCCCCCCCCCCCCCC)CCC/C=C\C/C=C\C/C=C\C/C=C\CCCCC","1-(1-enyl-stearoyl)-2-arachidonoyl-GPC (P-18:0/20:4)","1-(1-enyl-stearoyl)-2-arachidonoyl-GPC (P-18:0/20:4)","97802-56-7",24767528,"HMDB0011253",NA,24779390,"PC O-38:5","PC P-18:0_20:4","PC P-18:0/20:4",52613,52613,52613,402,402,402,165345,165345,165345,"Pos Late","Pos Late","Pos Late",165345,52613,402,"Pos Late",TRUE,FALSE,TRUE,-0.0619785525619793
-0.00859689846139014,0.0182430655199303,-0.519014654416687,0.603958811065624,0.827488050748275,-5.58165489728222,572,"572","Carbohydrate","Glycolysis, Gluconeogenesis, and Pyruvate Metabolism",1262,"NAMED","WQZGKKKJIJFFOK-DVKNGEFBSA-N","O[C@H]1O[C@H](CO)[C@@H](O)[C@H](O)[C@H]1O","glucose","glucose","50-99-7",71358,"HMDB0000122","C00031",5793,NA,NA,NA,48152,48152,48152,305,305,305,151982,151982,151982,"Polar","Polar","Polar",151982,48152,305,"Polar",TRUE,FALSE,TRUE,-0.0617540512011807
0.0417775412434331,0.0281307547168996,0.515335141853942,0.606525431391021,0.82805776980689,-5.583351956121,171,"171","Nucleotide","Purine Metabolism, (Hypo)Xanthine/Inosine containing",4323,"NAMED","FDGQSTZJBFJUBT-UHFFFAOYSA-N","O=C1C(N=CN2)=C2N=CN1","hypoxanthine","hypoxanthine","68-94-0",768,"HMDB0000157","C00262",790135398638,NA,NA,NA,3127,3127,3127,209,400,209,124615,155485,124615,"Neg","Pos Early","Neg",155485,3127,400,"Pos Early",TRUE,FALSE,TRUE,0.0613162508322287
-0.0274597133652857,-0.0637315552528678,-0.510911048395071,0.609617885425659,0.829005619684358,-5.58537646027794,100008989,"100008989","Lipid","Phosphatidylcholine (PC)",2343,"NAMED","KLTHQSWIRFFBRI-RWSHWRRPSA-N","CCCCCCCCCCCCCCCC(OCC(OC(CCC/C=C/C/C=C/C/C=C/C/C=C/C/C=C/CC)=O)COP([O-])(OCC[N+](C)(C)C)=O)=O","1-palmitoyl-2-eicosapentaenoyl-GPC (16:0/20:5)*","1-palmitoyl-2-eicosapentaenoyl-GPC (16:0/20:5)*",NA,NA,"HMDB0007984",NA,24778723,"PC 36:5","PC 16:0_20:5","Unknown",52463,52463,52463,402,402,402,165130,165130,165130,"Pos Late","Pos Late","Pos Late",165130,52463,402,"Pos Late",TRUE,FALSE,TRUE,-0.0607898578071897
0.0918396091905217,-0.16126910781763,0.504169694125441,0.614343570141908,0.829005619684358,-5.58842783492451,1135,"1135","Lipid","Secondary Bile Acid Metabolism",3574,"NAMED","RUDATBOHQWOJDD-UZVSRGJWSA-N","O[C@@H]1[C@@]2([H])[C@]3([H])CC[C@@]([C@@H](CCC(O)=O)C)([H])[C@@]3(C)CC[C@]2([H])[C@@]4(C)CC[C@@H](O)C[C@@]4([H])C1","ursodeoxycholate","ursodeoxycholate","128-13-2",29131,"HMDB0000946","C07880",31401,NA,NA,NA,1605,1605,1605,209,209,209,125991,125991,125991,"Neg","Neg","Neg",125991,1605,209,"Neg",TRUE,FALSE,TRUE,0.0599877495561233
-0.0276714609415373,-0.0374706229221893,-0.503107720915872,0.615089485607624,0.829005619684358,-5.58890483001331,100001384,"100001384","Lipid","Lysophospholipid",2674,"NAMED","UATOAILWGVYRQS-HHHXNRCGSA-N","CCCCCCCCCCCCCCCCCCCC(OC[C@](O)([H])COP(OCC[N+](C)(C)C)([O-])=O)=O","1-arachidoyl-GPC (20:0)","1-arachidoyl-GPC (20:0)","108341-80-6",21403128,"HMDB0010390","C04230",24779473,"LPC 20:0","LPC 20:0","LPC 20:0/0:0",45456,45456,45456,402,402,402,159647,159647,159647,"Pos Late","Pos Late","Pos Late",159647,45456,402,"Pos Late",TRUE,FALSE,TRUE,-0.0598613925305558
-0.0136351997924292,-0.0495612773355627,-0.502050092545801,0.615832746051237,0.829005619684358,-5.58937887496582,461,"461","Energy","Oxidative Phosphorylation",1508,"NAMED","NBIIXXVUZAFLBC-UHFFFAOYSA-N","O=P(O)(O)O","phosphate","phosphate","7664-38-2",1032,"HMDB0001429","C00009",1061,NA,NA,NA,42109,42109,42109,400,400,400,156915,156915,156915,"Pos Early","Pos Early","Pos Early",156915,42109,400,"Pos Early",TRUE,FALSE,TRUE,-0.0597355524681195
-0.0108161870598393,-0.0192513271431321,-0.496607639897002,0.619663729224539,0.83125622213048,-5.59180250512651,100001456,"100001456","Nucleotide","Purine Metabolism, Guanine containing",4389,"NAMED","FZWGECJQACGGTI-UHFFFAOYSA-N","O=C1C(N2C)=C(N=C2)N=C(N)N1","7-methylguanine","7-methylguanine","578-76-7",10883,"HMDB0000897","C02242",135398679,NA,NA,NA,35114,35114,35114,400,400,400,156140,156140,156140,"Pos Early","Pos Early","Pos Early",156140,35114,400,"Pos Early",TRUE,FALSE,TRUE,-0.0590879917553846
0.0126831531615227,0.00181022087478508,0.485322505586914,0.627640405724835,0.839033181264103,-5.5967438999933,100008921,"100008921","Lipid","Phosphatidylcholine (PC)",2326,"NAMED","PZNPLUBHRSSFHT-RRHRGVEJSA-N","O=C(CCCCCCCCCCCCCCC)OC[C@]([H])(COP(OCC[N+](C)(C)C)([O-])=O)OC(CCCCCCCCCCCCCCCCC)=O","1-palmitoyl-2-stearoyl-GPC (16:0/18:0)","1-palmitoyl-2-stearoyl-GPC (16:0/18:0)","59403-51-9",24766643,"HMDB0007970","C03889",24778686,"PC 34:0","PC 16:0_18:0","Unknown",52616,52616,52616,402,402,402,165348,165348,165348,"Pos Late","Pos Late","Pos Late",165348,52616,402,"Pos Late",TRUE,FALSE,TRUE,0.0577452497806312
0.0351384428444553,-0.0799234453407285,0.479386172213692,0.631854043673642,0.840210883063788,-5.59929768329737,888,"888","Lipid","Medium Chain Fatty Acid",1539,"NAMED","GHVNFZFCNZKVNT-UHFFFAOYSA-N","CCCCCCCCCC(O)=O","caprate (10:0)","caprate (10:0)","334-48-5",2863,"HMDB0000511","C01571",2969,NA,NA,NA,1642,1642,1642,209,209,209,125736,125736,125736,"Neg","Neg","Neg",125736,1642,209,"Neg",TRUE,FALSE,TRUE,0.0570389255334108
-0.0400291286277024,0.0579593225906492,-0.477934727900976,0.632886119710386,0.840210883063788,-5.59991731068149,100009343,"100009343","Lipid","Phosphatidylcholine (PC)",2405,"NAMED","HZGAVPNEGHQJID-UNBCHYIMSA-N","O=C(CCCCCCC/C=C\C/C=C\CCCCC)OC[C@]([H])(COP(OCC[N+](C)(C)C)([O-])=O)OC(CCCCCCC/C=C\C/C=C\C/C=C\CC)=O","1-linoleoyl-2-linolenoyl-GPC (18:2/18:3)*","1-linoleoyl-2-linolenoyl-GPC (18:2/18:3)*",NA,24766802,"HMDB0008141",NA,52922731,"PC 36:5","PC 18:2_18:3","Unknown",53176,53176,53176,402,402,402,166602,166602,166602,"Pos Late","Pos Late","Pos Late",166602,53176,402,"Pos Late",TRUE,FALSE,TRUE,-0.0568662279695937
-0.0734030277940461,-0.19257188733145,-0.471197540914523,0.637686083739621,0.843322071988089,-5.60276886352803,100020214,"100020214","Lipid","Primary Bile Acid Metabolism",3537,"NAMED","ZQYUKJFJPJDMMR-PRRFOZOMSA-N","CC(C1CCC2C3[C@H]([C@H]([C@@]4(C[C@@H](CC[C@@]4(C3CC[C@]12C)C)O)[H])O)O)CCC(NCC(O)=O)=O","glyco-beta-muricholate**","glyco-beta-muricholate**",NA,NA,NA,NA,NA,NA,NA,NA,62066,62066,62066,209,209,209,218872,218872,218872,"Neg","Neg","Neg",218872,62066,209,"Neg",TRUE,FALSE,TRUE,-0.05606461555543
-0.0632109967799024,-0.0245111333457926,-0.467906018470773,0.640036723839162,0.843322071988089,-5.60414731199683,361,"361","Nucleotide","Purine Metabolism, (Hypo)Xanthine/Inosine containing",4322,"NAMED","UGQMRVRMYYASKQ-KQYNXXCUSA-N","O[C@H]1[C@H](N2C(N=CN=C3O)=C3N=C2)O[C@H](CO)[C@H]1O","inosine","inosine","58-63-9",21241953,"HMDB0000195","C00294",6021,NA,NA,NA,1123,1123,1123,209,209,209,123191,123191,123191,"Neg","Neg","Neg",123191,1123,209,"Neg",TRUE,FALSE,TRUE,-0.0556729795124176
-0.0130791755110904,0.00460990078023349,-0.465438959416732,0.641800953487039,0.843322071988089,-5.60517415565281,100006298,"100006298","Lipid","Sphingomyelins",3172,"NAMED","QEDPUVGSSDPBMD-XTAIVQBESA-N","CCCCCCCCCCCCC/C=C/[C@@H](O)[C@@H](NC(CCCCCCCCCCCCCCCCCCCCCCC)=O)COP([O-])(OCC[N+](C)(C)C)=O","lignoceroyl sphingomyelin (d18:1/24:0)","lignoceroyl sphingomyelin (d18:1/24:0)","60037-60-7",24846875,"HMDB0011697",NA,NA,"SM 42:1;O2","SM 18:1;O2_24:0","SM 18:1;O2/24:0",57330,57330,57330,402,402,402,210828,210828,210828,"Pos Late","Pos Late","Pos Late",210828,57330,402,"Pos Late",TRUE,FALSE,TRUE,-0.0553794408043231
0.0206774367143797,-0.094393902622253,0.461538162618587,0.64459460852331,0.844111987351954,-5.6067866845739,100002063,"100002063","Lipid","Lysophospholipid",2693,"NAMED","BIEOSECQPGGZMF-AQWHIBQFSA-N","O=C(OC[C@@](O)([H])COP(OCC[N+](C)(C)C)([O-])=O)CCCCC/C=C\C/C=C\C/C=C\C/C=C\C/C=C\CC","1-docosapentaenoyl-GPC (22:5n3)*","1-docosapentaenoyl-GPC (22:5n3)*",NA,NA,"HMDB0010403",NA,NA,"LPC 22:5","LPC 22:5(7,10,13,16,19)","LPC 22:5(7,10,13,16,19)/0:0",37231,37231,37231,402,402,402,158890,158890,158890,"Pos Late","Pos Late","Pos Late",158890,37231,402,"Pos Late",TRUE,FALSE,TRUE,0.0549153113175193
0.0412086666730683,-0.0651964931979106,0.450053562793222,0.652848741397348,0.852022933688064,-5.61145550922638,100001073,"100001073","Lipid","Androgenic Steroids",3418,"NAMED","ZMITXKRGXGRMKS-HLUDHZFRSA-N","C[C@]1([C@](CC2)([H])[C@]3([H])CC[C@@]4([H])C[C@H](OS(=O)(O)=O)CC[C@]4(C)[C@@]3([H])CC1)C2=O","androsterone sulfate","androsterone sulfate","2479-86-9",19988780,"HMDB0002759",NA,159663,NA,NA,NA,31591,31591,31591,209,209,209,126075,126075,126075,"Neg","Neg","Neg",126075,31591,209,"Neg",TRUE,FALSE,TRUE,0.0535488362871799
0.0132837936594624,0.0356906721100169,0.42393295990241,0.671780073569472,0.873768001095428,-5.621636588051,100015789,"100015789","Lipid","Sphingomyelins",3175,"NAMED","ZLNGRWIWHFFRNK-UKCALJHFSA-N","CCC/C=C/CCCCCCCC/C=C/[C@@H](O)[C@@H](NC(CCCCCCCCCCCCCCCC/C=C/C/C=C/CC)=O)COP([O-])(OCC[N+](C)(C)C)=O","sphingomyelin (d18:2/24:2)*","sphingomyelin (d18:2/24:2)*",NA,NA,"HMDB0240644",NA,NA,"SM 42:4;O2","SM 18:2;O2_24:2","SM 18:2;O2/24:2",57479,57479,57479,402,402,402,211142,211142,211142,"Pos Late","Pos Late","Pos Late",211142,57479,402,"Pos Late",TRUE,FALSE,TRUE,0.0504409220219501
0.0077094557066039,0.0101212962541527,0.41916113861843,0.675261648068245,0.875339173421799,-5.62343081682328,100008980,"100008980","Lipid","Phosphatidylcholine (PC)",2370,"NAMED","FORFDCPQKJHEBF-JEFUZMEDSA-N","CCCCCCCCCCCCCCCCCC(OCC(OC(CCCCCCC/C=C/C/C=C/CCCCC)=O)COP([O-])(OCC[N+](C)(C)C)=O)=O","1-stearoyl-2-linoleoyl-GPC (18:0/18:2)*","1-stearoyl-2-linoleoyl-GPC (18:0/18:2)*",NA,NA,"HMDB0008039",NA,6441487,"PC 36:2","PC 18:0_18:2","Unknown",52452,52452,52452,402,402,402,165115,165115,165115,"Pos Late","Pos Late","Pos Late",165115,52452,402,"Pos Late",TRUE,FALSE,TRUE,0.0498731552096142
-0.0116663680930271,-0.0419381844766741,-0.41260605708276,0.680055677888055,0.877330009548358,-5.62586246994765,1538,"1538","Lipid","Sphingomyelins",3169,"NAMED","LKQLRGMMMAHREN-YJFXYUILSA-N","CCCCCCCCCCCCCCCCCC(N[C@@](COP([O-])(OCC[N+](C)(C)C)=O)([C@](O)(/C=C/CCCCCCCCCCCCC)[H])[H])=O","stearoyl sphingomyelin (d18:1/18:0)","stearoyl sphingomyelin (d18:1/18:0)","85187-10-6,85187-10-6",4956085,"HMDB0001348","C00550",6453725,"SM 36:1;O2","SM 18:1;O2_18:0","SM 18:1;O2/18:0",19503,19503,19503,402,402,402,164530,164530,164530,"Pos Late","Pos Late","Pos Late",164530,19503,402,"Pos Late",TRUE,FALSE,TRUE,-0.0490932102941154
0.00964415388399345,-0.0348295194791108,0.410832511979698,0.681354994428465,0.877330009548358,-5.62651379562388,1256,"1256","Lipid","Phospholipid Metabolism",2277,"NAMED","CRBHXDCYXIISFC-UHFFFAOYSA-N","[O-]CC[N+](C)(C)C","choline","choline","67-48-1",149278,"HMDB0000097","C00114",305,NA,NA,NA,15506,15506,15506,400,400,400,155556,155556,155556,"Pos Early","Pos Early","Pos Early",155556,15506,400,"Pos Early",FALSE,TRUE,TRUE,0.0488821881309258
-0.062929984009395,-0.331213529858504,-0.405226081882125,0.68546854220426,0.879684629162134,-5.6285542888033,302,"302","Lipid","Secondary Bile Acid Metabolism",3549,"NAMED","KXGVEGMKQFWNSR-OHAQSFBXSA-N","CC12[C@@]([C@]3([H])CC[C@]4([H])C[C@H](O)CC[C@]4(C)[C@@]3([H])C[C@@H]2O)([H])CC[C@]1([H])[C@]([H])(C)CCC(O)=O","deoxycholate","deoxycholate","83-44-3",389318,"HMDB0000626","C04483",222528440355,NA,NA,NA,1114,1114,1114,209,209,209,125714,125714,125714,"Neg","Neg","Neg",125714,1114,209,"Neg",TRUE,FALSE,TRUE,-0.0482151168481497
-0.0868570884689168,-0.50900130128038,-0.400713311252688,0.688786462406681,0.881005940287616,-5.63017638507011,100020823,"100020823","Lipid","Secondary Bile Acid Metabolism",3567,"NAMED","AXDXVEYHEODSPN-HVATVPOCSA-N","[H][C@@]12[C@@]3(C)CC[C@@H](OS(=O)(O)=O)C[C@@]3([H])CC[C@@]1([H])[C@]4([H])CC[C@]([H])([C@H](C)CCC(O)=O)[C@@]4(C)CC2","lithocholate sulfate (1)","lithocholate sulfate (1)",NA,NA,"HMDB0000907",NA,451489,NA,NA,NA,62526,62526,62526,209,209,209,219859,219859,219859,"Neg","Neg","Neg",219859,62526,209,"Neg",TRUE,FALSE,TRUE,-0.0476781727250157
0.0641755739794259,0.0235097480914709,0.397123372412936,0.691430187943275,0.881459014430996,-5.63145380848164,100021093,"100021093","Lipid","Secondary Bile Acid Metabolism",3611,"NAMED","IJHJZQKOSUFQCX-WZJRQFJBSA-N","[H][C@@](CCC(NCCS(O)(=O)=O)=O)([C@]1(CC[C@]2([C@@]3([C@@H](C[C@@]4(C[C@H](S(O)(=O)=O)CC[C@@]4([C@]3(C[C@H]([C@]12C)O)[H])C)[H])O)[H])[H])[H])C","taurochenodeoxycholic acid 3-sulfate","taurochenodeoxycholic acid 3-sulfate",NA,24850141,"HMDB0002486",NA,52931550,NA,NA,NA,62890,62890,62890,209,209,209,220741,220741,220741,"Neg","Neg","Neg",220741,62890,209,"Neg",TRUE,FALSE,TRUE,0.0472510301288817
0.0178800895848824,-0.0114340603406643,0.38715550817056,0.698790501881158,0.882974244189541,-5.63494048070417,100001948,"100001948","Energy","TCA Cycle",1487,"NAMED","HAEVNYBCYZZDFL-UHFFFAOYSA-N","[O-]C(CC(C[N+](C)(C)C)OC(CCC(O)=O)=O)=O","succinylcarnitine (C4-DC)","succinylcarnitine (C4-DC)","256928-74-2",28639166,"HMDB0061717",NA,71464481,NA,NA,NA,37058,37058,37058,400,400,400,156287,156287,156287,"Pos Early","Pos Early","Pos Early",156287,37058,400,"Pos Early",TRUE,FALSE,TRUE,0.0460650212299963
-0.0175435194276556,0.0791921829432989,-0.386492913100408,0.699280782124801,0.882974244189541,-5.63516911110104,100003151,"100003151","Lipid","Fatty Acid Metabolism (Acyl Carnitine, Polyunsaturated)",1936,"NAMED","MJLXQSQYKZWZCB-DQFWFXSYSA-N","[O-]C(C[C@H](C[N+](C)(C)C)OC(CCCCCCC/C=C\C/C=C\CCCCC)=O)=O","linoleoylcarnitine (C18:2)*","linoleoylcarnitine (C18:2)*","36816-10-1",4952667,"HMDB0006469",NA,6450015,NA,NA,NA,46223,46223,46223,402,402,402,159669,159669,159669,"Pos Late","Pos Late","Pos Late",159669,46223,402,"Pos Late",TRUE,FALSE,TRUE,-0.0459861835140675
-0.0398007098896768,-0.15699353453661,-0.386197951167276,0.69949907656574,0.882974244189541,-5.63527076269625,100002128,"100002128","Lipid","Pregnenolone Steroids",3315,"NAMED","OMOKWYAQVYBHMG-QUPIPBJSSA-N","O=[C@@](C)[C@@]1(O)CC[C@@]2([H])[C@]3([H])CC=C4CC(OS(=O)(O)=O)CC[C@]4(C)[C@@]3([H])CC[C@]12C","17alpha-hydroxypregnenolone 3-sulfate","17alpha-hydroxypregnenolone 3-sulfate","28901-70-4",134824,"HMDB0000416",NA,152971,NA,NA,NA,37482,37482,37482,209,209,209,151073,151073,151073,"Neg","Neg","Neg",151073,37482,209,"Neg",TRUE,FALSE,TRUE,-0.0459510879841705
0.013559595382063,-0.0562974181270467,0.355517026650244,0.722338282526464,0.898966490249487,-5.64542057432229,100009025,"100009025","Lipid","Sphingomyelins",3188,"NAMED","YXSZOBWVQJIWNE-QVDCKBILSA-N","[H][C@](NC(CCCCCCCCCCCCCCCCCCCC)=O)(COP(OCC[N+](C)(C)C)([O-])=O)[C@@](O)([H])/C=C/CCCCCCCCCCCCC","sphingomyelin (d18:1/21:0, d17:1/22:0, d16:1/23:0)*","sphingomyelin (d18:1/21:0, d17:1/22:0, d16:1/23:0)*",NA,NA,"HMDB0240619,HMDB0240611,HMDB0240621",NA,NA,"SM 39;1;O2","Unknown","Unknown",52495,52495,52495,402,402,402,165187,165187,165187,"Pos Late","Pos Late","Pos Late",165187,52495,402,"Pos Late",TRUE,FALSE,TRUE,0.0423005718235936
0.0132089099590547,-0.0758994165912383,0.351944767206503,0.725014177322572,0.898966490249487,-5.64654779648916,100015791,"100015791","Lipid","Sphingomyelins",3174,"NAMED","FEKSRDMVIULIDJ-SQPFVDNVSA-N","CCC/C=C/CCCCCCCC/C=C/[C@@H](O)[C@@H](NC(CCCCCCCCCCCCCCCCC/C=C/CCC)=O)COP([O-])(OCC[N+](C)(C)C)=O","sphingomyelin (d18:2/23:1)*","sphingomyelin (d18:2/23:1)*",NA,NA,"HMDB0240668",NA,NA,"SM 41:3;O2","SM 18:2;O2_23:1","SM 18:2;O2/23:1",57482,57482,57482,402,402,402,211145,211145,211145,"Pos Late","Pos Late","Pos Late",211145,57482,402,"Pos Late",TRUE,FALSE,TRUE,0.041875532779483
0.0237325893171468,0.0573421458102862,0.349677327730222,0.72671441361191,0.898966490249487,-5.64725738127661,100015594,"100015594","Lipid","Phosphatidylethanolamine (PE)",2484,"NAMED","HNFSZKRUPTYBOQ-ZDYOIFAYSA-N","O=C(CCCCCCCCCCCCCCCCC)OC[C@]([H])(COP(OCCN)(O)=O)OC(CCCCC/C=C\C/C=C\C/C=C\C/C=C\CCCCC)=O","1-stearoyl-2-adrenoyl-GPE (18:0/22:4)*","1-stearoyl-2-adrenoyl-GPE (18:0/22:4)*","131350-53-3",24768484,"HMDB0009009",NA,52924901,"PE 40:4","PE 18:0_22:4","Unknown",57339,57339,57339,402,402,402,210840,210840,210840,"Pos Late","Pos Late","Pos Late",210840,57339,402,"Pos Late",TRUE,FALSE,TRUE,0.0416057454578298
-0.0522386099811661,-0.197001278401059,-0.349238011384153,0.727043990799439,0.898966490249487,-5.6473943331886,100001658,"100001658","Lipid","Secondary Bile Acid Metabolism",3572,"NAMED","HSNPMXROZIQAQD-VUIPEFFGSA-N","C[C@@]([C@]([C@@](CC1)([H])[C@@]2([H])[C@](CC3)(C)[C@]1([H])C[C@@H]3OS(=O)(O)=O)(CC4)[H])(CC2)[C@]4([H])[C@H](C)CCC(NCCS(O)(=O)=O)=O","taurolithocholate 3-sulfate","taurolithocholate 3-sulfate","64936-83-0",389078,"HMDB0002580","C03642",440071,NA,NA,NA,36850,36850,36850,209,209,209,128309,128309,128309,"Neg","Neg","Neg",128309,36850,209,"Neg",TRUE,FALSE,TRUE,-0.0415534741705014
0.0251756353013004,0.0394539249636067,0.34727240150204,0.728519220067692,0.898966490249487,-5.64800498245208,100002028,"100002028","Lipid","Androgenic Steroids",3428,"NAMED","VPDALJSLCNNODJ-QJIZPQHZSA-N","O[C@H]1CCC2C3CCC4=C[C@@H](OS(=O)(O)=O)CC[C@]4(C)C3CC[C@@]21C","androstenediol (3beta,17beta) monosulfate (1)","androstenediol (3beta,17beta) monosulfate (1)","521-17-5",NA,"HMDB0240429",NA,12967063113847300,NA,NA,NA,37211,37211,37211,209,209,209,144263,144263,144263,"Neg","Neg","Neg",144263,37211,209,"Neg",TRUE,FALSE,TRUE,0.041319599515386
0.0208647134137607,-0.00914431781614795,0.347178477093728,0.72858973749955,0.898966490249487,-5.64803407538618,100015689,"100015689","Lipid","Phosphatidylcholine (PC)",2332,"NAMED","QAPGDFJIZLYEBT-DYMXKLMASA-N","O=C(CCCCCCCCCCCCCCC)OCC(COP(OCC[N+](C)(C)C)([O-])=O)OC(C(O)CCCCCC/C=C\C/C=C\CCCCC)=O","1-palmitoyl-2-(hydroxylinoleoyl)-GPC (16:0/18:2(OH))*","1-palmitoyl-2-(hydroxylinoleoyl)-GPC (16:0/18:2(OH))*",NA,NA,NA,NA,NA,"PC 34:2;O","PC 16:0_18:2;O","Unknown",57415,57415,57415,402,402,402,211066,211066,211066,"Pos Late","Pos Late","Pos Late",211066,57415,402,"Pos Late",TRUE,FALSE,TRUE,0.0413084240838821
0.0133548373808451,-0.975082139603507,0.34607891301749,0.729415449501389,0.898966490249487,-5.64837407853238,NA,"GABR",NA,NA,NA,NA,NA,NA,"GABR",NA,NA,NA,NA,NA,NA,NA,NA,NA,NA,NA,NA,NA,NA,NA,NA,NA,NA,NA,NA,NA,NA,NA,NA,NA,NA,NA,NA,0.0411775943747686
0.0103290164339324,-0.0322361396856236,0.344172133267212,0.730848081683349,0.898966490249487,-5.64896113029734,100008920,"100008920","Lipid","Sphingomyelins",3182,"NAMED","YMQZQHIESOAPQH-JXGHDCMNSA-N","O=C(N[C@@]([C@]([H])(O)/C=C/CCCCCCCCCCCCC)([H])COP([O-])(OCC[N+](C)(C)C)=O)CCCCCCCCCCCCCCCC","sphingomyelin (d18:1/17:0, d17:1/18:0, d19:1/16:0)","sphingomyelin (d18:1/17:0, d17:1/18:0, d19:1/16:0)","121999-64-2",NA,"HMDB0240620,HMDB0240609,HMDB0240622",NA,46891763,"SM 35:1;O2","Unknown","Unknown",52615,52615,52615,402,402,402,165347,165347,165347,"Pos Late","Pos Late","Pos Late",165347,52615,402,"Pos Late",TRUE,FALSE,TRUE,0.0409507195200299
0.0123061804308648,-0.0656369694159497,0.319050945363242,0.749808735915199,0.913631436276788,-5.65639262974057,100000776,"100000776","Lipid","Fatty Acid Metabolism (Acyl Carnitine, Long Chain Saturated)",1909,"NAMED","XOMRRQXKHMYMOC-UHFFFAOYSA-N","[O-]C(CC(OC(CCCCCCCCCCCCCCC)=O)C[N+](C)(C)C)=O","palmitoylcarnitine (C16)","palmitoylcarnitine (C16)","6865-14-1",448,"HMDB0000222","C02990",461,NA,NA,NA,44681,44681,44681,402,402,402,159624,159624,159624,"Pos Late","Pos Late","Pos Late",159624,44681,402,"Pos Late",TRUE,FALSE,TRUE,0.0379617188996143
-0.0260277955436569,-0.0197575825319739,-0.313686204085841,0.753878037783512,0.913631436276788,-5.65790674008072,100021104,"100021104","Lipid","Pregnenolone Steroids",3330,"NAMED","KANYWSIUKWPEOE-HXOPQMAFSA-N","C[C@]12CC[C@H](OS(=O)(O)=O)C=C1[C@H](OS(=O)(O)=O)CC3C2CC[C@@]4(C)C3CCC4[C@H](O)C","pregnenetriol disulfate*","pregnenetriol disulfate*",NA,NA,NA,NA,NA,NA,NA,NA,62921,62921,62921,209,209,209,220777,220777,220777,"Neg","Neg","Neg",220777,62921,209,"Neg",TRUE,FALSE,TRUE,-0.0373234045385333
-0.0373452387288513,-0.0490438176013245,-0.312398039008799,0.754856172050346,0.913631436276788,-5.65826648240768,100009209,"100009209","Lipid","Phosphatidylethanolamine (PE)",2462,"NAMED","KHLRCNXJXSYNCK-ZIEHFRHMSA-N","O=C(CCCCCCCCCCCCCCC)OC[C@]([H])(COP(OCCN)(O)=O)OC(CCC/C=C\C/C=C\C/C=C\C/C=C\C/C=C\CC)=O","1-palmitoyl-2-eicosapentaenoyl-GPE (16:0/20:5)*","1-palmitoyl-2-eicosapentaenoyl-GPE (16:0/20:5)*",NA,24768431,"HMDB0008939",NA,52924919,"PE 36:5","PE 16:0_20:5","Unknown",53190,53190,53190,402,402,402,166620,166620,166620,"Pos Late","Pos Late","Pos Late",166620,53190,402,"Pos Late",TRUE,FALSE,TRUE,-0.0371701344690925
0.0141051550310923,0.0377960082984653,0.311947307193934,0.755198516603947,0.913631436276788,-5.65839200757615,100008977,"100008977","Lipid","Phosphatidylethanolamine (PE)",2483,"NAMED","ANRKEHNWXKCXDB-BHFWLYLHSA-N","O=C(CCCCCCCCCCCCCCCCC)OC[C@]([H])(COP(OCCN)(O)=O)OC(CCC/C=C\C/C=C\C/C=C\C/C=C\CCCCC)=O","1-stearoyl-2-arachidonoyl-GPE (18:0/20:4)","1-stearoyl-2-arachidonoyl-GPE (18:0/20:4)",NA,4451158,"HMDB0009003","C05210",5289133,"PE 38:4","PE 18:0_20:4","Unknown",52447,52447,52447,402,402,402,165110,165110,165110,"Pos Late","Pos Late","Pos Late",165110,52447,402,"Pos Late",TRUE,FALSE,TRUE,0.0371165049321684
-0.0158057497667962,-0.06697514247687,-0.310200899659629,0.756525421140228,0.913631436276788,-5.65887665707476,100015835,"100015835","Lipid","Fatty Acid Metabolism (Acyl Carnitine, Long Chain Saturated)",1915,"NAMED","KOCKWDDTAHPJSX-UHFFFAOYSA-N","[O-]C(CC(C[N+](C)(C)C)OC(CCCCCCCCCCCCCCCCCCCCCCCCC)=O)=O","cerotoylcarnitine (C26)*","cerotoylcarnitine (C26)*",NA,35015992,"HMDB0006347",NA,53477828,NA,NA,NA,57516,57516,57516,402,402,402,211217,211217,211217,"Pos Late","Pos Late","Pos Late",211217,57516,402,"Pos Late",TRUE,FALSE,TRUE,-0.0369087116851496
-0.0267878334831184,0.037927700687511,-0.309564798226176,0.757008904343625,0.913631436276788,-5.659052507278,181,"181","Lipid","Medium Chain Fatty Acid",1547,"NAMED","POULHZVOKOAJMA-UHFFFAOYSA-N","O=C(O)CCCCCCCCCCC","laurate (12:0)","laurate (12:0)","143-07-7",3756,"HMDB0000638","C02679",3893,NA,NA,NA,1645,1645,1645,209,209,209,125740,125740,125740,"Neg","Neg","Neg",125740,1645,209,"Neg",TRUE,FALSE,TRUE,-0.0368330262682614
-0.0388880963825317,-0.215423189599668,-0.305478797608333,0.760116827251213,0.914515557786616,-5.66017347875873,100001657,"100001657","Lipid","Secondary Bile Acid Metabolism",3570,"NAMED","FHXBAFXQVZOILS-OETIFKLTSA-N","C[C@]12[C@@]([C@@]([C@@](CC2)([H])[C@](CC3)(C)[C@@]4([H])C[C@@H]3OS(=O)(O)=O)(CC4)[H])([H])CC[C@]1([H])[C@H](C)CCC(NCC(O)=O)=O","glycolithocholate sulfate*","glycolithocholate sulfate*","15324-64-8",65188,"HMDB0002639","C11301",72222,NA,NA,NA,32620,32620,32620,209,209,209,142564,142564,142564,"Neg","Neg","Neg",142564,32620,209,"Neg",TRUE,FALSE,TRUE,-0.0363468606287846
-0.00751446105244976,0.0066391694385178,-0.297702981565974,0.766042024607776,0.918773144778797,-5.66226560349125,100008954,"100008954","Lipid","Dihydrosphingomyelins",3162,"NAMED","QHZIGNLCLJPLCU-QPPIDDCLSA-N","[H][C@](NC(CCCCCCCCCCCCCCC)=O)(COP(OCC[N+](C)(C)C)([O-])=O)[C@@](O)([H])CCCCCCCCCCCCCCC","palmitoyl dihydrosphingomyelin (d18:0/16:0)*","palmitoyl dihydrosphingomyelin (d18:0/16:0)*",NA,8115586,"HMDB0010168",NA,9939965,"SM 34:0;O2","SM 18:0;O2_16:0","SM 18:0;O2/16:0",52434,52434,52434,402,402,402,164558,164558,164558,"Pos Late","Pos Late","Pos Late",164558,52434,402,"Pos Late",TRUE,FALSE,TRUE,-0.0354216687523616
0.0238635091657828,-0.0258006564437046,0.285379110750526,0.775460898634279,0.927181509236638,-5.66547095314669,100002868,"100002868","Lipid","Lysophospholipid",2688,"NAMED","UIINDYGXBHJQHX-GDLZYMKVSA-N","CCCCCCCCCCCCCCCCCCCCCC(OC[C@H](COP([O-])(OCC[N+](C)(C)C)=O)O)=O","1-behenoyl-GPC (22:0)","1-behenoyl-GPC (22:0)","125146-65-8",NA,"HMDB0010398",NA,24779479,"LPC 22:0","LPC 22:0","LPC 22:0/0:0",39792,39792,39792,402,402,402,159193,159193,159193,"Pos Late","Pos Late","Pos Late",159193,39792,402,"Pos Late",TRUE,FALSE,TRUE,0.0339553345306637
0.0120340171500841,-0.0772018165128913,0.276796048529405,0.782040466913356,0.932153497714062,-5.66762332711525,1111,"1111","Amino Acid","Tyrosine Metabolism",208,"NAMED","CGQCWMIAEPEHNQ-UHFFFAOYSA-N","OC(C(O)=O)C1=CC=C(O)C(OC)=C1","vanillylmandelate (VMA)","vanillylmandelate (VMA)","55-10-7",1207,"HMDB0000291","C05584",1245,NA,NA,NA,1567,1567,1567,209,209,209,124579,124579,124579,"Neg","Neg","Neg",124579,1567,209,"Neg",FALSE,TRUE,TRUE,0.0329340938790645
-0.0392448428987987,-0.300819718912039,-0.264953957058556,0.791143969601783,0.934819738982845,-5.67048510593743,100006642,"100006642","Lipid","Secondary Bile Acid Metabolism",3610,"NAMED","QJZCNFGUZPMYAX-WWZCPACMSA-N","OS(OC1CC[C@@]2(C)[C@@](CC[C@]3([H])[C@]2([H])C[C@H](O)[C@@]4(C)[C@]3(CC[C@@H]4[C@H](C)CCC(NCC(O)=O)=O)[H])([H])C1)(=O)=O","glycodeoxycholate 3-sulfate","glycodeoxycholate 3-sulfate",NA,NA,"HMDB0341325",NA,101602538,NA,NA,NA,52975,52975,52975,209,209,209,166126,166126,166126,"Neg","Neg","Neg",166126,52975,209,"Neg",TRUE,FALSE,TRUE,-0.031525083330332
-0.032439713403946,-0.16581775915262,-0.264594033942334,0.791421112042653,0.934819738982845,-5.67057012702987,313,"313","Lipid","Sphingolipid Synthesis",3062,"NAMED","OTKJDMGTUTTYMP-UHFFFAOYSA-N","CCCCCCCCCCCCCCCC(C(CO)N)O","sphinganine","sphinganine","3102-56-5",3014,"HMDB0000269","C00836",3126,NA,NA,NA,17769,17769,17769,402,402,402,158166,158166,158166,"Pos Late","Pos Late","Pos Late",158166,17769,402,"Pos Late",TRUE,FALSE,TRUE,-0.0314822585076443
-0.00529239882286955,-0.0122169874872388,-0.260668495179354,0.794445504311665,0.934819738982845,-5.67148991619788,100004329,"100004329","Lipid","Sphingomyelins",3181,"NAMED","IWHLTJGDYLJQSH-FLPFCPAFSA-N","CCCCC/C=C/CCCCCCCCC(N[C@@](COP([O-])(OCC[N+](C)(C)C)=O)([C@](O)(/C=C/CCCCCCCCCCCCC)[H])[H])=O","sphingomyelin (d18:2/16:0, d18:1/16:1)*","sphingomyelin (d18:2/16:0, d18:1/16:1)*",NA,NA,"HMDB0240638,HMDB0240613",NA,NA,"SM 34:2;O2","Unknown","Unknown",42459,42459,42459,402,402,402,161023,161023,161023,"Pos Late","Pos Late","Pos Late",161023,42459,402,"Pos Late",TRUE,FALSE,TRUE,-0.031015185141414
-0.0076783796465455,0.0307987245000498,-0.259105665892327,0.795650436204344,0.934819738982845,-5.67185227605791,100021000,"100021000","Lipid","Sphingomyelins",3168,"NAMED","FAVAZPKFPKOYCT-VTAPXIELSA-N","CCCCCCCCCCCCCCC(O)C(N[C@@H](COP([O-])(OCC[N+](C)(C)C)=O)[C@@H](/C=C/CCCCCCCCCCCCC)O)=O","hydroxypalmitoyl sphingomyelin (d18:1/16:0(OH))**","hydroxypalmitoyl sphingomyelin (d18:1/16:0(OH))**",NA,NA,NA,NA,NA,"SM 34:1;O3","SM 18:1;O2_16:0;O","SM 18:1;O2/16:0;O",62851,62851,62851,402,402,402,220620,220620,220620,"Pos Late","Pos Late","Pos Late",220620,62851,402,"Pos Late",TRUE,FALSE,TRUE,-0.030829234631176
-0.0215509072584975,0.0450914188901455,-0.258110632807528,0.796417855549021,0.934819738982845,-5.67208185082851,100001193,"100001193","Lipid","Long Chain Polyunsaturated Fatty Acid (n3 and n6)",1620,"NAMED","TWSWSIQAPQLDBP-CGRWFSSPSA-N","O=C(CCCCC/C=C/C/C=C/C/C=C/C/C=C/CCCCC)O","adrenate (22:4n6)","adrenate (22:4n6)","2091-25-0",4445971,"HMDB0002226","C16527",52828445497181,NA,NA,NA,32980,32980,32980,209,209,209,125866,125866,125866,"Neg","Neg","Neg",125866,32980,209,"Neg",TRUE,FALSE,TRUE,-0.030710842359315
0.0291957946097208,-0.226751845225841,0.241453736059722,0.80929325223047,0.947045295163316,-5.67579381559212,100003008,"100003008","Lipid","Lysophospholipid",2777,"NAMED","GRWOGFDNIAYTPK-DTNGDMSLSA-N","[H]C(C(O)(C(O)([C@](O)1[H])[H])[H])([C@@](OP(O)(O[C@](COC(CCCCCCCCCCCCCCCCC)=O)(CO)[H])=O)([C@]1(O)[H])[H])O","2-stearoyl-GPI (18:0)*","2-stearoyl-GPI (18:0)*",NA,NA,"HMDB0061704",NA,131770413,"LPI 18:0","LPI 18:0","LPI 0:0/18:0",39223,39223,39223,209,209,209,149867,149867,149867,"Neg","Neg","Neg",149867,39223,209,"Neg",TRUE,FALSE,TRUE,0.0287289506229962
0.0165057334172222,0.0580479964934516,0.227810750130077,0.819877836725088,0.94777494452708,-5.67864977380492,100001468,"100001468","Cofactors and Vitamins","Nicotinate and Nicotinamide Metabolism",4527,"NAMED","JLQSXXWTCJPCBC-UHFFFAOYSA-N","O=C(C1=C([H])N(C(C([H])=C1[H])=O)C([H])([H])[H])N([H])[H]","N1-methyl-2-pyridone-5-carboxamide","N1-methyl-2-pyridone-5-carboxamide","701-44-0",62899,"HMDB0004193","C05842",69698,NA,NA,NA,40469,40469,40469,400,209,209,156740,143005,143005,"Pos Early","Neg","Neg",156740,40469,400,"Pos Early",TRUE,FALSE,TRUE,0.0271056637958002
-0.0384094405291643,-0.58212588443993,-0.227113286252994,0.82041985008935,0.94777494452708,-5.67879131676332,100020542,"100020542","Lipid","Androgenic Steroids",3425,"NAMED","BRPLOVMHAFXVOQ-KXVRARTKSA-N","O[C@@H]1[C@@]2([H])[C@](CCC3[C@]2(C)CC[C@H](O[C@@H]4O[C@H](C(O)=O)[C@@H](O)[C@H](O)[C@H]4O)C3)([H])[C@@]5([H])[C@](C(CC5)=O)(C)C1","11beta-hydroxyetiocholanolone glucuronide*","11beta-hydroxyetiocholanolone glucuronide*","17181-15-6",NA,NA,NA,NA,NA,NA,NA,64418,64418,64418,209,209,209,237607,237607,237607,"Neg","Neg","Neg",237607,64418,209,"Neg",TRUE,FALSE,TRUE,-0.0270226772758439
-0.0248831397411542,-0.0984658979033276,-0.221410036969184,0.824855165848532,0.94777494452708,-5.67993244987556,100015914,"100015914","Lipid","Phosphatidylcholine (PC)",2423,"NAMED","NXJAJKMUHFSWDW-LIOZOAIASA-N","O=C(CCCCCCCCCCCCCCCCCCCCCCC)OCC(COP(OCC[N+](C)(C)C)([O-])=O)OC(CCC/C=C\C/C=C\C/C=C\C/C=C\CCCCC)=O","1-lignoceroyl-2-arachidonoyl-GPC (24:0/20:4)*","1-lignoceroyl-2-arachidonoyl-GPC (24:0/20:4)*",NA,NA,"HMDB0008772",NA,NA,"PC 44:4","PC 20:4_24:0","Unknown",57602,57602,57602,402,402,402,212153,212153,212153,"Pos Late","Pos Late","Pos Late",212153,57602,402,"Pos Late",TRUE,FALSE,TRUE,-0.0263440861314738
-0.0102787386204302,0.000124713982497845,-0.218996997310689,0.826733442036159,0.94777494452708,-5.68040652722969,893,"893","Lipid","Long Chain Saturated Fatty Acid",1562,"NAMED","VKOBVWXKNCXXDE-UHFFFAOYSA-N","CCCCCCCCCCCCCCCCCCCC(O)=O","arachidate (20:0)","arachidate (20:0)","506-30-9",10035,"HMDB0002212","C06425",10467,NA,NA,NA,1118,1118,1118,209,209,209,125716,125716,125716,"Neg","Neg","Neg",125716,1118,209,"Neg",TRUE,FALSE,TRUE,-0.0260569748267098
-0.0141769314901032,0.0373444676612332,-0.217423241180876,0.827958968193471,0.94777494452708,-5.68071291652305,100008992,"100008992","Lipid","Phosphatidylethanolamine (PE)",2487,"NAMED","XYYHNDVKALDFHQ-OXHZBIAZSA-N","O=C(CCCCCCCCCCCCCCCCC)OC[C@]([H])(COP(OCCN)(O)=O)OC(CC/C=C\C/C=C\C/C=C\C/C=C\C/C=C\C/C=C\CC)=O","1-stearoyl-2-docosahexaenoyl-GPE (18:0/22:6)*","1-stearoyl-2-docosahexaenoyl-GPE (18:0/22:6)*",NA,7825748,"HMDB0009012",NA,9546798,"PE 40:6","PE 18:0_22:6","Unknown",52466,52466,52466,402,402,402,165134,165134,165134,"Pos Late","Pos Late","Pos Late",165134,52466,402,"Pos Late",TRUE,FALSE,TRUE,-0.0258697242051877
-0.0162512891669653,-0.0813617473479478,-0.211666699301291,0.83244529910696,0.94777494452708,-5.6818148177054,100005351,"100005351","Lipid","Lysophospholipid",2686,"NAMED","PDIGSOAOQOXRDU-GUTOPQIJSA-N","C[N+](CCOP(OCC(O)COC(CCC/C=C/C/C=C/C/C=C/C/C=C/C/C=C/CC)=O)([O-])=O)(C)C","1-eicosapentaenoyl-GPC (20:5)*","1-eicosapentaenoyl-GPC (20:5)*",NA,NA,"HMDB0010397",NA,NA,"LPC 20:5","LPC 20:5","LPC 20:5/0:0",44563,44563,44563,402,402,402,159609,159609,159609,"Pos Late","Pos Late","Pos Late",159609,44563,402,"Pos Late",TRUE,FALSE,TRUE,-0.025184792134487
0.0174191393164782,-0.0255378832671855,0.196108693847792,0.844597360051659,0.94777494452708,-5.68464498060269,132,"132","Carbohydrate","Glycolysis, Gluconeogenesis, and Pyruvate Metabolism",1276,"NAMED","OSJPPGNTCRNQQC-UHFFFAOYSA-N","OC(C(O)=O)COP(O)(O)=O","3-phosphoglycerate","3-phosphoglycerate","80731-10-8",10669764,"HMDB0000807","C00597",724,NA,NA,NA,1414,1414,1414,400,400,400,155361,155361,155361,"Pos Early","Pos Early","Pos Early",155361,1414,400,"Pos Early",TRUE,FALSE,TRUE,0.0233336500574999
0.0042840960584216,0.00866673870079865,0.192532178491145,0.847396269286151,0.94777494452708,-5.68526506163146,100008957,"100008957","Lipid","Sphingomyelins",3194,"NAMED","TXFLWJQVQCDUDZ-BRUGZULGSA-N","[H][C@](NC(CCCCCCCCCCCCC/C=C\CCCCCCCC)=O)(COP(OCC[N+](C)(C)C)([O-])=O)[C@@](O)([H])/C=C/CCCCCCCC/C=C\CCC","sphingomyelin (d18:2/24:1, d18:1/24:2)*","sphingomyelin (d18:2/24:1, d18:1/24:2)*",NA,NA,"HMDB0240636,HMDB0240615",NA,85336023,"SM 42:3;O2","Unknown","Unknown",52437,52437,52437,402,402,402,164561,164561,164561,"Pos Late","Pos Late","Pos Late",164561,52437,402,"Pos Late",TRUE,FALSE,TRUE,0.0229081046310333
-0.0139727764977403,-0.212738561489162,-0.189382133001443,0.849863032516684,0.94777494452708,-5.6858017519605,100002026,"100002026","Lipid","Androgenic Steroids",3435,"NAMED","VPDALJSLCNNODJ-BVKUPEMCSA-N","O[C@@H]1CCC2C3CCC4=C[C@H](OS(=O)(O)=O)CC[C@]4(C)C3CC[C@@]21C","androstenediol (3alpha, 17alpha) monosulfate (2)","androstenediol (3alpha, 17alpha) monosulfate (2)",NA,NA,NA,NA,NA,NA,NA,NA,37207,37207,37207,209,209,209,144213,144213,144213,"Neg","Neg","Neg",144213,37207,209,"Neg",TRUE,FALSE,TRUE,-0.0225333019760374
0.0262874577613317,-0.266679243480314,0.188557134524372,0.850509323662834,0.94777494452708,-5.68594084866374,100006173,"100006173","Lipid","Progestin Steroids",3356,"NAMED","MENQCIVHHONJLU-GQCBXAOTSA-N","C[C@]12C(C3CC[C@@]4(C[C@@H](CC[C@@]4(C3CC2)C)OS(=O)(O)=O)[H])CCC1C(C)=O","pregnanolone/allopregnanolone sulfate","pregnanolone/allopregnanolone sulfate",NA,NA,"HMDB0240591,HMDB0062782","C05480",31402129699967,NA,NA,NA,48394,48394,48394,209,209,209,154288,154288,154288,"Neg","Neg","Neg",154288,48394,209,"Neg",TRUE,FALSE,TRUE,0.0224351409746854
-0.0143464578085519,0.0474286379926516,-0.18826786178384,0.850735959359746,0.94777494452708,-5.68598947696186,100001989,"100001989","Lipid","Secondary Bile Acid Metabolism",3605,"NAMED","HCXZDHWUVRQLGC-UHFFFAOYSA-N","O=S(OC1CCC2(C)C(CCC3C2CCC4(C)C3CCC4C(CCC(NCC(O)=O)=O)C)=C1)(O)=O","glycocholenate sulfate*","glycocholenate sulfate*",NA,NA,NA,NA,NA,NA,NA,NA,32599,57741,32599,209,209,209,142563,213336,142563,"Neg","Neg","Neg",213336,57741,209,"Neg",TRUE,FALSE,TRUE,-0.0224007223634229
-0.0123508586121344,-0.070912640103113,-0.188056651032916,0.850901443861072,0.94777494452708,-5.68602493547067,100001254,"100001254","Amino Acid","Tryptophan Metabolism",262,"NAMED","DZTHIGRZJZPRDV-LBPRGKRZSA-N","O=C(O)[C@@H](NC(C)=O)CC1=CNC2=C1C=CC=C2","N-acetyltryptophan","N-acetyltryptophan","1218-34-4",610602,"HMDB0013713","C03137",439917700653,NA,NA,NA,33959,33959,33959,209,209,209,126119,126119,126119,"Neg","Neg","Neg",126119,33959,209,"Neg",TRUE,FALSE,TRUE,-0.0223755918215089
-0.0220691379646771,-0.141196924290669,-0.187771761060567,0.851124666768082,0.94777494452708,-5.68607270036187,100009220,"100009220","Lipid","Phosphatidylethanolamine (PE)",2495,"NAMED","JZSZAGWWWKKXLO-RMEBTJIYSA-N","O=C(CCCCCCC/C=C\CCCCCCCC)OC[C@]([H])(COP(OCCN)(O)=O)OC(CC/C=C\C/C=C\C/C=C\C/C=C\C/C=C\C/C=C\CC)=O","1-oleoyl-2-docosahexaenoyl-GPE (18:1/22:6)*","1-oleoyl-2-docosahexaenoyl-GPE (18:1/22:6)*",NA,24768542,"HMDB0009078",NA,52922113,"PE 40:7","PE 18:1_22:6","Unknown",53209,53209,53209,402,402,402,166647,166647,166647,"Pos Late","Pos Late","Pos Late",166647,53209,402,"Pos Late",TRUE,FALSE,TRUE,-0.0223416946862557
0.00868151568596315,-0.0703232804831323,0.185422691239583,0.852965713093317,0.94777494452708,-5.68646378751965,100015882,"100015882","Lipid","Hexosylceramides (HCER)",3141,"NAMED","FXNTXJCUSRJUFN-QOSDPKFLSA-N","OCC(NC(CCCCCCCCCCCCCCCCCCC)=O)C(OC1OC(CO)C(O)C(O)C1O)/C=C/CCCCCCCCCCCCC","glycosyl ceramide (d18:1/20:0, d16:1/22:0)*","glycosyl ceramide (d18:1/20:0, d16:1/22:0)*",NA,NA,NA,NA,NA,"HexCer 38:1;O2","Unknown","Unknown",57595,57595,57595,402,402,402,212143,212143,212143,"Pos Late","Pos Late","Pos Late",212143,57595,402,"Pos Late",TRUE,FALSE,TRUE,0.022062194720762
0.0049538952471378,0.0296703097223326,0.181276924521516,0.856216846413766,0.94777494452708,-5.68714198912499,100006294,"100006294","Lipid","Sphingomyelins",3170,"NAMED","FJJANLYCZUNFSE-TWKUQIQBSA-N","CCCCCCCCCCCCC/C=C/[C@@H](O)[C@@H](NC(CCCCCCCCCCCCCCCCCCCCC)=O)COP([O-])(OCC[N+](C)(C)C)=O","behenoyl sphingomyelin (d18:1/22:0)*","behenoyl sphingomyelin (d18:1/22:0)*",NA,24846873,"HMDB0012103",NA,44260125,"SM 40:1;O2","SM 18:1;O2_22:0","SM 18:1;O2/22:0",48492,48492,48492,402,402,402,164533,164533,164533,"Pos Late","Pos Late","Pos Late",164533,48492,402,"Pos Late",TRUE,FALSE,TRUE,0.0215689179163461
0.0116605167668171,0.0154072733077101,0.17650562922624,0.859961549922854,0.94777494452708,-5.68790354252858,100000656,"100000656","Lipid","Lysophospholipid",2776,"NAMED","MXAFDFDAIFZFET-CLBYPKMISA-N","[H]C(C(O)(C(O)([C@](O)1[H])[H])[H])([C@@](OP(O)(OC[C@@]([H])(COC(CCCCCCCCCCCCCCCCC)=O)O)=O)([C@]1(O)[H])[H])O","1-stearoyl-GPI (18:0)","1-stearoyl-GPI (18:0)","796963-93-4",21403067,"HMDB0240261",NA,7158113542607490,"LPI 18:0","LPI 18:0","LPI 18:0/0:0",19324,19324,19324,209,209,209,128173,128173,128173,"Neg","Neg","Neg",128173,19324,209,"Neg",TRUE,FALSE,TRUE,0.0210012136878565
-0.0052969344721429,0.0197702107391964,-0.174321169915468,0.86167706074498,0.94777494452708,-5.68824542962473,409,"409","Energy","TCA Cycle",1491,"NAMED","BJEPYKJPYRNKOW-UHFFFAOYSA-N","OC(C(O)=O)CC(O)=O","malate","malate","6915-15-7",510,"HMDB0031518,HMDB0000156,HMDB0000744","C00149,C00711,C00497",525,NA,NA,NA,1303,1303,1303,209,209,209,123199,123199,123199,"Neg","Neg","Neg",123199,1303,209,"Neg",TRUE,FALSE,TRUE,-0.0207412996161124
0.00699532105688799,-0.0225742981192389,0.173396702914299,0.862403265499895,0.94777494452708,-5.68838883482224,100015787,"100015787","Lipid","Sphingomyelins",3184,"NAMED","HAFQHLHNPJDAGB-MAJDXUCPSA-N","CCCCCCCCCCCCCCCCCCC(N[C@H]([C@H](O)/C=C/CCCCCCCCCCCCC)COP([O-])(OCC[N+](C)(C)C)=O)=O","sphingomyelin (d18:1/19:0, d19:1/18:0)*","sphingomyelin (d18:1/19:0, d19:1/18:0)*",NA,NA,NA,NA,NA,"SM 37:1;O2","Unknown","Unknown",57475,57475,57475,402,402,402,211138,211138,211138,"Pos Late","Pos Late","Pos Late",211138,57475,402,"Pos Late",TRUE,FALSE,TRUE,0.0206313035263331
-0.00686710698193904,-0.0289405717607179,-0.173372313840877,0.86242242564646,0.94777494452708,-5.68839260778222,100009021,"100009021","Lipid","Plasmalogen",2849,"NAMED","DUUSFCFZBREELS-WWBBCYQPSA-N","[H][C@](OC(CCC/C=C\C/C=C\C/C=C\C/C=C\CCCCC)=O)(COP(OCC[N+](C)(C)C)([O-])=O)COCCCCCCCCCCCCCCCC","1-palmityl-2-arachidonoyl-GPC (O-16:0/20:4)*","1-palmityl-2-arachidonoyl-GPC (O-16:0/20:4)*",NA,4947173,"HMDB0243975",NA,10747814,"PC O-36:4","PC O-16:0_20:4","PC O-16:0/20:4",52718,52718,52718,402,402,402,165497,165497,165497,"Pos Late","Pos Late","Pos Late",165497,52718,402,"Pos Late",TRUE,FALSE,TRUE,-0.0206284016350743
0.0205452169787956,-0.0518662834522782,0.17265928301016,0.862982621137171,0.94777494452708,-5.68850267824315,100009264,"100009264","Lipid","Primary Bile Acid Metabolism",3540,"NAMED","ABFZMYIIUREPLL-ASWJIRIHSA-N","O[C@H]1[C@@]2([C@@]([H])([C@]3(CC[C@H](C[C@]3(C1)[H])O[C@H]4[C@@H]([C@H]([C@@H]([C@H](O4)C(O)=O)O)O)O)C)CC[C@]5([C@]2(CC[C@@H]5[C@@H](CCC(NCC(O)=O)=O)C)[H])C)[H]","glycochenodeoxycholate glucuronide (1)","glycochenodeoxycholate glucuronide (1)",NA,NA,"HMDB0002579",NA,44263370,NA,NA,NA,52983,52983,52983,209,209,209,166140,166140,166140,"Neg","Neg","Neg",166140,52983,209,"Neg",TRUE,FALSE,TRUE,0.0205435629083574
-0.0107456878202247,-0.07219399974285,-0.167906648999777,0.866718298531068,0.94777494452708,-5.689224754572,100022013,"100022013","Lipid","Corticosteroids",3378,"NAMED","OZINUFSVVJAFHD-LUPKFNMHSA-N","[H][C@@]12[C@@]3(C)CC[C@@H](OC4OC(C(O)=O)C(O)C(O)C4O)C[C@@]3([H])CC[C@@]1([H])[C@]5([H])CC[C@@](C(CO)=O)(O)[C@@]5(C)C[C@@H]2O","tetrahydrocortisol glucuronide","tetrahydrocortisol glucuronide",NA,NA,NA,NA,NA,NA,NA,NA,64411,64411,64411,209,209,209,237545,237545,237545,"Neg","Neg","Neg",237545,64411,209,"Neg",TRUE,FALSE,TRUE,-0.019978079060223
-0.00785285929168039,-0.0974059192378081,-0.167407189906166,0.867111059530604,0.94777494452708,-5.68929946818144,100020414,"100020414","Amino Acid","Tryptophan Metabolism",334,"NAMED","OAORYCZPERQARS-UHFFFAOYSA-N","Brc1ccc2c(CC(N)C(O)=O)c[nH]c2c1","6-bromotryptophan","6-bromotryptophan",NA,NA,"HMDB0242168",NA,9856996,NA,NA,NA,62503,62503,62503,209,209,209,219798,219798,219798,"Neg","Neg","Neg",219798,62503,209,"Neg",TRUE,FALSE,TRUE,-0.019918651793233
0.00707318170228244,0.0624559780432822,0.165009828075598,0.868996735703433,0.94777494452708,-5.68965498943811,561,"561","Amino Acid","Glutamate Metabolism",46,"NAMED","WHUUTDBJXJRKMK-VKHMYHEASA-N","O=C(O)[C@@H](N)CCC(O)=O","glutamate","glutamate","56-86-0",591,"HMDB0000148","C00025,C00217",33032,NA,NA,NA,57,57,57,400,400,400,155297,155297,155297,"Pos Early","Pos Early","Pos Early",155297,57,400,"Pos Early",FALSE,TRUE,TRUE,0.0196334058874136
0.0157971992194029,-0.139839768703423,0.163887504894435,0.869879771117226,0.94777494452708,-5.68981966438458,100001987,"100001987","Lipid","Androgenic Steroids",3454,"NAMED","JHFAETDERBWUOO-ARKAXQQOSA-N","C[C@@]12[C@](CCC3C2CC[C@@]4(C)C3CC[C@@H]4OS(=O)(O)=O)([H])C[C@@H](OS(=O)(O)=O)CC1","5alpha-androstan-3beta,17beta-diol disulfate","5alpha-androstan-3beta,17beta-diol disulfate","571-20-0",NA,"HMDB00493","C12525",90186325,NA,NA,NA,37190,37190,37190,209,209,209,144226,144226,144226,"Neg","Neg","Neg",144226,37190,209,"Neg",TRUE,FALSE,TRUE,0.019499868225993
-0.00387512001338225,-0.0122204052310126,-0.160321440800121,0.872686598151896,0.94777494452708,-5.6903354438541,100006290,"100006290","Lipid","Sphingomyelins",3185,"NAMED","AADLTHQNYQJHQV-SVLGDMRNSA-N","CCCCCCCCCCCCC/C=C/[C@@H](O)[C@@H](NC(CCCCCCCCCCCCCCCCCCC)=O)COP([O-])(OCC[N+](C)(C)C)=O","sphingomyelin (d18:1/20:0, d16:1/22:0)*","sphingomyelin (d18:1/20:0, d16:1/22:0)*",NA,23113477,"HMDB0012102",NA,44260124,"SM 38:1;O2","Unknown","Unknown",48490,48490,48490,402,402,402,164042,164042,164042,"Pos Late","Pos Late","Pos Late",164042,48490,402,"Pos Late",TRUE,FALSE,TRUE,-0.0190755663247019
0.00825137054008219,-0.0372918454377518,0.158752070480818,0.873922351447047,0.94777494452708,-5.69055883544595,100015625,"100015625","Lipid","Hexosylceramides (HCER)",3131,"NAMED","BZVOAOVDSULRAB-NUBHLNQHSA-N","[H][C@](NC(CCCCCCCCCCCCCCCCCCCCC)=O)(CO[C@H]1[C@H](O)[C@@H](O)[C@@H](O)[C@@H](CO)O1)[C@@](O)([H])/C=C/CCCCCCCC/C=C\CCC","glycosyl-N-behenoyl-sphingadienine (d18:2/22:0)*","glycosyl-N-behenoyl-sphingadienine (d18:2/22:0)*",NA,NA,NA,NA,NA,"HexCer 40:2;O2","HexCer 18:2;O2_22:0","HexCer 18:2;O2/22:0",57421,57421,57421,402,402,402,211074,211074,211074,"Pos Late","Pos Late","Pos Late",211074,57421,402,"Pos Late",TRUE,FALSE,TRUE,0.018888837541175
-0.0103876425242628,-0.146749600005028,-0.141980993492855,0.887146890854675,0.959414474660253,-5.69280890110186,100009140,"100009140","Lipid","Phosphatidylcholine (PC)",2313,"NAMED","HAIPHKFLSXSDAN-BLOCXYQCSA-N","O=C(CCCCCCCCCCCCC)OC[C@]([H])(COP(OCC[N+](C)(C)C)([O-])=O)OC(CC/C=C\C/C=C\C/C=C\C/C=C\C/C=C\C/C=C\CC)=O","1-myristoyl-2-docosahexaenoyl-GPC (14:0/22:6)*","1-myristoyl-2-docosahexaenoyl-GPC (14:0/22:6)*",NA,24766568,"HMDB0007892",NA,24778639,"PC 36:6","PC 14:0_22:6","Unknown",53196,53196,53196,402,402,402,166626,166626,166626,"Pos Late","Pos Late","Pos Late",166626,53196,402,"Pos Late",TRUE,FALSE,TRUE,-0.0168933602686159
0.00454838686128049,-0.0137470195963293,0.138130109380892,0.890188029226319,0.960006698185246,-5.69329012424685,100009272,"100009272","Lipid","Hexosylceramides (HCER)",3120,"NAMED","VJLLLMIZEJJZTE-NNTBDIJYSA-N","[H][C@](O)([C@@](NC(CCCCCCCCCCCCCCC)=O)(CO[C@@H]1O[C@H](CO)[C@@H](O)[C@H](O)[C@H]1O)[H])/C=C/CCCCCCCCCCCCC","glycosyl-N-palmitoyl-sphingosine (d18:1/16:0)","glycosyl-N-palmitoyl-sphingosine (d18:1/16:0)",NA,NA,"HMDB0004971,HMDB0010708",NA,NA,"HexCer 34:1;O2","HexCer 18:1;O2_16:0","HexCer 18:1;O2/16:0",53013,53013,53013,402,402,402,166346,166346,166346,"Pos Late","Pos Late","Pos Late",166346,53013,402,"Pos Late",TRUE,FALSE,TRUE,0.0164351695555093
-0.0067811498688799,0.0288707089283858,-0.132362463082144,0.894745900309041,0.960114926940124,-5.6939861268291,100002873,"100002873","Lipid","Lysophospholipid",2700,"NAMED","SKJMUADLQLZAGH-WJOKGBTCSA-N","CCCCCCCCCCCCCCCCCCCCCCCC(OC[C@H](COP([O-])(OCC[N+](C)(C)C)=O)O)=O","1-lignoceroyl-GPC (24:0)","1-lignoceroyl-GPC (24:0)","325171-59-3",24766539,"HMDB0010405",NA,24779481,"LPC 24:0","LPC 24:0","LPC 24:0/0:0",49617,49617,49617,402,402,402,161405,161405,161405,"Pos Late","Pos Late","Pos Late",161405,49617,402,"Pos Late",TRUE,FALSE,TRUE,-0.0157489162449096
-0.00477113045653021,-0.0701056688898467,-0.128664304184559,0.897670207223605,0.960114926940124,-5.69441678094585,100005352,"100005352","Lipid","Lysophospholipid",2677,"NAMED","YYSFWGQAKJTHRE-OUKQBFOZSA-N","C[N+](CCOP(OCC(O)COC(CCCCCCCCC/C=C/CCCCCCCC)=O)([O-])=O)(C)C","1-eicosenoyl-GPC (20:1)*","1-eicosenoyl-GPC (20:1)*",NA,NA,"HMDB0010391",NA,52924051,"LPC 20:1","LPC 20:1","LPC 20:1/0:0",44560,44560,44560,402,402,402,159608,159608,159608,"Pos Late","Pos Late","Pos Late",159608,44560,402,"Pos Late",TRUE,FALSE,TRUE,-0.0153088972744082
0.00529695356811366,-0.00720761831842947,0.12853838545057,0.897769801814142,0.960114926940124,-5.69443122949639,1489,"1489","Lipid","Endocannabinoid",2207,"NAMED","HXYVTAGFYLMHSO-UHFFFAOYSA-N","CCCCCCCCCCCCCCCC(NCCO)=O","palmitoyl ethanolamide (16:0)","palmitoyl ethanolamide (16:0)","544-31-0",4509,"HMDB0002100","C16512",4671,NA,NA,NA,38165,38165,38165,209,209,402,127721,127721,159012,"Neg","Neg","Pos Late",159012,38165,402,"Pos Late",TRUE,FALSE,TRUE,0.0152939150540031
0.00628807429183327,-0.0612386662672648,0.11554668778487,0.90805389267068,0.968423126532442,-5.69584593796543,1137,"1137","Lipid","Endocannabinoid",2204,"NAMED","BOWVQLFMWHZBEF-KTKRTIGZSA-N","O=C(NCCO)CCCCCCC/C=C\CCCCCCCC","oleoyl ethanolamide (18:1)","oleoyl ethanolamide (18:1)","111-58-0,11-58-0",4446574,"HMDB0002088",NA,5283454,NA,NA,NA,38102,38102,38102,209,209,209,127707,127707,127707,"Neg","Neg","Neg",127707,38102,209,"Neg",TRUE,FALSE,TRUE,0.0137481206221685
0.00187304232643649,-0.00633797402834842,0.110255556159791,0.912246829147885,0.970207263044021,-5.69637895188806,100002107,"100002107","Lipid","Sphingomyelins",3167,"NAMED","RWKUXQNLWDTSLO-GWQJGLRPSA-N","CCCCCCCCCCCCCCCC(N[C@@](COP([O-])(OCC[N+](C)(C)C)=O)([C@](O)(/C=C/CCCCCCCCCCCCC)[H])[H])=O","palmitoyl sphingomyelin (d18:1/16:0)","palmitoyl sphingomyelin (d18:1/16:0)","6254-89-3",8115562,"HMDB0010169",NA,9939941,"SM 34:1;O2","SM 18:1;O2_16:0","SM 18:1;O2/16:0",37506,37506,37506,402,402,402,164195,164195,164195,"Pos Late","Pos Late","Pos Late",164195,37506,402,"Pos Late",TRUE,FALSE,TRUE,0.0131185645768685
0.00848641031260355,-0.116302104638594,0.106316960868314,0.915369551328749,0.970846493833521,-5.69675949803618,100022127,"100022127","Lipid","Corticosteroids",3391,"NAMED","QUOCEDQXFGCYTL-QMELEVSMSA-N","[H][C@@]12C[C@H](OC3C(O)C(O)C(O)C(C(O)=O)O3)CC[C@]1(C)[C@@]([C@@]4([H])CC2)([H])C(C[C@@]5(C)[C@@]4([H])CC[C@]5(O)C(CO)=O)=O","tetrahydrocortisone glucuronide (5)","tetrahydrocortisone glucuronide (5)",NA,NA,NA,NA,NA,NA,NA,NA,64591,64591,64591,209,209,209,238327,238327,238327,"Neg","Neg","Neg",238327,64591,209,"Neg",TRUE,FALSE,TRUE,0.0126499377024232
0.00624128647022926,-0.0937707324642622,0.0985795550187456,0.921507937415334,0.97198875525597,-5.69746678172987,100001295,"100001295","Peptide","Gamma-glutamyl Amino Acid",664,"NAMED","CATMPQFFVNKDEY-AAEUAGOBSA-N","O=C(O)[C@@H](N)CCC(N[C@@H](CC1=CNC2=C1C=CC=C2)C(O)=O)=O","gamma-glutamyltryptophan","gamma-glutamyltryptophan","66471-20-3",2302065,"HMDB0029160",NA,3989307,NA,NA,NA,33947,33947,33947,400,209,400,156045,126107,156045,"Pos Early","Neg","Pos Early",156045,33947,400,"Pos Early",TRUE,FALSE,TRUE,0.0117293159956323
-0.00674136844680934,-0.077964629579613,-0.0979332933818652,0.922020859365078,0.97198875525597,-5.69752344005991,356,"356","Lipid","Corticosteroids",3373,"NAMED","JYGXADMDTFJGBT-VWUMJDOOSA-N","O[C@@]1([C@@](CO)=O)[C@]2(C)[C@](CC1)([H])[C@@](CCC3=CC4=O)([H])[C@]([C@@]3(C)CC4)([H])[C@@H](O)C2","cortisol","cortisol","50-23-7",NA,"HMDB0000063","C00735",5754,NA,NA,NA,1712,1712,1712,209,209,209,124815,124815,124815,"Neg","Neg","Neg",124815,1712,209,"Neg",TRUE,FALSE,TRUE,-0.0116524216847036
0.00396376969158091,-0.0225146305009516,0.0954142393449345,0.924020479022559,0.97198875525597,-5.697740730605,100015793,"100015793","Lipid","Sphingomyelins",3180,"NAMED","YHBBZTIPONDTRX-TVUHHANTSA-N","[H][C@](NC(CCCCCCCCCCCCCC)=O)(COP(OCC[N+](C)(C)C)([O-])=O)[C@@](O)([H])/C=C/CCCCCCCC/C=C\CCC","sphingomyelin (d17:2/16:0, d18:2/15:0)*","sphingomyelin (d17:2/16:0, d18:2/15:0)*",NA,NA,"HMDB0240677",NA,NA,"SM 33:2;O2","Unknown","Unknown",57483,57483,57483,402,402,402,211146,211146,211146,"Pos Late","Pos Late","Pos Late",211146,57483,402,"Pos Late",TRUE,FALSE,TRUE,0.011352696444479
-0.00783267732125065,-0.169003396008884,-0.091687611886247,0.926979547285719,0.972444484209814,-5.69805180143842,100001103,"100001103","Amino Acid","Glutamate Metabolism",56,"NAMED","ZGEYCCHDTIDZAE-UHFFFAOYSA-N","O=C(CCC(C(O)=O)N)OC","glutamate, gamma-methyl ester","glutamate, gamma-methyl ester","1499-55-4,1499-55-4",66546,"HMDB0061715",NA,68662,NA,NA,NA,33487,33487,33487,400,400,400,156024,156024,156024,"Pos Early","Pos Early","Pos Early",156024,33487,400,"Pos Early",FALSE,TRUE,TRUE,-0.0109092901920097
0.00383860168508363,-0.0566648139299759,0.0858862424938342,0.931588031814652,0.97429933258249,-5.69851139668068,100001501,"100001501","Lipid","Fatty Acid Metabolism (Acyl Carnitine, Monounsaturated)",1931,"NAMED","IPOLTUVFXFHAHI-WHIOSMTNSA-N","[O-]C(C[C@@H](OC(CCCCCCC/C=C\CCCCCCCC)=O)C[N+](C)(C)C)=O","oleoylcarnitine (C18:1)","oleoylcarnitine (C18:1)","38677-66-6",21403150,"HMDB0005065",NA,6441392,NA,NA,NA,35160,35160,35160,402,402,402,158710,158710,158710,"Pos Late","Pos Late","Pos Late",158710,35160,402,"Pos Late",TRUE,FALSE,TRUE,0.0102190243980724
-0.00773315871956815,-0.0050621100115433,-0.083091469624682,0.933808970708932,0.97429933258249,-5.6987220860311,297,"297","Lipid","Sphingosines",3223,"NAMED","WWUZIQQURGPMPG-CCEZHUSRSA-N","CCCCCCCCCCCCC/C=C/C(C(CO)N)O","sphingosine","sphingosine","123-78-4",4510275,"HMDB0000252","C00319",5280335,NA,NA,NA,17747,17747,17747,402,402,402,158164,158164,158164,"Pos Late","Pos Late","Pos Late",158164,17747,402,"Pos Late",TRUE,FALSE,TRUE,-0.00988649323466769
0.0180731305734363,-0.45759781114538,0.0734005421747521,0.941514010498465,0.979587263896986,-5.69939867517482,1668,"1668","Lipid","Secondary Bile Acid Metabolism",3559,"NAMED","AWDRATDZQPNJFN-RZGBOAIJSA-N","C[C@@]12[C@@]([H])(CC[C@]2([H])[C@@H](CCC(NCCS(O)(=O)=O)=O)C)[C@@](CC[C@@]3([H])[C@@]4(CC[C@@H](O)C3)C)([H])[C@@]4([H])C[C@@H]1O","taurodeoxycholate","taurodeoxycholate","207737-97-1",2015539,"HMDB0000896","C05463",2733768,NA,NA,NA,12261,12261,12261,209,209,209,124839,124839,124839,"Neg","Neg","Neg",124839,12261,209,"Neg",TRUE,FALSE,TRUE,0.00873343517583023
0.00853373966466266,-0.0936583999732312,0.0670218878679437,0.946588578224771,0.979587263896986,-5.69979828311895,100001279,"100001279","Lipid","Secondary Bile Acid Metabolism",3595,"NAMED","DKPMWHFRUGMUKF-OAEKOJLISA-N","C[C@]12CC[C@@H](O)C[C@@]1([H])[C@@H](O)[C@@H](O)C3C2CC[C@@]4(C)C3CCC4C(CCC(O)=O)C","hyocholate (gamma-muricholate)","hyocholate","547-75-1",21403098,"HMDB0000760","C17649",92805,NA,NA,NA,34093,34093,34093,209,209,209,126896,126896,126896,"Neg","Neg","Neg",126896,34093,209,"Neg",TRUE,FALSE,TRUE,0.00797448214568894
0.00483260192205992,-0.0271197526108174,0.0642403890686057,0.948802105125081,0.979587263896986,-5.69996117068141,1087,"1087","Lipid","Long Chain Monounsaturated Fatty Acid",1592,"NAMED","DPUOLQHDNGRHBS-KTKRTIGZSA-N","OC(CCCCCCCCCCC\C=C/CCCCCCCC)=O","erucate (22:1n9)","erucate (22:1n9)","112-86-7",7924,"HMDB0002068","C08316",82165281116,NA,NA,NA,1552,1552,1552,209,209,209,125983,125983,125983,"Neg","Neg","Neg",125983,1552,209,"Neg",TRUE,FALSE,TRUE,0.00764353037427241
0.00334337555046538,-0.0295226249564518,0.0639230454340843,0.949054673853444,0.979587263896986,-5.69997931594237,100000792,"100000792","Lipid","Androgenic Steroids",3405,"NAMED","CZWCKYRVOZZJNM-DYIPZHMLSA-N","[H][C@@]1(CC[C@]2(C)[C@]3(CCC2=O)[H])[C@@]4(C)C(C[C@H](OS(=O)(O)=O)CC4)=CC[C@]13[H]","dehydroepiandrosterone sulfate (DHEA-S)","dehydroepiandrosterone sulfate (DHEA-S)","651-48-9",12074,"HMDB0001032","C04555",12594,NA,NA,NA,32425,32425,32425,209,209,209,124935,124935,124935,"Neg","Neg","Neg",124935,32425,209,"Neg",TRUE,FALSE,TRUE,0.00760577179676822
-0.00177796415857526,-0.0338554403629606,-0.0584513031902567,0.953410331704283,0.981451812048527,-5.70027805061083,100008956,"100008956","Lipid","Sphingomyelins",3192,"NAMED","JBDGKEXQKCCQFK-JWQIMADESA-N","[H][C@](NC(CCCCCCCCCCCCCCCCCCCCCC)=O)(COP(OCC[N+](C)(C)C)([O-])=O)[C@@](O)([H])/C=C/CCCCCCCC/C=C\CCC","sphingomyelin (d18:2/23:0, d18:1/23:1, d17:1/24:1)*","sphingomyelin (d18:2/23:0, d18:1/23:1, d17:1/24:1)*",NA,NA,"HMDB0240634,HMDB0011696,HMDB0240614",NA,134757653,"SM 41:2;O2","Unknown","Unknown",52435,52435,52435,402,402,402,164559,164559,164559,"Pos Late","Pos Late","Pos Late",164559,52435,402,"Pos Late",TRUE,FALSE,TRUE,-0.00695472611277928
0.00245138681293235,-0.00274143838732557,0.0448433328291767,0.964248423852976,0.989913044919142,-5.70090515758802,100009227,"100009227","Lipid","Lysophospholipid",2770,"NAMED","VEEHTGYBVMTAAF-RFFZIGDUSA-N","[H][C@@](CO)(O)COP(OC[C@]([H])(O)COC(CCCCCCC/C=C\C/C=C\CCCCC)=O)(O)=O","1-linoleoyl-GPG (18:2)*","1-linoleoyl-GPG (18:2)*",NA,NA,"HMDB0240600",NA,NA,"LPG 18:2","LPG 18:2","LPG 18:2/0:0",54885,54885,54885,209,209,209,207774,207774,207774,"Neg","Neg","Neg",207774,54885,209,"Neg",TRUE,FALSE,TRUE,0.00533560555178715
-0.00126403453601004,-0.00986931247933804,-0.0416758189031964,0.96677222049246,0.989913044919142,-5.70102742255312,100008955,"100008955","Lipid","Sphingomyelins",3171,"NAMED","SXZWBNWTCVLZJN-NMIJJABPSA-N","[H][C@](NC(CCCCCCCCCCCCCCCCCCCCCC)=O)(COP(OCC[N+](C)(C)C)([O-])=O)[C@@](O)([H])/C=C/CCCCCCCCCCCCC","tricosanoyl sphingomyelin (d18:1/23:0)*","tricosanoyl sphingomyelin (d18:1/23:0)*",NA,NA,"HMDB0012105",NA,NA,"SM 41:1;O2","SM 18:1;O2_23:0","SM 18:1;O2/23:0",52436,52436,52436,402,402,402,164560,164560,164560,"Pos Late","Pos Late","Pos Late",164560,52436,402,"Pos Late",TRUE,FALSE,TRUE,-0.0049587244454429
0.00106190014245217,-0.0366555775308614,0.0336692889376382,0.973153055933262,0.991710497599273,-5.70129655807254,100000007,"100000007","Lipid","Carnitine Metabolism",1977,"NAMED","PHIQHXFUZVPYII-ZCFIWIBFSA-N","[O-]C(C[C@@H](O)C[N+](C)(C)C)=O","carnitine","carnitine","461-05-2",10455,"HMDB0000062","C00487,C00308",288,NA,NA,NA,15500,15500,15500,400,400,400,155554,155554,155554,"Pos Early","Pos Early","Pos Early",155554,15500,400,"Pos Early",TRUE,FALSE,TRUE,0.00400608147625245
0.00186147799429759,0.0823368477728903,0.0330089506478793,0.973679397642923,0.991710497599273,-5.70131620173735,100009026,"100009026","Lipid","Dihydrosphingomyelins",3163,"NAMED","FONAXCRWZQFJHY-JCGOJSMZSA-N","[H][C@](NC(CCCCCCCCCCCCCCCCCCCCC)=O)(COP(OCC[N+](C)(C)C)([O-])=O)[C@@](O)([H])CCCCCCCCCCCCCCC","behenoyl dihydrosphingomyelin (d18:0/22:0)*","behenoyl dihydrosphingomyelin (d18:0/22:0)*",NA,24846880,"HMDB0012091",NA,44260132,"SM 40:0;O2","SM 18:0;O2_22:0","SM 18:0;O2/22:0",57331,57331,57331,402,402,402,210829,210829,210829,"Pos Late","Pos Late","Pos Late",210829,57331,402,"Pos Late",TRUE,FALSE,TRUE,0.00392751227939287
-0.0011572400444155,-0.020638716379231,-0.027858873913707,0.97778479159566,0.993264234206673,-5.70145605530351,100009132,"100009132","Lipid","Phosphatidylcholine (PC)",2414,"NAMED","FCTKCFNDGVBOBD-YZXVGOFNSA-N","O=C(CCCCCCC/C=C\C/C=C\CCCCC)OC[C@]([H])(COP(OCC[N+](C)(C)C)([O-])=O)OC(CC/C=C\C/C=C\C/C=C\C/C=C\C/C=C\C/C=C\CC)=O","1-linoleoyl-2-docosahexaenoyl-GPC (18:2/22:6)*","1-linoleoyl-2-docosahexaenoyl-GPC (18:2/22:6)*",NA,24766818,"HMDB0008156",NA,24778983,"PC 40:8","PC 18:2_22:6","Unknown",53199,53199,53199,402,402,402,166629,166629,166629,"Pos Late","Pos Late","Pos Late",166629,53199,402,"Pos Late",TRUE,FALSE,TRUE,-0.00331473940366449
0.00194891431242308,-0.226945805848418,0.0214724716854782,0.982876532403905,0.995809118356588,-5.70159661200891,100002874,"100002874","Lipid","Lysophospholipid",2702,"NAMED","GDXMCRNTFPQYOQ-RPUPUBLZSA-N","CCCCCCCC/C=C\CCCCCCCCCCCCCC(OC[C@H](COP([O-])(OCC[N+](C)(C)C)=O)O)=O","1-nervonoyl-GPC (24:1n9)*","1-nervonoyl-GPC (24:1n9)*",NA,NA,"HMDB0010406",NA,53480477,"LPC 24:1","LPC 24:1(15)","LPC 24:1/0:0",55071,55071,55071,402,402,402,208194,208194,208194,"Pos Late","Pos Late","Pos Late",208194,55071,402,"Pos Late",TRUE,FALSE,TRUE,0.0025548645006396
-0.0011194271695929,-0.207592449092731,-0.00971607718115005,0.9922513290147,0.998409635306735,-5.7017601964358,100002241,"100002241","Xenobiotics","Xanthine Metabolism",4800,"NAMED","YHNNPKUFPWLTOP-UHFFFAOYSA-N","CN(C1=C(N2)NC(NC1=O)=O)C2=O","7-methylurate","7-methylurate","612-37-3",62375,"HMDB0011107","C16355",69160,NA,NA,NA,39598,39598,39598,400,400,400,156601,156601,156601,"Pos Early","Pos Early","Pos Early",156601,39598,400,"Pos Early",TRUE,FALSE,TRUE,-0.00115605045563444
0.000598229293650984,0.0807217304001126,0.00838889797642527,0.993309741171567,0.998409635306735,-5.70177091657223,100008991,"100008991","Lipid","Phosphatidylethanolamine (PE)",2463,"NAMED","MPWUZHVZZKSTPV-MADBQMNMSA-N","O=C(CCCCCCCCCCCCCCC)OC[C@]([H])(COP(OCCN)(O)=O)OC(CC/C=C\C/C=C\C/C=C\C/C=C\C/C=C\C/C=C\CC)=O","1-palmitoyl-2-docosahexaenoyl-GPE (16:0/22:6)*","1-palmitoyl-2-docosahexaenoyl-GPE (16:0/22:6)*",NA,7825749,"HMDB0008946",NA,9546799,"PE 38:6","PE 16:0_22:6","Unknown",52465,52465,52465,402,402,402,165133,165133,165133,"Pos Late","Pos Late","Pos Late",165133,52465,402,"Pos Late",TRUE,FALSE,TRUE,0.000998138358424338
-0.000491688689049891,-0.00957151739812081,-0.00721024390323876,0.994249715975808,0.998409635306735,-5.7017791193302,100001580,"100001580","Lipid","Long Chain Polyunsaturated Fatty Acid (n3 and n6)",1621,"NAMED","AVKOENOBFIYBSA-WMPRHZDHSA-N","OC(CC/C=C\C/C=C\C/C=C\C/C=C\C/C=C\CCCCC)=O","docosapentaenoate (n6 DPA; 22:5n6)","docosapentaenoate (n6 DPA; 22:5n6)","25182-74-5",4945614,"HMDB0001976","C16513",6441454,NA,NA,NA,37478,37478,37478,209,209,209,127695,127695,127695,"Neg","Neg","Neg",127695,37478,209,"Neg",TRUE,FALSE,TRUE,-0.000857898264306295
-0.000272688890710526,-0.171171429345454,-0.00300427824119557,0.997604023202469,0.998409635306735,-5.70179828643994,100004552,"100004552","Lipid","Lysophospholipid",2741,"NAMED","KCWGBXXAJHVZNN-YAWQMZOFSA-N","O=C(CCC/C=C\C/C=C\C/C=C\C/C=C\C/C=C\CC)OC[C@@](O)([H])COP(OCCN)(O)=O","1-eicosapentaenoyl-GPE (20:5)*","1-eicosapentaenoyl-GPE (20:5)*",NA,NA,"HMDB0011489",NA,53480938,"LPE 20:5","LPE 20:5","LPE 20:5/0:0",47888,47888,47888,402,402,402,178779,178779,178779,"Pos Late","Pos Late","Pos Late",178779,47888,402,"Pos Late",TRUE,FALSE,TRUE,-0.000357458793794358
9.6711504236513e-05,-0.0413446123232166,0.00199413200515037,0.998409635306735,0.998409635306735,-5.70180053906558,100003594,"100003594","Peptide","Dipeptide",957,"NAMED","JMCOUWKXLXDERB-UHFFFAOYSA-N","OC(C(CC1=CNC2=C1C=CC=C2)NC(C(CC3=CC=CC=C3)N)=O)=O","phenylalanyltryptophan","phenylalanyltryptophan","24587-41-5",10443429,"HMDB0029006",NA,134906,NA,NA,NA,41377,41377,41377,209,209,209,145131,145131,145131,"Neg","Neg","Neg",145131,41377,209,"Neg",TRUE,FALSE,TRUE,0.000237268310056429
