"logFC","AveExpr","t","P.Value","adj.P.Val","B","CHEM_ID","Original_ID","SUPER_PATHWAY","SUB_PATHWAY","PATHWAY_SORTORDER","TYPE","INCHIKEY","SMILES","CHEMICAL_NAME","PLOT_NAME","CAS","CHEMSPIDER","HMDB","KEGG","PUBCHEM","LIPID SPECIES LEVEL","LIPID MOLECULAR SPECIES LEVEL","LIPID SN POSITION LEVEL","COMP_ID_1","COMP_ID_2","COMP_ID_3","LIB_ID_1","LIB_ID_2","LIB_ID_3","CHRO_LIB_ENTRY_ID_1","CHRO_LIB_ENTRY_ID_2","CHRO_LIB_ENTRY_ID_3","PLATFORM_1","PLATFORM_2","PLATFORM_3","CHRO_LIB_ENTRY_ID","COMP_ID","LIB_ID","PLATFORM"
-0.258079130018272,-0.0824031626146612,-3.11807470922653,0.00191660472573092,0.469213748041794,-1.66732417846322,100020253,"100020253","Partially Characterized Molecules","Partially Characterized Molecules",6725,"NAMED",NA,NA,"glycine conjugate of C10H12O2*","glycine conjugate of C10H12O2*",NA,NA,NA,NA,NA,NA,NA,NA,62145,62145,62145,209,209,209,219037,219037,219037,"Neg","Neg","Neg",219037,62145,209,"Neg"
-0.14899856739698,-0.12034417723812,-2.95967033018289,0.00321379279480681,0.469213748041794,-2.02292791799987,100006082,"100006082","Xenobiotics","Chemical",6428,"NAMED","MDQKYGOECVSPIW-UHFFFAOYSA-N","ClC1=C(C#N)C(Cl)=C(Cl)C(O)=C1C#N","4-hydroxychlorothalonil","4-hydroxychlorothalonil","28343-61-5",31530,"HMDB0240624",NA,34217,NA,NA,NA,48441,48441,48441,209,209,209,154475,154475,154475,"Neg","Neg","Neg",154475,48441,209,"Neg"
0.62194490513169,-0.688481144212162,2.78670069678079,0.00551062434999371,0.473276051553366,-2.39087090628866,100020014,"100020014","Partially Characterized Molecules","Partially Characterized Molecules",6685,"NAMED",NA,NA,"glucuronide of C10H18O2 (7)*","glucuronide of C10H18O2 (7)*",NA,NA,NA,NA,NA,NA,NA,NA,61887,61887,61887,209,209,209,218638,218638,218638,"Neg","Neg","Neg",218638,61887,209,"Neg"
-0.263752039212933,-0.0631117231452062,-2.73283950502969,0.00648323358292282,0.473276051553366,-2.50108325231938,100021261,"100021261","Peptide","Dipeptide Derivative",672,"NAMED","JCCZCUUYYHWRGX-UHFFFAOYSA-N","NC(CC(C)C)C(N1C(C(O)=O)CC(O)C1)=O","leucylhydroxyproline*","leucylhydroxyproline*",NA,20170035,"HMDB0028930",NA,20847829,NA,NA,NA,63052,63052,63052,400,400,400,221645,221645,221645,"Pos Early","Pos Early","Pos Early",221645,63052,400,"Pos Early"
-0.206796462186364,-0.140247953739492,-2.53801486492823,0.0114260259848543,0.538212407700193,-2.88234901557247,358,"358","Amino Acid","Methionine, Cysteine, SAM and Taurine Metabolism",478,"NAMED","VVIUBCNYACGLLV-UHFFFAOYSA-N","NCCS(O)=O","hypotaurine","hypotaurine","300-84-5",96959,"HMDB0000965","C00519",107812,NA,NA,NA,590,590,590,400,400,400,155331,155331,155331,"Pos Early","Pos Early","Pos Early",155331,590,400,"Pos Early"
-0.13289474618997,-0.209395825150391,-2.47338948933505,0.013687963329845,0.538212407700193,-3.0027778310028,100003696,"100003696","Xenobiotics","Chemical",6414,"NAMED","KZNICNPSHKQLFF-UHFFFAOYSA-N","O=C1NC(CC1)=O","succinimide","succinimide","123-56-8",10955,"HMDB0240653","C07273",11439,NA,NA,NA,41888,41888,41888,209,305,305,143923,152218,152218,"Neg","Polar","Polar",152218,41888,305,"Polar"
-0.296886901013871,-0.0480444661131599,-2.4486407160396,0.0146540967994312,0.538212407700193,-3.04809736500106,100003892,"100003892","Amino Acid","Methionine, Cysteine, SAM and Taurine Metabolism",474,"NAMED","DWPCPZJAHOETAG-IMJSIDKUSA-N","O=C([C@H](CSC[C@@H](C(O)=O)N)N)O","lanthionine","lanthionine","468821",88959,"HMDB0251521",NA,98504,NA,NA,NA,42002,42002,42002,400,400,400,156875,156875,156875,"Pos Early","Pos Early","Pos Early",156875,42002,400,"Pos Early"
-0.109500649448121,-0.107757997658818,-2.44637355661241,0.0147455454164436,0.538212407700193,-3.05222678457461,100020241,"100020241","Peptide","Gamma-glutamyl Amino Acid",668,"NAMED","SCTJBDDLOROJJM-UHFFFAOYSA-N","NC(C(O)=O)CCC(NC(CCCNC(N)=O)C(O)=O)=O","gamma-glutamylcitrulline*","gamma-glutamylcitrulline*",NA,NA,NA,NA,NA,NA,NA,NA,62104,62104,62104,400,400,400,218950,218950,218950,"Pos Early","Pos Early","Pos Early",218950,62104,400,"Pos Early"
-0.275944582829531,-0.114211080864852,-2.28990633384395,0.022408507167603,0.70628129238036,-3.32821125934209,100001083,"100001083","Amino Acid","Tryptophan Metabolism",312,"NAMED","GOLXRNDWAUTYKT-UHFFFAOYSA-N","OC(CCC1=CNC2=C1C=CC=C2)=O","indolepropionate","indolepropionate","830-96-6",3613,"HMDB0002302",NA,3744,NA,NA,NA,32405,32405,32405,209,209,209,125818,125818,125818,"Neg","Neg","Neg",125818,32405,209,"Neg"
-0.161072436836154,0.0560994276410327,-2.25580160758652,0.0244792544092612,0.70628129238036,-3.38600516202779,100002094,"100002094","Cofactors and Vitamins","Tocopherol Metabolism",4572,"NAMED","VMJQLPNCUPGMNQ-UHFFFAOYSA-N","OC1=C(C)C(C)=C(OC(C)(CCC(O)=O)CC2)C2=C1","gamma-CEHC","gamma-CEHC","178167-75-4",117455,"HMDB0001931",NA,133098,NA,NA,NA,44876,44876,44876,209,209,209,127733,127733,127733,"Neg","Neg","Neg",127733,44876,209,"Neg"
-0.237018613003821,-0.123092581319574,-2.19175574282188,0.028820069234635,0.70628129238036,-3.49224703276174,504,"504","Amino Acid","Tryptophan Metabolism",294,"NAMED","QZAYGJVTTNCVMB-UHFFFAOYSA-N","NCCC1=CNC(C=C2)=C1C=C2O","serotonin","serotonin","153-98-0",5013,"HMDB0000259","C00780",5202,NA,NA,NA,2342,2342,2342,400,400,400,155468,155468,155468,"Pos Early","Pos Early","Pos Early",155468,2342,400,"Pos Early"
-0.104625994514028,-0.163198519717069,-2.17966443495127,0.029710230459338,0.70628129238036,-3.51196879047826,100021707,"100021707","Xenobiotics","Chemical",6474,"NAMED","AJSVSHDVMDXRFN-UHFFFAOYSA-N","OC(C1=C(O)C(Cl)=CC(Br)=C1O)=O","3-bromo-5-chloro-2,6-dihydroxybenzoic acid*","3-bromo-5-chloro-2,6-dihydroxybenzoic acid*",NA,NA,"HMDB0242162",NA,134581543,NA,NA,NA,63681,63681,63681,209,209,209,223106,223106,223106,"Neg","Neg","Neg",223106,63681,209,"Neg"
0.100203879062695,0.0578472399688352,2.14573978669141,0.0323353816176237,0.70628129238036,-3.56673219171609,100000808,"100000808","Amino Acid","Methionine, Cysteine, SAM and Taurine Metabolism",469,"NAMED","NOKPBJYHPHHWAN-REOHCLBHSA-N","N[C@H](C(O)=O)CSS(O)(=O)=O","cysteine s-sulfate","cysteine s-sulfate","1637-71-4",102939,"HMDB0000731","C05824",115015,NA,NA,NA,22176,22176,22176,400,305,400,155804,165753,155804,"Pos Early","Polar","Pos Early",165753,22176,305,"Polar"
0.154481901744523,-0.16777719509782,2.07327536478974,0.0386165524469559,0.70628129238036,-3.68089057153328,100022480,"100022480","Amino Acid","Lactoyl Amino Acid",644,"NAMED",NA,"OC([C@@H](NC([C@H](C)O)=O)CC(C)C)=O","N-lactoyl leucine","N-lactoyl leucine","210769-82-7",NA,"HMDB0062176",NA,NA,NA,NA,NA,64880,64880,64880,209,209,209,240091,240091,240091,"Neg","Neg","Neg",240091,64880,209,"Neg"
0.19382171101543,-0.0127639862686539,2.06435727501684,0.0394570974710391,0.70628129238036,-3.69467424374688,1221,"1221","Amino Acid","Creatine Metabolism",538,"NAMED","CVSVTCORWBXHQV-UHFFFAOYSA-N","CN(C(N)=N)CC(O)=O","creatine","creatine","57-00-1",566,"HMDB0000064","C00300",586,NA,NA,NA,27718,27718,27718,400,400,400,155838,155838,155838,"Pos Early","Pos Early","Pos Early",155838,27718,400,"Pos Early"
-0.486815761849429,-0.997395605174187,-2.06344074968838,0.0395443575314193,0.70628129238036,-3.69608751063351,100000442,"100000442","Xenobiotics","Food Component/Plant",5111,"NAMED","AAWZDTNXLSGCEK-WYWMIBKRSA-N","O[C@@]1([C@](O)(C[C@@](C(O)=O)(C[C@]1(O)[H])O)[H])[H]","quinate","quinate","77-95-2",10246715,"HMDB0003072","C00296",6508,NA,NA,NA,18335,18335,18335,305,305,305,146498,146498,146498,"Polar","Polar","Polar",146498,18335,305,"Polar"
-0.0867585378631345,-0.149245796720103,-1.92682385354391,0.0545218563128473,0.70628129238036,-3.89985681842204,100000841,"100000841","Cofactors and Vitamins","Ascorbate and Aldarate Metabolism",4560,"NAMED","MUBZPKHOEPUJKR-UHFFFAOYSA-N","O=C(O)C(O)=O","oxalate (ethanedioate)","oxalate (ethanedioate)","144-62-7",946,"HMDB0002329","C00209",971,NA,NA,NA,20694,20694,20694,209,209,209,143843,143843,143843,"Neg","Neg","Neg",143843,20694,209,"Neg"
-0.103366633250003,0.00481489537906482,-1.88533999875828,0.0599163390544135,0.70628129238036,-3.95901721728414,100000257,"100000257","Carbohydrate","Aminosugar Metabolism",1446,"NAMED","AEMOLEFTQBMNLQ-QIUUJYRFSA-N","O[C@@H]1O[C@H]([C@](O)=O)[C@@H](O)[C@H](O)[C@H]1O","glucuronate","glucuronate","207300-70-7",58552,"HMDB0000127","C16245",4.41478236779769e+29,NA,NA,NA,15443,15443,15443,305,305,305,146478,146478,146478,"Polar","Polar","Polar",146478,15443,305,"Polar"
-0.0857717324423566,-0.0668064520566427,-1.88477039966416,0.0599933915209156,0.70628129238036,-3.95982071210539,331,"331","Peptide","Gamma-glutamyl Amino Acid",653,"NAMED","OWQDWQKWSLFFFR-UHFFFAOYSA-N","O=C(O)C(N)CCC(NC(C(O)=O)CCC(O)=O)=O","gamma-glutamylglutamate","gamma-glutamylglutamate","1116-22-9",83831,"HMDB0011737","C05282",92865,NA,NA,NA,36738,36738,36738,400,400,400,156248,156248,156248,"Pos Early","Pos Early","Pos Early",156248,36738,400,"Pos Early"
-0.379422153913043,-0.569027054459442,-1.87222730315073,0.061711151385597,0.70628129238036,-3.97745385780658,100009337,"100009337","Xenobiotics","Food Component/Plant",5410,"NAMED","SNVAIAITQIIEMQ-DUXPYHPUSA-N","OS(OC1=CC=C(C=C1O)/C=C/C(O)=O)(=O)=O","caffeic acid sulfate","caffeic acid sulfate",NA,30777608,"HMDB0041708",NA,21668705,NA,NA,NA,53254,53254,53254,305,305,305,179431,179431,179431,"Polar","Polar","Polar",179431,53254,305,"Polar"
-0.235787944496476,-0.147063468101598,-1.85230480511434,0.0645232960342921,0.70628129238036,-4.00522282004968,100001092,"100001092","Cofactors and Vitamins","Nicotinate and Nicotinamide Metabolism",4525,"NAMED","WWNNZCOKKKDOPX-UHFFFAOYSA-N","C[N+]1=CC(C([O-])=O)=CC=C1","trigonelline (N'-methylnicotinate)","trigonelline (N'-methylnicotinate)","535-83-1",5369,"HMDB0000875","C01004",5570,NA,NA,NA,32401,32401,32401,400,400,400,155930,155930,155930,"Pos Early","Pos Early","Pos Early",155930,32401,400,"Pos Early"
-0.0900934055651324,-0.0579703611136577,-1.84525617953215,0.06554329944233,0.70628129238036,-4.0149775114835,100001022,"100001022","Cofactors and Vitamins","Ascorbate and Aldarate Metabolism",4557,"NAMED","JPIJQSOTBSSVTP-UHFFFAOYSA-N","O=C(O)C(O)([H])C([H])(O)CO","threonate","threonate","70753-61-6",133224,"HMDB0062620,HMDB0000943","C01620",1511525460407,NA,NA,NA,27738,27738,27738,305,305,305,146524,146524,146524,"Polar","Polar","Polar",146524,27738,305,"Polar"
-0.156619314954046,0.0327908259460273,-1.81118629971401,0.0706631675033131,0.70628129238036,-4.06161097225322,100020261,"100020261","Partially Characterized Molecules","Partially Characterized Molecules",6707,"NAMED",NA,NA,"glutamine conjugate of C6H10O2 (1)*","glutamine conjugate of C6H10O2 (1)*",NA,NA,NA,NA,NA,NA,NA,NA,63657,63657,63657,209,209,209,223045,223045,223045,"Neg","Neg","Neg",223045,63657,209,"Neg"
0.334185381235523,-0.0306332736440345,1.78069359581342,0.075520200842958,0.70628129238036,-4.10262211888876,100001757,"100001757","Xenobiotics","Food Component/Plant",5284,"NAMED","NODSEPOUFZPJEQ-UHFFFAOYSA-N","CC(C)C1=CC=C(C)C=C1OS(=O)(O)=O","thymol sulfate","thymol sulfate","89-83-8",10709958,"HMDB0062720","C09908",12456386,NA,NA,NA,36095,36095,36095,209,209,209,144225,144225,144225,"Neg","Neg","Neg",144225,36095,209,"Neg"
-0.247056568442113,-0.381744438447122,-1.74985202593336,0.0807073856047129,0.70628129238036,-4.14340431397878,100002122,"100002122","Xenobiotics","Benzoate Metabolism",4672,"NAMED","XDOFWFNMYJRHEW-UHFFFAOYSA-N","O=C(C1=CC=CC(O)=C1)NCC(O)=O","3-hydroxyhippurate","3-hydroxyhippurate","1637-75-8",396603,"HMDB0006116",NA,450268,NA,NA,NA,39600,39600,39600,209,209,209,141918,141918,141918,"Neg","Neg","Neg",141918,39600,209,"Neg"
-0.0793457632338316,-0.0577961040052448,-1.74902406622962,0.080850540872836,0.70628129238036,-4.14448945305012,1090,"1090","Cofactors and Vitamins","Hemoglobin and Porphyrin Metabolism",4612,"NAMED","BPYKTIZUTYGOLE-KDUUSRDASA-N","CC(C(N\1)=O)=C(C=C)C1=C/C2=C(C)C(CCC(O)=O)=C(CC3=C(CCC(O)=O)C(C)=C(/C=C4NC(C(C=C)=C/4C)=O)N3)N2","bilirubin (Z,Z)","bilirubin","635-65-4",4444055,"HMDB0000054","C00486",5280352,NA,NA,NA,43807,43807,43807,402,402,402,159596,159596,159596,"Pos Late","Pos Late","Pos Late",159596,43807,402,"Pos Late"
-0.172470480306534,-0.225131064645757,-1.73878178726526,0.0826385988960265,0.70628129238036,-4.15787128780237,100009329,"100009329","Cofactors and Vitamins","Ascorbate and Aldarate Metabolism",4552,"NAMED","SKKZOYBAANIUOV-ZAFYKAAXSA-N","O[C@@H](CO)[C@@](C1=O)([H])OC(O)=C1OS(O)(=O)=O","ascorbic acid 2-sulfate","ascorbic acid 2-sulfate","52174-99-9",77998,"HMDB0060649",NA,54676864,NA,NA,NA,63590,63590,63590,305,305,305,222872,222872,222872,"Polar","Polar","Polar",222872,63590,305,"Polar"
-0.126119830845731,-0.171627531543175,-1.73428525224528,0.0834336751384263,0.70628129238036,-4.16372165772577,100003169,"100003169","Peptide","Dipeptide",874,"NAMED","UCGDDTHMMVWVMV-UHFFFAOYSA-N","O=C(C(C(CC)C)N)NCC(O)=O","isoleucylglycine","isoleucylglycine","868-28-0",303621,"HMDB0028907",NA,342532,NA,NA,NA,40008,40008,40008,209,209,209,141960,141960,141960,"Neg","Neg","Neg",141960,40008,209,"Neg"
-0.146422247756518,-0.108656184280524,-1.71956158044406,0.0860806822440998,0.70628129238036,-4.1827738211609,100001605,"100001605","Xenobiotics","Benzoate Metabolism",4703,"NAMED","MZPWKJZDOCIALD-UHFFFAOYSA-N","O=S(OC1=C(O)C=CC=C1)(O)=O","catechol sulfate","catechol sulfate","4918-96-1",2341024,"HMDB0059724",NA,3083879,NA,NA,NA,35320,35320,35320,209,209,209,143730,143730,143730,"Neg","Neg","Neg",143730,35320,209,"Neg"
-0.320539685358721,-0.592968564847936,-1.71923890102513,0.086139446370125,0.70628129238036,-4.18318956811184,100001624,"100001624","Xenobiotics","Benzoate Metabolism",4776,"NAMED","QVWAEZJXDYOKEH-UHFFFAOYSA-N","O=C(CCC1=CC(O)=CC=C1)O","3-(3-hydroxyphenyl)propionate","3-(3-hydroxyphenyl)propionate","621-54-5",89,"HMDB0000375","C11457",91,NA,NA,NA,35635,35635,35635,209,209,209,128251,128251,128251,"Neg","Neg","Neg",128251,35635,209,"Neg"
-0.204476444504631,-0.34579092654659,-1.70932354036968,0.0879610597013989,0.70628129238036,-4.19592720286667,100001396,"100001396","Xenobiotics","Xanthine Metabolism",4807,"NAMED","PFWLFWPASULGAN-UHFFFAOYSA-N","OC1=C(N2C)C(N=C2)=NC(O)=N1","7-methylxanthine","7-methylxanthine","552-62-5",61660,"HMDB0001991","C16353",68374,NA,NA,NA,34390,34390,34390,400,400,400,156093,156093,156093,"Pos Early","Pos Early","Pos Early",156093,34390,400,"Pos Early"
-0.0769615808020757,-0.0136279083211709,-1.67890827368199,0.0937438835950284,0.70628129238036,-4.23454618587208,98,"98","Amino Acid","Tryptophan Metabolism",279,"NAMED","HCZHHEIFKROPDY-UHFFFAOYSA-N","OC1=C(C=CC=C2)C2=NC(C(O)=O)=C1","kynurenate","kynurenate","492-27-3",3712,"HMDB0000715","C01717",3845,NA,NA,NA,1417,1417,1417,209,209,209,124553,124553,124553,"Neg","Neg","Neg",124553,1417,209,"Neg"
-0.0792045713086414,-0.0810428993849325,-1.66188895824756,0.0971108466333263,0.70628129238036,-4.25585736587869,338,"338","Xenobiotics","Food Component/Plant",5011,"NAMED","RGHNJXZEOKUKBD-SQOUGZDYSA-N","OC([C@H](O)[C@@H](O)[C@H](O)[C@H](O)CO)=O","gluconate","gluconate","527-07-1",10240,"HMDB0000625","C00257",106903085666,NA,NA,NA,587,587,587,305,305,305,147098,147098,147098,"Polar","Polar","Polar",147098,587,305,"Polar"
0.159087008404375,0.211058971531073,1.66007167275661,0.0974760218218713,0.70628129238036,-4.25812025923747,100000846,"100000846","Xenobiotics","Food Component/Plant",5101,"NAMED","UNXHWFMMPAWVPI-UHFFFAOYSA-N","OCC(O)C(CO)O","erythritol","erythritol","149-32-6",13835932,"HMDB0002994","C00503",222285,NA,NA,NA,20699,20699,20699,305,305,305,146508,146508,146508,"Polar","Polar","Polar",146508,20699,305,"Polar"
-0.231183982904271,-0.376804775441774,-1.65587329470857,0.0983238754746971,0.70628129238036,-4.26333875326818,100020853,"100020853","Xenobiotics","Food Component/Plant",5018,"NAMED","RRWBOGSYNDIRNR-UHFFFAOYSA-N","OC1=CC=C(C(C)=O)C=C1OS(=O)(O)=O","4-acetylcatechol sulfate (1)","4-acetylcatechol sulfate (1)",NA,NA,NA,NA,NA,NA,NA,NA,62798,62798,62798,209,209,209,220413,220413,220413,"Neg","Neg","Neg",220413,62798,209,"Neg"
-0.203789180645539,-0.281083490454179,-1.65420922694467,0.0986615605948424,0.70628129238036,-4.26540354279095,100006262,"100006262","Amino Acid","Tyrosine Metabolism",199,"NAMED","IGTMFIJOUADBDC-UHFFFAOYSA-N","COC1=CC=C(OS(=O)(O)=O)C=C1","4-methoxyphenol sulfate","4-methoxyphenol sulfate","3233-60-1",NA,"HMDB0242192",NA,NA,NA,NA,NA,48457,48457,48457,209,209,209,219302,219302,219302,"Neg","Neg","Neg",219302,48457,209,"Neg"
-0.239498859087245,-0.45468844813252,-1.6533504515422,0.0988361926256129,0.70628129238036,-4.26646831665045,100020259,"100020259","Partially Characterized Molecules","Partially Characterized Molecules",6709,"NAMED",NA,NA,"glutamine conjugate of C7H12O2*","glutamine conjugate of C7H12O2*",NA,NA,NA,NA,NA,NA,NA,NA,63658,63658,63658,209,209,209,223041,223041,223041,"Neg","Neg","Neg",223041,63658,209,"Neg"
-0.14789840755049,0.0102515712499924,-1.648222831103,0.0998840496565004,0.70628129238036,-4.27281455968973,100020416,"100020416","Cofactors and Vitamins","Tocopherol Metabolism",4580,"NAMED","BNVXCCQXUZCRSR-UHFFFAOYSA-N","OC1=CC2=C(C(C)=C1)OC(CCC(O)=O)(C)CC2","delta-CEHC","delta-CEHC","84599-16-6",9710906,"HMDB0242106",NA,35027084,NA,NA,NA,62287,62287,62287,209,209,209,219260,219260,219260,"Neg","Neg","Neg",219260,62287,209,"Neg"
0.27925365566575,-0.104525562335074,1.64136525758904,0.101299296760613,0.70628129238036,-4.28127146451893,100020493,"100020493","Xenobiotics","Food Component/Plant",5217,"NAMED",NA,NA,"glucuronide of piperine metabolite C17H21NO3 (5)*","glucuronide of piperine metabolite C17H21NO3 (5)*",NA,NA,NA,NA,NA,NA,NA,NA,62292,62292,62292,209,209,209,219265,219265,219265,"Neg","Neg","Neg",219265,62292,209,"Neg"
-0.10468846039758,-0.0409386048580847,-1.63633921261583,0.102346693160604,0.70628129238036,-4.28744757351345,100001950,"100001950","Cofactors and Vitamins","Hemoglobin and Porphyrin Metabolism",4613,"NAMED","BPYKTIZUTYGOLE-VVCLLGATSA-N","CC(C(N/1)=O)=C(C=C)C1=C/C2=C(C)C(CCC(O)=O)=C(CC3=C(CCC(O)=O)C(C)=C(/C=C4NC(C(C=C)=C\4C)=O)N3)N2","bilirubin (E,E)*","bilirubin (E,E)*",NA,4474753,"HMDB0240584",NA,129320511,NA,NA,NA,32586,32586,32586,402,402,402,158528,158528,158528,"Pos Late","Pos Late","Pos Late",158528,32586,402,"Pos Late"
0.149777249870927,0.0280060755996784,1.63429139347692,0.102775915792361,0.70628129238036,-4.28995861195701,100001104,"100001104","Amino Acid","Tyrosine Metabolism",169,"NAMED","CAHKINHBCWCHCF-JTQLQIEISA-N","OC1=CC=C(C[C@@H](C(O)=O)NC(C)=O)C=C1","N-acetyltyrosine","N-acetyltyrosine","537-55-3",61606,"HMDB0000866",NA,68310,NA,NA,NA,32390,32390,32390,209,209,209,125802,125802,125802,"Neg","Neg","Neg",125802,32390,209,"Neg"
0.176746455045946,0.249624529913186,1.6221498750695,0.105350343885594,0.70628129238036,-4.30478274920974,100020515,"100020515","Xenobiotics","Chemical",6390,"NAMED","HXEZIDSFDHEIIQ-UHFFFAOYSA-N","O=S(OC1=CC=C(C=CC=C2)C2=C1)(O)=O","2-naphthol sulfate","2-naphthol sulfate",NA,67020,"HMDB0242152",NA,74428,NA,NA,NA,62520,62520,62520,209,209,209,219835,219835,219835,"Neg","Neg","Neg",219835,62520,209,"Neg"
-0.0826422704742776,-0.116327862324373,-1.61824216991917,0.106189744123361,0.70628129238036,-4.30953061443492,100001951,"100001951","Cofactors and Vitamins","Hemoglobin and Porphyrin Metabolism",4614,"NAMED","BPYKTIZUTYGOLE-BMNRKXRESA-N","CC(C(N/1)=O)=C(C=C)C1=C/C2=C(C)C(CCC(O)=O)=C(CC3=C(CCC(O)=O)C(C)=C(/C=C4NC(C(C=C)=C/4C)=O)N3)N2","bilirubin (E,Z or Z,E)*","bilirubin (E,Z or Z,E)*",NA,4705847,"HMDB0000488","C00486",5799469,NA,NA,NA,47886,47886,47886,402,402,402,160233,160233,160233,"Pos Late","Pos Late","Pos Late",160233,47886,402,"Pos Late"
-0.235817650322868,-0.491170643258114,-1.61393555588413,0.107120983025567,0.70628129238036,-4.31475004822723,100001743,"100001743","Amino Acid","Tryptophan Metabolism",271,"NAMED","AOHCBEAZXHZMOR-ZDUSSCGKSA-N","O=C([O-])[C@@H]([N@+](C)(C)C)CC1=CNC2=C1C=CC=C2","tryptophan betaine","tryptophan betaine","20671-76-5",390633,"HMDB0061115","C09213",442106,NA,NA,NA,37097,37097,37097,400,400,400,156317,156317,156317,"Pos Early","Pos Early","Pos Early",156317,37097,400,"Pos Early"
-0.0654528521981543,-0.0723073015852239,-1.60604180081245,0.108844719716151,0.70628129238036,-4.32428126099093,100000580,"100000580","Carbohydrate","Glycolysis, Gluconeogenesis, and Pyruvate Metabolism",1259,"NAMED","MPCAJMNYNOGXPB-SLPGGIOYSA-N","O[C@@H]1[C@@H](CO)OC[C@H](O)[C@H]1O","1,5-anhydroglucitol (1,5-AG)","1,5-anhydroglucitol (1,5-AG)","154-58-5",NA,"HMDB0002712","C07326",64960,NA,NA,NA,20675,20675,20675,209,209,209,123293,123293,123293,"Neg","Neg","Neg",123293,20675,209,"Neg"
0.199420434530251,-0.100761432791063,1.58485632651278,0.113579801730778,0.709695318016072,-4.34963306813432,100020578,"100020578","Xenobiotics","Benzoate Metabolism",4711,"NAMED","USWXDXYEVISELK-UHFFFAOYSA-N","OS(OC1=CC=C(CC=C)C=C1O)(=O)=O","4-allylcatechol sulfate","4-allylcatechol sulfate",NA,NA,"HMDB0304934",NA,NA,NA,NA,NA,63597,63597,63597,209,209,209,222898,222898,222898,"Neg","Neg","Neg",222898,63597,209,"Neg"
-0.123267267277126,-0.201005272355715,-1.57130041911623,0.116694009844925,0.709695318016072,-4.36568028234054,100001293,"100001293","Amino Acid","Histidine Metabolism",76,"NAMED","KBOJOGQFRVVWBH-ZETCQYMHSA-N","OC([C@@H](NC(C)=O)CC1=CNC=N1)=O","N-acetylhistidine","N-acetylhistidine","39145-52-3",68142,"HMDB0032055","C02997",75619,NA,NA,NA,33946,33946,33946,400,305,209,156044,147200,126105,"Pos Early","Polar","Neg",156044,33946,400,"Pos Early"
-0.156250299757634,0.0838193415745002,-1.54502671960254,0.122921018178306,0.709695318016072,-4.39639443551602,100001635,"100001635","Xenobiotics","Chemical",6369,"NAMED","WQXNXVUDBPYKBA-YFKPBYRVSA-N","O=[C@](O)[C@H]1N=C(C)NCC1","ectoine","ectoine","96702-03-3",112069,"HMDB0240650","C06231",126041,NA,NA,NA,35651,35651,35651,400,400,400,156211,156211,156211,"Pos Early","Pos Early","Pos Early",156211,35651,400,"Pos Early"
-0.177766939351469,-0.0222493392242567,-1.53821432125567,0.124577353678436,0.709695318016072,-4.40427455458242,100020262,"100020262","Partially Characterized Molecules","Partially Characterized Molecules",6708,"NAMED",NA,NA,"glutamine conjugate of C6H10O2 (2)*","glutamine conjugate of C6H10O2 (2)*",NA,NA,NA,NA,NA,NA,NA,NA,63660,63660,63660,209,209,209,223046,223046,223046,"Neg","Neg","Neg",223046,63660,209,"Neg"
-0.142155778189744,-0.158666663544751,-1.51745271039859,0.129733024088441,0.709695318016072,-4.42807769175501,100021709,"100021709","Partially Characterized Molecules","Partially Characterized Molecules",6741,"NAMED","FQSFPMAZIOPKLO-JXMROGBWSA-N","OC(/C=C/CCCC(C)CCCC)=O","branched-chain, straight-chain, or cyclopropyl 12:1 fatty acid*","branched-chain, straight-chain, or cyclopropyl 12:1 fatty acid*",NA,NA,NA,NA,NA,NA,NA,NA,63683,63683,63683,209,209,209,223108,223108,223108,"Neg","Neg","Neg",223108,63683,209,"Neg"
-0.0919612678903605,-0.140936587721643,-1.51520319411311,0.130301471340444,0.709695318016072,-4.43063754006692,207,"207","Nucleotide","Purine Metabolism, Adenine containing",4345,"NAMED","IVOMOUWHDPKRLL-UHFFFAOYSA-N","NC1=NC=NC2=C1N=CN2C3OC(CO4)C(OP4(O)=O)C3O","adenosine 3',5'-cyclic monophosphate (cAMP)","adenosine 3',5'-cyclic monophosphate (cAMP)","60-92-4",268,"HMDB0000058","C00575",6076,NA,NA,NA,2831,2831,2831,209,209,209,123233,123233,123233,"Neg","Neg","Neg",123233,2831,209,"Neg"
0.0776058118449989,0.023119867191353,1.51112243504086,0.131337613856929,0.709695318016072,-4.43527166851695,100005466,"100005466","Amino Acid","Methionine, Cysteine, SAM and Taurine Metabolism",481,"NAMED","CXJAAWRLVGAKDV-UHFFFAOYSA-N","O=S(CCNC(C)=O)(O)=O","N-acetyltaurine","N-acetyltaurine",NA,140553,"HMDB0240253",NA,159864,NA,NA,NA,48187,48187,48187,209,305,209,153116,154613,153116,"Neg","Polar","Neg",154613,48187,305,"Polar"
-0.176451495379112,-0.413034912357276,-1.50516641545739,0.132861385090708,0.709695318016072,-4.44201315286805,100001398,"100001398","Xenobiotics","Xanthine Metabolism",4803,"NAMED","HMLZLHKHNBLLJD-UHFFFAOYSA-N","CN1C(NC(C(N2C)=C1NC2=O)=O)=O","3,7-dimethylurate","3,7-dimethylurate","13087-49-5",74994,"HMDB0001982","C16360",83126,NA,NA,NA,34399,34399,34399,209,209,209,126922,126922,126922,"Neg","Neg","Neg",126922,34399,209,"Neg"
-0.111554918178505,-0.114354031995554,-1.50224922528686,0.133612701108823,0.709695318016072,-4.44530544175279,796,"796","Amino Acid","Methionine, Cysteine, SAM and Taurine Metabolism",462,"NAMED","TYEYBOSBBBHJIV-UHFFFAOYSA-N","OC(C(CC)=O)=O","alpha-ketobutyrate","alpha-ketobutyrate","600-18-0",2829426,"HMDB0000005","C00109",58,NA,NA,NA,4968,4968,4968,305,209,305,152126,128149,152126,"Polar","Neg","Polar",152126,4968,305,"Polar"
0.093008378980606,-0.0865566002577736,1.48829068402532,0.137253397450825,0.709695318016072,-4.46097130826733,235,"235","Amino Acid","Phenylalanine Metabolism",162,"NAMED","CCVYRRGZDBSHFU-UHFFFAOYSA-N","OC(CC1=C(O)C=CC=C1)=O","2-hydroxyphenylacetate","2-hydroxyphenylacetate","614-75-5",11476,"HMDB0000669","C05852",11970,NA,NA,NA,1432,1432,1432,305,305,305,145724,145724,145724,"Polar","Polar","Polar",145724,1432,305,"Polar"
-0.26572175057991,-0.22558436854643,-1.48795461588578,0.13734198798201,0.709695318016072,-4.46134669769736,100020822,"100020822","Xenobiotics","Food Component/Plant",5040,"NAMED","WEPNMLSXEATIJK-UHFFFAOYSA-N","OC1=CC(CCC(O)=O)=CC=C1OS(O)(=O)=O","dihydrocaffeate sulfate (2)","dihydrocaffeate sulfate (2)",NA,NA,NA,NA,NA,NA,NA,NA,62524,62524,62524,305,305,305,219858,219858,219858,"Polar","Polar","Polar",219858,62524,305,"Polar"
-0.11654027459542,0.0617050550677655,-1.47622918460547,0.140460682673035,0.709695318016072,-4.4743915047171,100020254,"100020254","Partially Characterized Molecules","Partially Characterized Molecules",6726,"NAMED",NA,NA,"glycine conjugate of C10H14O2 (1)*","glycine conjugate of C10H14O2 (1)*",NA,NA,NA,NA,NA,NA,NA,NA,62146,62146,62146,209,209,209,219038,219038,219038,"Neg","Neg","Neg",219038,62146,209,"Neg"
-0.0736557158356193,-0.049887782530694,-1.47402572063019,0.141052802549858,0.709695318016072,-4.47683150375136,100021372,"100021372","Amino Acid","Methionine, Cysteine, SAM and Taurine Metabolism",457,"NAMED","ONFOSYPQQXJWGS-UHFFFAOYSA-N","CSCCC(O)C(O)=O","2-hydroxy-4-(methylthio)butanoic acid","2-hydroxy-4-(methylthio)butanoic acid","583-91-5",NA,"HMDB0037115",NA,11427,NA,NA,NA,63739,63739,63739,305,305,305,223275,223275,223275,"Polar","Polar","Polar",223275,63739,305,"Polar"
-0.137764199276609,-0.252535814945396,-1.46537030688065,0.143397341653932,0.709695318016072,-4.48638112027861,100001767,"100001767","Xenobiotics","Food Component/Plant",5324,"NAMED","VTYFITADLSVOAS-UHFFFAOYSA-N","NC(C(O)=O)CCCCN1C(C=O)=CC=C1CO","pyrraline","pyrraline","74509-14-1",19980286,"HMDB0033143","C21013",14274616,NA,NA,NA,48428,48428,48428,209,209,400,155071,155071,157775,"Neg","Neg","Pos Early",157775,48428,400,"Pos Early"
0.155969720483371,-0.247419447979066,1.45472079422566,0.146323029680426,0.712105411111409,-4.49805443421964,100022479,"100022479","Amino Acid","Lactoyl Amino Acid",643,"NAMED",NA,"OC([C@@H](NC([C@H](C)O)=O)[C@H](CC)C)=O","N-lactoyl isoleucine","N-lactoyl isoleucine","210769-85-0",NA,NA,NA,NA,NA,NA,NA,64879,64879,64879,209,209,209,240090,240090,240090,"Neg","Neg","Neg",240090,64879,209,"Neg"
-0.196169362834776,-0.362746161195611,-1.43596548021717,0.151586644432693,0.714763125465917,-4.51840777175361,100020502,"100020502","Xenobiotics","Food Component/Plant",5230,"NAMED",NA,NA,"sulfate of piperine metabolite C18H21NO3 (1)*","sulfate of piperine metabolite C18H21NO3 (1)*",NA,NA,NA,NA,NA,NA,NA,NA,62297,62297,62297,209,209,209,219276,219276,219276,"Neg","Neg","Neg",219276,62297,209,"Neg"
-0.189214646282339,-0.35080297038855,-1.43533954303836,0.151764773215366,0.714763125465917,-4.51908252998242,100000276,"100000276","Carbohydrate","Glycogen Metabolism",1336,"NAMED","FYGDTMLNYKFZSV-DZOUCCHMSA-N","O[C@H]1[C@H](O)[C@@H](CO)O[C@H](O[C@@H]2[C@@H](CO)O[C@H](O[C@@H]3[C@@H](CO)OC(O)[C@H](O)[C@H]3O)[C@H](O)[C@H]2O)[C@@H]1O","maltotriose","maltotriose","1109-28-0",388669,"HMDB0001262","C01835",439586,NA,NA,NA,44688,44688,44688,209,209,305,126149,126149,147873,"Neg","Neg","Polar",147873,44688,305,"Polar"
-0.0970541892051669,0.0931735809474414,-1.41734688209319,0.156953719867543,0.724705596881806,-4.53835395759057,100002927,"100002927","Amino Acid","Methionine, Cysteine, SAM and Taurine Metabolism",466,"NAMED","ZZLHPCSGGOGHFW-UHFFFAOYSA-N","NC(CS(C)=O)C(O)=O","S-methylcysteine sulfoxide","S-methylcysteine sulfoxide","6853-87-8",74136,"HMDB0029432",NA,82142,NA,NA,NA,43378,43378,43378,400,400,400,211502,211502,211502,"Pos Early","Pos Early","Pos Early",211502,43378,400,"Pos Early"
-0.200369300929422,-0.596865555639227,-1.40596343382674,0.160305602687998,0.724705596881806,-4.55042204100688,100004112,"100004112","Xenobiotics","Benzoate Metabolism",4707,"NAMED","HFDKYCXWNHNKAF-UHFFFAOYSA-N","OC1=C(C)C=CC=C1OS(O)(=O)=O","3-methyl catechol sulfate (1)","3-methyl catechol sulfate (1)",NA,NA,"HMDB0240663,HMDB0240662",NA,118431379,NA,NA,NA,46165,46165,46165,209,209,209,144278,144278,144278,"Neg","Neg","Neg",144278,46165,209,"Neg"
0.0846021567420696,0.0518571015432481,1.38635912099001,0.16620490798603,0.724705596881806,-4.5709793445848,100001468,"100001468","Cofactors and Vitamins","Nicotinate and Nicotinamide Metabolism",4527,"NAMED","JLQSXXWTCJPCBC-UHFFFAOYSA-N","O=C(C1=C([H])N(C(C([H])=C1[H])=O)C([H])([H])[H])N([H])[H]","N1-methyl-2-pyridone-5-carboxamide","N1-methyl-2-pyridone-5-carboxamide","701-44-0",62899,"HMDB0004193","C05842",69698,NA,NA,NA,40469,40469,40469,400,209,209,156740,143005,143005,"Pos Early","Neg","Neg",156740,40469,400,"Pos Early"
-0.122730740157419,-0.00989646116519323,-1.38329343529393,0.167142046397815,0.724705596881806,-4.57416818821076,100003415,"100003415","Amino Acid","Lysine Metabolism",117,"NAMED","PQNASZJZHFPQLE-LURJTMIESA-N","O=C([C@H](CCCCNC)N)O","N6-methyllysine","N6-methyllysine","1188-07-4",144469,"HMDB0002038","C02728",164795,NA,NA,NA,62860,62860,62860,400,400,400,220638,220638,220638,"Pos Early","Pos Early","Pos Early",220638,62860,400,"Pos Early"
0.137345788927042,0.0742004568596107,1.37409588966141,0.169977500948558,0.724705596881806,-4.5836932354051,100001121,"100001121","Cofactors and Vitamins","Vitamin B6 Metabolism",4655,"NAMED","HXACOUQIXZGNBF-UHFFFAOYSA-N","OC1=C(C(O)=O)C(CO)=CN=C1C","pyridoxate","pyridoxate","82-82-6",6467,"HMDB0000017","C00847",6723,NA,NA,NA,31555,31555,31555,209,209,209,124697,124697,124697,"Neg","Neg","Neg",124697,31555,209,"Neg"
-0.0845157644159325,0.00423871846171588,-1.36860932590306,0.171686050336605,0.724705596881806,-4.58934516446432,100010896,"100010896","Nucleotide","Pyrimidine Metabolism, Uracil containing",4426,"NAMED","SXUXMRMBWZCMEN-ZOQUXTDFSA-N","CO[C@@H]1[C@@H]([C@H](O[C@H]1N2C=CC(NC2=O)=O)CO)O","2'-O-methyluridine","2'-O-methyluridine","2140-76-3",92343,"HMDB0240328",NA,102212,NA,NA,NA,57655,57655,57655,209,209,209,212709,212709,212709,"Neg","Neg","Neg",212709,57655,209,"Neg"
-0.0551708959468162,-0.0528696227050032,-1.36148619963413,0.173923423540753,0.724705596881806,-4.59664953400194,100021329,"100021329","Xenobiotics","Food Component/Plant",5417,"NAMED","BOWUOGIPSRVRSJ-RXMQYKEDSA-N","O=C1NCCCC[C@H]1N","(S)-a-amino-omega-caprolactam","(S)-a-amino-omega-caprolactam","21568-87-6",388871,NA,"C02837",439823440599,NA,NA,NA,63339,63339,63339,400,400,400,222374,222374,222374,"Pos Early","Pos Early","Pos Early",222374,63339,400,"Pos Early"
-0.0727588863923999,-0.0530855472042106,-1.34477429924375,0.179258251085982,0.724705596881806,-4.61363829748141,100003271,"100003271","Amino Acid","Glutamate Metabolism",58,"NAMED","GAQNUGISBQJMKO-UHFFFAOYSA-N","OC(CC(C(NC(CCC(O)=O)C(O)=O)=O)(CC(O)=O)O)=O","beta-citrylglutamate","beta-citrylglutamate","73590-26-8",19992713,"HMDB0013220","C20775",189741,NA,NA,NA,54923,54923,54923,209,209,209,208316,208316,208316,"Neg","Neg","Neg",208316,54923,209,"Neg"
-0.0648326046835502,0.0112374584192065,-1.34340487134955,0.179700754528024,0.724705596881806,-4.61502118856674,100001006,"100001006","Amino Acid","Glycine, Serine and Threonine Metabolism",2,"NAMED","OKJIRPAQVSHGFK-UHFFFAOYSA-N","O=C(O)C(NC(C)=O)[H]","N-acetylglycine","N-acetylglycine","543-24-8",10507,"HMDB0000532",NA,10972,NA,NA,NA,27710,27710,27710,400,400,400,155837,155837,155837,"Pos Early","Pos Early","Pos Early",155837,27710,400,"Pos Early"
-0.118228816637557,-0.212771338603487,-1.33484922428259,0.182483788921904,0.724705596881806,-4.62362931086269,100000840,"100000840","Xenobiotics","Food Component/Plant",5413,"NAMED","ROBFUDYVXSDBQM-UHFFFAOYSA-N","O=C(C(O)C(O)=O)O","tartronate (hydroxymalonate)","tartronate (hydroxymalonate)","80-69-3",44,"HMDB0035227","C02287",45,NA,NA,NA,20693,20693,20693,209,209,209,143841,143841,143841,"Neg","Neg","Neg",143841,20693,209,"Neg"
0.131277719370627,-0.0299248162052696,1.33211511037889,0.183379881041634,0.724705596881806,-4.62636869279198,100001731,"100001731","Amino Acid","Tryptophan Metabolism",314,"NAMED","DVJIJAYHBZALOJ-UHFFFAOYSA-N","O=C(NC(CCC(N)=O)C(O)=O)CC1=CNC2=C1C=CC=C2","indoleacetylglutamine","indoleacetylglutamine",NA,NA,"HMDB0013240",NA,25200879,NA,NA,NA,42087,42087,42087,209,209,209,143935,143935,143935,"Neg","Neg","Neg",143935,42087,209,"Neg"
0.0921915096969149,-0.115516244415623,1.32664386402604,0.18518286384543,0.724705596881806,-4.63183375171605,100006129,"100006129","Amino Acid","Tyrosine Metabolism",207,"NAMED","SVYIZYRTOYHQRE-UHFFFAOYSA-N","OC1=C(OC)C=C(CC(C(O)=O)O)C=C1","vanillactate","vanillactate","2475-56-1",141152,"HMDB0000913",NA,160637,NA,NA,NA,54910,54910,54910,209,209,209,208290,208290,208290,"Neg","Neg","Neg",208290,54910,209,"Neg"
-0.0863431919614448,-0.188624319238839,-1.29576304533062,0.195606374904253,0.724705596881806,-4.66226122524878,100004646,"100004646","Peptide","Dipeptide",753,"NAMED","WSLYCILIEOFQPK-UHFFFAOYSA-N","CC1NC(C2CCCN2C1=O)=O","cyclo(ala-pro)","cyclo(ala-pro)",NA,4934364,"HMDB0303321",NA,13879951,NA,NA,NA,47098,47098,47098,400,400,400,157353,157353,157353,"Pos Early","Pos Early","Pos Early",157353,47098,400,"Pos Early"
-0.159882812468558,-0.358800192628124,-1.29498166954515,0.195875603895073,0.724705596881806,-4.66302190658699,100001437,"100001437","Amino Acid","Glutathione Metabolism",583,"NAMED","BNRXZEPOHPEEAS-UHFFFAOYSA-N","NC(C(O)=O)CCC(NC(CSSCC(N)C(O)=O)C(NCC(O)=O)=O)=O","cysteine-glutathione disulfide","cysteine-glutathione disulfide","13081-14-6",3455404,"HMDB0000656","R00900",3080690,NA,NA,NA,35159,35159,35159,400,400,400,161190,161190,161190,"Pos Early","Pos Early","Pos Early",161190,35159,400,"Pos Early"
-0.088303487951935,-0.106670650686998,-1.28790916727649,0.198324885342385,0.724705596881806,-4.66988638286223,100004523,"100004523","Amino Acid","Urea cycle; Arginine and Proline Metabolism",517,"NAMED","SRXKAYJJGAAOBP-UHFFFAOYSA-N","CC(NCCCC(N)C(O)=O)=O","N-delta-acetylornithine","N-delta-acetylornithine",NA,8096135,"HMDB0242109","C00437",9920500,NA,NA,NA,43249,43249,43249,209,209,400,124707,124707,156986,"Neg","Neg","Pos Early",156986,43249,400,"Pos Early"
-0.139870293164553,-0.281388615497055,-1.27865165371542,0.201564697796476,0.724705596881806,-4.67881522271045,100010869,"100010869","Amino Acid","Leucine, Isoleucine and Valine Metabolism",436,"NAMED","AOWPAWLEXIYETE-UHFFFAOYSA-N","OC(C)(C(O)=O)C(C)O","2,3-dihydroxy-2-methylbutyrate","2,3-dihydroxy-2-methylbutyrate","14868-24-7",266858,"HMDB0029576",NA,301941,NA,NA,NA,57547,57547,57547,305,209,209,211434,212076,212076,"Polar","Neg","Neg",212076,57547,209,"Neg"
-0.121748781800715,-0.387987723401911,-1.27641874651357,0.20235189992078,0.724705596881806,-4.68095928442868,100020360,"100020360","Amino Acid","Tryptophan Metabolism",286,"NAMED","BXZSKDOPGDPDEG-UHFFFAOYSA-N","OC1=CC(C(O)=O)=NC(C1=CC=C2)=C2OC","8-methoxykynurenate","8-methoxykynurenate","2929-14-8",68710,"HMDB0060426","C05830",76230,NA,NA,NA,62955,62955,62955,209,209,209,220839,220839,220839,"Neg","Neg","Neg",220839,62955,209,"Neg"
0.222635013467807,-0.622898418841176,1.26630061226462,0.205947167874622,0.724705596881806,-4.69062820967556,100001806,"100001806","Xenobiotics","Benzoate Metabolism",4764,"NAMED","CYGSXDXRHXMAOV-UHFFFAOYSA-N","O=S(OC1=CC=CC=C1C)(O)=O","o-cresol sulfate","o-cresol sulfate",NA,9790277,"HMDB0240655",NA,11615528,NA,NA,NA,36845,36845,36845,209,209,209,143732,143732,143732,"Neg","Neg","Neg",143732,36845,209,"Neg"
0.231513521357625,-0.1247972067956,1.26399831420638,0.206771700856689,0.724705596881806,-4.69281762610273,100006171,"100006171","Xenobiotics","Food Component/Plant",5329,"NAMED","XWAZTQUZONPJEW-UHFFFAOYSA-N","COC1=CC(CC=C)=CC=C1OS(=O)(O)=O","eugenol sulfate","eugenol sulfate","95480-60-7",157181,NA,NA,180632,NA,NA,NA,48715,48715,48715,209,209,209,155107,155107,155107,"Neg","Neg","Neg",155107,48715,209,"Neg"
-0.0469403579456739,-0.0144331932282419,-1.26326547146206,0.207034660823747,0.724705596881806,-4.69351370772932,100004046,"100004046","Amino Acid","Histidine Metabolism",89,"NAMED","BKAYIFDRRZZKNF-VIFPVBQESA-N","OC([C@H](CC1=CN=CN1)NC(CCNC(C)=O)=O)=O","N-acetylcarnosine","N-acetylcarnosine","56353-15-2",8079136,"HMDB0012881",NA,9903482,NA,NA,NA,43488,43488,43488,209,400,209,144001,157016,144001,"Neg","Pos Early","Neg",157016,43488,400,"Pos Early"
0.0930730957886673,-0.0666676444215184,1.26314212053209,0.207078945747869,0.724705596881806,-4.69363083168284,100006361,"100006361","Amino Acid","Tyrosine Metabolism",230,"NAMED","NZKRYJGNYPYXJZ-UHFFFAOYSA-N","NCCC1=CC(OS(=O)(O)=O)=C(O)C=C1","dopamine 3-O-sulfate","dopamine 3-O-sulfate",NA,108936,"HMDB0006275","C13690",122136,NA,NA,NA,48407,48407,48407,209,209,209,155061,155061,155061,"Neg","Neg","Neg",155061,48407,209,"Neg"
0.0642244041884509,0.0715422326401194,1.24447494657814,0.213860438215877,0.724705596881806,-4.71122476958347,100008998,"100008998","Cofactors and Vitamins","Tocopherol Metabolism",4586,"NAMED","QUEDXNHFTDJVIY-DQCZWYHMSA-N","CC1=C(C(CC2)=CC(O)=C1C)O[C@@]2(CCC[C@@H](CCC[C@@H](CCCC(C)C)C)C)C","gamma-tocopherol/beta-tocopherol","gamma-tocopherol/beta-tocopherol",NA,NA,"HMDB0006335,HMDB0001492","C14152,C02483",NA,NA,NA,NA,52473,52473,52473,402,402,402,165151,165151,165151,"Pos Late","Pos Late","Pos Late",165151,52473,402,"Pos Late"
-0.0514587129304811,-0.101495410205986,-1.23822070676827,0.216168048821027,0.724705596881806,-4.71706126587542,100000774,"100000774","Amino Acid","Phenylalanine Metabolism",157,"NAMED","VOXXWSYKYCBWHO-UHFFFAOYSA-N","OC(C(O)=O)CC1=CC=CC=C1","phenyllactate (PLA)","phenyllactate (PLA)","828-01-3",3715,"HMDB0000779,HMDB0000563","C05607",3848,NA,NA,NA,22130,22130,22130,209,209,209,124681,124681,124681,"Neg","Neg","Neg",124681,22130,209,"Neg"
-0.117583158912832,-0.209665053170999,-1.23496253569112,0.217377304949257,0.724705596881806,-4.7200902436408,50,"50","Amino Acid","Polyamine Metabolism",555,"NAMED","ATHGHQPFGPMSJY-UHFFFAOYSA-N","NCCCCNCCCN","spermidine","spermidine","124-20-9",1071,"HMDB0001257","C00315",1102,NA,NA,NA,485,485,485,400,400,400,155305,155305,155305,"Pos Early","Pos Early","Pos Early",155305,485,400,"Pos Early"
-0.0687246303275943,-0.155890097009022,-1.23256548981192,0.218270067711724,0.724705596881806,-4.72231361128584,100010955,"100010955","Xenobiotics","Chemical",6405,"NAMED","YFSUTJLHUFNCNZ-UHFFFAOYSA-N","O=S(C(F)(F)C(F)(F)C(F)(F)C(F)(F)C(F)(F)C(F)(F)C(F)(F)C(F)(F)F)(O)=O","perfluorooctanesulfonate (PFOS)","perfluorooctanesulfonate (PFOS)","1763-23-1",67068,NA,"C18142",74483,NA,NA,NA,57564,57564,57564,305,305,209,211466,211466,212104,"Polar","Polar","Neg",212104,57564,209,"Neg"
0.0916746594744253,-0.0793968027511867,1.23220535200329,0.218404426457531,0.724705596881806,-4.72264728460573,100021331,"100021331","Partially Characterized Molecules","Partially Characterized Molecules",6730,"NAMED","IJIWKJRHDDIJKI-MVCMDAJNSA-N","CC1(C)C(OS(O)(=O)=O)CCC2(C)C1CC[C@]3(C)[C@H]2CC[C@@H]3C4(C)OC(CC4)=O","metabolonic lactone sulfate","metabolonic lactone sulfate",NA,NA,NA,NA,NA,NA,NA,NA,63153,63153,63153,209,209,209,221892,221892,221892,"Neg","Neg","Neg",221892,63153,209,"Neg"
-0.0554331842700901,-0.112339279554135,-1.18767443643161,0.235479742976321,0.77258522414703,-4.7631594597722,1102,"1102","Peptide","Gamma-glutamyl Amino Acid",665,"NAMED","VVLXCWVSSLFQDS-QWRGUYRKSA-N","OC(C=C1)=CC=C1C[C@@H](C(O)=O)NC(CC[C@@H](C(O)=O)N)=O","gamma-glutamyltyrosine","gamma-glutamyltyrosine","7432-23-7",85142,"HMDB0011741",NA,94340,NA,NA,NA,2734,2734,2734,209,209,400,123231,123231,155471,"Neg","Neg","Pos Early",155471,2734,400,"Pos Early"
-0.162550873297435,-0.238194562062454,-1.16745174988817,0.243539174989872,0.77290960214583,-4.78106800499536,100020546,"100020546","Amino Acid","Lysine Metabolism",112,"NAMED","MKWKYAGEJHBUOX-QMMMGPOBSA-N","OC([C@@H](NC(C)=O)CCCCNC)=O","N2-acetyl,N6-methyllysine","N2-acetyl,N6-methyllysine",NA,NA,"HMDB0242186",NA,NA,NA,NA,NA,62954,62954,62954,400,400,400,220835,220835,220835,"Pos Early","Pos Early","Pos Early",220835,62954,400,"Pos Early"
-0.0532389504740365,0.068192000947445,-1.16686162650756,0.243777242592942,0.77290960214583,-4.78158600955646,100015966,"100015966","Cofactors and Vitamins","Vitamin A Metabolism",4635,"NAMED","JKQXZKUSFCKOGQ-DKLMTRRASA-N","CC1=C(/C=C/C(C)=C/C=C/C(C)=C/C=C/C=C(C)/C=C/C=C(C)/C=C/C2=C(C)CC(O)CC2(C)C)C(C)(C)CC(O)C1","carotene diol (1)","carotene diol (1)",NA,NA,NA,NA,NA,NA,NA,NA,57635,57635,57635,402,402,402,212257,212257,212257,"Pos Late","Pos Late","Pos Late",212257,57635,402,"Pos Late"
-0.097342381318398,-0.139523052502976,-1.16565929588706,0.244262793987514,0.77290960214583,-4.78264059830929,100020371,"100020371","Amino Acid","Alanine and Aspartate Metabolism",33,"NAMED","QCYOIFVBYZNUNW-BYPYZUCNSA-N","C[C@@](C(O)=O)(N(C)C)[H]","N,N-dimethylalanine","N,N-dimethylalanine","2812-31-9",4589713,NA,NA,5488191,NA,NA,NA,63151,63151,63151,400,400,400,221884,221884,221884,"Pos Early","Pos Early","Pos Early",221884,63151,400,"Pos Early"
-0.0682409307710584,-0.00823754327565508,-1.16096167873178,0.246166414382062,0.77290960214583,-4.78675061661943,182,"182","Cofactors and Vitamins","Nicotinate and Nicotinamide Metabolism",4503,"NAMED","GJAWHXHKYYXBSV-UHFFFAOYSA-N","OC(C(C=CC=N1)=C1C(O)=O)=O","quinolinate","quinolinate","89-00-9",1037,"HMDB0000232","C03722",1066,NA,NA,NA,1899,1899,1899,400,305,400,155456,146452,155456,"Pos Early","Polar","Pos Early",155456,1899,400,"Pos Early"
-0.119861410491892,-0.232187410625089,-1.15035680705202,0.250502113213205,0.778155500619743,-4.79596833219537,100020504,"100020504","Xenobiotics","Food Component/Plant",5232,"NAMED",NA,NA,"sulfate of piperine metabolite C18H21NO3 (3)*","sulfate of piperine metabolite C18H21NO3 (3)*",NA,NA,NA,NA,NA,NA,NA,NA,62299,62299,62299,209,209,209,219278,219278,219278,"Neg","Neg","Neg",219278,62299,209,"Neg"
-0.0543090366731471,-0.0168849014246785,-1.14234403789949,0.253813321312993,0.780141998140988,-4.80287724011116,100001167,"100001167","Amino Acid","Urea cycle; Arginine and Proline Metabolism",524,"NAMED","ONPXCLZMBSJLSP-ALKRTJFJSA-N","OC([C@H]1N(C([C@H]2NCCC2)=O)CC(O)C1)=O","pro-hydroxy-pro","prolylhydroxyproline","18684-24-7",9847785,"HMDB0006695",NA,11902893,NA,NA,NA,35127,35127,35127,400,400,400,156146,156146,156146,"Pos Early","Pos Early","Pos Early",156146,35127,400,"Pos Early"
0.259720681209147,0.27301068333259,1.13497999820099,0.25688328063265,0.78135331192431,-4.80918445721697,100006116,"100006116","Xenobiotics","Benzoate Metabolism",4749,"NAMED",NA,"O=C(OC)C1=CC=C(OS(=O)(O)=O)C=C1","methyl-4-hydroxybenzoate sulfate","methyl-4-hydroxybenzoate sulfate",NA,NA,"HMDB0168668",NA,NA,NA,NA,NA,48429,48429,48429,209,209,209,155073,155073,155073,"Neg","Neg","Neg",155073,48429,209,"Neg"
-0.0512035355526243,0.0502976328315069,-1.12655970935638,0.260425135586119,0.783960201970586,-4.81634664688227,35,"35","Amino Acid","Glutamate Metabolism",64,"NAMED","DWAKNKKXGALPNW-UHFFFAOYSA-N","OC(C1CCC=N1)=O","S-1-pyrroline-5-carboxylate","S-1-pyrroline-5-carboxylate","2906-39-0",10140206,"HMDB0001301","C04322",11966181,NA,NA,NA,42370,42370,42370,400,400,400,166164,166164,166164,"Pos Early","Pos Early","Pos Early",166164,42370,400,"Pos Early"
0.114922754613865,-0.210230073208862,1.111523310182,0.26683391458252,0.790980890491118,-4.82900452220744,100001315,"100001315","Xenobiotics","Benzoate Metabolism",4757,"NAMED","WGNAKZGUSRVWRH-UHFFFAOYSA-N","O=S(OC1=CC=C(C)C=C1)(O)=O","p-cresol sulfate","p-cresol sulfate","3233-57-7",3806480,"HMDB0011635",NA,4615423,NA,NA,NA,36103,36103,36103,209,209,209,143727,143727,143727,"Neg","Neg","Neg",143727,36103,209,"Neg"
0.047148628491217,0.0419771389114729,1.10840840971184,0.268175027940482,0.790980890491118,-4.83160554830101,1442,"1442","Amino Acid","Leucine, Isoleucine and Valine Metabolism",370,"NAMED","AXFYFNCPONWUHW-UHFFFAOYSA-N","CC(C)(O)CC(O)=O","beta-hydroxyisovalerate","beta-hydroxyisovalerate","625-08-1",62571,"HMDB0000754",NA,69362,NA,NA,NA,12129,12129,12129,209,209,209,126017,126017,126017,"Neg","Neg","Neg",126017,12129,209,"Neg"
-0.0632887648953035,-0.0890379398190368,-1.08210610803396,0.27968457202275,0.791024799034151,-4.85327923803472,1114,"1114","Nucleotide","Pyrimidine Metabolism, Thymine containing",4486,"NAMED","QCHPKSFMDHPSNR-UHFFFAOYSA-N","O=C(O)C(C)CN","3-aminoisobutyrate","3-aminoisobutyrate","214139-20-5,10569-72-9",58481,"HMDB0002166","C05145",64956,NA,NA,NA,1566,1566,1566,400,400,400,155405,155405,155405,"Pos Early","Pos Early","Pos Early",155405,1566,400,"Pos Early"
-0.13924235073507,-0.428898071693201,-1.07952267055017,0.280832942860843,0.791024799034151,-4.85538012852427,100000445,"100000445","Xenobiotics","Xanthine Metabolism",4797,"NAMED","YAPQBXQYLJRXSA-UHFFFAOYSA-N","CN1C=NC(N(C(N2)=O)C)=C1C2=O","theobromine","theobromine","83-67-0",5236,"HMDB0002825","C07480",5429,NA,NA,NA,18392,18392,18392,400,400,400,155668,155668,155668,"Pos Early","Pos Early","Pos Early",155668,18392,400,"Pos Early"
-0.106081020356268,-0.207808985111628,-1.07896880596207,0.281079560042827,0.791024799034151,-4.85582988937387,100000963,"100000963","Amino Acid","Urea cycle; Arginine and Proline Metabolism",503,"NAMED","XIGSAGMEBXLVJJ-YFKPBYRVSA-N","N[C@H](C(O)=O)CCCCNC(N)=O","homocitrulline","homocitrulline","1190-49-4",58582,"HMDB0000679","C02427",65072,NA,NA,NA,22138,22138,22138,400,400,400,155793,155793,155793,"Pos Early","Pos Early","Pos Early",155793,22138,400,"Pos Early"
0.164458489559783,-0.264177530444268,1.07697182782671,0.281969970647947,0.791024799034151,-4.85744961163555,100006191,"100006191","Amino Acid","Tyrosine Metabolism",231,"NAMED","JPAUCQAJHLSMQW-XPORZQOISA-N","O[C@H]([C@@H](O)[C@@H]1O)[C@@H](O[C@@H]1C(O)=O)OC2=CC=C(C)C=C2","p-cresol glucuronide*","p-cresol glucuronide*","17680-99-8",135751,"HMDB0011686",NA,154035,NA,NA,NA,48841,48841,48841,209,209,209,155015,155015,155015,"Neg","Neg","Neg",155015,48841,209,"Neg"
-0.0797791713943957,0.0372216294151008,-1.06675849229625,0.28655386028928,0.791024799034151,-4.86568684186546,100020837,"100020837","Xenobiotics","Drug - Topical Agents",6175,"NAMED","AKEUNCKRJATALU-UHFFFAOYSA-N","OC(C1=C(O)C=CC=C1O)=O","2,6-dihydroxybenzoic acid","2,6-dihydroxybenzoic acid","303-07-1",8974,"HMDB0013676",NA,9338,NA,NA,NA,63042,63042,63042,209,209,209,221621,221621,221621,"Neg","Neg","Neg",221621,63042,209,"Neg"
0.0786207985696632,-0.0300038392969951,1.06630184912117,0.286759980164563,0.791024799034151,-4.86605330890821,132,"132","Carbohydrate","Glycolysis, Gluconeogenesis, and Pyruvate Metabolism",1276,"NAMED","OSJPPGNTCRNQQC-UHFFFAOYSA-N","OC(C(O)=O)COP(O)(O)=O","3-phosphoglycerate","3-phosphoglycerate","80731-10-8",10669764,"HMDB0000807","C00597",724,NA,NA,NA,1414,1414,1414,400,400,400,155361,155361,155361,"Pos Early","Pos Early","Pos Early",155361,1414,400,"Pos Early"
-0.138149183642461,-0.221688861346604,-1.05681583959645,0.291064487029114,0.791024799034151,-4.87363075616264,100020545,"100020545","Amino Acid","Lysine Metabolism",113,"NAMED","UNPVIYLDJYPILW-VIFPVBQESA-N","OC([C@@H](NC(C)=O)CCCCN(C)C)=O","N2-acetyl,N6,N6-dimethyllysine","N2-acetyl,N6,N6-dimethyllysine",NA,NA,NA,NA,NA,NA,NA,NA,63254,63254,63254,400,400,400,222161,222161,222161,"Pos Early","Pos Early","Pos Early",222161,63254,400,"Pos Early"
-0.0945657680075389,-0.172570045584106,-1.04786368883539,0.295166509962988,0.791024799034151,-4.88071996908698,310,"310","Amino Acid","Methionine, Cysteine, SAM and Taurine Metabolism",461,"NAMED","ILRYLPWNYFXEMH-UHFFFAOYSA-N","OC(C(CCSCC(N)C(O)=O)N)=O","cystathionine","cystathionine","535-34-2",811,"HMDB0000099","C02291",439258,NA,NA,NA,15705,15705,15705,400,400,400,155581,155581,155581,"Pos Early","Pos Early","Pos Early",155581,15705,400,"Pos Early"
-0.122593092682203,-0.325847173866938,-1.04645539953394,0.295815329086895,0.791024799034151,-4.88182973200636,100001586,"100001586","Cofactors and Vitamins","Ascorbate and Aldarate Metabolism",4561,"NAMED","RGHNJXZEOKUKBD-NRXMZTRTSA-N","OC([C@H](O)[C@H](O)[C@H](O)[C@@H](O)CO)=O","gulonate*","gulonate*","20246-53-1",7969943,"HMDB0003290","C00800",152304,NA,NA,NA,46957,46957,46957,305,305,305,148205,148205,148205,"Polar","Polar","Polar",148205,46957,305,"Polar"
-0.0751436083202569,-0.149239854406167,-1.04216719032292,0.297796861068093,0.791024799034151,-4.88519978963769,100020417,"100020417","Amino Acid","Lysine Metabolism",118,"NAMED","XXEWFEBMSGLYBY-ZETCQYMHSA-N","OC([C@@H](N)CCCCN(C)C)=O","N6,N6-dimethyllysine","N6,N6-dimethyllysine","2259-86-1",167778,"HMDB0013287","C05545",193344,NA,NA,NA,62862,62862,62862,400,400,400,220645,220645,220645,"Pos Early","Pos Early","Pos Early",220645,62862,400,"Pos Early"
-0.0963628822088596,-0.167936443349971,-1.03653134907846,0.300414614035661,0.791024799034151,-4.88960799603202,100022576,"100022576","Peptide","Dipeptide",980,"NAMED",NA,"O=C([C@@H]1CCC(N1)=O)N[C@H](C(N[C@H](C(O)=O)CO)=O)CC(C)C","pyr-leu-ser","pyr-leu-ser",NA,NA,NA,NA,NA,NA,NA,NA,65049,65049,65049,209,209,209,240735,240735,240735,"Neg","Neg","Neg",240735,65049,209,"Neg"
-0.131076550310114,-0.127787462411163,-1.03378876081124,0.30169404646632,0.791024799034151,-4.89174457235463,100001756,"100001756","Xenobiotics","Benzoate Metabolism",4728,"NAMED","DWZGLEPNCRFCEP-UHFFFAOYSA-N","O=S(OC1=CC=C(CC)C=C1)(O)=O","4-ethylphenylsulfate","4-ethylphenyl sulfate","123-07-9",NA,"HMDB0062551","C13637",20822574,NA,NA,NA,36099,36099,36099,209,209,209,144224,144224,144224,"Neg","Neg","Neg",144224,36099,209,"Neg"
-0.157667874101849,-0.648136856128246,-1.03012949072912,0.303406772232277,0.791024799034151,-4.89458650528641,100001108,"100001108","Xenobiotics","Xanthine Metabolism",4806,"NAMED","GMSNIKWWOQHZGF-UHFFFAOYSA-N","O=C1N(C)C2=C(N=CN2)C(N1)=O","3-methylxanthine","3-methylxanthine","1076-22-8",63805,"HMDB0001886","C16357",70639,NA,NA,NA,32445,32445,32445,209,209,209,125834,125834,125834,"Neg","Neg","Neg",125834,32445,209,"Neg"
0.101942116603603,-0.0846754404548457,1.01926722359621,0.308528968824213,0.797260698200622,-4.9029634990191,100000096,"100000096","Amino Acid","Guanidino and Acetamido Metabolism",573,"NAMED","TUHVEAJXIMEOSA-UHFFFAOYSA-N","N=C(N)NCCCC(O)=O","4-guanidinobutanoate","4-guanidinobutanoate","463-003,463-00-3",486,"HMDB0003464","C01035",500,NA,NA,NA,15681,15681,15681,400,400,400,155572,155572,155572,"Pos Early","Pos Early","Pos Early",155572,15681,400,"Pos Early"
-0.112281366780853,-0.16490858408444,-1.01319722723968,0.311416162116241,0.797662450332828,-4.90760619503664,100004575,"100004575","Amino Acid","Urea cycle; Arginine and Proline Metabolism",519,"NAMED","XUYANFPPYJSBPU-UHFFFAOYSA-N","OC(C(CCCNC(C)=O)N([H])C(C)=O)=O","N2,N5-diacetylornithine","N2,N5-diacetylornithine","39825-23-5",8573834,"HMDB0240345",NA,65977,NA,NA,NA,43591,43591,43591,209,209,209,153118,153118,153118,"Neg","Neg","Neg",153118,43591,209,"Neg"
-0.0593048245646964,-0.115037995597925,-0.993261553049965,0.321023879303697,0.808357129576336,-4.92265999103533,100019968,"100019968","Carbohydrate","Pentose Metabolism",1329,"NAMED","QXKAIJAYHKCRRA-PZGQECOJSA-N","OC[C@H](O)[C@@H](O)[C@@H](O)C(O)=O","lyxonate","lyxonate",NA,NA,"HMDB0060255",NA,NA,NA,NA,NA,61858,61858,61858,305,305,305,218556,218556,218556,"Polar","Polar","Polar",218556,61858,305,"Polar"
-0.0734606585635494,0.0226338892129542,-0.967517990668933,0.33371487223511,0.808357129576336,-4.94165883657416,100001510,"100001510","Amino Acid","Tyrosine Metabolism",196,"NAMED","CTYRPMDGLDAWRQ-UHFFFAOYSA-N","OS(OC1=CC=CC=C1)(=O)=O","phenol sulfate","phenol sulfate","937-34-8",67018,"HMDB0060015","C02180",74426,NA,NA,NA,32553,32553,32553,209,209,209,143728,143728,143728,"Neg","Neg","Neg",143728,32553,209,"Neg"
0.0857862513287423,-0.132355923846865,0.966437326669837,0.33425461909284,0.808357129576336,-4.94244550737945,100021467,"100021467","Partially Characterized Molecules","Partially Characterized Molecules",6731,"NAMED",NA,NA,"pentose acid*","pentose acid*",NA,NA,NA,NA,NA,NA,NA,NA,63264,63264,63264,305,305,305,222194,222194,222194,"Polar","Polar","Polar",222194,63264,305,"Polar"
-0.11284077514148,-0.244161068626283,-0.962204378880624,0.33637423255603,0.808357129576336,-4.94551845723103,100020496,"100020496","Xenobiotics","Food Component/Plant",5224,"NAMED",NA,NA,"sulfate of piperine metabolite C16H19NO3 (2)*","sulfate of piperine metabolite C16H19NO3 (2)*",NA,NA,NA,NA,NA,NA,NA,NA,62295,62295,62295,209,209,209,219274,219274,219274,"Neg","Neg","Neg",219274,62295,209,"Neg"
0.0452587628607907,-0.0316567562771284,0.958207131262309,0.338383763815032,0.808357129576336,-4.94840796741278,100001393,"100001393","Amino Acid","Leucine, Isoleucine and Valine Metabolism",361,"NAMED","IGQBPDJNUXPEMT-UHFFFAOYSA-N","[O-]C(CC(C[N+](C)(C)C)OC(CC(C)C)=O)=O","isovalerylcarnitine (C5)","isovalerylcarnitine (C5)","31023-24-2",4932271,"HMDB0000688","C20826",169235,NA,NA,NA,34407,34407,34407,400,400,400,156109,156109,156109,"Pos Early","Pos Early","Pos Early",156109,34407,400,"Pos Early"
0.0517994086391621,0.0721201674963924,0.953444811263197,0.340787987145947,0.808357129576336,-4.95183489248634,100001034,"100001034","Amino Acid","Tryptophan Metabolism",306,"NAMED","SEOVTRFCIGRIMH-UHFFFAOYSA-N","OC(CC1=CNC2=C1C=CC=C2)=O","indoleacetate","indoleacetate","87-51-4,6505-45-9",780,"HMDB0000197","C00954",802,NA,NA,NA,27513,27513,27513,209,209,209,126866,126866,126866,"Neg","Neg","Neg",126866,27513,209,"Neg"
0.0584470363473892,0.0195416747952122,0.947986900865703,0.343556831621224,0.808357129576336,-4.95574144822701,878,"878","Carbohydrate","Fructose, Mannose and Galactose Metabolism",1386,"NAMED","RFSUNEUAIZKAJO-ARQDHWQXSA-N","OC[C@@]1(O)O[C@H](CO)[C@@H](O)[C@@H]1O","fructose","fructose","57-48-7",5764,"HMDB0000660","C00095",2723872,NA,NA,NA,48195,48195,48195,305,305,305,153126,153126,153126,"Polar","Polar","Polar",153126,48195,305,"Polar"
-0.104826758272562,-0.182909467526913,-0.947136465328674,0.343989558640989,0.808357129576336,-4.95634814506775,100004284,"100004284","Xenobiotics","Chemical",6367,"NAMED","HHVIBTZHLRERCL-UHFFFAOYSA-N","CS(C)(=O)=O","dimethyl sulfone","dimethyl sulfone","67-71-0",5978,"HMDB0004983","C11142",6213,NA,NA,NA,43424,43424,43424,400,400,400,157011,157011,157011,"Pos Early","Pos Early","Pos Early",157011,43424,400,"Pos Early"
0.054184098403912,-0.0927960280511487,0.944226492197626,0.345472878125295,0.808357129576336,-4.95842000427876,100006435,"100006435","Carbohydrate","Aminosugar Metabolism",1473,"NAMED","OVRNDRQMDRJTHS-FMDGEEDCSA-N","O[C@@H]1[C@H]([C@@H](O[C@@H]([C@H]1O)CO)O)NC(C)=O","N-acetylglucosamine/N-acetylgalactosamine","N-acetylglucosamine/N-acetylgalactosamine",NA,NA,"HMDB0000212,HMDB0000215","C01074",43917484265,NA,NA,NA,46539,46539,46539,400,400,400,166536,166536,166536,"Pos Early","Pos Early","Pos Early",166536,46539,400,"Pos Early"
-0.043327961190513,-0.0550777550315841,-0.941750193476412,0.346738352881706,0.808357129576336,-4.96017809300923,100001593,"100001593","Amino Acid","Lysine Metabolism",130,"NAMED","NXJAXUYOQLTISD-UHFFFAOYSA-N","[O-]C(CC(C[N+](C)(C)C)OC(CCCC(O)=O)=O)=O","glutarylcarnitine (C5-DC)","glutarylcarnitine (C5-DC)","102636-82-8",21403175,"HMDB0013130",NA,71317118,NA,NA,NA,44664,44664,44664,400,400,400,157075,157075,157075,"Pos Early","Pos Early","Pos Early",157075,44664,400,"Pos Early"
-0.113018217629455,-0.407576555928825,-0.934410262309591,0.3505066711413,0.808357129576336,-4.96536218338257,100006651,"100006651","Xenobiotics","Food Component/Plant",5358,"NAMED","VFMNSFWBDMRNLJ-UHFFFAOYSA-N","OC(CC1C(CCC)C1)=O","trans-3,4-methyleneheptanoate","trans-3,4-methyleneheptanoate",NA,NA,NA,NA,NA,NA,NA,NA,53026,53026,53026,209,209,209,166148,166148,166148,"Neg","Neg","Neg",166148,53026,209,"Neg"
-0.0790883040740096,-0.395916060776523,-0.929298942176124,0.353146144175355,0.808357129576336,-4.96894837429633,100021472,"100021472","Amino Acid","Phenylalanine Metabolism",148,"NAMED","CWAGPBPLOYGROC-UHFFFAOYSA-N","OC(CCC(NC(CC1=CC=CC=C1)C(O)=O)=O)=O","N-succinyl-phenylalanine","N-succinyl-phenylalanine",NA,2384788,NA,NA,3131586,NA,NA,NA,63855,63855,63855,209,209,209,223466,223466,223466,"Neg","Neg","Neg",223466,63855,209,"Neg"
0.0768459354304463,-0.128383595481048,0.925672387021526,0.355026512220279,0.808357129576336,-4.97148094591955,1141,"1141","Amino Acid","Tyrosine Metabolism",181,"NAMED","KKADPXVIOXHVKN-UHFFFAOYSA-N","OC1=CC=C(CC(C(O)=O)=O)C=C1","4-hydroxyphenylpyruvate","4-hydroxyphenylpyruvate","156-39-8",954,"HMDB0000707","C01179",979,NA,NA,NA,1669,1669,1669,209,209,209,124595,124595,124595,"Neg","Neg","Neg",124595,1669,209,"Neg"
-0.125863128028872,-0.154276814228989,-0.923802736032312,0.355998396891272,0.808357129576336,-4.972782746156,100006108,"100006108","Peptide","Acetylated Peptides",1223,"NAMED","DZTZJNGATJMDSH-CYBMUJFWSA-N","O=C(CC1=CC=CC=C1)O[C@H](CC([O-])=O)C[N+](C)(C)C","phenylacetylcarnitine","phenylacetylcarnitine","287108-21-8",NA,"HMDB0242104",NA,101724840,NA,NA,NA,48425,48425,48425,400,400,400,157774,157774,157774,"Pos Early","Pos Early","Pos Early",157774,48425,400,"Pos Early"
0.122837895003082,-0.548855311949055,0.921655447044502,0.357116677107354,0.808357129576336,-4.97427462549983,826,"826","Carbohydrate","Pentose Metabolism",1306,"NAMED","PYMYPHUHKUWMLA-VPENINKCSA-N","O=C[C@@H]([C@H]([C@@H](CO)O)O)O","xylose","xylose","609-06-3",85957,"HMDB0000098","C00181",135191,NA,NA,NA,15581,15581,15581,305,305,305,146484,146484,146484,"Polar","Polar","Polar",146484,15581,305,"Polar"
-0.0675450744843855,-0.164574902513909,-0.904573517995602,0.366091588405949,0.814866040034703,-4.98601950604059,100022014,"100022014","Partially Characterized Molecules","Partially Characterized Molecules",6758,"NAMED",NA,NA,"bilirubin degradation product, C16H18N2O5 (3)**","bilirubin degradation product, C16H18N2O5 (3)**",NA,NA,NA,NA,NA,NA,NA,NA,64414,64414,64414,209,209,209,237567,237567,237567,"Neg","Neg","Neg",237567,64414,209,"Neg"
-0.0415039876760088,0.0717093416919272,-0.903877893621379,0.366460037764249,0.814866040034703,-4.98649315242233,279,"279","Amino Acid","Methionine, Cysteine, SAM and Taurine Metabolism",470,"NAMED","LEVWYRKDKASIDU-UHFFFAOYSA-N","NC(C(O)=O)CSSCC(N)C(O)=O","cystine","cystine","56-89-3",575,"HMDB0000192","C00491",67678,NA,NA,NA,56,56,56,400,400,400,155296,155296,155296,"Pos Early","Pos Early","Pos Early",155296,56,400,"Pos Early"
-0.0599660950529556,0.0538191736811935,-0.900290013873871,0.36836410028966,0.814866040034703,-4.98893035293887,100001550,"100001550","Xenobiotics","Food Component/Plant",5139,"NAMED","XULZWQRXYTVUTE-ZETCQYMHSA-N","C[N+]1(C)[C@@H](CCCC1)[C@]([O-])=O","homostachydrine*","homostachydrine*","1195-94-4",390180,"HMDB0033433","C08283",441447,NA,NA,NA,33009,33009,33009,400,400,400,155996,155996,155996,"Pos Early","Pos Early","Pos Early",155996,33009,400,"Pos Early"
-0.149921353896039,-0.317682522063694,-0.886877213051438,0.375536721019863,0.824486635622556,-4.99795595587377,100006098,"100006098","Xenobiotics","Chemical",6436,"NAMED","BDERIBJTVYFANV-UHFFFAOYSA-N","O=S(OC1=CC=CN=C1)(O)=O","3-hydroxypyridine sulfate","3-hydroxypyridine sulfate","1955-23-3",16232314,"HMDB0240652",NA,NA,NA,NA,NA,48448,48448,48448,209,209,209,155087,155087,155087,"Neg","Neg","Neg",155087,48448,209,"Neg"
-0.0360303705774906,-0.0420592248532633,-0.873712908656981,0.382659950170541,0.833856010819387,-5.00668308014478,1224,"1224","Amino Acid","Glutathione Metabolism",588,"NAMED","KDJVKDYFFTWHBO-UHFFFAOYSA-N","O=C(NCC(O)=O)C(N)CSSCC(N)C(NCC(O)=O)=O","cys-gly, oxidized","cys-gly, oxidized","7729-20-6",295316,"HMDB0242125",NA,333293,NA,NA,NA,18368,18368,18368,400,400,400,155661,155661,155661,"Pos Early","Pos Early","Pos Early",155661,18368,400,"Pos Early"
-0.0478664227658168,-0.191860767422229,-0.86028433408279,0.39001111121024,0.83899811402836,-5.01545140009933,100006065,"100006065","Peptide","Dipeptide",803,"NAMED","XLUAWXQORJEMBD-UHFFFAOYSA-N","O=C(C(C(C)C)N([H])C1=O)N2C1CCC2","cyclo(pro-val)","cyclo(pro-val)","2854-40-2",89376,"HMDB0240493",NA,98951,NA,NA,NA,49795,49795,49795,400,400,400,161671,161671,161671,"Pos Early","Pos Early","Pos Early",161671,49795,400,"Pos Early"
-0.0612815784448908,-0.114780487433263,-0.858913700313838,0.390766244889921,0.83899811402836,-5.01633875662204,100002293,"100002293","Peptide","Dipeptide",952,"NAMED","GKZIWHRNKRBEOH-HOTGVXAUSA-N","N[C@H](C(N[C@H](C(O)=O)CC1=CC=CC=C1)=O)CC2=CC=CC=C2","phenylalanylphenylalanine","phenylalanylphenylalanine","2577-40-4",5361193,"HMDB0013302",NA,6993090,NA,NA,NA,38150,38150,38150,209,209,209,127713,127713,127713,"Neg","Neg","Neg",127713,38150,209,"Neg"
-0.127325530775958,-0.506448614561387,-0.837859373857939,0.402477465124529,0.846310133424866,-5.02979224329116,100001399,"100001399","Xenobiotics","Xanthine Metabolism",4802,"NAMED","NOFNCLGCUJJPKU-UHFFFAOYSA-N","CN1C(NC(N2)=C(C1=O)N(C)C2=O)=O","1,7-dimethylurate","1,7-dimethylurate","33868-03-0",82720,"HMDB0011103","C16356",91611,NA,NA,NA,34400,34400,34400,209,209,209,126924,126924,126924,"Neg","Neg","Neg",126924,34400,209,"Neg"
-0.11638860249477,-0.305655377234527,-0.825395745469167,0.409508573703935,0.846310133424866,-5.03759954840134,100001402,"100001402","Xenobiotics","Xanthine Metabolism",4809,"NAMED","RDZNZFGKEVDNPK-UHFFFAOYSA-N","O=C(NC(NC=O)=C1NC(C)=O)N(C)C1=O","5-acetylamino-6-formylamino-3-methyluracil","5-acetylamino-6-formylamino-3-methyluracil","85438-96-6",97287,"HMDB0011105","C16365",108214,NA,NA,NA,34401,34401,34401,305,305,305,165248,165248,165248,"Polar","Polar","Polar",165248,34401,305,"Polar"
-0.090108987689412,-0.157304319981856,-0.82389873868038,0.410357980802372,0.846310133424866,-5.03852943780092,100000711,"100000711","Xenobiotics","Benzoate Metabolism",4722,"NAMED","HOFGLAYWQRGTKC-UHFFFAOYSA-N","O=S(OC1=CC=C(C(C)=O)C=C1)(O)=O","4-acetylphenol sulfate","4-acetylphenyl sulfate",NA,3872009,NA,NA,4684006,NA,NA,NA,44620,44620,44620,209,209,209,126992,126992,126992,"Neg","Neg","Neg",126992,44620,209,"Neg"
0.056038914396295,0.124656417284845,0.820256947132473,0.412428724980221,0.846310133424866,-5.04078456760964,1025,"1025","Amino Acid","Lysine Metabolism",134,"NAMED","HXEACLLIILLPRG-UHFFFAOYSA-N","OC(C1NCCCC1)=O","pipecolate","pipecolate","4043-87-2",NA,"HMDB0000070",NA,NA,NA,NA,NA,1444,1444,1444,400,400,400,155369,155369,155369,"Pos Early","Pos Early","Pos Early",155369,1444,400,"Pos Early"
-0.126834737682267,-0.535964033023538,-0.813314815761717,0.4163932247149,0.846310133424866,-5.04505579979723,100000453,"100000453","Xenobiotics","Xanthine Metabolism",4796,"NAMED","QUNWUDVFRNGTCO-UHFFFAOYSA-N","O=C(N2C)NC1=C(N(C)C=N1)C2=O","paraxanthine","paraxanthine","611-59-6",4525,"HMDB0001860","C13747",4687,NA,NA,NA,18254,18254,18254,209,209,209,124653,124653,124653,"Neg","Neg","Neg",124653,18254,209,"Neg"
0.0334488151470695,0.0150160840957009,0.809022173393309,0.418855901725887,0.846310133424866,-5.04767879206269,234,"234","Amino Acid","Alanine and Aspartate Metabolism",36,"NAMED","CKLJMWTZIZZHCS-UHFFFAOYSA-N","NC(C(O)=O)CC(O)=O","aspartate","aspartate","56-84-8",5745,"HMDB0000191","C00049",5960,NA,NA,NA,443,443,443,400,400,400,155304,155304,155304,"Pos Early","Pos Early","Pos Early",155304,443,400,"Pos Early"
-0.0346932019301794,0.0857333874584147,-0.800113302292164,0.423994236587226,0.846310133424866,-5.05307833628986,100000961,"100000961","Amino Acid","Urea cycle; Arginine and Proline Metabolism",502,"NAMED","QUOGESRFPZDMMT-YFKPBYRVSA-N","N[C@H](C(O)=O)CCCCNC(N)=N","homoarginine","homoarginine","156-86-5",8732,"HMDB0000670","C01924",9085,NA,NA,NA,22137,22137,22137,400,400,400,155792,155792,155792,"Pos Early","Pos Early","Pos Early",155792,22137,400,"Pos Early"
-0.0536039892003483,-0.124609873416825,-0.792736548020044,0.428276741938501,0.846310133424866,-5.05750416843072,100022004,"100022004","Partially Characterized Molecules","Partially Characterized Molecules",6752,"NAMED",NA,NA,"bilirubin degradation product, C16H18N2O5 (2)**","bilirubin degradation product, C16H18N2O5 (2)**",NA,NA,NA,NA,NA,NA,NA,NA,64404,64404,64404,209,209,209,237533,237533,237533,"Neg","Neg","Neg",237533,64404,209,"Neg"
0.0384258022884537,-0.0483582298737674,0.783812594045854,0.433491045298027,0.846310133424866,-5.06280363856628,1082,"1082","Amino Acid","Leucine, Isoleucine and Valine Metabolism",343,"NAMED","WXNXCEHXYPACJF-ZETCQYMHSA-N","O=C(O)[C@H](CC(C)C)NC(C)=O","N-acetylleucine","N-acetylleucine","1188-21-2",64075,"HMDB0011756","C02710",70912,NA,NA,NA,1587,1587,1587,209,209,209,126818,126818,126818,"Neg","Neg","Neg",126818,1587,209,"Neg"
-0.0713237521908539,-0.144668750785967,-0.783338285969078,0.433769211960282,0.846310133424866,-5.06308363100796,100004208,"100004208","Xenobiotics","Benzoate Metabolism",4706,"NAMED","AQTYXAPIHMXAAV-UHFFFAOYSA-N","COC1=C(OS(O)(=O)=O)C=CC=C1","guaiacol sulfate","guaiacol sulfate",NA,21078,"HMDB0060013",NA,22473,NA,NA,NA,46111,46111,46111,209,209,209,143736,143736,143736,"Neg","Neg","Neg",143736,46111,209,"Neg"
0.051650588548098,0.0243539021997321,0.773926048751442,0.439310553253438,0.846310133424866,-5.06860488635504,171,"171","Nucleotide","Purine Metabolism, (Hypo)Xanthine/Inosine containing",4323,"NAMED","FDGQSTZJBFJUBT-UHFFFAOYSA-N","O=C1C(N=CN2)=C2N=CN1","hypoxanthine","hypoxanthine","68-94-0",768,"HMDB0000157","C00262",790135398638,NA,NA,NA,3127,3127,3127,209,400,209,124615,155485,124615,"Neg","Pos Early","Neg",155485,3127,400,"Pos Early"
-0.102275804566811,-0.351004817642905,-0.772818043843453,0.439965548824642,0.846310133424866,-5.06925046761994,100001400,"100001400","Xenobiotics","Xanthine Metabolism",4799,"NAMED","QFDRTQONISXGJA-UHFFFAOYSA-N","CN1C(NC(N2)=C(C1=O)NC2=O)=O","1-methylurate","1-methylurate","708-79-2",62926,"HMDB0003099","C16359",69726,NA,NA,NA,34395,34395,34395,400,400,400,156098,156098,156098,"Pos Early","Pos Early","Pos Early",156098,34395,400,"Pos Early"
0.112764220583273,0.0512058016138175,0.772386270484105,0.440220943109962,0.846310133424866,-5.06950179147138,100005367,"100005367","Xenobiotics","Food Component/Plant",5023,"NAMED","CCCNUHFRBBIFHO-CVSPRKDYSA-N","C=CCS(C[C@H](NC(C)=O)C(O)=O)=O","N-acetylalliin","N-acetylalliin",NA,NA,"HMDB0242184",NA,NA,NA,NA,NA,45404,45404,45404,209,400,400,144585,157091,157091,"Neg","Pos Early","Pos Early",157091,45404,400,"Pos Early"
0.033026663526383,-0.0305538420939838,0.768880080631955,0.442298012409706,0.846310133424866,-5.0715374648385,1215,"1215","Carbohydrate","Aminosugar Metabolism",1470,"NAMED","YTTRPBWEMMPYSW-VFFCQLMOSA-N","O[C@H]1[C@H](O)[C@@H](CO)O[C@@H](NC(CC(N)C(O)=O)=O)[C@@H]1NC(C)=O","N-acetylglucosaminylasparagine","N-acetylglucosaminylasparagine","2776-93-4",21403014,"HMDB0000489","C04540",123826,NA,NA,NA,48149,48149,48149,400,400,400,157725,157725,157725,"Pos Early","Pos Early","Pos Early",157725,48149,400,"Pos Early"
-0.0967135810729735,-0.0432963758547414,-0.768843623941921,0.442319638871627,0.846310133424866,-5.07155858286003,100004322,"100004322","Xenobiotics","Food Component/Plant",5457,"NAMED","VSTZVCJQGSLNLL-UHFFFAOYSA-N","NC1=CC=CC=C1OS(O)(=O)=O","2-aminophenol sulfate","2-aminophenol sulfate",NA,158022,"HMDB0061116",NA,181670,NA,NA,NA,43266,43266,43266,209,209,209,143737,143737,143737,"Neg","Neg","Neg",143737,43266,209,"Neg"
-0.0755170914066123,-0.358881518124792,-0.763335472240434,0.445594090968247,0.846310133424866,-5.07473777906586,536,"536","Nucleotide","Pyrimidine Metabolism, Uracil containing",4438,"NAMED","MXHRCPNRJAMMIM-UHFFFAOYSA-N","O=C(NC1=O)N(C=C1)C(CC2O)OC2CO","2'-deoxyuridine","2'-deoxyuridine","951-78-0",13118,"HMDB0000012","C00526",13712,NA,NA,NA,1412,1412,1412,209,305,209,123201,147476,123201,"Neg","Polar","Neg",147476,1412,305,"Polar"
-0.0531347264178328,0.066055677756059,-0.763198276672151,0.445675826551989,0.846310133424866,-5.07481667465032,100001977,"100001977","Cofactors and Vitamins","Vitamin A Metabolism",4639,"NAMED","DMASLKHVQRHNES-QQGJMDNJSA-N","CC1=C(/C=C/C(C)=C/C=C/C(C)=C/C=C/C=C(C)/C=C/C=C(C)/C=C/C2=C(C)CCCC2(C)C)C(C)(C)CC(O)C1","beta-cryptoxanthin","beta-cryptoxanthin","472-70-8",4904571,"HMDB0033844","C08591",5281235,NA,NA,NA,57591,57591,57591,402,402,402,211608,211608,211608,"Pos Late","Pos Late","Pos Late",211608,57591,402,"Pos Late"
-0.0438155614421843,-0.106356462054707,-0.747906814400852,0.45483939264523,0.846310133424866,-5.08352152843191,330,"330","Energy","TCA Cycle",1489,"NAMED","VZCYOOQTPOCHFL-OWOJBTEDSA-N","OC(/C=C/C(O)=O)=O","fumarate","fumarate","100-17-8",10197150,"HMDB0000134","C00122",444972,NA,NA,NA,1643,1643,1643,305,305,305,146876,146876,146876,"Polar","Polar","Polar",146876,1643,305,"Polar"
-0.0956384359055213,-0.381957668770846,-0.745634837620508,0.45620992175373,0.846310133424866,-5.08479988554911,100001925,"100001925","Peptide","Dipeptide",782,"NAMED","SZJNCZMRZAUNQT-IUCAKERBSA-N","O=C(N[C@H]1CC(C)C)[C@H]2N(CCC2)C1=O","cyclo(leu-pro)","cyclo(leu-pro)","2873-36-1",5428292,"HMDB0034276",NA,7074739,NA,NA,NA,37104,37104,37104,400,400,400,156323,156323,156323,"Pos Early","Pos Early","Pos Early",156323,37104,400,"Pos Early"
-0.0366100913811288,-0.0692414898607234,-0.74286291443173,0.457885183786096,0.846310133424866,-5.08635429017028,100016038,"100016038","Amino Acid","Polyamine Metabolism",560,"NAMED","MQTAVJHICJWXBR-UHFFFAOYSA-N","CC(NCCCNCCCCN)=O","(N(1) + N(8))-acetylspermidine","(N(1) + N(8))-acetylspermidine",NA,NA,"HMDB0002189,HMDB0001276","C01029,C00612",496123689,NA,NA,NA,57814,57814,57814,400,400,400,213597,213597,213597,"Pos Early","Pos Early","Pos Early",213597,57814,400,"Pos Early"
0.0602510830455047,-0.113971269880972,0.739867149808673,0.459699614194766,0.846310133424866,-5.08802772477041,825,"825","Nucleotide","Pyrimidine Metabolism, Uracil containing",4423,"NAMED","ISAKRJDGNUQOIC-UHFFFAOYSA-N","O=C(NC=C1)NC1=O","uracil","uracil","66-22-8",1141,"HMDB0000300","C00106",1174,NA,NA,NA,605,605,605,305,305,305,146422,146422,146422,"Polar","Polar","Polar",146422,605,305,"Polar"
0.0500398527182689,0.0108377351483065,0.739180028447316,0.460116348058339,0.846310133424866,-5.08841059989697,55,"55","Cofactors and Vitamins","Nicotinate and Nicotinamide Metabolism",4519,"NAMED","LDHMAVIPBRSVRG-UHFFFAOYSA-N","C[N+]1=CC(C([NH-])=O)=CC=C1","1-methylnicotinamide","1-methylnicotinamide","1005-24-9",8305504,"HMDB0000699","C02918",457,NA,NA,NA,27665,27665,27665,400,400,400,155829,155829,155829,"Pos Early","Pos Early","Pos Early",155829,27665,400,"Pos Early"
0.127756952631235,-0.640726153467748,0.737392378451095,0.461201536658993,0.846310133424866,-5.08940504481775,100000010,"100000010","Xenobiotics","Benzoate Metabolism",4779,"NAMED","XMIIGOLPHOKFCH-UHFFFAOYSA-N","OC(CCC1=CC=CC=C1)=O","3-phenylpropionate (hydrocinnamate)","3-phenylpropionate (hydrocinnamate)","501-52-0",10181339,"HMDB0000764","C05629",107,NA,NA,NA,15749,15749,15749,209,209,209,126035,126035,126035,"Neg","Neg","Neg",126035,15749,209,"Neg"
-0.11292452060125,-0.595935086331109,-0.732026337135801,0.464467577191017,0.846310133424866,-5.09237567304832,100000437,"100000437","Xenobiotics","Xanthine Metabolism",4798,"NAMED","ZFXYFBGIUFBOJW-UHFFFAOYSA-N","O=C(N1C)C(N=CN2)=C2N(C)C1=O","theophylline","theophylline","58-55-9",2068,"HMDB0001889","C07130",2153,NA,NA,NA,18394,18394,18394,209,209,400,125760,125760,155669,"Neg","Neg","Pos Early",155669,18394,400,"Pos Early"
-0.0676492747047049,-0.315171166394102,-0.726126158677354,0.468073568701346,0.846310133424866,-5.09561701622235,100003679,"100003679","Peptide","Dipeptide",975,"NAMED","AFWBWPCXSWUCLB-WDSKDSINSA-N","O=[C@]([C@H]1NCCC1)N[C@@H](CO)C(O)=O","prolylserine","prolylserine","71835-80-8",5730995,"HMDB0029026",NA,18218236,NA,NA,NA,40714,40714,40714,400,400,400,156796,156796,156796,"Pos Early","Pos Early","Pos Early",156796,40714,400,"Pos Early"
-0.0390035404473392,0.0630768499569659,-0.723242558322317,0.469841569584648,0.846310133424866,-5.09719164153504,100002749,"100002749","Amino Acid","Methionine, Cysteine, SAM and Taurine Metabolism",465,"NAMED","IDIDJDIHTAOVLG-VKHMYHEASA-N","OC([C@H](CSC)N)=O","S-methylcysteine","S-methylcysteine","1187-84-4",22826,"HMDB0002108",NA,24417705817488100,NA,NA,NA,39592,39592,39592,209,209,209,141914,141914,141914,"Neg","Neg","Neg",141914,39592,209,"Neg"
-0.110548694571337,-0.704564149905692,-0.719037271092922,0.472426547083059,0.846310133424866,-5.09947678547715,100004326,"100004326","Xenobiotics","Chemical",6322,"NAMED","CGFRVKXGZRODPA-UHFFFAOYSA-N","CC(C1=CC=CC(OS(=O)(O)=O)=C1)=O","3-acetylphenol sulfate","3-acetylphenol sulfate",NA,16230535,"HMDB0304930",NA,NA,NA,NA,NA,48693,48693,48693,209,209,209,207571,207571,207571,"Neg","Neg","Neg",207571,48693,209,"Neg"
-0.137699572574035,-0.0511459671160661,-0.706159171589352,0.480391317065723,0.855330881604825,-5.10639202157521,100020215,"100020215","Amino Acid","Urea cycle; Arginine and Proline Metabolism",521,"NAMED","FMIPNAUMSPFTHK-UHFFFAOYSA-N","OC1CN(C)C(C(O)=O)C1","N-methylhydroxyproline**","N-methylhydroxyproline**",NA,NA,NA,NA,9860390,NA,NA,NA,62068,62068,62068,400,400,400,218877,218877,218877,"Pos Early","Pos Early","Pos Early",218877,62068,400,"Pos Early"
0.0359113926507625,-0.0255747266023464,0.696607985525508,0.486345551546927,0.860684248798198,-5.11144025217687,100021760,"100021760","Amino Acid","Lysine Metabolism",142,"NAMED","FTTGAAZKBNZDCZ-LURJTMIESA-N","CC(N[C@@](CCCC(O)=O)(C(O)=O)[H])=O","N-acetyl-2-aminoadipate","N-acetyl-2-aminoadipate",NA,392027,"HMDB0062715","C12986",443992,NA,NA,NA,63920,63920,63920,400,400,400,223830,223830,223830,"Pos Early","Pos Early","Pos Early",223830,63920,400,"Pos Early"
0.0534211222374954,-0.146985385351434,0.689567664138401,0.490759993945394,0.862328020744331,-5.11511746319521,100022172,"100022172","Xenobiotics","Chemical",6562,"NAMED",NA,"FC(F)(F)C(F)(F)C(F)(F)C(F)(F)C(F)(F)C(F)(F)S(=O)(O)=O","perfluorohexanesulfonate (PFHxS)","perfluorohexanesulfonate (PFHxS)","355-46-4",NA,NA,NA,NA,NA,NA,NA,64623,64623,64623,209,209,209,239167,239167,239167,"Neg","Neg","Neg",239167,64623,209,"Neg"
0.0315510493683332,-0.0590602133010052,0.685721444887053,0.493180751590079,0.862328020744331,-5.11711062852672,278,"278","Amino Acid","Glutathione Metabolism",586,"NAMED","ZUKPVRWZDMRIEO-UHFFFAOYSA-N","NC(C(NCC(O)=O)=O)CS","cysteinylglycine","cysteinylglycine","19246-18-5",58762,"HMDB0000078","C01419",439498,NA,NA,NA,35637,35637,35637,400,400,400,156206,156206,156206,"Pos Early","Pos Early","Pos Early",156206,35637,400,"Pos Early"
0.0367766541267699,0.0536868280840446,0.66293710392746,0.507651488050701,0.878668191395431,-5.12868964495844,100002769,"100002769","Amino Acid","Urea cycle; Arginine and Proline Metabolism",531,"NAMED","BMFMQGXDDJALKQ-BYPYZUCNSA-N","N=C(N)NCCC[C@H](O)C(O)=O","argininate*","argininate*","157-07-3",140984,"HMDB0003148",NA,160437,NA,NA,NA,57461,57461,57461,400,400,400,211115,211115,211115,"Pos Early","Pos Early","Pos Early",211115,57461,400,"Pos Early"
-0.05438362850533,-0.15451858574733,-0.661542760632314,0.508544261458315,0.878668191395431,-5.12938557319381,100001843,"100001843","Peptide","Gamma-glutamyl Amino Acid",650,"NAMED","WQXXXVRAFAKQJM-WHFBIAKZSA-N","C[C@H](NC(CC[C@H](N)C(O)=O)=O)C(O)=O","gamma-glutamylalanine","gamma-glutamylalanine","5875-41-2",389104,"HMDB0029142","C03738",440103,NA,NA,NA,37063,37063,37063,400,400,400,156289,156289,156289,"Pos Early","Pos Early","Pos Early",156289,37063,400,"Pos Early"
-0.0477765118904664,-0.137930717987307,-0.653508816890876,0.513704289640543,0.881784227925464,-5.13336689357962,100022015,"100022015","Partially Characterized Molecules","Partially Characterized Molecules",6759,"NAMED",NA,NA,"bilirubin degradation product, C16H18N2O5 (4)**","bilirubin degradation product, C16H18N2O5 (4)**",NA,NA,NA,NA,NA,NA,NA,NA,64415,64415,64415,209,209,209,237569,237569,237569,"Neg","Neg","Neg",237569,64415,209,"Neg"
0.028458073061263,-0.00230392476390425,0.643177199318833,0.520380005124174,0.881784227925464,-5.13841548956417,93,"93","Energy","TCA Cycle",1485,"NAMED","KPGXRSRHYNQIFN-UHFFFAOYSA-N","O=C(C(O)=O)CCC(O)=O","alpha-ketoglutarate","alpha-ketoglutarate","328-50-7,22202-68-2,305-72-6",50,"HMDB0000208","C00026",51,NA,NA,NA,528,528,528,305,305,305,146398,146398,146398,"Polar","Polar","Polar",146398,528,305,"Polar"
-0.0345962970572121,-0.0404192160528196,-0.640624562080907,0.522036257403672,0.881784227925464,-5.13965047781361,250,"250","Cofactors and Vitamins","Hemoglobin and Porphyrin Metabolism",4615,"NAMED","QBUVFDKTZJNUPP-YBRAVLHJSA-N","CC1=C(/C=C(N2)/C(C=C)=C(C)C2=O)NC(/C=C3C(CCC(O)=O)=C(C)C(/C=C(N4)\C(C)=C(C=C)C4=O)=N\3)=C1CCC(O)=O","biliverdin","biliverdin","55482-27-4,55482-27-4",10628548,"HMDB0001008","C00500",5280353,NA,NA,NA,2137,2137,2137,402,402,402,158009,158009,158009,"Pos Late","Pos Late","Pos Late",158009,2137,402,"Pos Late"
0.0258607234461647,-0.115822876771822,0.640023020194733,0.52242695695584,0.881784227925464,-5.13994079535499,100001485,"100001485","Peptide","Gamma-glutamyl Amino Acid",657,"NAMED","SNCKGJWJABDZHI-SIPWABPFSA-N","CCC(C)[C@@H](C(O)=O)NC(CC[C@@H](C(O)=O)N)=O","gamma-glutamylisoleucine*","gamma-glutamylisoleucine*",NA,21403145,"HMDB0011170",NA,22885096,NA,NA,NA,34456,34457,34456,400,209,400,156123,144316,156123,"Pos Early","Neg","Pos Early",156123,34456,400,"Pos Early"
-0.0367373839075511,-0.0688548763605916,-0.629357659964473,0.529379004855991,0.886647226055785,-5.14504293448235,100022005,"100022005","Partially Characterized Molecules","Partially Characterized Molecules",6753,"NAMED",NA,NA,"bilirubin degradation product, C17H18N2O4 (1)**","bilirubin degradation product, C17H18N2O4 (1)**",NA,NA,NA,NA,NA,NA,NA,NA,64409,64409,64409,209,209,209,237542,237542,237542,"Neg","Neg","Neg",237542,64409,209,"Neg"
-0.0387450358180105,0.0285657638159237,-0.617582225056356,0.5371090629892,0.886647226055785,-5.1505767081001,432,"432","Cofactors and Vitamins","Nicotinate and Nicotinamide Metabolism",4507,"NAMED","DFPAKSUCGFBDDF-UHFFFAOYSA-N","NC(C1=CN=CC=C1)=O","nicotinamide","nicotinamide","98-92-0",911,"HMDB0001406","C00153",936,NA,NA,NA,594,594,594,400,400,400,155332,155332,155332,"Pos Early","Pos Early","Pos Early",155332,594,400,"Pos Early"
-0.0746887481302985,0.0344840136580852,-0.607231393398609,0.543950600658543,0.886647226055785,-5.15535483601177,100005864,"100005864","Xenobiotics","Food Component/Plant",5297,"NAMED","HOVAGTYPODGVJG-ZFYZTMLRSA-N","O[C@H]1[C@@H]([C@H]([C@H](O[C@@H]1CO)OC)O)O","methyl glucopyranoside (alpha + beta)","methyl glucopyranoside (alpha + beta)",NA,NA,"HMDB0029965",NA,44523830367432096,NA,NA,NA,46144,46144,46144,209,209,209,144231,144231,144231,"Neg","Neg","Neg",144231,46144,209,"Neg"
-0.0330565886491979,-0.0438766547963846,-0.605548772104829,0.545066847517827,0.886647226055785,-5.15612394573933,100001132,"100001132","Peptide","Modified Peptides",1257,"NAMED","DTSWLLBBGHRXQH-XPUUQOCRSA-N","O=C1CC[C@@H](C(N[C@@H](C(C)C)C(O)=O)=O)N1","pyroglutamylvaline","pyroglutamylvaline","21282-10-0",134331,NA,NA,152416,NA,NA,NA,32394,32394,32394,209,209,209,125806,125806,125806,"Neg","Neg","Neg",125806,32394,209,"Neg"
0.0369451453337139,-0.062252371315465,0.604440719454297,0.545802549206691,0.886647226055785,-5.15662926228041,100001509,"100001509","Amino Acid","Leucine, Isoleucine and Valine Metabolism",404,"NAMED","IHCPDBBYTYJYIL-UHFFFAOYSA-N","CCC(C)C(OC(CC([O-])=O)C[N+](C)(C)C)=O","2-methylbutyrylcarnitine (C5)","2-methylbutyrylcarnitine (C5)","31023-25-3",4932320,"HMDB0000378",NA,6426901,NA,NA,NA,45095,45095,45095,400,400,400,157090,157090,157090,"Pos Early","Pos Early","Pos Early",157090,45095,400,"Pos Early"
-0.0994876429314783,-0.699851928322768,-0.602978439537733,0.546774198563432,0.886647226055785,-5.15729470647695,100001026,"100001026","Carbohydrate","Fructose, Mannose and Galactose Metabolism",1412,"NAMED","RGHNJXZEOKUKBD-MGCNEYSASA-N","O[C@H]([C@H]([C@H]([C@@H](CO)O)O)O)C(O)=O","galactonate","galactonate","299-28-5",114198,"HMDB0000565","C00880,C15930",12310779128869,NA,NA,NA,27719,27719,27719,305,305,305,152158,152158,152158,"Polar","Polar","Polar",152158,27719,305,"Polar"
0.0259835287235341,0.0430288879045915,0.595640782450687,0.551662822455653,0.886647226055785,-5.1606095800138,189,"189","Amino Acid","Lysine Metabolism",119,"NAMED","MXNRLFUSFKVQSK-UHFFFAOYSA-N","C[N+](C)(CCCCC(C([O-])=O)N)C","N6,N6,N6-trimethyllysine","N6,N6,N6-trimethyllysine","23284-33-5",140379,"HMDB0001325","C03793",440120,NA,NA,NA,1498,1498,1498,400,400,400,155380,155380,155380,"Pos Early","Pos Early","Pos Early",155380,1498,400,"Pos Early"
0.0866104409344384,0.400855040186239,0.589302610640262,0.555902814747526,0.886647226055785,-5.16344030731437,501,"501","Xenobiotics","Drug - Topical Agents",6173,"NAMED","YGSDEFSMJLZEOE-UHFFFAOYSA-N","OC1=C(C(O)=O)C=CC=C1","salicylate","salicylate","69-72-7",331,"HMDB0001895","C00805",338,NA,NA,NA,1515,1515,1515,305,305,305,164364,164364,164364,"Polar","Polar","Polar",164364,1515,305,"Polar"
-0.0941588926007728,-0.396174861875563,-0.581602703466617,0.561075116099969,0.886647226055785,-5.1668385305572,100001403,"100001403","Xenobiotics","Xanthine Metabolism",4808,"NAMED","POQOTWQIYYNXAT-UHFFFAOYSA-N","O=C(NC(N)=C1NC(C)=O)N(C)C1=O","5-acetylamino-6-amino-3-methyluracil","5-acetylamino-6-amino-3-methyluracil","1196153-01-1",79659,"HMDB0004400","C16366",88299,NA,NA,NA,34424,34424,34424,305,305,305,165245,165245,165245,"Polar","Polar","Polar",165245,34424,305,"Polar"
0.0316970372971318,-0.0716705099082531,0.575483885990625,0.565201927329208,0.886647226055785,-5.16950714604028,100001254,"100001254","Amino Acid","Tryptophan Metabolism",262,"NAMED","DZTHIGRZJZPRDV-LBPRGKRZSA-N","O=C(O)[C@@H](NC(C)=O)CC1=CNC2=C1C=CC=C2","N-acetyltryptophan","N-acetyltryptophan","1218-34-4",610602,"HMDB0013713","C03137",439917700653,NA,NA,NA,33959,33959,33959,209,209,209,126119,126119,126119,"Neg","Neg","Neg",126119,33959,209,"Neg"
-0.0566269783478264,-0.0863068592438955,-0.574558483823875,0.565827332407179,0.886647226055785,-5.16990829072812,100002544,"100002544","Amino Acid","Glutamate Metabolism",53,"NAMED","HBDWQSHEVMSFGY-SCQFTWEKSA-N","OC(C(O)=O)C[C@@H](C(O)=O)N","4-hydroxyglutamate","4-hydroxyglutamate","2485-33-8",388936,"HMDB0002273","C03079",439902,NA,NA,NA,40499,40499,40499,400,400,400,156749,156749,156749,"Pos Early","Pos Early","Pos Early",156749,40499,400,"Pos Early"
0.107886430947043,-0.240928665352385,0.572147638936483,0.567458192049689,0.886647226055785,-5.17095032018643,100015965,"100015965","Xenobiotics","Food Component/Plant",5296,"NAMED","WYUFTYLVLQZQNH-UHFFFAOYSA-N","CCOC1C(O)C(O)C(O)C(CO)O1","ethyl alpha-glucopyranoside","ethyl alpha-glucopyranoside","34625-23-5",378664,"HMDB0242122",NA,11127487,NA,NA,NA,63152,63152,63152,400,400,400,221889,221889,221889,"Pos Early","Pos Early","Pos Early",221889,63152,400,"Pos Early"
0.0332821186538539,-0.010726027307808,0.57043268493908,0.568619675980578,0.886647226055785,-5.17168890463841,100002500,"100002500","Amino Acid","Histidine Metabolism",84,"NAMED","NRXIKWMTVXPVEF-BYPYZUCNSA-N","OC([C@@H](NC=N)CCC(O)=O)=O","formiminoglutamate","formiminoglutamate","816-90-0",388370,"HMDB0000854","C00439",439233,NA,NA,NA,43493,43493,43493,400,400,400,157017,157017,157017,"Pos Early","Pos Early","Pos Early",157017,43493,400,"Pos Early"
0.0943572869339674,0.163792398326412,0.569076212722159,0.569539177877167,0.886647226055785,-5.1722715325845,1869,"1869","Xenobiotics","Benzoate Metabolism",4670,"NAMED","ONJSZLXSECQROL-UHFFFAOYSA-N","O=C(C1=CC=CC=C1O)NCC(O)=O","2-hydroxyhippurate (salicylurate)","2-hydroxyhippurate (salicylurate)","487-54-7",9835,"HMDB0000840","C07588",10253,NA,NA,NA,18281,18281,18281,209,209,209,124655,124655,124655,"Neg","Neg","Neg",124655,18281,209,"Neg"
-0.0471330962338966,-0.207545561124044,-0.56713680685112,0.570855063350985,0.886647226055785,-5.17310213467524,100000015,"100000015","Amino Acid","Tryptophan Metabolism",285,"NAMED","FBZONXHGGPHHIY-UHFFFAOYSA-N","OC1=C2C(C(O)=CC(C(O)=O)=N2)=CC=C1","xanthurenate","xanthurenate","59-007",5497,"HMDB0000881","C02470",5699,NA,NA,NA,15679,15679,15679,400,400,209,155571,155571,123267,"Pos Early","Pos Early","Neg",155571,15679,400,"Pos Early"
-0.0908409965788215,-0.396193642509725,-0.552611468944658,0.580756358419633,0.892714702205798,-5.17923298032796,100001397,"100001397","Xenobiotics","Xanthine Metabolism",4804,"NAMED","BYXCFUMGEBZDDI-UHFFFAOYSA-N","CN(C(N1C)=O)C(NC2=O)=C(N2C)C1=O","1,3,7-trimethylurate","1,3,7-trimethylurate","5415-44-1",71754,"HMDB0002123","C16361",79437,NA,NA,NA,34404,34404,34404,209,209,209,126930,126930,126930,"Neg","Neg","Neg",126930,34404,209,"Neg"
-0.0383998940621925,-0.0802897099257073,-0.551979986733929,0.581188635326848,0.892714702205798,-5.17949591325179,100022003,"100022003","Partially Characterized Molecules","Partially Characterized Molecules",6751,"NAMED",NA,NA,"bilirubin degradation product, C16H18N2O5 (1)**","bilirubin degradation product, C16H18N2O5 (1)**",NA,NA,NA,NA,NA,NA,NA,NA,64403,64403,64403,209,209,209,237531,237531,237531,"Neg","Neg","Neg",237531,64403,209,"Neg"
-0.110881877327805,-0.588874964682152,-0.539069060028311,0.590059633050104,0.892714702205798,-5.18480587279329,849,"849","Xenobiotics","Xanthine Metabolism",4795,"NAMED","RYYVLZVUVIJVGH-UHFFFAOYSA-N","O=C(N(C)C1=C2N(C)C=N1)N(C)C2=O","caffeine","caffeine","58-08-2",2424,"HMDB0001847","C07481",2519,NA,NA,NA,569,569,569,400,400,400,155325,155325,155325,"Pos Early","Pos Early","Pos Early",155325,569,400,"Pos Early"
0.066595758540043,-0.259629532617251,0.537530343502488,0.591121031184587,0.892714702205798,-5.18543034067139,100020492,"100020492","Xenobiotics","Food Component/Plant",5216,"NAMED",NA,NA,"glucuronide of piperine metabolite C17H21NO3 (4)*","glucuronide of piperine metabolite C17H21NO3 (4)*",NA,NA,NA,NA,NA,NA,NA,NA,62291,62291,62291,209,209,209,219264,219264,219264,"Neg","Neg","Neg",219264,62291,209,"Neg"
-0.0849861852535577,-0.394003202548702,-0.533395309583794,0.593977706692796,0.892714702205798,-5.18709965751195,100020536,"100020536","Xenobiotics","Benzoate Metabolism",4709,"NAMED","KHZCNGJFSKSSIJ-UHFFFAOYSA-N","OC1=CC=C(CC)C=C1OS(=O)(O)=O","4-ethylcatechol sulfate","4-ethylcatechol sulfate",NA,NA,NA,NA,NA,NA,NA,NA,63072,63072,63072,209,209,209,221702,221702,221702,"Neg","Neg","Neg",221702,63072,209,"Neg"
-0.100518234995672,0.0308526373374189,-0.529537520472604,0.596648544119343,0.892714702205798,-5.1886454419178,100003432,"100003432","Xenobiotics","Food Component/Plant",5085,"NAMED","BOLQJTPHPSDZHR-UHFFFAOYSA-N","O=C(CCC1=CC=C(O)C(OC)=C1)O","dihydroferulate","dihydroferulate","1135-23-5",13701,"HMDB0062121",NA,14340,NA,NA,NA,40481,40481,40481,209,209,209,143017,143017,143017,"Neg","Neg","Neg",143017,40481,209,"Neg"
0.0256228454640632,0.158746941666284,0.526521607759183,0.598740341246477,0.892714702205798,-5.18984608865106,100001266,"100001266","Amino Acid","Urea cycle; Arginine and Proline Metabolism",508,"NAMED","SNEIUMQYRCDYCH-LURJTMIESA-N","O=C(O)[C@@H](NC(C)=O)CCCNC(N)=N","N-acetylarginine","N-acetylarginine","155-84-0",60752,"HMDB0004620","C02562",67427,NA,NA,NA,33953,33953,33953,400,400,400,156051,156051,156051,"Pos Early","Pos Early","Pos Early",156051,33953,400,"Pos Early"
-0.0245463321790258,0.0132560614298514,-0.524894102266722,0.599870541213746,0.892714702205798,-5.1904911597732,100001541,"100001541","Amino Acid","Leucine, Isoleucine and Valine Metabolism",402,"NAMED","RILPIWOPNGRASR-UHFFFAOYSA-N","O=C(C(C(CC)C)O)O","2-hydroxy-3-methylvalerate","2-hydroxy-3-methylvalerate","488-15-3",144317,"HMDB0000317",NA,164623,NA,NA,NA,36746,36746,36746,209,209,209,128281,128281,128281,"Neg","Neg","Neg",128281,36746,209,"Neg"
0.0944350878860163,-0.487018154862725,0.521433821244685,0.602276699775829,0.892714702205798,-5.19185603362408,923,"923","Nucleotide","Pyrimidine Metabolism, Orotate containing",4409,"NAMED","UFIVEPVSAGBUSI-UHFFFAOYSA-N","O=C(C(NC1=O)CC(N1)=O)O","dihydroorotate","dihydroorotate","155-54-4",628,"HMDB0000528,HMDB0003349","C00337",648,NA,NA,NA,601,601,601,305,305,305,145712,145712,145712,"Polar","Polar","Polar",145712,601,305,"Polar"
0.0444874875818575,-0.0444622464327541,0.504481280279361,0.614127384296451,0.898080926183728,-5.19841250246334,100003434,"100003434","Amino Acid","Histidine Metabolism",83,"NAMED","ZCKYOWGFRHAZIQ-UHFFFAOYSA-N","OC(CCC1=CN=CN1)=O","imidazole propionate","imidazole propionate","1074-59-5",63798,"HMDB0002271",NA,70630,NA,NA,NA,40730,40730,40730,400,400,400,156802,156802,156802,"Pos Early","Pos Early","Pos Early",156802,40730,400,"Pos Early"
0.0217697504069004,-0.0588936292507318,0.501349262973246,0.616328053521217,0.898080926183728,-5.19960013739875,100000282,"100000282","Amino Acid","Glutamate Metabolism",49,"NAMED","RFMMMVDNIPUKGG-YFKPBYRVSA-N","O=C(O)CC[C@@H](C(O)=O)NC(C)=O","N-acetylglutamate","N-acetylglutamate","1430871",1266066,"HMDB0001138","C00624",70914,NA,NA,NA,15720,15720,15720,305,400,305,164302,155584,164302,"Polar","Pos Early","Polar",164302,15720,305,"Polar"
-0.0805087597640954,-0.572471652656009,-0.496452491277779,0.619775636907186,0.898080926183728,-5.20144214792468,100001405,"100001405","Xenobiotics","Xanthine Metabolism",4805,"NAMED","MVOYJPOZRLFTCP-UHFFFAOYSA-N","O=C(N1C)NC2=C(NC=N2)C1=O","1-methylxanthine","1-methylxanthine","6136-37-4",72464,"HMDB0010738","C16358",80220,NA,NA,NA,34389,34389,34389,209,209,209,126906,126906,126906,"Neg","Neg","Neg",126906,34389,209,"Neg"
-0.0396590968292448,0.224396272355199,-0.496393705522271,0.619817076322549,0.898080926183728,-5.20146415156451,100001740,"100001740","Carbohydrate","Fructose, Mannose and Galactose Metabolism",1391,"NAMED","FBPFZTCFMRRESA-UHFFFAOYSA-N","OCC(O)C(O)C(O)C(O)CO","mannitol/sorbitol","mannitol/sorbitol",NA,440,"HMDB0000247,HMDB0000765","C00392,C00794",57806251,NA,NA,NA,46142,46142,46142,305,305,305,146560,146560,146560,"Polar","Polar","Polar",146560,46142,305,"Polar"
0.0341390032263651,-0.159251101634244,0.490425835772474,0.624030245956132,0.898080926183728,-5.20368439442319,100001103,"100001103","Amino Acid","Glutamate Metabolism",56,"NAMED","ZGEYCCHDTIDZAE-UHFFFAOYSA-N","O=C(CCC(C(O)=O)N)OC","glutamate, gamma-methyl ester","glutamate, gamma-methyl ester","1499-55-4,1499-55-4",66546,"HMDB0061715",NA,68662,NA,NA,NA,33487,33487,33487,400,400,400,156024,156024,156024,"Pos Early","Pos Early","Pos Early",156024,33487,400,"Pos Early"
-0.0744579082394587,-0.115845014376702,-0.48997252237487,0.624350780874304,0.898080926183728,-5.20385194567802,100001296,"100001296","Xenobiotics","Food Component/Plant",5270,"NAMED","CMUNUTVVOOHQPW-LURJTMIESA-N","C[N+]1(C)[C@H]([C@@]([O-])=O)CCC1","stachydrine","stachydrine","4136-37-2",103115,"HMDB0004827","C10172",115244,NA,NA,NA,34384,34384,34384,400,400,400,156088,156088,156088,"Pos Early","Pos Early","Pos Early",156088,34384,400,"Pos Early"
-0.0501729376050906,-0.173045168398342,-0.467318605592242,0.640458981362974,0.903617078044383,-5.21202802122331,100021478,"100021478","Amino Acid","Histidine Metabolism",96,"NAMED","MXETUSMIYKMMAT-UHFFFAOYSA-N","CN1C=NC=C1CC(O)C(O)=O","1-methyl-5-imidazolelactate","1-methyl-5-imidazolelactate","2022510-60-5",65563369,NA,NA,NA,NA,NA,NA,64596,64596,64596,209,209,209,238814,238814,238814,"Neg","Neg","Neg",238814,64596,209,"Neg"
0.0928885217617778,-0.324725715860985,0.46270579968004,0.643760193252979,0.903617078044383,-5.2136454680284,100006374,"100006374","Xenobiotics","Chemical",6433,"NAMED","NGVLEQPKHLWZLN-UHFFFAOYSA-N","OC1=C(O)C(OS(=O)(O)=O)=CC=C1","1,2,3-benzenetriol sulfate (2)","1,2,3-benzenetriol sulfate (2)",NA,NA,"HMDB0060018,HMDB0060016",NA,9201366254110620,NA,NA,NA,48762,48762,48762,209,209,209,155125,155125,155125,"Neg","Neg","Neg",155125,48762,209,"Neg"
-0.0242807779946737,0.00341815159661837,-0.462610706537795,0.643828322342441,0.903617078044383,-5.2136786431226,100001300,"100001300","Amino Acid","Leucine, Isoleucine and Valine Metabolism",431,"NAMED","NGEWQZIDQIYUNV-UHFFFAOYSA-N","OC(C(O)=O)C(C)C","alpha-hydroxyisovalerate","alpha-hydroxyisovalerate","600-37-3",90190,"HMDB0000407",NA,99823,NA,NA,NA,33937,46537,33937,209,305,209,126093,146562,126093,"Neg","Polar","Neg",146562,46537,305,"Polar"
0.0288832484537536,0.0622307817151551,0.462284836855196,0.644061813095536,0.903617078044383,-5.21379227743669,100001055,"100001055","Amino Acid","Leucine, Isoleucine and Valine Metabolism",433,"NAMED","LRCNOZRCYBNMEP-VIFPVBQESA-N","CC(C)C(O[C@@H](CC([O-])=O)C[N+](C)(C)C)=O","isobutyrylcarnitine (C4)","isobutyrylcarnitine (C4)","25518-49-4",NA,"HMDB0000736",NA,168379,NA,NA,NA,33441,33441,33441,400,400,400,156017,156017,156017,"Pos Early","Pos Early","Pos Early",156017,33441,400,"Pos Early"
0.0278298115423381,-0.0986276726616044,0.460088177963767,0.645636671869192,0.903617078044383,-5.21455618923802,100022006,"100022006","Partially Characterized Molecules","Partially Characterized Molecules",6754,"NAMED",NA,NA,"bilirubin degradation product, C17H18N2O4 (2)**","bilirubin degradation product, C17H18N2O4 (2)**",NA,NA,NA,NA,NA,NA,NA,NA,64407,64407,64407,209,209,209,237539,237539,237539,"Neg","Neg","Neg",237539,64407,209,"Neg"
0.0369860517147697,-0.10264148623734,0.458512908025187,0.646767018189301,0.903617078044383,-5.21510176827533,100002514,"100002514","Amino Acid","Histidine Metabolism",80,"NAMED","VWFWNXQAMGDPGG-UHFFFAOYSA-N","O=C1NC(C(CCC(O)=O)N1)=O","hydantoin-5-propionate","hydantoin-5-propionate","5624-26-0",761,"HMDB0001212","C05565",782,NA,NA,NA,40473,40473,40473,305,305,305,152212,152212,152212,"Polar","Polar","Polar",152212,40473,305,"Polar"
-0.0405741225699896,-0.0637684242076645,-0.445846059607878,0.655885747575655,0.911993515676625,-5.2194208515249,913,"913","Carbohydrate","Glycogen Metabolism",1339,"NAMED","GUBGYTABKSRVRQ-ASMJPISFSA-N","O[C@@H]1[C@H]([C@H](O[C@@H]([C@H]1O)CO)O[C@H]2[C@@H]([C@H]([C@H](O[C@@H]2CO)O)O)O)O","maltose","maltose","6363-53-7",388469,"HMDB0000163","C00208",10991489,NA,NA,NA,15586,15586,15586,305,305,305,146486,146486,146486,"Polar","Polar","Polar",146486,15586,305,"Polar"
-0.0212062161093761,-0.0337187669099444,-0.436674968156121,0.66252026508151,0.915133898812122,-5.22247252428459,111,"111","Amino Acid","Leucine, Isoleucine and Valine Metabolism",435,"NAMED","DBXBTMSZEOQQDU-UHFFFAOYSA-N","CC(C(O)=O)CO","3-hydroxyisobutyrate","3-hydroxyisobutyrate","2068-83-9",10140307,"HMDB0000023,HMDB0000336","C01188,C06001",11966314,NA,NA,NA,1549,1549,1549,305,305,305,147711,147711,147711,"Polar","Polar","Polar",147711,1549,305,"Polar"
0.0232457654521746,-0.0859792779544446,0.434066335759017,0.664412282699212,0.915133898812122,-5.22332896845842,100001612,"100001612","Amino Acid","Glutamate Metabolism",57,"NAMED","OPVPGKGADVGKTG-UHFFFAOYSA-N","CC(NC(C(NC(CCC(O)=O)C(O)=O)=O)CC(O)=O)=O","N-acetyl-aspartyl-glutamate (NAAG)","N-acetyl-aspartyl-glutamate (NAAG)","3106-85-2",5065,"HMDB0001067","C12270",188803,NA,NA,NA,35665,35665,35665,400,400,400,156223,156223,156223,"Pos Early","Pos Early","Pos Early",156223,35665,400,"Pos Early"
-0.0483687451529291,0.0136958340279871,-0.415064187663024,0.678258478643119,0.928388033574468,-5.22941288623171,100004243,"100004243","Cofactors and Vitamins","Tocopherol Metabolism",4573,"NAMED","NOZSTAZEOBPSBY-UHFFFAOYSA-N","OC(C1C(O)C(O)C(O)C(OC2=C(C)C(C)=C(OC(C)(CCC(O)=O)CC3)C3=C2)O1)=O","gamma-CEHC glucuronide*","gamma-CEHC glucuronide*",NA,NA,"HMDB0242175",NA,121596235,NA,NA,NA,42381,42381,42381,209,209,209,144301,144301,144301,"Neg","Neg","Neg",144301,42381,209,"Neg"
-0.045005688641683,-0.209408200497269,-0.399166819279066,0.68992686277268,0.928388033574468,-5.23429371444761,100020497,"100020497","Xenobiotics","Food Component/Plant",5225,"NAMED",NA,NA,"sulfate of piperine metabolite C16H19NO3 (3)*","sulfate of piperine metabolite C16H19NO3 (3)*",NA,NA,NA,NA,NA,NA,NA,NA,62296,62296,62296,209,209,209,219275,219275,219275,"Neg","Neg","Neg",219275,62296,209,"Neg"
-0.0354379959202802,-0.125587376369623,-0.392596830673444,0.694770984784282,0.928388033574468,-5.23625522138602,100004561,"100004561","Amino Acid","Tryptophan Metabolism",281,"NAMED","LLLPDUXGHXIXIW-UHFFFAOYSA-N","OC(C1=CC=CC=C1N([H])C=O)=O","N-formylanthranilic acid","N-formylanthranilic acid","3342-77-6",91624,"HMDB0004089","C05653",101399,NA,NA,NA,43549,43549,43549,209,209,209,212072,212072,212072,"Neg","Neg","Neg",212072,43549,209,"Neg"
-0.0346725436339947,0.0107122311175316,-0.392490861044266,0.694849220470111,0.928388033574468,-5.23628659264039,100001423,"100001423","Xenobiotics","Benzoate Metabolism",4674,"NAMED","ZMHLUFWWWPBTIU-UHFFFAOYSA-N","O=C(NCC(O)=O)C1=CC=C(O)C=C1","4-hydroxyhippurate","4-hydroxyhippurate","2482-25-9",133104,"HMDB0013678",NA,151012,NA,NA,NA,35527,35527,35527,209,209,209,127577,127577,127577,"Neg","Neg","Neg",127577,35527,209,"Neg"
0.0507489258765775,0.0335477115088777,0.387831004253592,0.698292730492094,0.928388033574468,-5.23765772852771,100002417,"100002417","Xenobiotics","Food Component/Plant",4978,"NAMED","JTEYKUFKXGDTEU-UHFFFAOYSA-N","OC(C(O)C(C)(O)C)=O","2,3-dihydroxyisovalerate","2,3-dihydroxyisovalerate","1756-18-9",657,"HMDB0012141","C04039",677,NA,NA,NA,38276,38276,38276,305,305,305,152194,152194,152194,"Polar","Polar","Polar",152194,38276,305,"Polar"
0.02523040854662,-0.128949904878945,0.38651059908278,0.699269611827159,0.928388033574468,-5.23804327459593,100002462,"100002462","Amino Acid","Lysine Metabolism",123,"NAMED","OWGKYELXGFKIHH-MYLOADSESA-N","O[C@@H]1[C@@H](O)[C@@H](O)[C@@H](CO)OC1OC(CCC(N)C(O)=O)CN","5-(galactosylhydroxy)-lysine","5-(galactosylhydroxy)-lysine","32448-36-5",NA,"HMDB0242167",NA,66995551,NA,NA,NA,43582,43582,43582,400,400,400,208402,208402,208402,"Pos Early","Pos Early","Pos Early",208402,43582,400,"Pos Early"
0.0183035024456765,0.0563603092518357,0.385886428155724,0.699731568972009,0.928388033574468,-5.23822506934986,1001,"1001","Amino Acid","Urea cycle; Arginine and Proline Metabolism",522,"NAMED","PMMYEEVYMWASQN-DMTCNVIQSA-N","O[C@@H]1C[C@@H](C(O)=O)NC1","trans-4-hydroxyproline","hydroxyproline","51-35-4",5605,"HMDB0000725","C01157",5810,NA,NA,NA,32306,32306,32306,400,400,400,155905,155905,155905,"Pos Early","Pos Early","Pos Early",155905,32306,400,"Pos Early"
-0.0367554560077012,-0.22600343928143,-0.383583441930522,0.701437002560352,0.928388033574468,-5.23889329216175,100004111,"100004111","Xenobiotics","Benzoate Metabolism",4710,"NAMED","NCOMUGOPQPRVSE-UHFFFAOYSA-N","OC1=CC(C)=CC=C1OS(O)(=O)=O","4-methylcatechol sulfate","4-methylcatechol sulfate",NA,NA,"HMDB0240459",NA,54104170,NA,NA,NA,46146,46146,46146,209,209,209,144253,144253,144253,"Neg","Neg","Neg",144253,46146,209,"Neg"
-0.0575421260981968,-0.334212509679448,-0.381946878249358,0.702649847328621,0.928388033574468,-5.23936571963818,100001086,"100001086","Xenobiotics","Food Component/Plant",5174,"NAMED","KSPQDMRTZZYQLM-UHFFFAOYSA-N","O=C(NCC(O)=O)C1=CC=CO1","N-(2-furoyl)glycine","N-(2-furoyl)glycine","5657-19-2,5657-19-2",20549,"HMDB0000439",NA,21863,NA,NA,NA,31536,31536,31536,209,209,209,125774,125774,125774,"Neg","Neg","Neg",125774,31536,209,"Neg"
-0.0338001964710346,0.0727132679577091,-0.367578641183671,0.713330334180488,0.936691888369091,-5.24342674527855,100021530,"100021530","Amino Acid","Methionine, Cysteine, SAM and Taurine Metabolism",468,"NAMED","CAMXXPUSAROUCX-BYPYZUCNSA-N","SC[C@@H](C(O)=O)NCCC(O)=O","S-carboxyethylcysteine","S-carboxyethylcysteine","4033-46-9",19955529,"HMDB0246645",NA,NA,NA,NA,NA,64177,64177,64177,400,400,400,236998,236998,236998,"Pos Early","Pos Early","Pos Early",236998,64177,400,"Pos Early"
0.0705486669068041,-0.22267347156108,0.364869822819921,0.715350312007902,0.936691888369091,-5.24417493049655,100005389,"100005389","Xenobiotics","Food Component/Plant",5107,"NAMED","PZPATWACAAOHTJ-HWKANZROSA-N","COC1=C(OS(O)(=O)=O)C=CC(/C=C/C(O)=O)=C1","ferulic acid 4-sulfate","ferulic acid 4-sulfate","86321-29-1",4878542,"HMDB0029200",NA,6305574,NA,NA,NA,47114,47114,47114,209,209,209,149387,149387,149387,"Neg","Neg","Neg",149387,47114,209,"Neg"
0.0353853797027647,-0.159245297655451,0.352986983561089,0.724234863256192,0.941491570606684,-5.24739166665334,100022008,"100022008","Partially Characterized Molecules","Partially Characterized Molecules",6756,"NAMED",NA,NA,"bilirubin degradation product, C17H20N2O5 (1)**","bilirubin degradation product, C17H20N2O5 (1)**",NA,NA,NA,NA,NA,NA,NA,NA,64405,64405,64405,209,209,209,237535,237535,237535,"Neg","Neg","Neg",237535,64405,209,"Neg"
-0.047731885454432,-0.383769072697685,-0.351346482250396,0.72546439515926,0.941491570606684,-5.2478273963092,100001106,"100001106","Xenobiotics","Xanthine Metabolism",4801,"NAMED","OTSBKHHWSQYEHK-UHFFFAOYSA-N","CN1C(N(C(N2)=C(C1=O)NC2=O)C)=O","1,3-dimethylurate","1,3-dimethylurate","944-73-0",63527,"HMDB0001857",NA,70346,NA,NA,NA,32391,32391,32391,209,209,209,125804,125804,125804,"Neg","Neg","Neg",125804,32391,209,"Neg"
-0.0183906701020041,0.072833328757607,-0.340514452576497,0.733600529538915,0.944590075778858,-5.25065354603312,537,"537","Amino Acid","Histidine Metabolism",81,"NAMED","LOIYMIARKYCTBW-OWOJBTEDSA-N","O=C(O)/C=C/C1=CNC=N1","trans-urocanate","trans-urocanate","104-98-3",643824,"HMDB0000301","C00785",736715,NA,NA,NA,607,607,607,400,400,400,155340,155340,155340,"Pos Early","Pos Early","Pos Early",155340,607,400,"Pos Early"
-0.0321821651019976,-0.20759585431883,-0.33955622085756,0.734321736992468,0.944590075778858,-5.250899296956,100002241,"100002241","Xenobiotics","Xanthine Metabolism",4800,"NAMED","YHNNPKUFPWLTOP-UHFFFAOYSA-N","CN(C1=C(N2)NC(NC1=O)=O)C2=O","7-methylurate","7-methylurate","612-37-3",62375,"HMDB0011107","C16355",69160,NA,NA,NA,39598,39598,39598,400,400,400,156601,156601,156601,"Pos Early","Pos Early","Pos Early",156601,39598,400,"Pos Early"
0.0256266782552646,-0.184757167205775,0.331080164269978,0.740711360534402,0.948160427817886,-5.2530429509079,100003674,"100003674","Peptide","Dipeptide",968,"NAMED","RNKSNIBMTUYWSH-YFKPBYRVSA-N","O=[C@]([C@H]1NCCC1)NCC(O)=O","prolylglycine","prolylglycine","2578-57-6",4932143,"HMDB0011178",NA,6426709,NA,NA,NA,40703,40703,40703,400,400,400,156791,156791,156791,"Pos Early","Pos Early","Pos Early",156791,40703,400,"Pos Early"
-0.0189939896850482,0.0402334628089215,-0.327267281644722,0.743591568391424,0.948160427817886,-5.25398959425407,100001253,"100001253","Amino Acid","Glutamate Metabolism",50,"NAMED","KSMRODHGGIIXDV-YFKPBYRVSA-N","OC([C@H](CCC(N)=O)NC(C)=O)=O","N-acetylglutamine","N-acetylglutamine","2490-97-3",158492,"HMDB0006029","C02716",182230,NA,NA,NA,33943,33943,33943,305,305,305,146952,146952,146952,"Polar","Polar","Polar",146952,33943,305,"Polar"
-0.0230542338741073,-0.129201220017608,-0.312566301370082,0.754729904070852,0.951071578834131,-5.25753688714706,100003200,"100003200","Peptide","Dipeptide",950,"NAMED","RFCVXVPWSPOMFJ-UHFFFAOYSA-N","O=C(C(CC(C)C)NC(C(CC1=CC=CC=C1)N)=O)O","phenylalanylleucine","phenylalanylleucine","3303-55-7",3293068,"HMDB0253025",NA,76808,NA,NA,NA,40192,40192,40192,209,209,209,143873,143873,143873,"Neg","Neg","Neg",143873,40192,209,"Neg"
-0.040639167913007,0.0591385443114097,-0.310996996383424,0.755921976357868,0.951071578834131,-5.25790592999087,100000042,"100000042","Amino Acid","Histidine Metabolism",75,"NAMED","JDHILDINMRGULE-LURJTMIESA-N","N[C@H](C(O)=O)CC1=CN=CN1C","3-methylhistidine","3-methylhistidine","368-16-1",58494,"HMDB0000479","C01152",64969,NA,NA,NA,15677,15677,15677,209,209,209,123265,123265,123265,"Neg","Neg","Neg",123265,15677,209,"Neg"
-0.0197915087404657,-0.103401819319474,-0.309175353269032,0.757306460070253,0.951071578834131,-5.25833198495808,100020409,"100020409","Cofactors and Vitamins","Ascorbate and Aldarate Metabolism",4553,"NAMED","FBFZPSQPKNIVMT-ZAFYKAAXSA-N","O=C1O[C@@]([C@@H](O)CO)([H])C(OS(=O)(O)=O)=C1O","ascorbic acid 3-sulfate*","ascorbic acid 3-sulfate*",NA,9600241,"HMDB0240641",NA,11425365,NA,NA,NA,63687,63687,63687,305,305,305,223113,223113,223113,"Polar","Polar","Polar",223113,63687,305,"Polar"
-0.0362267403538068,-0.500270782621545,-0.306664480301509,0.759216051414997,0.951071578834131,-5.25891513966522,100000447,"100000447","Amino Acid","Tyrosine Metabolism",225,"NAMED","WXTMDXOMEHJXQO-UHFFFAOYSA-N","O=C(O)C1=CC(O)=CC=C1O","gentisate","gentisate","490-79-9",3350,"HMDB0000152","C00628",3469,NA,NA,NA,18280,18280,18280,209,305,209,123281,152144,123281,"Neg","Polar","Neg",152144,18280,305,"Polar"
0.0598611882376762,-0.724320234351171,0.296048681075672,0.767305826254905,0.951071578834131,-5.26132814671887,100002253,"100002253","Xenobiotics","Food Component/Plant",5059,"NAMED","YAADMLWHGMUGQL-VOTSOKGWSA-N","O=C(NCC(O)=O)/C=C/C1=CC=CC=C1","cinnamoylglycine","cinnamoylglycine","16534-24-0",618829,"HMDB0011621",NA,709625,NA,NA,NA,38637,38637,38637,209,209,209,141886,141886,141886,"Neg","Neg","Neg",141886,38637,209,"Neg"
0.0334263309168129,0.164603673532721,0.289769298626622,0.77210309231187,0.951071578834131,-5.26271547699486,100006092,"100006092","Amino Acid","Tyrosine Metabolism",232,"NAMED","DYDUXGMDSXJQFT-UHFFFAOYSA-N","NCCC1=CC=C(OS(O)(=O)=O)C=C1","tyramine O-sulfate","tyramine O-sulfate","30223-92-8",134849,"HMDB0006409",NA,153005,NA,NA,NA,48408,48408,48408,209,209,209,155063,155063,155063,"Neg","Neg","Neg",155063,48408,209,"Neg"
0.0323097185639539,-0.340484226345835,0.286016791246847,0.774974087848679,0.951071578834131,-5.26353034236354,100001452,"100001452","Amino Acid","Leucine, Isoleucine and Valine Metabolism",360,"NAMED","ZRQXMKMBBMNNQC-UHFFFAOYSA-N","O=C(O)CNC(CC(C)C)=O","isovalerylglycine","isovalerylglycine","16284-60-9",475516,"HMDB0000678",NA,546304,NA,NA,NA,35107,35107,35107,209,209,209,126956,126956,126956,"Neg","Neg","Neg",126956,35107,209,"Neg"
0.0188165100784328,-0.0769873191949422,0.285352244688038,0.775482846889604,0.951071578834131,-5.26367354351674,1053,"1053","Nucleotide","Pyrimidine Metabolism, Uracil containing",4441,"NAMED","JSJWCHRYRHKBBW-UHFFFAOYSA-N","OC(CCNC(N)=O)=O","3-ureidopropionate","3-ureidopropionate","462-88-4",109,"HMDB0000026","C02642",111,NA,NA,NA,3155,3155,3155,400,400,400,155489,155489,155489,"Pos Early","Pos Early","Pos Early",155489,3155,400,"Pos Early"
-0.0167316933234279,-0.0195763812821126,-0.282608868718451,0.777584122774865,0.951071578834131,-5.26426118073849,100002154,"100002154","Xenobiotics","Food Component/Plant",5099,"NAMED","SSISHJJTAXXQAX-UHFFFAOYSA-N","S=C1NC(CC(C([O-])=O)[N+](C)(C)C)=CN1","ergothioneine","ergothioneine","58511-63-0",2297320,"HMDB0003045","C05570",5351619,NA,NA,NA,37459,37459,37459,400,400,400,156384,156384,156384,"Pos Early","Pos Early","Pos Early",156384,37459,400,"Pos Early"
-0.0290542817663025,-0.294064093942932,-0.280651329314443,0.779084489741045,0.951071578834131,-5.26467702074089,100000014,"100000014","Xenobiotics","Benzoate Metabolism",4666,"NAMED","QIAFMBKCNZACKA-UHFFFAOYSA-N","O=C(C1=CC=CC=C1)NCC(O)=O","hippurate","hippurate","495-69-2",451,"HMDB0000714","C01586",464,NA,NA,NA,15753,15753,15753,209,209,209,124647,124647,124647,"Neg","Neg","Neg",124647,15753,209,"Neg"
0.0470932315652126,0.28094232030673,0.275303675082506,0.783187423359716,0.951071578834131,-5.26579829455139,100006282,"100006282","Xenobiotics","Food Component/Plant",5326,"NAMED","LJOOSFYJELZGMR-UHFFFAOYSA-N","O=C1C=CC2=CC=C(OS(=O)(O)=O)C=C2O1","umbelliferone sulfate","umbelliferone sulfate","69526-88-1",114800,"HMDB0240565",NA,129659,NA,NA,NA,48674,48674,48674,209,209,209,155105,155105,155105,"Neg","Neg","Neg",155105,48674,209,"Neg"
0.0110225832209819,-0.00432002168407288,0.268110706291976,0.788715686013646,0.951071578834131,-5.26727247770073,512,"512","Amino Acid","Methionine, Cysteine, SAM and Taurine Metabolism",479,"NAMED","XOAAWQZATWQOTB-UHFFFAOYSA-N","NCCS(=O)(O)=O","taurine","taurine","107-35-7",1091,"HMDB0000251","C00245",1123,NA,NA,NA,2125,2125,2125,400,400,400,155458,155458,155458,"Pos Early","Pos Early","Pos Early",155458,2125,400,"Pos Early"
-0.0131611541085732,-0.108471299308736,-0.259852160506216,0.795076079882674,0.951071578834131,-5.26891693731236,100022120,"100022120","Amino Acid","Tryptophan Metabolism",270,"NAMED","YLEQTOAIAOPFBY-UHFFFAOYSA-N","OC(C(N)(C)N(C1=C(C2)C=CC=C1)C2=O)=O","oxindolylalanine","oxindolylalanine",NA,NA,NA,NA,20977764,NA,NA,NA,64568,64568,64568,400,400,400,238235,238235,238235,"Pos Early","Pos Early","Pos Early",238235,64568,400,"Pos Early"
-0.0139475699753958,-0.0677229736250396,-0.259150792229732,0.795616881286438,0.951071578834131,-5.26905422593559,100008928,"100008928","Amino Acid","Glutathione Metabolism",592,"NAMED","AFENDNXGAFYKQO-UHFFFAOYSA-N","CCC(O)C(O)=O","2-hydroxybutyrate/2-hydroxyisobutyrate","2-hydroxybutyrate/2-hydroxyisobutyrate",NA,NA,"HMDB0000729,HMDB00008","C21297,C05984",4408644277439,NA,NA,NA,52281,52281,52281,305,305,305,164309,164309,164309,"Polar","Polar","Polar",164309,52281,305,"Polar"
-0.0180791593671442,-0.193251851471943,-0.258088364843584,0.796436270663127,0.951071578834131,-5.26926148317492,100001417,"100001417","Peptide","Acetylated Peptides",1226,"NAMED","JFLIEFSWGNOPJJ-JTQLQIEISA-N","O=C(CC1=CC=CC=C1)N[C@@H](CCC(N)=O)C(O)=O","phenylacetylglutamine","phenylacetylglutamine","28047-15-6",270643,"HMDB0006344","C04148",92258,NA,NA,NA,35126,35126,35126,400,209,209,156145,126960,126960,"Pos Early","Neg","Neg",156145,35126,400,"Pos Early"
-0.0276372603022371,-0.338080783285796,-0.252202576537598,0.80097969591935,0.951071578834131,-5.27039425730153,100021220,"100021220","Amino Acid","Methionine, Cysteine, SAM and Taurine Metabolism",484,"NAMED","SBQWITJAJITAMM-UHFFFAOYSA-N","OC(CCC(NCCS(=O)(O)=O)=O)=O","succinoyltaurine","succinoyltaurine",NA,20509456,NA,NA,NA,NA,NA,NA,63678,63678,63678,305,305,305,223092,223092,223092,"Polar","Polar","Polar",223092,63678,305,"Polar"
-0.0128529593652635,-0.0954679625670985,-0.245518221584531,0.806147750894063,0.951071578834131,-5.27164904214991,100001295,"100001295","Peptide","Gamma-glutamyl Amino Acid",664,"NAMED","CATMPQFFVNKDEY-AAEUAGOBSA-N","O=C(O)[C@@H](N)CCC(N[C@@H](CC1=CNC2=C1C=CC=C2)C(O)=O)=O","gamma-glutamyltryptophan","gamma-glutamyltryptophan","66471-20-3",2302065,"HMDB0029160",NA,3989307,NA,NA,NA,33947,33947,33947,400,209,400,156045,126107,156045,"Pos Early","Neg","Pos Early",156045,33947,400,"Pos Early"
0.0252030914030047,-0.339130027303342,0.244689098494422,0.806789390306805,0.951071578834131,-5.27180233596485,100000008,"100000008","Xenobiotics","Benzoate Metabolism",4681,"NAMED","WPYMKLBDIGXBTP-UHFFFAOYSA-N","OC(C1=CC=CC=C1)=O","benzoate","benzoate","65-85-0",238,"HMDB0001870","C00180",243,NA,NA,NA,15778,15778,15778,209,209,209,124867,124867,124867,"Neg","Neg","Neg",124867,15778,209,"Neg"
-0.0128391608912375,-0.101608395450611,-0.241211664982543,0.809481912310942,0.951071578834131,-5.27243962036809,100001540,"100001540","Amino Acid","Glutamate Metabolism",72,"NAMED",NA,"O=C(C(CCC#N)N)O","2-amino-4-cyanobutanoate","2-amino-4-cyanobutanoate","2353-44-8",NA,NA,NA,NA,NA,NA,NA,46225,46225,46225,400,400,400,157124,157124,157124,"Pos Early","Pos Early","Pos Early",157124,46225,400,"Pos Early"
-0.0130264722877293,-0.117173989376754,-0.239231007901031,0.811016517567461,0.951071578834131,-5.27279852499115,100020208,"100020208","Xenobiotics","Chemical",6455,"NAMED","SNGREZUHAYWORS-UHFFFAOYSA-N","OC(C(F)(F)C(F)(F)C(F)(F)C(F)(F)C(F)(F)C(F)(F)C(F)(F)F)=O","perfluorooctanoate (PFOA)","perfluorooctanoate (PFOA)","335-67-1",9180,"HMDB59587",NA,9554,NA,NA,NA,62071,62071,62071,209,209,209,218880,218880,218880,"Neg","Neg","Neg",218880,62071,209,"Neg"
-0.0136598943636029,-0.0760722322186841,-0.220209867491853,0.825790284346219,0.956772819962855,-5.27609461596528,100000467,"100000467","Amino Acid","Tryptophan Metabolism",329,"NAMED","BXFFHSIDQOFMLE-UHFFFAOYSA-N","O=S(OC2=CNC1=CC=CC=C12)(O)=O","3-indoxyl sulfate","3-indoxyl sulfate","2642-37-7",9840,"HMDB0000682",NA,10258,NA,NA,NA,27672,27672,27672,209,209,209,123315,123315,123315,"Neg","Neg","Neg",123315,27672,209,"Neg"
0.0376979192684609,-0.217769644124611,0.216715160213876,0.828511538114716,0.956772819962855,-5.27667052758569,100004509,"100004509","Xenobiotics","Food Component/Plant",5251,"NAMED","ZFAHNWWNDFHPOH-UHFFFAOYSA-N","OC(C(CSCC=C)N)=O","S-allylcysteine","S-allylcysteine","21593-77-1",88744,"HMDB0034323",NA,98280,NA,NA,NA,43239,43239,43239,400,400,400,156985,156985,156985,"Pos Early","Pos Early","Pos Early",156985,43239,400,"Pos Early"
-0.0160676922553089,-0.219687850789273,-0.215910943323843,0.829138058079821,0.956772819962855,-5.27680175511665,100020372,"100020372","Xenobiotics","Food Component/Plant",5421,"NAMED","DWLVFWDCSFTDOD-UHFFFAOYSA-N","OC(C(C1=CNC2=C1C=CC=C2)=O)=O","3-indoleglyoxylic acid","3-indoleglyoxylic acid","1477-49-2",66497,"HMDB0242143",NA,73863,NA,NA,NA,63583,63583,63583,209,209,209,222852,222852,222852,"Neg","Neg","Neg",222852,63583,209,"Neg"
0.0317551690279015,-0.11763243555991,0.213384963737745,0.831106613105046,0.956772819962855,-5.277210757976,100021363,"100021363","Xenobiotics","Food Component/Plant",5425,"NAMED","LOODYTDRRBLQNH-UHFFFAOYSA-N","OC1=CC=C(C=C1OC)C(NCC(O)=O)=O","vanilloylglycine","vanilloylglycine",NA,2340857,"HMDB0060026",NA,3083688,NA,NA,NA,63853,63853,63853,209,209,209,223434,223434,223434,"Neg","Neg","Neg",223434,63853,209,"Neg"
0.0327723803081181,-0.149910263737756,0.211903960755475,0.832261288597826,0.956772819962855,-5.27744832197023,100002613,"100002613","Cofactors and Vitamins","Pantothenate and CoA Metabolism",4539,"NAMED","OTOIIPJYVQJATP-BYPYZUCNSA-N","OC([C@H](O)C(C)(C)CO)=O","pantoate","pantoate","470-29-1",388387,"HMDB0240389","C00522",5289105,NA,NA,NA,63061,63061,63061,209,209,209,221678,221678,221678,"Neg","Neg","Neg",221678,63061,209,"Neg"
-0.0265833119338663,-0.128579586074778,-0.203537036045534,0.838791375400628,0.957143891329089,-5.278759367783,100004299,"100004299","Amino Acid","Histidine Metabolism",79,"NAMED","GVRCKHXHWSYDEF-UHFFFAOYSA-N","OC(C(CC1=CN(C)C=N1)NC(C)=O)=O","N-acetyl-1-methylhistidine*","N-acetyl-1-methylhistidine*",NA,NA,"HMDB0240340",NA,53859791,NA,NA,NA,43255,43255,43255,400,400,400,156987,156987,156987,"Pos Early","Pos Early","Pos Early",156987,43255,400,"Pos Early"
-0.0128479968846144,-0.066352901679588,-0.203090945781862,0.839139849932352,0.957143891329089,-5.27882778485441,100000054,"100000054","Amino Acid","Lysine Metabolism",122,"NAMED","YSMODUONRAFBET-AKGZTFGVSA-N","N[C@@H](CCC(O)CN)C(O)=O","5-hydroxylysine","5-hydroxylysine","13204-98-3",1002,"HMDB0000450","C16741",3032849,NA,NA,NA,15685,15685,15685,400,400,400,155573,155573,155573,"Pos Early","Pos Early","Pos Early",155573,15685,400,"Pos Early"
0.0306505111284974,0.118152314448457,0.193596763293071,0.846563860167136,0.959925605764799,-5.28024832253472,100021208,"100021208","Xenobiotics","Benzoate Metabolism",4735,"NAMED","ILVXQMHYFMBCMJ-UHFFFAOYSA-N","C=CC(C=C1O)=CC=C1OS(=O)(O)=O","4-vinylcatechol sulfate","4-vinylcatechol sulfate",NA,NA,NA,NA,NA,NA,NA,NA,64579,64579,64579,209,209,209,238261,238261,238261,"Neg","Neg","Neg",238261,64579,209,"Neg"
-0.00987143708831734,-0.0497502099050983,-0.19047823981097,0.849005417578158,0.959925605764799,-5.28070008897832,100002458,"100002458","Amino Acid","Leucine, Isoleucine and Valine Metabolism",374,"NAMED","WKRBKYFIJPGYQC-DUXPYHPUSA-N","OC(C/C(C)=C/C(O)=O)=O","3-methylglutaconate","3-methylglutaconate","5746-90-7",1267861,"HMDB0000522",NA,1551553,NA,NA,NA,57747,57747,38667,305,305,305,213342,213342,145864,"Polar","Polar","Polar",213342,57747,305,"Polar"
0.0282280449263639,-0.512098688409873,0.187369371114066,0.851440862647544,0.959925605764799,-5.28114315571715,798,"798","Nucleotide","Purine Metabolism, Adenine containing",4349,"NAMED","OIRDTQYFTABQOQ-KQYNXXCUSA-N","NC1=NC=NC2=C1N=CN2[C@@]3([H])[C@@](O)([H])[C@@](O)([H])[C@](CO)([H])O3","adenosine","adenosine","58-61-7",54923,"HMDB0000050","C00212",60961,NA,NA,NA,555,555,555,209,209,209,124777,124777,124777,"Neg","Neg","Neg",124777,555,209,"Neg"
0.0218054035986034,-0.138355837993014,0.177017951178662,0.859560142345361,0.96535215986479,-5.28256586359029,100001755,"100001755","Xenobiotics","Benzoate Metabolism",4730,"NAMED","IETVQHUKTKKBFF-UHFFFAOYSA-N","O=S(OC1=CC=C(C=C)C=C1)(O)=O","4-vinylphenol sulfate","4-vinylphenol sulfate","2628-17-3",4932200,"HMDB0062775","C05627",6426766,NA,NA,NA,36098,36098,36098,209,209,209,144223,144223,144223,"Neg","Neg","Neg",144223,36098,209,"Neg"
-0.00772206781701523,0.00359202276377894,-0.164733576313582,0.869214849909616,0.966731973077559,-5.28414937077744,100001256,"100001256","Amino Acid","Phenylalanine Metabolism",145,"NAMED","CBQJSKKFNMDLON-JTQLQIEISA-N","O=C(O)[C@@H](NC(C)=O)CC1=CC=CC=C1","N-acetylphenylalanine","N-acetylphenylalanine","2018-61-3",67404,"HMDB0000512","C03519",74839,NA,NA,NA,33950,33950,33950,209,209,209,126109,126109,126109,"Neg","Neg","Neg",126109,33950,209,"Neg"
0.00869734015711238,0.028268215284587,0.162066743827908,0.871313441513936,0.966731973077559,-5.28447809919263,100022482,"100022482","Amino Acid","Lactoyl Amino Acid",646,"NAMED",NA,"OC([C@@H](NC([C@H](C)O)=O)CC1=CC=CC=C1)=O","N-lactoyl phenylalanine","N-lactoyl phenylalanine","183241-73-8",NA,"HMDB0062175",NA,NA,NA,NA,NA,64881,64881,64881,209,209,209,240092,240092,240092,"Neg","Neg","Neg",240092,64881,209,"Neg"
0.0157961188218503,-0.136318406917398,0.159952262959561,0.872978021662908,0.966731973077559,-5.284734928792,100002910,"100002910","Amino Acid","Histidine Metabolism",95,"NAMED","UJCGYTCAMOHYCG-UHFFFAOYSA-N","O=C(O)CC1=CN=CN1C","1-methyl-5-imidazoleacetate","1-methyl-5-imidazoleacetate","4200-48-0",4954265,"HMDB0004988",NA,6451814,NA,NA,NA,62946,62946,62946,400,400,400,220814,220814,220814,"Pos Early","Pos Early","Pos Early",220814,62946,400,"Pos Early"
0.0160630749873125,-0.284817679922556,0.158614235932812,0.87403164689204,0.966731973077559,-5.28489570632016,100001604,"100001604","Xenobiotics","Drug - Topical Agents",6179,"NAMED","FPXPQMOQWJZYBL-UHFFFAOYSA-N","OC1=CC=C(C=C1)OS(=O)(O)=O","hydroquinone sulfate","hydroquinone sulfate","123-31-9",141624,"HMDB0240263","C00530",161220,NA,NA,NA,35322,35322,35322,209,209,209,144222,144222,144222,"Neg","Neg","Neg",144222,35322,209,"Neg"
-0.0187884759007987,-0.355691474384674,-0.139943317155222,0.888756546914462,0.972569927722133,-5.28699830843297,100001267,"100001267","Xenobiotics","Food Component/Plant",5212,"NAMED","MXXWOMGUGJBKIW-YPCIICBESA-N","O=C(N1CCCCC1)/C=C/C=C/C2=CC(OCO3)=C3C=C2","piperine","piperine","94-62-2",553590,"HMDB0029377","C03882",638024,NA,NA,NA,33935,33935,33935,402,402,402,158580,158580,158580,"Pos Late","Pos Late","Pos Late",158580,33935,402,"Pos Late"
-0.00822608124655918,-0.0370480465875606,-0.137296580220842,0.890847147399492,0.972569927722133,-5.28727508733977,100022007,"100022007","Partially Characterized Molecules","Partially Characterized Molecules",6755,"NAMED",NA,NA,"bilirubin degradation product, C17H18N2O4 (3)**","bilirubin degradation product, C17H18N2O4 (3)**",NA,NA,NA,NA,NA,NA,NA,NA,64408,64408,64408,209,209,209,237541,237541,237541,"Neg","Neg","Neg",237541,64408,209,"Neg"
-0.00984776772853047,-0.197651890658316,-0.135041896930262,0.89262867414277,0.972569927722133,-5.2875066996848,100020833,"100020833","Amino Acid","Leucine, Isoleucine and Valine Metabolism",355,"NAMED","GPPUPQFYDYLTIY-UHFFFAOYSA-N","CCCCCCC(C(O)=O)=O","2-ketocaprylate","2-ketocaprylate","328-51-8",60921,"HMDB0013211",NA,67600,NA,NA,NA,63120,63120,63120,209,209,209,221782,221782,221782,"Neg","Neg","Neg",221782,63120,209,"Neg"
0.0130471197222411,-0.118913331524762,0.135036836300419,0.892632673388807,0.972569927722133,-5.28750721522485,100022009,"100022009","Partially Characterized Molecules","Partially Characterized Molecules",6757,"NAMED",NA,NA,"bilirubin degradation product, C17H20N2O5 (2)**","bilirubin degradation product, C17H20N2O5 (2)**",NA,NA,NA,NA,NA,NA,NA,NA,64406,64406,64406,209,209,209,237537,237537,237537,"Neg","Neg","Neg",237537,64406,209,"Neg"
0.0211019271223472,-0.263539739843976,0.122387835073404,0.902637048230119,0.978207576259803,-5.28873543329105,100003473,"100003473","Xenobiotics","Food Component/Plant",5022,"NAMED","XUHLIQGRKRUKPH-ITZCMCNPSA-N","C=CCS(C[C@H](N)C(O)=O)=O","alliin","alliin","556-27-4",78760,"HMDB0301759","C08265",87310,NA,NA,NA,41494,41494,41494,400,400,400,156849,156849,156849,"Pos Early","Pos Early","Pos Early",156849,41494,400,"Pos Early"
-0.0163816900328795,0.281774169473226,-0.12002579565379,0.904507005445708,0.978207576259803,-5.28895141409915,100001956,"100001956","Amino Acid","Urea cycle; Arginine and Proline Metabolism",527,"NAMED","CWLQUGTUXBXTLF-UHFFFAOYSA-N","O=C(O)C1N(C)CCC1","N-methylproline","N-methylproline","475-11-6",541,"HMDB0094696",NA,643474,NA,NA,NA,37431,37431,37431,400,400,400,156358,156358,156358,"Pos Early","Pos Early","Pos Early",156358,37431,400,"Pos Early"
-0.00844109943768567,-0.159883483033666,-0.105019790498547,0.916398795545563,0.982962173638348,-5.29022523549706,100001208,"100001208","Amino Acid","Histidine Metabolism",94,"NAMED","ZHCKPJGJQOPTLB-UHFFFAOYSA-N","O=C(O)CC1=CN(C)C=N1","1-methyl-4-imidazoleacetate","1-methyl-4-imidazoleacetate","2625-49-2",68319,"HMDB0002820","C05828",75810,NA,NA,NA,32350,32350,32350,400,400,400,155911,155911,155911,"Pos Early","Pos Early","Pos Early",155911,32350,400,"Pos Early"
-0.0161955083335827,-0.145451796313552,-0.100534630940981,0.91995691202699,0.982962173638348,-5.29057299564206,100006375,"100006375","Xenobiotics","Benzoate Metabolism",4746,"NAMED","NTXOJWKIHIOUQN-UHFFFAOYSA-N","OC1=C(C=CC=C1OS(=O)(O)=O)OC","3-methoxycatechol sulfate (1)","3-methoxycatechol sulfate (1)",NA,NA,NA,NA,129892430,NA,NA,NA,48763,48763,48763,209,209,209,155127,155127,155127,"Neg","Neg","Neg",155127,48763,209,"Neg"
0.0077436753432395,-0.198290609220553,0.097089953611031,0.922690700053159,0.982962173638348,-5.29082977812979,100004499,"100004499","Amino Acid","Lysine Metabolism",136,"NAMED","FZXCPFJMYOQZCA-UHFFFAOYSA-N","OC(C1CCCC(N1)=O)=O","6-oxopiperidine-2-carboxylate","6-oxopiperidine-2-carboxylate","34622-39-4",2282737,"HMDB0061705",NA,3014237,NA,NA,NA,43231,43231,43231,209,209,209,143979,143979,143979,"Neg","Neg","Neg",143979,43231,209,"Neg"
0.00670740621449661,-0.0229826041853824,0.0965178427780759,0.923144832084688,0.982962173638348,-5.29087155917421,209,"209","Nucleotide","Purine Metabolism, Adenine containing",4342,"NAMED","UDMBCSSLTHHNCD-UHFFFAOYSA-N","NC1=NC=NC2=C1N=CN2C3OC(C(C3O)O)COP(O)(O)=O","adenosine 5'-monophosphate (AMP)","AMP","149022-20-8",10239183,"HMDB0000045","C00020",6083,NA,NA,NA,32342,32342,32342,400,400,400,155907,155907,155907,"Pos Early","Pos Early","Pos Early",155907,32342,400,"Pos Early"
0.0106605761476738,-0.237250827127406,0.0912953212911259,0.927291525414766,0.982962173638348,-5.2912415432964,100001868,"100001868","Xenobiotics","Food Component/Plant",5295,"NAMED","KFDHKOFCRYUXLA-UHFFFAOYSA-N","C=CCC1=CC=C(OS(=O)(O)=O)C=C1","4-allylphenol sulfate","4-allylphenol sulfate",NA,NA,"HMDB0170765",NA,66633409,NA,NA,NA,37181,37181,37181,209,209,209,144354,144354,144354,"Neg","Neg","Neg",144354,37181,209,"Neg"
-0.0114033498726643,-0.509424891354756,-0.0890168893486128,0.929101232617068,0.982962173638348,-5.29139651011346,100000708,"100000708","Amino Acid","Leucine, Isoleucine and Valine Metabolism",358,"NAMED","GWYFCOCPABKNJV-UHFFFAOYSA-N","CC(C)CC(O)=O","isovalerate (i5:0)","isovalerate (C5)","503-74-2",10001,"HMDB0000718","C08262",10430,NA,NA,NA,44656,44656,44656,209,209,209,126996,126996,126996,"Neg","Neg","Neg",126996,44656,209,"Neg"
0.0040249004838977,-0.149402225025456,0.0781049301779323,0.937773290643733,0.983101022489326,-5.29208439301374,100001413,"100001413","Nucleotide","Pyrimidine Metabolism, Cytidine containing",4459,"NAMED","NIDVTARKFBZMOT-PEBGCTIMSA-N","O[C@]1([H])[C@@](O)([H])[C@](CO)([H])O[C@]1(N2C(N=C(NC(C)=O)C=C2)=O)[H]","N4-acetylcytidine","N4-acetylcytidine","3768-18-1",96702,"HMDB0005923",NA,107461,NA,NA,NA,35130,35130,35130,400,209,400,156149,126964,156149,"Pos Early","Neg","Pos Early",156149,35130,400,"Pos Early"
-0.00964418559933772,-0.120734834789322,-0.07759150159727,0.938181518103837,0.983101022489326,-5.2921145465515,100006105,"100006105","Xenobiotics","Benzoate Metabolism",4705,"NAMED","LILXPJXZNJTPQZ-UHFFFAOYSA-N","CC1=CC=C(OS(=O)(O)=O)C(OC)=C1","4-methylguaiacol sulfate","4-methylguaiacol sulfate","756760-43-7",NA,"HMDB0304925",NA,NA,NA,NA,NA,48418,48418,48418,209,209,209,219297,219297,219297,"Neg","Neg","Neg",219297,48418,209,"Neg"
0.00789055869895854,-0.267444042925518,0.0758057388188369,0.939601505659392,0.983101022489326,-5.29221787527458,100008951,"100008951","Peptide","Dipeptide",1073,"NAMED","KFKWRHQBZQICHA-UHFFFAOYSA-N","CC(CC(N)C(NC(C(O)=O)CC1=CC=CC=C1)=O)C","leucylphenylalanine/isoleucylphenylalanine","leucylphenylalanine/isoleucylphenylalanine",NA,NA,"HMDB0013243,HMDB0028914",NA,4357286992310,NA,NA,NA,52415,52415,52415,209,209,209,164540,164540,164540,"Neg","Neg","Neg",164540,52415,209,"Neg"
-0.00296016619762879,-0.069311020523208,-0.0719104242593461,0.942699610606203,0.983101022489326,-5.29243492074365,100000039,"100000039","Amino Acid","Methionine, Cysteine, SAM and Taurine Metabolism",448,"NAMED","QEFRNWWLZKMPFJ-YGVKFDHGSA-N","O=C(O)[C@@H](N)CCS(C)=O","methionine sulfoxide","methionine sulfoxide","3226-65-1",139840,"HMDB0002005","C02989",158980,NA,NA,NA,18374,18374,18374,400,400,400,155665,155665,155665,"Pos Early","Pos Early","Pos Early",155665,18374,400,"Pos Early"
0.00742876276466875,-0.0225089333040398,0.0669721783758085,0.946628445908916,0.983685075464069,-5.29269362367873,361,"361","Nucleotide","Purine Metabolism, (Hypo)Xanthine/Inosine containing",4322,"NAMED","UGQMRVRMYYASKQ-KQYNXXCUSA-N","O[C@H]1[C@H](N2C(N=CN=C3O)=C3N=C2)O[C@H](CO)[C@H]1O","inosine","inosine","58-63-9",21241953,"HMDB0000195","C00294",6021,NA,NA,NA,1123,1123,1123,209,209,209,123191,123191,123191,"Neg","Neg","Neg",123191,1123,209,"Neg"
0.00319770550227327,-0.25092399311454,0.0461746105541355,0.96318801550177,0.989357250226128,-5.29358126414638,241,"241","Amino Acid","Phenylalanine Metabolism",156,"NAMED","BTNMPGBKDVTSJY-UHFFFAOYSA-N","O=C(C(O)=O)CC1=CC=CC=C1","phenylpyruvate","phenylpyruvate","156-06-9",972,"HMDB0000205","C00166",997,NA,NA,NA,566,566,566,209,209,209,124529,124529,124529,"Neg","Neg","Neg",124529,566,209,"Neg"
0.00606906981563911,-0.45850638299615,0.0448441196203574,0.964248005835058,0.989357250226128,-5.29362694416093,100020851,"100020851","Xenobiotics","Food Component/Plant",5103,"NAMED","NUPWKYZXNXCOHY-UHFFFAOYSA-N","CCC1=C(OS(=O)(O)=O)C(O)=CC=C1","3-ethylcatechol sulfate (1)","3-ethylcatechol sulfate (1)",NA,NA,NA,NA,NA,NA,NA,NA,62796,62796,62796,209,209,209,220411,220411,220411,"Neg","Neg","Neg",220411,62796,209,"Neg"
-0.00720994046168066,-0.032596927171253,-0.0441934501077204,0.964766411654845,0.989357250226128,-5.293648797479,100001226,"100001226","Cofactors and Vitamins","Hemoglobin and Porphyrin Metabolism",4616,"NAMED","OBHRVMZSZIDDEK-UHFFFAOYSA-N","CC1=C(CC(NC2=O)C(CC)=C2C)NC(CC3=C(CCC(O)=O)C(C)=C(CC(NC4=O)C(C)=C4CC)N3)=C1CCC(O)=O","I-urobilinogen","I-urobilinogen","14684-37-8",24980,"HMDB0001898","C05789",9548718,NA,NA,NA,32426,32426,32426,209,209,209,144353,144353,144353,"Neg","Neg","Neg",144353,32426,209,"Neg"
-0.00287368644888336,-0.103996723618247,-0.0430972944158575,0.965639781898789,0.989357250226128,-5.29368489057598,100005946,"100005946","Xenobiotics","Food Component/Plant",5336,"NAMED","WPAMZTWLKIDIOP-WVZVXSGGSA-N","OC[C@@H](O)[C@@H](O)CC(C(O)=O)=O","2-keto-3-deoxy-gluconate","2-keto-3-deoxy-gluconate","17510-99-5",141630,"HMDB0001353","C00204",161227,NA,NA,NA,48141,48141,48141,305,305,305,160468,160468,160468,"Polar","Polar","Polar",160468,48141,305,"Polar"
-0.00222074285541485,-0.0264509303513847,-0.0349806274952204,0.972108013471567,0.990226425855157,-5.29392394128745,100006260,"100006260","Xenobiotics","Chemical",6449,"NAMED","QRHHXPIYYXPEMG-UHFFFAOYSA-N","O=S(OC1=CC=C2C=CNC2=C1)(O)=O","6-hydroxyindole sulfate","6-hydroxyindole sulfate",NA,NA,"HMDB0240651",NA,122198196,NA,NA,NA,48698,48698,48698,209,209,209,166006,166006,166006,"Neg","Neg","Neg",166006,48698,209,"Neg"
-0.00175906647196597,0.0298706437269083,-0.0335221479945998,0.973270493905583,0.990226425855157,-5.29396162840589,1024,"1024","Cofactors and Vitamins","Pantothenate and CoA Metabolism",4540,"NAMED","GHOKWGTUZJEAQD-ZETCQYMHSA-N","O=C(NCCC(O)=O)[C@H](O)C(C)(C)CO","pantothenate","pantothenate (Vitamin B5)","137-08-6",6361,"HMDB0000210","C00864",6613,NA,NA,NA,1508,1508,1508,209,209,209,124797,124797,124797,"Neg","Neg","Neg",124797,1508,209,"Neg"
-0.00146093780521106,-0.186823155405825,-0.0172694542913825,0.986227982531912,0.998613985665648,-5.2942730166122,100021666,"100021666","Partially Characterized Molecules","Partially Characterized Molecules",6738,"NAMED","NIFITBVFNGQSNA-SOFGYWHQSA-N","CC(C)CCCC/C=C/C(O)=O","branched-chain, straight-chain, or cyclopropyl 10:1 fatty acid (1)*","branched-chain, straight-chain, or cyclopropyl 10:1 fatty acid (1)*",NA,NA,NA,NA,NA,NA,NA,NA,63615,63615,63615,209,209,209,222957,222957,222957,"Neg","Neg","Neg",222957,63615,209,"Neg"
0.00134775592445513,-0.1674383923337,0.00777072927869527,0.993802764828013,0.998613985665648,-5.29436273640217,100020377,"100020377","Xenobiotics","Food Component/Plant",5431,"NAMED","WYUFTYLVLQZQNH-JAJWTYFOSA-N","O[C@H]([C@H]1O)[C@@H]([C@@H](CO)O[C@H]1OCC)O","ethyl beta-glucopyranoside","ethyl beta-glucopyranoside",NA,108559,"HMDB0029968",NA,121667,NA,NA,NA,64131,64131,64131,209,209,209,233912,233912,233912,"Neg","Neg","Neg",233912,64131,209,"Neg"
0.000188924539905599,-0.049023872673385,0.00354086829788318,0.997176099169504,0.998613985665648,-5.29438078467335,100022485,"100022485","Amino Acid","Lactoyl Amino Acid",648,"NAMED",NA,"OC([C@@H](NC([C@H](C)O)=O)C(C)C)=O","N-lactoyl valine","N-lactoyl valine","21753-44-6",NA,"HMDB0062181",NA,NA,NA,NA,NA,64883,64883,64883,209,209,209,240094,240094,240094,"Neg","Neg","Neg",240094,64883,209,"Neg"
-0.000256428354949989,0.0406078024259086,-0.0022343058555699,0.99821810200784,0.998613985665648,-5.29438363097451,100001577,"100001577","Amino Acid","Urea cycle; Arginine and Proline Metabolism",513,"NAMED","WMQMIOYQXNRROC-LURJTMIESA-N","OC([C@@H](NC(C)=O)CCCNC(N)=O)=O","N-acetylcitrulline","N-acetylcitrulline","33965-42-3",571213,"HMDB0000856","C15532,C02851",656979,NA,NA,NA,48434,48434,48434,209,209,209,155079,155079,155079,"Neg","Neg","Neg",155079,48434,209,"Neg"
-9.60015483916707e-05,-0.0285228465950756,-0.00173791032775273,0.998613985665648,0.998613985665648,-5.29438437475766,2054,"2054","Amino Acid","Leucine, Isoleucine and Valine Metabolism",414,"NAMED","UKFXDFUAPNAMPJ-UHFFFAOYSA-N","CCC(C(O)=O)C(O)=O","ethylmalonate","ethylmalonate","601-75-2",11263,"HMDB0000622",NA,11756,NA,NA,NA,15765,15765,15765,305,305,305,147158,147158,147158,"Polar","Polar","Polar",147158,15765,305,"Polar"
