"logFC","AveExpr","t","P.Value","adj.P.Val","B","CHEM_ID","Original_ID","SUPER_PATHWAY","SUB_PATHWAY","PATHWAY_SORTORDER","TYPE","INCHIKEY","SMILES","CHEMICAL_NAME","PLOT_NAME","CAS","CHEMSPIDER","HMDB","KEGG","PUBCHEM","LIPID SPECIES LEVEL","LIPID MOLECULAR SPECIES LEVEL","LIPID SN POSITION LEVEL","COMP_ID_1","COMP_ID_2","COMP_ID_3","LIB_ID_1","LIB_ID_2","LIB_ID_3","CHRO_LIB_ENTRY_ID_1","CHRO_LIB_ENTRY_ID_2","CHRO_LIB_ENTRY_ID_3","PLATFORM_1","PLATFORM_2","PLATFORM_3","CHRO_LIB_ENTRY_ID","COMP_ID","LIB_ID","PLATFORM"
-0.245243997319684,-0.00300693659139815,-2.33576835172297,0.0198603029994946,0.889997629903627,-3.46227994604876,100003415,"100003415","Amino Acid","Lysine Metabolism",117,"NAMED","PQNASZJZHFPQLE-LURJTMIESA-N","O=C([C@H](CCCCNC)N)O","N6-methyllysine","N6-methyllysine","1188-07-4",144469,"HMDB0002038","C02728",164795,NA,NA,NA,62860,62860,62860,400,400,400,220638,220638,220638,"Pos Early","Pos Early","Pos Early",220638,62860,400,"Pos Early"
-0.193222587482187,-0.144599662401167,-2.25477121873666,0.0245385660166194,0.889997629903627,-3.56796295636013,100020417,"100020417","Amino Acid","Lysine Metabolism",118,"NAMED","XXEWFEBMSGLYBY-ZETCQYMHSA-N","OC([C@@H](N)CCCCN(C)C)=O","N6,N6-dimethyllysine","N6,N6-dimethyllysine","2259-86-1",167778,"HMDB0013287","C05545",193344,NA,NA,NA,62862,62862,62862,400,400,400,220645,220645,220645,"Pos Early","Pos Early","Pos Early",220645,62862,400,"Pos Early"
-0.164284195676165,0.0637026513382854,-2.09746287486834,0.0364065951818686,0.889997629903627,-3.76282323357538,100001550,"100001550","Xenobiotics","Food Component/Plant",5139,"NAMED","XULZWQRXYTVUTE-ZETCQYMHSA-N","C[N+]1(C)[C@@H](CCCC1)[C@]([O-])=O","homostachydrine*","homostachydrine*","1195-94-4",390180,"HMDB0033433","C08283",441447,NA,NA,NA,33009,33009,33009,400,400,400,155996,155996,155996,"Pos Early","Pos Early","Pos Early",155996,33009,400,"Pos Early"
0.239215712705877,0.0798261800561328,2.02210047239199,0.0436475638266261,0.889997629903627,-3.85129789683874,100001121,"100001121","Cofactors and Vitamins","Vitamin B6 Metabolism",4655,"NAMED","HXACOUQIXZGNBF-UHFFFAOYSA-N","OC1=C(C(O)=O)C(CO)=CN=C1C","pyridoxate","pyridoxate","82-82-6",6467,"HMDB0000017","C00847",6723,NA,NA,NA,31555,31555,31555,209,209,209,124697,124697,124697,"Neg","Neg","Neg",124697,31555,209,"Neg"
0.129128744875345,-0.132050447379612,1.99002572636626,0.0470807009244286,0.889997629903627,-3.8879919176557,100020208,"100020208","Xenobiotics","Chemical",6455,"NAMED","SNGREZUHAYWORS-UHFFFAOYSA-N","OC(C(F)(F)C(F)(F)C(F)(F)C(F)(F)C(F)(F)C(F)(F)C(F)(F)F)=O","perfluorooctanoate (PFOA)","perfluorooctanoate (PFOA)","335-67-1",9180,"HMDB59587",NA,9554,NA,NA,NA,62071,62071,62071,209,209,209,218880,218880,218880,"Neg","Neg","Neg",218880,62071,209,"Neg"
-0.274571249552883,-0.40334963475726,-1.98039220714111,0.0481552819487867,0.889997629903627,-3.89890058376806,100001398,"100001398","Xenobiotics","Xanthine Metabolism",4803,"NAMED","HMLZLHKHNBLLJD-UHFFFAOYSA-N","CN1C(NC(C(N2C)=C1NC2=O)=O)=O","3,7-dimethylurate","3,7-dimethylurate","13087-49-5",74994,"HMDB0001982","C16360",83126,NA,NA,NA,34399,34399,34399,209,209,209,126922,126922,126922,"Neg","Neg","Neg",126922,34399,209,"Neg"
-0.146544198750444,-0.0725983585965338,-1.97006263853434,0.0493303852923229,0.889997629903627,-3.91053980100888,100000054,"100000054","Amino Acid","Lysine Metabolism",122,"NAMED","YSMODUONRAFBET-AKGZTFGVSA-N","N[C@@H](CCC(O)CN)C(O)=O","5-hydroxylysine","5-hydroxylysine","13204-98-3",1002,"HMDB0000450","C16741",3032849,NA,NA,NA,15685,15685,15685,400,400,400,155573,155573,155573,"Pos Early","Pos Early","Pos Early",155573,15685,400,"Pos Early"
0.244381617693147,-0.246338410897884,1.96303348009544,0.0501437488832016,0.889997629903627,-3.91842605040757,100022479,"100022479","Amino Acid","Lactoyl Amino Acid",643,"NAMED",NA,"OC([C@@H](NC([C@H](C)O)=O)[C@H](CC)C)=O","N-lactoyl isoleucine","N-lactoyl isoleucine","210769-85-0",NA,NA,NA,NA,NA,NA,NA,64879,64879,64879,209,209,209,240090,240090,240090,"Neg","Neg","Neg",240090,64879,209,"Neg"
-0.0961438127275484,-0.067309350997758,-1.89238153250018,0.0589628904809895,0.889997629903627,-3.99615719120719,100000282,"100000282","Amino Acid","Glutamate Metabolism",49,"NAMED","RFMMMVDNIPUKGG-YFKPBYRVSA-N","O=C(O)CC[C@@H](C(O)=O)NC(C)=O","N-acetylglutamate","N-acetylglutamate","1430871",1266066,"HMDB0001138","C00624",70914,NA,NA,NA,15720,15720,15720,305,400,305,164302,155584,164302,"Polar","Pos Early","Polar",164302,15720,305,"Polar"
-0.183480715071722,-0.151245709080418,-1.88801732418063,0.0595475634245688,0.889997629903627,-4.00086700586877,100001843,"100001843","Peptide","Gamma-glutamyl Amino Acid",650,"NAMED","WQXXXVRAFAKQJM-WHFBIAKZSA-N","C[C@H](NC(CC[C@H](N)C(O)=O)=O)C(O)=O","gamma-glutamylalanine","gamma-glutamylalanine","5875-41-2",389104,"HMDB0029142","C03738",440103,NA,NA,NA,37063,37063,37063,400,400,400,156289,156289,156289,"Pos Early","Pos Early","Pos Early",156289,37063,400,"Pos Early"
0.158750832585292,-0.125964127504683,1.87239086712954,0.0616807272177651,0.889997629903627,-4.01764338275859,100002293,"100002293","Peptide","Dipeptide",952,"NAMED","GKZIWHRNKRBEOH-HOTGVXAUSA-N","N[C@H](C(N[C@H](C(O)=O)CC1=CC=CC=C1)=O)CC2=CC=CC=C2","phenylalanylphenylalanine","phenylalanylphenylalanine","2577-40-4",5361193,"HMDB0013302",NA,6993090,NA,NA,NA,38150,38150,38150,209,209,209,127713,127713,127713,"Neg","Neg","Neg",127713,38150,209,"Neg"
0.138170101349752,-0.0807497040534508,1.86229598795037,0.0630922131907933,0.889997629903627,-4.02840832584932,100000467,"100000467","Amino Acid","Tryptophan Metabolism",329,"NAMED","BXFFHSIDQOFMLE-UHFFFAOYSA-N","O=S(OC2=CNC1=CC=CC=C12)(O)=O","3-indoxyl sulfate","3-indoxyl sulfate","2642-37-7",9840,"HMDB0000682",NA,10258,NA,NA,NA,27672,27672,27672,209,209,209,123315,123315,123315,"Neg","Neg","Neg",123315,27672,209,"Neg"
-0.393978780119166,-0.125690394171653,-1.84273246193117,0.0659038559659023,0.889997629903627,-4.04910766642132,100006171,"100006171","Xenobiotics","Food Component/Plant",5329,"NAMED","XWAZTQUZONPJEW-UHFFFAOYSA-N","COC1=CC(CC=C)=CC=C1OS(=O)(O)=O","eugenol sulfate","eugenol sulfate","95480-60-7",157181,NA,NA,180632,NA,NA,NA,48715,48715,48715,209,209,209,155107,155107,155107,"Neg","Neg","Neg",155107,48715,209,"Neg"
0.112658002284541,0.0307146238171294,1.84053012102312,0.0662267597439923,0.889997629903627,-4.05142442072708,100005466,"100005466","Amino Acid","Methionine, Cysteine, SAM and Taurine Metabolism",481,"NAMED","CXJAAWRLVGAKDV-UHFFFAOYSA-N","O=S(CCNC(C)=O)(O)=O","N-acetyltaurine","N-acetyltaurine",NA,140553,"HMDB0240253",NA,159864,NA,NA,NA,48187,48187,48187,209,305,209,153116,154613,153116,"Neg","Polar","Neg",154613,48187,305,"Polar"
-0.30131495200329,-0.362239220170207,-1.82910078298361,0.0679235689351921,0.889997629903627,-4.06340379446882,100020853,"100020853","Xenobiotics","Food Component/Plant",5018,"NAMED","RRWBOGSYNDIRNR-UHFFFAOYSA-N","OC1=CC=C(C(C)=O)C=C1OS(=O)(O)=O","4-acetylcatechol sulfate (1)","4-acetylcatechol sulfate (1)",NA,NA,NA,NA,NA,NA,NA,NA,62798,62798,62798,209,209,209,220413,220413,220413,"Neg","Neg","Neg",220413,62798,209,"Neg"
0.364111319367916,-0.616738035424795,1.76302220086747,0.0784497483849662,0.889997629903627,-4.13122387172498,100001806,"100001806","Xenobiotics","Benzoate Metabolism",4764,"NAMED","CYGSXDXRHXMAOV-UHFFFAOYSA-N","O=S(OC1=CC=CC=C1C)(O)=O","o-cresol sulfate","o-cresol sulfate",NA,9790277,"HMDB0240655",NA,11615528,NA,NA,NA,36845,36845,36845,209,209,209,143732,143732,143732,"Neg","Neg","Neg",143732,36845,209,"Neg"
-0.191835289802392,-0.332456006579477,-1.74219367553484,0.0820312474151015,0.889997629903627,-4.15209244279812,100003679,"100003679","Peptide","Dipeptide",975,"NAMED","AFWBWPCXSWUCLB-WDSKDSINSA-N","O=[C@]([C@H]1NCCC1)N[C@@H](CO)C(O)=O","prolylserine","prolylserine","71835-80-8",5730995,"HMDB0029026",NA,18218236,NA,NA,NA,40714,40714,40714,400,400,400,156796,156796,156796,"Pos Early","Pos Early","Pos Early",156796,40714,400,"Pos Early"
0.277419189739969,-0.376594160084492,1.72960600076225,0.0842594339522447,0.889997629903627,-4.16458595884204,100001106,"100001106","Xenobiotics","Xanthine Metabolism",4801,"NAMED","OTSBKHHWSQYEHK-UHFFFAOYSA-N","CN1C(N(C(N2)=C(C1=O)NC2=O)C)=O","1,3-dimethylurate","1,3-dimethylurate","944-73-0",63527,"HMDB0001857",NA,70346,NA,NA,NA,32391,32391,32391,209,209,209,125804,125804,125804,"Neg","Neg","Neg",125804,32391,209,"Neg"
0.234955539659599,0.0115364911763264,1.70488520721188,0.0887782219694637,0.889997629903627,-4.18886217817411,100004243,"100004243","Cofactors and Vitamins","Tocopherol Metabolism",4573,"NAMED","NOZSTAZEOBPSBY-UHFFFAOYSA-N","OC(C1C(O)C(O)C(O)C(OC2=C(C)C(C)=C(OC(C)(CCC(O)=O)CC3)C3=C2)O1)=O","gamma-CEHC glucuronide*","gamma-CEHC glucuronide*",NA,NA,"HMDB0242175",NA,121596235,NA,NA,NA,42381,42381,42381,209,209,209,144301,144301,144301,"Neg","Neg","Neg",144301,42381,209,"Neg"
0.304031494394369,-0.5322245501208,1.6919698351456,0.0912158078957208,0.889997629903627,-4.20140837222639,798,"798","Nucleotide","Purine Metabolism, Adenine containing",4349,"NAMED","OIRDTQYFTABQOQ-KQYNXXCUSA-N","NC1=NC=NC2=C1N=CN2[C@@]3([H])[C@@](O)([H])[C@@](O)([H])[C@](CO)([H])O3","adenosine","adenosine","58-61-7",54923,"HMDB0000050","C00212",60961,NA,NA,NA,555,555,555,209,209,209,124777,124777,124777,"Neg","Neg","Neg",124777,555,209,"Neg"
0.121856300009816,-0.153760549135888,1.68423689218518,0.0927009251482652,0.889997629903627,-4.20887528260637,207,"207","Nucleotide","Purine Metabolism, Adenine containing",4345,"NAMED","IVOMOUWHDPKRLL-UHFFFAOYSA-N","NC1=NC=NC2=C1N=CN2C3OC(CO4)C(OP4(O)=O)C3O","adenosine 3',5'-cyclic monophosphate (cAMP)","adenosine 3',5'-cyclic monophosphate (cAMP)","60-92-4",268,"HMDB0000058","C00575",6076,NA,NA,NA,2831,2831,2831,209,209,209,123233,123233,123233,"Neg","Neg","Neg",123233,2831,209,"Neg"
0.10854804000143,-0.0431001582730652,1.67967131689072,0.0935868466600875,0.889997629903627,-4.21326796576891,100001132,"100001132","Peptide","Modified Peptides",1257,"NAMED","DTSWLLBBGHRXQH-XPUUQOCRSA-N","O=C1CC[C@@H](C(N[C@@H](C(C)C)C(O)=O)=O)N1","pyroglutamylvaline","pyroglutamylvaline","21282-10-0",134331,NA,NA,152416,NA,NA,NA,32394,32394,32394,209,209,209,125806,125806,125806,"Neg","Neg","Neg",125806,32394,209,"Neg"
-0.0840901552285647,0.0777174899679337,-1.66696958794086,0.0960874047603452,0.889997629903627,-4.22542687094617,100000961,"100000961","Amino Acid","Urea cycle; Arginine and Proline Metabolism",502,"NAMED","QUOGESRFPZDMMT-YFKPBYRVSA-N","N[C@H](C(O)=O)CCCCNC(N)=N","homoarginine","homoarginine","156-86-5",8732,"HMDB0000670","C01924",9085,NA,NA,NA,22137,22137,22137,400,400,400,155792,155792,155792,"Pos Early","Pos Early","Pos Early",155792,22137,400,"Pos Early"
0.239045002673968,-0.137128878904365,1.63810832942954,0.101968671010009,0.889997629903627,-4.2527164237823,100006105,"100006105","Xenobiotics","Benzoate Metabolism",4705,"NAMED","LILXPJXZNJTPQZ-UHFFFAOYSA-N","CC1=CC=C(OS(=O)(O)=O)C(OC)=C1","4-methylguaiacol sulfate","4-methylguaiacol sulfate","756760-43-7",NA,"HMDB0304925",NA,NA,NA,NA,NA,48418,48418,48418,209,209,209,219297,219297,219297,"Neg","Neg","Neg",219297,48418,209,"Neg"
0.255062576221877,-0.345459968280458,1.63194471110262,0.103261169285232,0.889997629903627,-4.25848348359162,100001400,"100001400","Xenobiotics","Xanthine Metabolism",4799,"NAMED","QFDRTQONISXGJA-UHFFFAOYSA-N","CN1C(NC(N2)=C(C1=O)NC2=O)=O","1-methylurate","1-methylurate","708-79-2",62926,"HMDB0003099","C16359",69726,NA,NA,NA,34395,34395,34395,400,400,400,156098,156098,156098,"Pos Early","Pos Early","Pos Early",156098,34395,400,"Pos Early"
0.310413489958183,-0.562491238195576,1.62311737823461,0.105134951986503,0.889997629903627,-4.26670553109286,100001405,"100001405","Xenobiotics","Xanthine Metabolism",4805,"NAMED","MVOYJPOZRLFTCP-UHFFFAOYSA-N","O=C(N1C)NC2=C(NC=N2)C1=O","1-methylxanthine","1-methylxanthine","6136-37-4",72464,"HMDB0010738","C16358",80220,NA,NA,NA,34389,34389,34389,209,209,209,126906,126906,126906,"Neg","Neg","Neg",126906,34389,209,"Neg"
0.0920499013386487,0.0128704660555554,1.61486571331287,0.106910912726586,0.889997629903627,-4.27435160172056,100001006,"100001006","Amino Acid","Glycine, Serine and Threonine Metabolism",2,"NAMED","OKJIRPAQVSHGFK-UHFFFAOYSA-N","O=C(O)C(NC(C)=O)[H]","N-acetylglycine","N-acetylglycine","543-24-8",10507,"HMDB0000532",NA,10972,NA,NA,NA,27710,27710,27710,400,400,400,155837,155837,155837,"Pos Early","Pos Early","Pos Early",155837,27710,400,"Pos Early"
0.291754670763985,-0.279431191067312,1.61481564406522,0.10692176116382,0.889997629903627,-4.27439787900725,100006191,"100006191","Amino Acid","Tyrosine Metabolism",231,"NAMED","JPAUCQAJHLSMQW-XPORZQOISA-N","O[C@H]([C@@H](O)[C@@H]1O)[C@@H](O[C@@H]1C(O)=O)OC2=CC=C(C)C=C2","p-cresol glucuronide*","p-cresol glucuronide*","17680-99-8",135751,"HMDB0011686",NA,154035,NA,NA,NA,48841,48841,48841,209,209,209,155015,155015,155015,"Neg","Neg","Neg",155015,48841,209,"Neg"
-0.25008291198742,-0.212364555520576,-1.60825043341978,0.108351829062001,0.889997629903627,-4.28045361478718,100020545,"100020545","Amino Acid","Lysine Metabolism",113,"NAMED","UNPVIYLDJYPILW-VIFPVBQESA-N","OC([C@@H](NC(C)=O)CCCCN(C)C)=O","N2-acetyl,N6,N6-dimethyllysine","N2-acetyl,N6,N6-dimethyllysine",NA,NA,NA,NA,NA,NA,NA,NA,63254,63254,63254,400,400,400,222161,222161,222161,"Pos Early","Pos Early","Pos Early",222161,63254,400,"Pos Early"
-0.0929235256519752,-0.0673836478459566,-1.60165277781711,0.109804212520308,0.889997629903627,-4.28651475387406,100016038,"100016038","Amino Acid","Polyamine Metabolism",560,"NAMED","MQTAVJHICJWXBR-UHFFFAOYSA-N","CC(NCCCNCCCCN)=O","(N(1) + N(8))-acetylspermidine","(N(1) + N(8))-acetylspermidine",NA,NA,"HMDB0002189,HMDB0001276","C01029,C00612",496123689,NA,NA,NA,57814,57814,57814,400,400,400,213597,213597,213597,"Pos Early","Pos Early","Pos Early",213597,57814,400,"Pos Early"
0.113313425718968,0.0580479964934516,1.5988525874735,0.110425280872684,0.889997629903627,-4.28907980251326,100001468,"100001468","Cofactors and Vitamins","Nicotinate and Nicotinamide Metabolism",4527,"NAMED","JLQSXXWTCJPCBC-UHFFFAOYSA-N","O=C(C1=C([H])N(C(C([H])=C1[H])=O)C([H])([H])[H])N([H])[H]","N1-methyl-2-pyridone-5-carboxamide","N1-methyl-2-pyridone-5-carboxamide","701-44-0",62899,"HMDB0004193","C05842",69698,NA,NA,NA,40469,40469,40469,400,209,209,156740,143005,143005,"Pos Early","Neg","Neg",156740,40469,400,"Pos Early"
0.16039266912784,-0.395042635798498,1.59423891581807,0.111454635343106,0.889997629903627,-4.29329638657306,100021472,"100021472","Amino Acid","Phenylalanine Metabolism",148,"NAMED","CWAGPBPLOYGROC-UHFFFAOYSA-N","OC(CCC(NC(CC1=CC=CC=C1)C(O)=O)=O)=O","N-succinyl-phenylalanine","N-succinyl-phenylalanine",NA,2384788,NA,NA,3131586,NA,NA,NA,63855,63855,63855,209,209,209,223466,223466,223466,"Neg","Neg","Neg",223466,63855,209,"Neg"
0.0877860756165959,0.0633733500040553,1.5938215828313,0.111548119570541,0.889997629903627,-4.29367720762381,100000808,"100000808","Amino Acid","Methionine, Cysteine, SAM and Taurine Metabolism",469,"NAMED","NOKPBJYHPHHWAN-REOHCLBHSA-N","N[C@H](C(O)=O)CSS(O)(=O)=O","cysteine s-sulfate","cysteine s-sulfate","1637-71-4",102939,"HMDB0000731","C05824",115015,NA,NA,NA,22176,22176,22176,400,305,400,155804,165753,155804,"Pos Early","Polar","Pos Early",165753,22176,305,"Polar"
0.282936063085888,-0.505250647903827,1.58052885394628,0.114558330653483,0.889997629903627,-4.30575548472299,100001399,"100001399","Xenobiotics","Xanthine Metabolism",4802,"NAMED","NOFNCLGCUJJPKU-UHFFFAOYSA-N","CN1C(NC(N2)=C(C1=O)N(C)C2=O)=O","1,7-dimethylurate","1,7-dimethylurate","33868-03-0",82720,"HMDB0011103","C16356",91611,NA,NA,NA,34400,34400,34400,209,209,209,126924,126924,126924,"Neg","Neg","Neg",126924,34400,209,"Neg"
-0.244147065500981,-0.351661811899374,-1.5552368075048,0.120462526647174,0.889997629903627,-4.328460999982,100001267,"100001267","Xenobiotics","Food Component/Plant",5212,"NAMED","MXXWOMGUGJBKIW-YPCIICBESA-N","O=C(N1CCCCC1)/C=C/C=C/C2=CC(OCO3)=C3C=C2","piperine","piperine","94-62-2",553590,"HMDB0029377","C03882",638024,NA,NA,NA,33935,33935,33935,402,402,402,158580,158580,158580,"Pos Late","Pos Late","Pos Late",158580,33935,402,"Pos Late"
-0.148166674009981,-0.103694331721748,-1.54948971613275,0.121836875611848,0.889997629903627,-4.33356992435744,100002514,"100002514","Amino Acid","Histidine Metabolism",80,"NAMED","VWFWNXQAMGDPGG-UHFFFAOYSA-N","O=C1NC(C(CCC(O)=O)N1)=O","hydantoin-5-propionate","hydantoin-5-propionate","5624-26-0",761,"HMDB0001212","C05565",782,NA,NA,NA,40473,40473,40473,305,305,305,152212,152212,152212,"Polar","Polar","Polar",152212,40473,305,"Polar"
0.135008764980479,-0.123188443242975,1.54835242762481,0.122110296054299,0.889997629903627,-4.33457871229764,100003200,"100003200","Peptide","Dipeptide",950,"NAMED","RFCVXVPWSPOMFJ-UHFFFAOYSA-N","O=C(C(CC(C)C)NC(C(CC1=CC=CC=C1)N)=O)O","phenylalanylleucine","phenylalanylleucine","3303-55-7",3293068,"HMDB0253025",NA,76808,NA,NA,NA,40192,40192,40192,209,209,209,143873,143873,143873,"Neg","Neg","Neg",143873,40192,209,"Neg"
0.11849539272827,-0.0310407245461002,1.54724076758848,0.122378019597069,0.889997629903627,-4.33556406046127,100006260,"100006260","Xenobiotics","Chemical",6449,"NAMED","QRHHXPIYYXPEMG-UHFFFAOYSA-N","O=S(OC1=CC=C2C=CNC2=C1)(O)=O","6-hydroxyindole sulfate","6-hydroxyindole sulfate",NA,NA,"HMDB0240651",NA,122198196,NA,NA,NA,48698,48698,48698,209,209,209,166006,166006,166006,"Neg","Neg","Neg",166006,48698,209,"Neg"
-0.211755003756621,-0.23607783350413,-1.5404115225767,0.124032826162387,0.889997629903627,-4.34160199789422,100020496,"100020496","Xenobiotics","Food Component/Plant",5224,"NAMED",NA,NA,"sulfate of piperine metabolite C16H19NO3 (2)*","sulfate of piperine metabolite C16H19NO3 (2)*",NA,NA,NA,NA,NA,NA,NA,NA,62295,62295,62295,209,209,209,219274,219274,219274,"Neg","Neg","Neg",219274,62295,209,"Neg"
0.278525819915443,-0.596300801866366,1.52933065350942,0.126755039483709,0.889997629903627,-4.35134278411323,100000437,"100000437","Xenobiotics","Xanthine Metabolism",4798,"NAMED","ZFXYFBGIUFBOJW-UHFFFAOYSA-N","O=C(N1C)C(N=CN2)=C2N(C)C1=O","theophylline","theophylline","58-55-9",2068,"HMDB0001889","C07130",2153,NA,NA,NA,18394,18394,18394,209,209,400,125760,125760,155669,"Neg","Neg","Pos Early",155669,18394,400,"Pos Early"
-0.104712141676653,-0.104753303780934,-1.52664471765183,0.127421858717831,0.889997629903627,-4.35369343073983,330,"330","Energy","TCA Cycle",1489,"NAMED","VZCYOOQTPOCHFL-OWOJBTEDSA-N","OC(/C=C/C(O)=O)=O","fumarate","fumarate","100-17-8",10197150,"HMDB0000134","C00122",444972,NA,NA,NA,1643,1643,1643,305,305,305,146876,146876,146876,"Polar","Polar","Polar",146876,1643,305,"Polar"
-0.117929133412327,-0.136175085654733,-1.51433474851654,0.130513039697952,0.889997629903627,-4.3644144923785,100002462,"100002462","Amino Acid","Lysine Metabolism",123,"NAMED","OWGKYELXGFKIHH-MYLOADSESA-N","O[C@@H]1[C@@H](O)[C@@H](O)[C@@H](CO)OC1OC(CCC(N)C(O)=O)CN","5-(galactosylhydroxy)-lysine","5-(galactosylhydroxy)-lysine","32448-36-5",NA,"HMDB0242167",NA,66995551,NA,NA,NA,43582,43582,43582,400,400,400,208402,208402,208402,"Pos Early","Pos Early","Pos Early",208402,43582,400,"Pos Early"
0.119832525705698,0.0281307547168996,1.51217519557854,0.131061294814575,0.889997629903627,-4.36628645791741,171,"171","Nucleotide","Purine Metabolism, (Hypo)Xanthine/Inosine containing",4323,"NAMED","FDGQSTZJBFJUBT-UHFFFAOYSA-N","O=C1C(N=CN2)=C2N=CN1","hypoxanthine","hypoxanthine","68-94-0",768,"HMDB0000157","C00262",790135398638,NA,NA,NA,3127,3127,3127,209,400,209,124615,155485,124615,"Neg","Pos Early","Neg",155485,3127,400,"Pos Early"
0.0972431943838882,-0.162162284885727,1.4838785835896,0.138411609984026,0.913961565525519,-4.3905708322727,100010955,"100010955","Xenobiotics","Chemical",6405,"NAMED","YFSUTJLHUFNCNZ-UHFFFAOYSA-N","O=S(C(F)(F)C(F)(F)C(F)(F)C(F)(F)C(F)(F)C(F)(F)C(F)(F)C(F)(F)F)(O)=O","perfluorooctanesulfonate (PFOS)","perfluorooctanesulfonate (PFOS)","1763-23-1",67068,NA,"C18142",74483,NA,NA,NA,57564,57564,57564,305,305,209,211466,211466,212104,"Polar","Polar","Neg",212104,57564,209,"Neg"
0.114557189414471,-0.183200199803477,1.46963025149266,0.142231343802828,0.913961565525519,-4.40262718688436,100004646,"100004646","Peptide","Dipeptide",753,"NAMED","WSLYCILIEOFQPK-UHFFFAOYSA-N","CC1NC(C2CCCN2C1=O)=O","cyclo(ala-pro)","cyclo(ala-pro)",NA,4934364,"HMDB0303321",NA,13879951,NA,NA,NA,47098,47098,47098,400,400,400,157353,157353,157353,"Pos Early","Pos Early","Pos Early",157353,47098,400,"Pos Early"
0.116387524107205,0.0117812119142804,1.46320474106396,0.143980246623883,0.913961565525519,-4.40802655571152,55,"55","Cofactors and Vitamins","Nicotinate and Nicotinamide Metabolism",4519,"NAMED","LDHMAVIPBRSVRG-UHFFFAOYSA-N","C[N+]1=CC(C([NH-])=O)=CC=C1","1-methylnicotinamide","1-methylnicotinamide","1005-24-9",8305504,"HMDB0000699","C02918",457,NA,NA,NA,27665,27665,27665,400,400,400,155829,155829,155829,"Pos Early","Pos Early","Pos Early",155829,27665,400,"Pos Early"
0.107969663394663,-0.0964356483810735,1.43434926862107,0.152038597878699,0.944580225118724,-4.43198533459125,100020409,"100020409","Cofactors and Vitamins","Ascorbate and Aldarate Metabolism",4553,"NAMED","FBFZPSQPKNIVMT-ZAFYKAAXSA-N","O=C1O[C@@]([C@@H](O)CO)([H])C(OS(=O)(O)=O)=C1O","ascorbic acid 3-sulfate*","ascorbic acid 3-sulfate*",NA,9600241,"HMDB0240641",NA,11425365,NA,NA,NA,63687,63687,63687,305,305,305,223113,223113,223113,"Polar","Polar","Polar",223113,63687,305,"Polar"
-0.275573470755619,-0.728481398725949,-1.4057492035273,0.160360939850107,0.960646605800953,-4.45526610954572,100001026,"100001026","Carbohydrate","Fructose, Mannose and Galactose Metabolism",1412,"NAMED","RGHNJXZEOKUKBD-MGCNEYSASA-N","O[C@H]([C@H]([C@H]([C@@H](CO)O)O)O)C(O)=O","galactonate","galactonate","299-28-5",114198,"HMDB0000565","C00880,C15930",12310779128869,NA,NA,NA,27719,27719,27719,305,305,305,152158,152158,152158,"Polar","Polar","Polar",152158,27719,305,"Polar"
-0.133829628973062,-0.12880763767143,-1.39778472888998,0.162738897619804,0.960646605800953,-4.46166666706376,358,"358","Amino Acid","Methionine, Cysteine, SAM and Taurine Metabolism",478,"NAMED","VVIUBCNYACGLLV-UHFFFAOYSA-N","NCCS(O)=O","hypotaurine","hypotaurine","300-84-5",96959,"HMDB0000965","C00519",107812,NA,NA,NA,590,590,590,400,400,400,155331,155331,155331,"Pos Early","Pos Early","Pos Early",155331,590,400,"Pos Early"
-0.377250290968233,0.259203586826681,-1.39196173307255,0.164494281815232,0.960646605800953,-4.4663234673667,100006116,"100006116","Xenobiotics","Benzoate Metabolism",4749,"NAMED",NA,"O=C(OC)C1=CC=C(OS(=O)(O)=O)C=C1","methyl-4-hydroxybenzoate sulfate","methyl-4-hydroxybenzoate sulfate",NA,NA,"HMDB0168668",NA,NA,NA,NA,NA,48429,48429,48429,209,209,209,155073,155073,155073,"Neg","Neg","Neg",155073,48429,209,"Neg"
0.142129890722693,-0.127250238506533,1.33758751705691,0.181581507807679,0.97757975980872,-4.50887863777262,100004561,"100004561","Amino Acid","Tryptophan Metabolism",281,"NAMED","LLLPDUXGHXIXIW-UHFFFAOYSA-N","OC(C1=CC=CC=C1N([H])C=O)=O","N-formylanthranilic acid","N-formylanthranilic acid","3342-77-6",91624,"HMDB0004089","C05653",101399,NA,NA,NA,43549,43549,43549,209,209,209,212072,212072,212072,"Neg","Neg","Neg",212072,43549,209,"Neg"
-0.277707650668751,-0.201412384195017,-1.31743139764885,0.188240353122884,0.97757975980872,-4.52422677773437,100020822,"100020822","Xenobiotics","Food Component/Plant",5040,"NAMED","WEPNMLSXEATIJK-UHFFFAOYSA-N","OC1=CC(CCC(O)=O)=CC=C1OS(O)(=O)=O","dihydrocaffeate sulfate (2)","dihydrocaffeate sulfate (2)",NA,NA,NA,NA,NA,NA,NA,NA,62524,62524,62524,305,305,305,219858,219858,219858,"Polar","Polar","Polar",219858,62524,305,"Polar"
-0.128975226649177,-0.209483630461399,-1.31421848813602,0.189318263855404,0.97757975980872,-4.52665194914622,100000015,"100000015","Amino Acid","Tryptophan Metabolism",285,"NAMED","FBZONXHGGPHHIY-UHFFFAOYSA-N","OC1=C2C(C(O)=CC(C(O)=O)=N2)=CC=C1","xanthurenate","xanthurenate","59-007",5497,"HMDB0000881","C02470",5699,NA,NA,NA,15679,15679,15679,400,400,209,155571,155571,123267,"Pos Early","Pos Early","Neg",155571,15679,400,"Pos Early"
-0.149196348600558,-0.365428906793091,-1.27629284732748,0.202388472798019,0.97757975980872,-4.55483538175674,536,"536","Nucleotide","Pyrimidine Metabolism, Uracil containing",4438,"NAMED","MXHRCPNRJAMMIM-UHFFFAOYSA-N","O=C(NC1=O)N(C=C1)C(CC2O)OC2CO","2'-deoxyuridine","2'-deoxyuridine","951-78-0",13118,"HMDB0000012","C00526",13712,NA,NA,NA,1412,1412,1412,209,305,209,123201,147476,123201,"Neg","Polar","Neg",147476,1412,305,"Polar"
0.156607375102788,-0.219799565997,1.2734817856279,0.203382862337659,0.97757975980872,-4.55689177678497,100001315,"100001315","Xenobiotics","Benzoate Metabolism",4757,"NAMED","WGNAKZGUSRVWRH-UHFFFAOYSA-N","O=S(OC1=CC=C(C)C=C1)(O)=O","p-cresol sulfate","p-cresol sulfate","3233-57-7",3806480,"HMDB0011635",NA,4615423,NA,NA,NA,36103,36103,36103,209,209,209,143727,143727,143727,"Neg","Neg","Neg",143727,36103,209,"Neg"
-0.145728131412979,-0.0783943259326489,-1.27300783998782,0.203550867420675,0.97757975980872,-4.55723804250188,100021261,"100021261","Peptide","Dipeptide Derivative",672,"NAMED","JCCZCUUYYHWRGX-UHFFFAOYSA-N","NC(CC(C)C)C(N1C(C(O)=O)CC(O)C1)=O","leucylhydroxyproline*","leucylhydroxyproline*",NA,20170035,"HMDB0028930",NA,20847829,NA,NA,NA,63052,63052,63052,400,400,400,221645,221645,221645,"Pos Early","Pos Early","Pos Early",221645,63052,400,"Pos Early"
0.063573377207236,0.042183723104131,1.27248689876697,0.203735648423265,0.97757975980872,-4.55761849583588,1442,"1442","Amino Acid","Leucine, Isoleucine and Valine Metabolism",370,"NAMED","AXFYFNCPONWUHW-UHFFFAOYSA-N","CC(C)(O)CC(O)=O","beta-hydroxyisovalerate","beta-hydroxyisovalerate","625-08-1",62571,"HMDB0000754",NA,69362,NA,NA,NA,12129,12129,12129,209,209,209,126017,126017,126017,"Neg","Neg","Neg",126017,12129,209,"Neg"
0.080962371664882,0.00781547452917259,1.26759957527073,0.205475176317267,0.97757975980872,-4.56118028111193,100000257,"100000257","Carbohydrate","Aminosugar Metabolism",1446,"NAMED","AEMOLEFTQBMNLQ-QIUUJYRFSA-N","O[C@@H]1O[C@H]([C@](O)=O)[C@@H](O)[C@H](O)[C@H]1O","glucuronate","glucuronate","207300-70-7",58552,"HMDB0000127","C16245",4.41478236779769e+29,NA,NA,NA,15443,15443,15443,305,305,305,146478,146478,146478,"Polar","Polar","Polar",146478,15443,305,"Polar"
0.238964459291555,-0.397624918137262,1.25336546974223,0.210603084946715,0.97757975980872,-4.57147636671352,100001403,"100001403","Xenobiotics","Xanthine Metabolism",4808,"NAMED","POQOTWQIYYNXAT-UHFFFAOYSA-N","O=C(NC(N)=C1NC(C)=O)N(C)C1=O","5-acetylamino-6-amino-3-methyluracil","5-acetylamino-6-amino-3-methyluracil","1196153-01-1",79659,"HMDB0004400","C16366",88299,NA,NA,NA,34424,34424,34424,305,305,305,165245,165245,165245,"Polar","Polar","Polar",165245,34424,305,"Polar"
0.22451121246866,-0.529748169197401,1.22751024260908,0.220153832746359,0.97757975980872,-4.58988342603492,100000453,"100000453","Xenobiotics","Xanthine Metabolism",4796,"NAMED","QUNWUDVFRNGTCO-UHFFFAOYSA-N","O=C(N2C)NC1=C(N(C)C=N1)C2=O","paraxanthine","paraxanthine","611-59-6",4525,"HMDB0001860","C13747",4687,NA,NA,NA,18254,18254,18254,209,209,209,124653,124653,124653,"Neg","Neg","Neg",124653,18254,209,"Neg"
0.0659414778872091,-0.0566929080243875,1.21697602152786,0.22413313298692,0.97757975980872,-4.59727388353341,100001593,"100001593","Amino Acid","Lysine Metabolism",130,"NAMED","NXJAXUYOQLTISD-UHFFFAOYSA-N","[O-]C(CC(C[N+](C)(C)C)OC(CCCC(O)=O)=O)=O","glutarylcarnitine (C5-DC)","glutarylcarnitine (C5-DC)","102636-82-8",21403175,"HMDB0013130",NA,71317118,NA,NA,NA,44664,44664,44664,400,400,400,157075,157075,157075,"Pos Early","Pos Early","Pos Early",157075,44664,400,"Pos Early"
-0.14012225929973,-0.103105350228811,-1.20758057465108,0.22772553392001,0.97757975980872,-4.6038120833554,100002544,"100002544","Amino Acid","Glutamate Metabolism",53,"NAMED","HBDWQSHEVMSFGY-SCQFTWEKSA-N","OC(C(O)=O)C[C@@H](C(O)=O)N","4-hydroxyglutamate","4-hydroxyglutamate","2485-33-8",388936,"HMDB0002273","C03079",439902,NA,NA,NA,40499,40499,40499,400,400,400,156749,156749,156749,"Pos Early","Pos Early","Pos Early",156749,40499,400,"Pos Early"
-0.181185972043833,-0.421654948617108,-1.19580856922124,0.232284448553746,0.97757975980872,-4.61193312094697,100000445,"100000445","Xenobiotics","Xanthine Metabolism",4797,"NAMED","YAPQBXQYLJRXSA-UHFFFAOYSA-N","CN1C=NC(N(C(N2)=O)C)=C1C2=O","theobromine","theobromine","83-67-0",5236,"HMDB0002825","C07480",5429,NA,NA,NA,18392,18392,18392,400,400,400,155668,155668,155668,"Pos Early","Pos Early","Pos Early",155668,18392,400,"Pos Early"
0.146925332608372,-0.266561925869375,1.19462564925086,0.232746121057018,0.97757975980872,-4.61274480409558,100008951,"100008951","Peptide","Dipeptide",1073,"NAMED","KFKWRHQBZQICHA-UHFFFAOYSA-N","CC(CC(N)C(NC(C(O)=O)CC1=CC=CC=C1)=O)C","leucylphenylalanine/isoleucylphenylalanine","leucylphenylalanine/isoleucylphenylalanine",NA,NA,"HMDB0013243,HMDB0028914",NA,4357286992310,NA,NA,NA,52415,52415,52415,209,209,209,164540,164540,164540,"Neg","Neg","Neg",164540,52415,209,"Neg"
-0.281877169825105,-0.55927337952265,-1.18735674560618,0.235597375451595,0.97757975980872,-4.61771499520775,100009337,"100009337","Xenobiotics","Food Component/Plant",5410,"NAMED","SNVAIAITQIIEMQ-DUXPYHPUSA-N","OS(OC1=CC=C(C=C1O)/C=C/C(O)=O)(=O)=O","caffeic acid sulfate","caffeic acid sulfate",NA,30777608,"HMDB0041708",NA,21668705,NA,NA,NA,53254,53254,53254,305,305,305,179431,179431,179431,"Polar","Polar","Polar",179431,53254,305,"Polar"
0.228400229146907,-0.395705768919324,1.18019788255875,0.238429604306807,0.97757975980872,-4.62258051055551,100001397,"100001397","Xenobiotics","Xanthine Metabolism",4804,"NAMED","BYXCFUMGEBZDDI-UHFFFAOYSA-N","CN(C(N1C)=O)C(NC2=O)=C(N2C)C1=O","1,3,7-trimethylurate","1,3,7-trimethylurate","5415-44-1",71754,"HMDB0002123","C16361",79437,NA,NA,NA,34404,34404,34404,209,209,209,126930,126930,126930,"Neg","Neg","Neg",126930,34404,209,"Neg"
0.0956615254842327,-0.198796708836579,1.16800715612879,0.243307860467903,0.97757975980872,-4.63079869463434,100001417,"100001417","Peptide","Acetylated Peptides",1226,"NAMED","JFLIEFSWGNOPJJ-JTQLQIEISA-N","O=C(CC1=CC=CC=C1)N[C@@H](CCC(N)=O)C(O)=O","phenylacetylglutamine","phenylacetylglutamine","28047-15-6",270643,"HMDB0006344","C04148",92258,NA,NA,NA,35126,35126,35126,400,209,209,156145,126960,126960,"Pos Early","Neg","Neg",156145,35126,400,"Pos Early"
0.0567989190818103,-0.102445081989554,1.16699286313621,0.243716887834907,0.97757975980872,-4.6314786460867,100000774,"100000774","Amino Acid","Phenylalanine Metabolism",157,"NAMED","VOXXWSYKYCBWHO-UHFFFAOYSA-N","OC(C(O)=O)CC1=CC=CC=C1","phenyllactate (PLA)","phenyllactate (PLA)","828-01-3",3715,"HMDB0000779,HMDB0000563","C05607",3848,NA,NA,NA,22130,22130,22130,209,209,209,124681,124681,124681,"Neg","Neg","Neg",124681,22130,209,"Neg"
0.170803899994504,-0.032472884418872,1.14560434173357,0.252455073077397,0.97757975980872,-4.64568024786201,100004322,"100004322","Xenobiotics","Food Component/Plant",5457,"NAMED","VSTZVCJQGSLNLL-UHFFFAOYSA-N","NC1=CC=CC=C1OS(O)(=O)=O","2-aminophenol sulfate","2-aminophenol sulfate",NA,158022,"HMDB0061116",NA,181670,NA,NA,NA,43266,43266,43266,209,209,209,143737,143737,143737,"Neg","Neg","Neg",143737,43266,209,"Neg"
0.104375722955187,-0.159359217490685,1.14508763727132,0.252668845037076,0.97757975980872,-4.64602010296536,100022172,"100022172","Xenobiotics","Chemical",6562,"NAMED",NA,"FC(F)(F)C(F)(F)C(F)(F)C(F)(F)C(F)(F)C(F)(F)S(=O)(O)=O","perfluorohexanesulfonate (PFHxS)","perfluorohexanesulfonate (PFHxS)","355-46-4",NA,NA,NA,NA,NA,NA,NA,64623,64623,64623,209,209,209,239167,239167,239167,"Neg","Neg","Neg",239167,64623,209,"Neg"
-0.146473689200422,-0.141149166564343,-1.12877994099379,0.259480761265781,0.97757975980872,-4.65666800552138,100000711,"100000711","Xenobiotics","Benzoate Metabolism",4722,"NAMED","HOFGLAYWQRGTKC-UHFFFAOYSA-N","O=S(OC1=CC=C(C(C)=O)C=C1)(O)=O","4-acetylphenol sulfate","4-acetylphenyl sulfate",NA,3872009,NA,NA,4684006,NA,NA,NA,44620,44620,44620,209,209,209,126992,126992,126992,"Neg","Neg","Neg",126992,44620,209,"Neg"
0.0690303308325569,-0.00193324916848434,1.12292443291513,0.26195751191955,0.97757975980872,-4.66045426476724,100001300,"100001300","Amino Acid","Leucine, Isoleucine and Valine Metabolism",431,"NAMED","NGEWQZIDQIYUNV-UHFFFAOYSA-N","OC(C(O)=O)C(C)C","alpha-hydroxyisovalerate","alpha-hydroxyisovalerate","600-37-3",90190,"HMDB0000407",NA,99823,NA,NA,NA,33937,46537,33937,209,305,209,126093,146562,126093,"Neg","Polar","Neg",146562,46537,305,"Polar"
0.0712788819358626,0.0749770311711547,1.11647508124442,0.264704345785013,0.97757975980872,-4.66460187061386,100001034,"100001034","Amino Acid","Tryptophan Metabolism",306,"NAMED","SEOVTRFCIGRIMH-UHFFFAOYSA-N","OC(CC1=CNC2=C1C=CC=C2)=O","indoleacetate","indoleacetate","87-51-4,6505-45-9",780,"HMDB0000197","C00954",802,NA,NA,NA,27513,27513,27513,209,209,209,126866,126866,126866,"Neg","Neg","Neg",126866,27513,209,"Neg"
0.0530099325981,-0.0380266211247402,1.0948127765252,0.274075907293155,0.97757975980872,-4.67835921611455,1224,"1224","Amino Acid","Glutathione Metabolism",588,"NAMED","KDJVKDYFFTWHBO-UHFFFAOYSA-N","O=C(NCC(O)=O)C(N)CSSCC(N)C(NCC(O)=O)=O","cys-gly, oxidized","cys-gly, oxidized","7729-20-6",295316,"HMDB0242125",NA,333293,NA,NA,NA,18368,18368,18368,400,400,400,155661,155661,155661,"Pos Early","Pos Early","Pos Early",155661,18368,400,"Pos Early"
-0.205320295904133,-0.136822624697583,-1.09212786843316,0.275253095529613,0.97757975980872,-4.68004569610521,100006375,"100006375","Xenobiotics","Benzoate Metabolism",4746,"NAMED","NTXOJWKIHIOUQN-UHFFFAOYSA-N","OC1=C(C=CC=C1OS(=O)(O)=O)OC","3-methoxycatechol sulfate (1)","3-methoxycatechol sulfate (1)",NA,NA,NA,NA,129892430,NA,NA,NA,48763,48763,48763,209,209,209,155127,155127,155127,"Neg","Neg","Neg",155127,48763,209,"Neg"
-0.130497916484361,0.0785644574988198,-1.09052753930826,0.275956397661888,0.97757975980872,-4.68104895840971,100001635,"100001635","Xenobiotics","Chemical",6369,"NAMED","WQXNXVUDBPYKBA-YFKPBYRVSA-N","O=[C@](O)[C@H]1N=C(C)NCC1","ectoine","ectoine","96702-03-3",112069,"HMDB0240650","C06231",126041,NA,NA,NA,35651,35651,35651,400,400,400,156211,156211,156211,"Pos Early","Pos Early","Pos Early",156211,35651,400,"Pos Early"
-0.0909094511274086,-0.0848589233860285,-1.08822019140643,0.276972577581148,0.97757975980872,-4.68249288397147,100022003,"100022003","Partially Characterized Molecules","Partially Characterized Molecules",6751,"NAMED",NA,NA,"bilirubin degradation product, C16H18N2O5 (1)**","bilirubin degradation product, C16H18N2O5 (1)**",NA,NA,NA,NA,NA,NA,NA,NA,64403,64403,64403,209,209,209,237531,237531,237531,"Neg","Neg","Neg",237531,64403,209,"Neg"
-0.178477005987037,-0.229833061916659,-1.07326664835131,0.283620224937195,0.97757975980872,-4.69177703855939,100020546,"100020546","Amino Acid","Lysine Metabolism",112,"NAMED","MKWKYAGEJHBUOX-QMMMGPOBSA-N","OC([C@@H](NC(C)=O)CCCCNC)=O","N2-acetyl,N6-methyllysine","N2-acetyl,N6-methyllysine",NA,NA,"HMDB0242186",NA,NA,NA,NA,NA,62954,62954,62954,400,400,400,220835,220835,220835,"Pos Early","Pos Early","Pos Early",220835,62954,400,"Pos Early"
-0.13042779130001,-0.224760949173393,-1.07183378877933,0.284262848575921,0.97757975980872,-4.69265994913254,100020504,"100020504","Xenobiotics","Food Component/Plant",5232,"NAMED",NA,NA,"sulfate of piperine metabolite C18H21NO3 (3)*","sulfate of piperine metabolite C18H21NO3 (3)*",NA,NA,NA,NA,NA,NA,NA,NA,62299,62299,62299,209,209,209,219278,219278,219278,"Neg","Neg","Neg",219278,62299,209,"Neg"
-0.107522163295054,-0.104842318650808,-1.06883566336947,0.285610673621069,0.97757975980872,-4.69450356387463,100001605,"100001605","Xenobiotics","Benzoate Metabolism",4703,"NAMED","MZPWKJZDOCIALD-UHFFFAOYSA-N","O=S(OC1=C(O)C=CC=C1)(O)=O","catechol sulfate","catechol sulfate","4918-96-1",2341024,"HMDB0059724",NA,3083879,NA,NA,NA,35320,35320,35320,209,209,209,143730,143730,143730,"Neg","Neg","Neg",143730,35320,209,"Neg"
-0.139641501351765,-0.200828874334279,-1.05746390265147,0.290762242866291,0.97757975980872,-4.70144964804175,100020497,"100020497","Xenobiotics","Food Component/Plant",5225,"NAMED",NA,NA,"sulfate of piperine metabolite C16H19NO3 (3)*","sulfate of piperine metabolite C16H19NO3 (3)*",NA,NA,NA,NA,NA,NA,NA,NA,62296,62296,62296,209,209,209,219275,219275,219275,"Neg","Neg","Neg",219275,62296,209,"Neg"
0.255152509697118,-0.591956935438507,1.04876338518664,0.29474576991693,0.97757975980872,-4.70671420669976,849,"849","Xenobiotics","Xanthine Metabolism",4795,"NAMED","RYYVLZVUVIJVGH-UHFFFAOYSA-N","O=C(N(C)C1=C2N(C)C=N1)N(C)C2=O","caffeine","caffeine","58-08-2",2424,"HMDB0001847","C07481",2519,NA,NA,NA,569,569,569,400,400,400,155325,155325,155325,"Pos Early","Pos Early","Pos Early",155325,569,400,"Pos Early"
-0.150597485727687,-0.272433618921056,-1.04300958630778,0.297400196672753,0.97757975980872,-4.71017199066558,100006262,"100006262","Amino Acid","Tyrosine Metabolism",199,"NAMED","IGTMFIJOUADBDC-UHFFFAOYSA-N","COC1=CC=C(OS(=O)(O)=O)C=C1","4-methoxyphenol sulfate","4-methoxyphenol sulfate","3233-60-1",NA,"HMDB0242192",NA,NA,NA,NA,NA,48457,48457,48457,209,209,209,219302,219302,219302,"Neg","Neg","Neg",219302,48457,209,"Neg"
0.117111812526685,-0.233974515160101,1.03146048580277,0.302776418692388,0.97757975980872,-4.71705540795799,100004111,"100004111","Xenobiotics","Benzoate Metabolism",4710,"NAMED","NCOMUGOPQPRVSE-UHFFFAOYSA-N","OC1=CC(C)=CC=C1OS(O)(=O)=O","4-methylcatechol sulfate","4-methylcatechol sulfate",NA,NA,"HMDB0240459",NA,54104170,NA,NA,NA,46146,46146,46146,209,209,209,144253,144253,144253,"Neg","Neg","Neg",144253,46146,209,"Neg"
0.187376301025531,-0.147483856241613,1.02796112235238,0.30441812174436,0.97757975980872,-4.71912602847119,100002613,"100002613","Cofactors and Vitamins","Pantothenate and CoA Metabolism",4539,"NAMED","OTOIIPJYVQJATP-BYPYZUCNSA-N","OC([C@H](O)C(C)(C)CO)=O","pantoate","pantoate","470-29-1",388387,"HMDB0240389","C00522",5289105,NA,NA,NA,63061,63061,63061,209,209,209,221678,221678,221678,"Neg","Neg","Neg",221678,63061,209,"Neg"
-0.057323919724675,-0.161902113656252,-1.0116050518002,0.312169922053777,0.97757975980872,-4.72871132741667,100021707,"100021707","Xenobiotics","Chemical",6474,"NAMED","AJSVSHDVMDXRFN-UHFFFAOYSA-N","OC(C1=C(O)C(Cl)=CC(Br)=C1O)=O","3-bromo-5-chloro-2,6-dihydroxybenzoic acid*","3-bromo-5-chloro-2,6-dihydroxybenzoic acid*",NA,NA,"HMDB0242162",NA,134581543,NA,NA,NA,63681,63681,63681,209,209,209,223106,223106,223106,"Neg","Neg","Neg",223106,63681,209,"Neg"
0.150503687232996,0.050576570110488,0.970275454470131,0.332333950987527,0.97757975980872,-4.75225054412338,100002417,"100002417","Xenobiotics","Food Component/Plant",4978,"NAMED","JTEYKUFKXGDTEU-UHFFFAOYSA-N","OC(C(O)C(C)(O)C)=O","2,3-dihydroxyisovalerate","2,3-dihydroxyisovalerate","1756-18-9",657,"HMDB0012141","C04039",677,NA,NA,NA,38276,38276,38276,305,305,305,152194,152194,152194,"Polar","Polar","Polar",152194,38276,305,"Polar"
0.143722626331267,-0.137223986947143,0.969117684468302,0.332910696128993,0.97757975980872,-4.75289588413428,100001756,"100001756","Xenobiotics","Benzoate Metabolism",4728,"NAMED","DWZGLEPNCRFCEP-UHFFFAOYSA-N","O=S(OC1=CC=C(CC)C=C1)(O)=O","4-ethylphenylsulfate","4-ethylphenyl sulfate","123-07-9",NA,"HMDB0062551","C13637",20822574,NA,NA,NA,36099,36099,36099,209,209,209,144224,144224,144224,"Neg","Neg","Neg",144224,36099,209,"Neg"
0.0845472301345029,-0.210921328066302,0.968243805535658,0.33334644928681,0.97757975980872,-4.75338247570376,100020372,"100020372","Xenobiotics","Food Component/Plant",5421,"NAMED","DWLVFWDCSFTDOD-UHFFFAOYSA-N","OC(C(C1=CNC2=C1C=CC=C2)=O)=O","3-indoleglyoxylic acid","3-indoleglyoxylic acid","1477-49-2",66497,"HMDB0242143",NA,73863,NA,NA,NA,63583,63583,63583,209,209,209,222852,222852,222852,"Neg","Neg","Neg",222852,63583,209,"Neg"
0.0970475280661383,-0.193663388349991,0.95692950346909,0.339021540792041,0.97757975980872,-4.75964303858806,100021666,"100021666","Partially Characterized Molecules","Partially Characterized Molecules",6738,"NAMED","NIFITBVFNGQSNA-SOFGYWHQSA-N","CC(C)CCCC/C=C/C(O)=O","branched-chain, straight-chain, or cyclopropyl 10:1 fatty acid (1)*","branched-chain, straight-chain, or cyclopropyl 10:1 fatty acid (1)*",NA,NA,NA,NA,NA,NA,NA,NA,63615,63615,63615,209,209,209,222957,222957,222957,"Neg","Neg","Neg",222957,63615,209,"Neg"
-0.153863781139211,-0.360431209002544,-0.955497418502687,0.339744260494261,0.97757975980872,-4.76043023505047,100020502,"100020502","Xenobiotics","Food Component/Plant",5230,"NAMED",NA,NA,"sulfate of piperine metabolite C18H21NO3 (1)*","sulfate of piperine metabolite C18H21NO3 (1)*",NA,NA,NA,NA,NA,NA,NA,NA,62297,62297,62297,209,209,209,219276,219276,219276,"Neg","Neg","Neg",219276,62297,209,"Neg"
0.208533770714081,-0.228283917473454,0.936771922790785,0.349285349607562,0.97757975980872,-4.77061537808252,100015965,"100015965","Xenobiotics","Food Component/Plant",5296,"NAMED","WYUFTYLVLQZQNH-UHFFFAOYSA-N","CCOC1C(O)C(O)C(O)C(CO)O1","ethyl alpha-glucopyranoside","ethyl alpha-glucopyranoside","34625-23-5",378664,"HMDB0242122",NA,11127487,NA,NA,NA,63152,63152,63152,400,400,400,221889,221889,221889,"Pos Early","Pos Early","Pos Early",221889,63152,400,"Pos Early"
-0.107908791844123,-0.214444947945901,-0.928113086118218,0.353754358841029,0.97757975980872,-4.7752572304173,100009329,"100009329","Cofactors and Vitamins","Ascorbate and Aldarate Metabolism",4552,"NAMED","SKKZOYBAANIUOV-ZAFYKAAXSA-N","O[C@@H](CO)[C@@](C1=O)([H])OC(O)=C1OS(O)(=O)=O","ascorbic acid 2-sulfate","ascorbic acid 2-sulfate","52174-99-9",77998,"HMDB0060649",NA,54676864,NA,NA,NA,63590,63590,63590,305,305,305,222872,222872,222872,"Polar","Polar","Polar",222872,63590,305,"Polar"
-0.0866371263840813,-0.193132127423954,-0.92276242987733,0.3565339793303,0.97757975980872,-4.77810417197077,100004499,"100004499","Amino Acid","Lysine Metabolism",136,"NAMED","FZXCPFJMYOQZCA-UHFFFAOYSA-N","OC(C1CCCC(N1)=O)=O","6-oxopiperidine-2-carboxylate","6-oxopiperidine-2-carboxylate","34622-39-4",2282737,"HMDB0061705",NA,3014237,NA,NA,NA,43231,43231,43231,209,209,209,143979,143979,143979,"Neg","Neg","Neg",143979,43231,209,"Neg"
-0.0871773260768495,-0.125632896344209,-0.90320100527159,0.366813001851703,0.97757975980872,-4.78837279886008,1141,"1141","Amino Acid","Tyrosine Metabolism",181,"NAMED","KKADPXVIOXHVKN-UHFFFAOYSA-N","OC1=CC=C(CC(C(O)=O)=O)C=C1","4-hydroxyphenylpyruvate","4-hydroxyphenylpyruvate","156-39-8",954,"HMDB0000707","C01179",979,NA,NA,NA,1669,1669,1669,209,209,209,124595,124595,124595,"Neg","Neg","Neg",124595,1669,209,"Neg"
-0.161963947099553,-0.125311499836815,-0.899440076021235,0.368810301462304,0.97757975980872,-4.79032196125676,100001296,"100001296","Xenobiotics","Food Component/Plant",5270,"NAMED","CMUNUTVVOOHQPW-LURJTMIESA-N","C[N+]1(C)[C@H]([C@@]([O-])=O)CCC1","stachydrine","stachydrine","4136-37-2",103115,"HMDB0004827","C10172",115244,NA,NA,NA,34384,34384,34384,400,400,400,156088,156088,156088,"Pos Early","Pos Early","Pos Early",156088,34384,400,"Pos Early"
-0.126011775674424,-0.337228128323219,-0.895845138940724,0.370725776925853,0.97757975980872,-4.7921775244501,100001396,"100001396","Xenobiotics","Xanthine Metabolism",4807,"NAMED","PFWLFWPASULGAN-UHFFFAOYSA-N","OC1=C(N2C)C(N=C2)=NC(O)=N1","7-methylxanthine","7-methylxanthine","552-62-5",61660,"HMDB0001991","C16353",68374,NA,NA,NA,34390,34390,34390,400,400,400,156093,156093,156093,"Pos Early","Pos Early","Pos Early",156093,34390,400,"Pos Early"
0.127822011715582,-0.349349662729444,0.894423810486856,0.37148480273227,0.97757975980872,-4.79290911614414,100001437,"100001437","Amino Acid","Glutathione Metabolism",583,"NAMED","BNRXZEPOHPEEAS-UHFFFAOYSA-N","NC(C(O)=O)CCC(NC(CSSCC(N)C(O)=O)C(NCC(O)=O)=O)=O","cysteine-glutathione disulfide","cysteine-glutathione disulfide","13081-14-6",3455404,"HMDB0000656","R00900",3080690,NA,NA,NA,35159,35159,35159,400,400,400,161190,161190,161190,"Pos Early","Pos Early","Pos Early",161190,35159,400,"Pos Early"
0.169607039505171,-0.0294747402047019,0.877529412100212,0.380580730142984,0.97757975980872,-4.80151646084534,100001226,"100001226","Cofactors and Vitamins","Hemoglobin and Porphyrin Metabolism",4616,"NAMED","OBHRVMZSZIDDEK-UHFFFAOYSA-N","CC1=C(CC(NC2=O)C(CC)=C2C)NC(CC3=C(CCC(O)=O)C(C)=C(CC(NC4=O)C(C)=C4CC)N3)=C1CCC(O)=O","I-urobilinogen","I-urobilinogen","14684-37-8",24980,"HMDB0001898","C05789",9548718,NA,NA,NA,32426,32426,32426,209,209,209,144353,144353,144353,"Neg","Neg","Neg",144353,32426,209,"Neg"
-0.0459366029163655,0.0728149681529193,-0.849265132517129,0.396101759707623,0.97757975980872,-4.81555095822697,279,"279","Amino Acid","Methionine, Cysteine, SAM and Taurine Metabolism",470,"NAMED","LEVWYRKDKASIDU-UHFFFAOYSA-N","NC(C(O)=O)CSSCC(N)C(O)=O","cystine","cystine","56-89-3",575,"HMDB0000192","C00491",67678,NA,NA,NA,56,56,56,400,400,400,155296,155296,155296,"Pos Early","Pos Early","Pos Early",155296,56,400,"Pos Early"
0.0753424165758891,-0.0907752110169384,0.848847283031004,0.396334055572035,0.97757975980872,-4.81575500620459,100021331,"100021331","Partially Characterized Molecules","Partially Characterized Molecules",6730,"NAMED","IJIWKJRHDDIJKI-MVCMDAJNSA-N","CC1(C)C(OS(O)(=O)=O)CCC2(C)C1CC[C@]3(C)[C@H]2CC[C@@H]3C4(C)OC(CC4)=O","metabolonic lactone sulfate","metabolonic lactone sulfate",NA,NA,NA,NA,NA,NA,NA,NA,63153,63153,63153,209,209,209,221892,221892,221892,"Neg","Neg","Neg",221892,63153,209,"Neg"
-0.0574653500615116,-0.0843086502776928,-0.847166745591976,0.39726915248065,0.97757975980872,-4.81657465085656,1114,"1114","Nucleotide","Pyrimidine Metabolism, Thymine containing",4486,"NAMED","QCHPKSFMDHPSNR-UHFFFAOYSA-N","O=C(O)C(C)CN","3-aminoisobutyrate","3-aminoisobutyrate","214139-20-5,10569-72-9",58481,"HMDB0002166","C05145",64956,NA,NA,NA,1566,1566,1566,400,400,400,155405,155405,155405,"Pos Early","Pos Early","Pos Early",155405,1566,400,"Pos Early"
0.0606613868147373,0.0587800465505866,0.828757272856119,0.407599797054611,0.97757975980872,-4.82544748807409,100001055,"100001055","Amino Acid","Leucine, Isoleucine and Valine Metabolism",433,"NAMED","LRCNOZRCYBNMEP-VIFPVBQESA-N","CC(C)C(O[C@@H](CC([O-])=O)C[N+](C)(C)C)=O","isobutyrylcarnitine (C4)","isobutyrylcarnitine (C4)","25518-49-4",NA,"HMDB0000736",NA,168379,NA,NA,NA,33441,33441,33441,400,400,400,156017,156017,156017,"Pos Early","Pos Early","Pos Early",156017,33441,400,"Pos Early"
0.0923013436917604,-0.210106208043757,0.822908721209149,0.410915079440688,0.97757975980872,-4.82822566607616,50,"50","Amino Acid","Polyamine Metabolism",555,"NAMED","ATHGHQPFGPMSJY-UHFFFAOYSA-N","NCCCCNCCCN","spermidine","spermidine","124-20-9",1071,"HMDB0001257","C00315",1102,NA,NA,NA,485,485,485,400,400,400,155305,155305,155305,"Pos Early","Pos Early","Pos Early",155305,485,400,"Pos Early"
0.0851335613090032,-0.204950448441003,0.822883058584202,0.410929661726709,0.97757975980872,-4.82823781312862,100000840,"100000840","Xenobiotics","Food Component/Plant",5413,"NAMED","ROBFUDYVXSDBQM-UHFFFAOYSA-N","O=C(C(O)C(O)=O)O","tartronate (hydroxymalonate)","tartronate (hydroxymalonate)","80-69-3",44,"HMDB0035227","C02287",45,NA,NA,NA,20693,20693,20693,209,209,209,143841,143841,143841,"Neg","Neg","Neg",143841,20693,209,"Neg"
-0.0668108152836535,0.0662335473546396,-0.811877942856684,0.417211461221626,0.97757975980872,-4.83341214066836,100001977,"100001977","Cofactors and Vitamins","Vitamin A Metabolism",4639,"NAMED","DMASLKHVQRHNES-QQGJMDNJSA-N","CC1=C(/C=C/C(C)=C/C=C/C(C)=C/C=C/C=C(C)/C=C/C=C(C)/C=C/C2=C(C)CCCC2(C)C)C(C)(C)CC(O)C1","beta-cryptoxanthin","beta-cryptoxanthin","472-70-8",4904571,"HMDB0033844","C08591",5281235,NA,NA,NA,57591,57591,57591,402,402,402,211608,211608,211608,"Pos Late","Pos Late","Pos Late",211608,57591,402,"Pos Late"
0.0665672857542377,-0.11677184482724,0.81165572263263,0.417338888053518,0.97757975980872,-4.83351590788901,100006129,"100006129","Amino Acid","Tyrosine Metabolism",207,"NAMED","SVYIZYRTOYHQRE-UHFFFAOYSA-N","OC1=C(OC)C=C(CC(C(O)=O)O)C=C1","vanillactate","vanillactate","2475-56-1",141152,"HMDB0000913",NA,160637,NA,NA,NA,54910,54910,54910,209,209,209,208290,208290,208290,"Neg","Neg","Neg",208290,54910,209,"Neg"
0.0454153568887142,-0.0618255170810451,0.80806169421346,0.419402989598748,0.97757975980872,-4.83519023197099,278,"278","Amino Acid","Glutathione Metabolism",586,"NAMED","ZUKPVRWZDMRIEO-UHFFFAOYSA-N","NC(C(NCC(O)=O)=O)CS","cysteinylglycine","cysteinylglycine","19246-18-5",58762,"HMDB0000078","C01419",439498,NA,NA,NA,35637,35637,35637,400,400,400,156206,156206,156206,"Pos Early","Pos Early","Pos Early",156206,35637,400,"Pos Early"
-0.090051089052255,-0.390391528698365,-0.807676487807074,0.419624575687778,0.97757975980872,-4.83536924591479,100020360,"100020360","Amino Acid","Tryptophan Metabolism",286,"NAMED","BXZSKDOPGDPDEG-UHFFFAOYSA-N","OC1=CC(C(O)=O)=NC(C1=CC=C2)=C2OC","8-methoxykynurenate","8-methoxykynurenate","2929-14-8",68710,"HMDB0060426","C05830",76230,NA,NA,NA,62955,62955,62955,209,209,209,220839,220839,220839,"Neg","Neg","Neg",220839,62955,209,"Neg"
-0.0636631034201148,-0.101980222584748,-0.796968803458444,0.425811636140588,0.97757975980872,-4.84031129372225,100004523,"100004523","Amino Acid","Urea cycle; Arginine and Proline Metabolism",517,"NAMED","SRXKAYJJGAAOBP-UHFFFAOYSA-N","CC(NCCCC(N)C(O)=O)=O","N-delta-acetylornithine","N-delta-acetylornithine",NA,8096135,"HMDB0242109","C00437",9920500,NA,NA,NA,43249,43249,43249,209,209,400,124707,124707,156986,"Neg","Neg","Pos Early",156986,43249,400,"Pos Early"
-0.12255539644171,-0.129498003967831,-0.796182362641909,0.426268148180606,0.97757975980872,-4.84067167787482,100004299,"100004299","Amino Acid","Histidine Metabolism",79,"NAMED","GVRCKHXHWSYDEF-UHFFFAOYSA-N","OC(C(CC1=CN(C)C=N1)NC(C)=O)=O","N-acetyl-1-methylhistidine*","N-acetyl-1-methylhistidine*",NA,NA,"HMDB0240340",NA,53859791,NA,NA,NA,43255,43255,43255,400,400,400,156987,156987,156987,"Pos Early","Pos Early","Pos Early",156987,43255,400,"Pos Early"
0.0449095961621972,-0.0789891555469277,0.794994065316844,0.426958472062336,0.97757975980872,-4.84121553881527,338,"338","Xenobiotics","Food Component/Plant",5011,"NAMED","RGHNJXZEOKUKBD-SQOUGZDYSA-N","OC([C@H](O)[C@@H](O)[C@H](O)[C@H](O)CO)=O","gluconate","gluconate","527-07-1",10240,"HMDB0000625","C00257",106903085666,NA,NA,NA,587,587,587,305,305,305,147098,147098,147098,"Polar","Polar","Polar",147098,587,305,"Polar"
0.0435491688006591,0.0109395899843054,0.794467944486734,0.427264322779047,0.97757975980872,-4.84145607564832,100001541,"100001541","Amino Acid","Leucine, Isoleucine and Valine Metabolism",402,"NAMED","RILPIWOPNGRASR-UHFFFAOYSA-N","O=C(C(C(CC)C)O)O","2-hydroxy-3-methylvalerate","2-hydroxy-3-methylvalerate","488-15-3",144317,"HMDB0000317",NA,164623,NA,NA,NA,36746,36746,36746,209,209,209,128281,128281,128281,"Neg","Neg","Neg",128281,36746,209,"Neg"
0.0538471104640857,0.0461437131333809,0.788548883550675,0.430714070541346,0.97757975980872,-4.84415126942332,100001253,"100001253","Amino Acid","Glutamate Metabolism",50,"NAMED","KSMRODHGGIIXDV-YFKPBYRVSA-N","OC([C@H](CCC(N)=O)NC(C)=O)=O","N-acetylglutamine","N-acetylglutamine","2490-97-3",158492,"HMDB0006029","C02716",182230,NA,NA,NA,33943,33943,33943,305,305,305,146952,146952,146952,"Polar","Polar","Polar",146952,33943,305,"Polar"
-0.0566612490261744,0.00566839764904084,-0.781223334206101,0.435005905625913,0.97757975980872,-4.84745907648277,100010896,"100010896","Nucleotide","Pyrimidine Metabolism, Uracil containing",4426,"NAMED","SXUXMRMBWZCMEN-ZOQUXTDFSA-N","CO[C@@H]1[C@@H]([C@H](O[C@H]1N2C=CC(NC2=O)=O)CO)O","2'-O-methyluridine","2'-O-methyluridine","2140-76-3",92343,"HMDB0240328",NA,102212,NA,NA,NA,57655,57655,57655,209,209,209,212709,212709,212709,"Neg","Neg","Neg",212709,57655,209,"Neg"
0.145428917409501,0.144068549388352,0.777582407656794,0.437148198691953,0.97757975980872,-4.84909166546313,100021208,"100021208","Xenobiotics","Benzoate Metabolism",4735,"NAMED","ILVXQMHYFMBCMJ-UHFFFAOYSA-N","C=CC(C=C1O)=CC=C1OS(=O)(O)=O","4-vinylcatechol sulfate","4-vinylcatechol sulfate",NA,NA,NA,NA,NA,NA,NA,NA,64579,64579,64579,209,209,209,238261,238261,238261,"Neg","Neg","Neg",238261,64579,209,"Neg"
0.0431145888550915,0.0549353312521876,0.77524577674357,0.438526256992097,0.97757975980872,-4.8501354038993,1001,"1001","Amino Acid","Urea cycle; Arginine and Proline Metabolism",522,"NAMED","PMMYEEVYMWASQN-DMTCNVIQSA-N","O[C@@H]1C[C@@H](C(O)=O)NC1","trans-4-hydroxyproline","hydroxyproline","51-35-4",5605,"HMDB0000725","C01157",5810,NA,NA,NA,32306,32306,32306,400,400,400,155905,155905,155905,"Pos Early","Pos Early","Pos Early",155905,32306,400,"Pos Early"
-0.120485725753356,-0.545819773551882,-0.771076908361586,0.440991109099588,0.97757975980872,-4.85198979828627,826,"826","Carbohydrate","Pentose Metabolism",1306,"NAMED","PYMYPHUHKUWMLA-VPENINKCSA-N","O=C[C@@H]([C@H]([C@@H](CO)O)O)O","xylose","xylose","609-06-3",85957,"HMDB0000098","C00181",135191,NA,NA,NA,15581,15581,15581,305,305,305,146484,146484,146484,"Polar","Polar","Polar",146484,15581,305,"Polar"
0.0376783848475142,-0.0591986306553221,0.766652875519713,0.443615513240713,0.97757975980872,-4.85394679266177,100021329,"100021329","Xenobiotics","Food Component/Plant",5417,"NAMED","BOWUOGIPSRVRSJ-RXMQYKEDSA-N","O=C1NCCCC[C@H]1N","(S)-a-amino-omega-caprolactam","(S)-a-amino-omega-caprolactam","21568-87-6",388871,NA,"C02837",439823440599,NA,NA,NA,63339,63339,63339,400,400,400,222374,222374,222374,"Pos Early","Pos Early","Pos Early",222374,63339,400,"Pos Early"
0.121625038221395,-0.456816615176737,0.764173747570187,0.445090072433695,0.97757975980872,-4.8550385398682,100020851,"100020851","Xenobiotics","Food Component/Plant",5103,"NAMED","NUPWKYZXNXCOHY-UHFFFAOYSA-N","CCC1=C(OS(=O)(O)=O)C(O)=CC=C1","3-ethylcatechol sulfate (1)","3-ethylcatechol sulfate (1)",NA,NA,NA,NA,NA,NA,NA,NA,62796,62796,62796,209,209,209,220411,220411,220411,"Neg","Neg","Neg",220411,62796,209,"Neg"
-0.080798235312617,-0.147746130389724,-0.750443846988914,0.453307030964304,0.97757975980872,-4.86102102042349,100004208,"100004208","Xenobiotics","Benzoate Metabolism",4706,"NAMED","AQTYXAPIHMXAAV-UHFFFAOYSA-N","COC1=C(OS(O)(=O)=O)C=CC=C1","guaiacol sulfate","guaiacol sulfate",NA,21078,"HMDB0060013",NA,22473,NA,NA,NA,46111,46111,46111,209,209,209,143736,143736,143736,"Neg","Neg","Neg",143736,46111,209,"Neg"
0.131702160874966,-0.106751731153286,0.745216316681153,0.456457983890456,0.97757975980872,-4.86327036716769,100021363,"100021363","Xenobiotics","Food Component/Plant",5425,"NAMED","LOODYTDRRBLQNH-UHFFFAOYSA-N","OC1=CC=C(C=C1OC)C(NCC(O)=O)=O","vanilloylglycine","vanilloylglycine",NA,2340857,"HMDB0060026",NA,3083688,NA,NA,NA,63853,63853,63853,209,209,209,223434,223434,223434,"Neg","Neg","Neg",223434,63853,209,"Neg"
-0.104704030618402,-0.102087959305111,-0.742637073070849,0.458017189270421,0.97757975980872,-4.86437441006804,100001083,"100001083","Amino Acid","Tryptophan Metabolism",312,"NAMED","GOLXRNDWAUTYKT-UHFFFAOYSA-N","OC(CCC1=CNC2=C1C=CC=C2)=O","indolepropionate","indolepropionate","830-96-6",3613,"HMDB0002302",NA,3744,NA,NA,NA,32405,32405,32405,209,209,209,125818,125818,125818,"Neg","Neg","Neg",125818,32405,209,"Neg"
0.0787805636693901,0.0832148881844374,0.730443499903991,0.46542888013883,0.97757975980872,-4.86954217964327,100021530,"100021530","Amino Acid","Methionine, Cysteine, SAM and Taurine Metabolism",468,"NAMED","CAMXXPUSAROUCX-BYPYZUCNSA-N","SC[C@@H](C(O)=O)NCCC(O)=O","S-carboxyethylcysteine","S-carboxyethylcysteine","4033-46-9",19955529,"HMDB0246645",NA,NA,NA,NA,NA,64177,64177,64177,400,400,400,236998,236998,236998,"Pos Early","Pos Early","Pos Early",236998,64177,400,"Pos Early"
0.067343068375573,0.0650754063409588,0.727167103928635,0.467431724161141,0.97757975980872,-4.87091620985211,100020254,"100020254","Partially Characterized Molecules","Partially Characterized Molecules",6726,"NAMED",NA,NA,"glycine conjugate of C10H14O2 (1)*","glycine conjugate of C10H14O2 (1)*",NA,NA,NA,NA,NA,NA,NA,NA,62146,62146,62146,209,209,209,219038,219038,219038,"Neg","Neg","Neg",219038,62146,209,"Neg"
0.171015196847478,-0.729606942179476,0.720999646211186,0.471214822992969,0.97757975980872,-4.87348595943356,100002253,"100002253","Xenobiotics","Food Component/Plant",5059,"NAMED","YAADMLWHGMUGQL-VOTSOKGWSA-N","O=C(NCC(O)=O)/C=C/C1=CC=CC=C1","cinnamoylglycine","cinnamoylglycine","16534-24-0",618829,"HMDB0011621",NA,709625,NA,NA,NA,38637,38637,38637,209,209,209,141886,141886,141886,"Neg","Neg","Neg",141886,38637,209,"Neg"
-0.0879788125839294,-0.287946207771254,-0.720542576040836,0.471495860845717,0.97757975980872,-4.87367553469613,100000014,"100000014","Xenobiotics","Benzoate Metabolism",4666,"NAMED","QIAFMBKCNZACKA-UHFFFAOYSA-N","O=C(C1=CC=CC=C1)NCC(O)=O","hippurate","hippurate","495-69-2",451,"HMDB0000714","C01586",464,NA,NA,NA,15753,15753,15753,209,209,209,124647,124647,124647,"Neg","Neg","Neg",124647,15753,209,"Neg"
-0.0464380712148589,0.045502472943405,-0.713426309769917,0.475883358896475,0.97757975980872,-4.87661162507032,100002769,"100002769","Amino Acid","Urea cycle; Arginine and Proline Metabolism",531,"NAMED","BMFMQGXDDJALKQ-BYPYZUCNSA-N","N=C(N)NCCC[C@H](O)C(O)=O","argininate*","argininate*","157-07-3",140984,"HMDB0003148",NA,160437,NA,NA,NA,57461,57461,57461,400,400,400,211115,211115,211115,"Pos Early","Pos Early","Pos Early",211115,57461,400,"Pos Early"
-0.0872584802186081,-0.35544253780703,-0.710175575855005,0.47789502620959,0.97757975980872,-4.87794316986519,100000008,"100000008","Xenobiotics","Benzoate Metabolism",4681,"NAMED","WPYMKLBDIGXBTP-UHFFFAOYSA-N","OC(C1=CC=CC=C1)=O","benzoate","benzoate","65-85-0",238,"HMDB0001870","C00180",243,NA,NA,NA,15778,15778,15778,209,209,209,124867,124867,124867,"Neg","Neg","Neg",124867,15778,209,"Neg"
-0.117956586661747,-0.589563640398815,-0.706071695741077,0.480441294702542,0.97757975980872,-4.87961551303292,100004112,"100004112","Xenobiotics","Benzoate Metabolism",4707,"NAMED","HFDKYCXWNHNKAF-UHFFFAOYSA-N","OC1=C(C)C=CC=C1OS(O)(=O)=O","3-methyl catechol sulfate (1)","3-methyl catechol sulfate (1)",NA,NA,"HMDB0240663,HMDB0240662",NA,118431379,NA,NA,NA,46165,46165,46165,209,209,209,144278,144278,144278,"Neg","Neg","Neg",144278,46165,209,"Neg"
0.0566017734370063,-0.246885797106362,0.70266462081653,0.482560847214138,0.97757975980872,-4.88099656170349,241,"241","Amino Acid","Phenylalanine Metabolism",156,"NAMED","BTNMPGBKDVTSJY-UHFFFAOYSA-N","O=C(C(O)=O)CC1=CC=CC=C1","phenylpyruvate","phenylpyruvate","156-06-9",972,"HMDB0000205","C00166",997,NA,NA,NA,566,566,566,209,209,209,124529,124529,124529,"Neg","Neg","Neg",124529,566,209,"Neg"
-0.101242289252224,-0.0687756776232741,-0.70201545965836,0.482965269617173,0.97757975980872,-4.88125894170909,100003892,"100003892","Amino Acid","Methionine, Cysteine, SAM and Taurine Metabolism",474,"NAMED","DWPCPZJAHOETAG-IMJSIDKUSA-N","O=C([C@H](CSC[C@@H](C(O)=O)N)N)O","lanthionine","lanthionine","468821",88959,"HMDB0251521",NA,98504,NA,NA,NA,42002,42002,42002,400,400,400,156875,156875,156875,"Pos Early","Pos Early","Pos Early",156875,42002,400,"Pos Early"
-0.0614646569958088,-0.165207868350995,-0.695456275138942,0.487061927312446,0.97757975980872,-4.88389648325762,100022014,"100022014","Partially Characterized Molecules","Partially Characterized Molecules",6758,"NAMED",NA,NA,"bilirubin degradation product, C16H18N2O5 (3)**","bilirubin degradation product, C16H18N2O5 (3)**",NA,NA,NA,NA,NA,NA,NA,NA,64414,64414,64414,209,209,209,237567,237567,237567,"Neg","Neg","Neg",237567,64414,209,"Neg"
-0.0447812724840344,-0.184428909706809,-0.685007293144092,0.493626712177361,0.97757975980872,-4.88804715669658,100006065,"100006065","Peptide","Dipeptide",803,"NAMED","XLUAWXQORJEMBD-UHFFFAOYSA-N","O=C(C(C(C)C)N([H])C1=O)N2C1CCC2","cyclo(pro-val)","cyclo(pro-val)","2854-40-2",89376,"HMDB0240493",NA,98951,NA,NA,NA,49795,49795,49795,400,400,400,161671,161671,161671,"Pos Early","Pos Early","Pos Early",161671,49795,400,"Pos Early"
0.0436431615941801,-0.0230651938688573,0.668956785585664,0.503802575497389,0.97757975980872,-4.89430083864541,2054,"2054","Amino Acid","Leucine, Isoleucine and Valine Metabolism",414,"NAMED","UKFXDFUAPNAMPJ-UHFFFAOYSA-N","CCC(C(O)=O)C(O)=O","ethylmalonate","ethylmalonate","601-75-2",11263,"HMDB0000622",NA,11756,NA,NA,NA,15765,15765,15765,305,305,305,147158,147158,147158,"Polar","Polar","Polar",147158,15765,305,"Polar"
0.101986246062066,-0.386770314949651,0.667598625317898,0.50466870182365,0.97757975980872,-4.89482322406831,100001925,"100001925","Peptide","Dipeptide",782,"NAMED","SZJNCZMRZAUNQT-IUCAKERBSA-N","O=C(N[C@H]1CC(C)C)[C@H]2N(CCC2)C1=O","cyclo(leu-pro)","cyclo(leu-pro)","2873-36-1",5428292,"HMDB0034276",NA,7074739,NA,NA,NA,37104,37104,37104,400,400,400,156323,156323,156323,"Pos Early","Pos Early","Pos Early",156323,37104,400,"Pos Early"
0.114513859808922,0.0741102457444005,0.666259650718502,0.505523362944441,0.97757975980872,-4.89533719327763,100005367,"100005367","Xenobiotics","Food Component/Plant",5023,"NAMED","CCCNUHFRBBIFHO-CVSPRKDYSA-N","C=CCS(C[C@H](NC(C)=O)C(O)=O)=O","N-acetylalliin","N-acetylalliin",NA,NA,"HMDB0242184",NA,NA,NA,NA,NA,45404,45404,45404,209,400,400,144585,157091,157091,"Neg","Pos Early","Pos Early",157091,45404,400,"Pos Early"
-0.0348651484251624,-0.109764411715477,-0.660867755259387,0.508972703663344,0.97757975980872,-4.89739646740522,100020241,"100020241","Peptide","Gamma-glutamyl Amino Acid",668,"NAMED","SCTJBDDLOROJJM-UHFFFAOYSA-N","NC(C(O)=O)CCC(NC(CCCNC(N)=O)C(O)=O)=O","gamma-glutamylcitrulline*","gamma-glutamylcitrulline*",NA,NA,NA,NA,NA,NA,NA,NA,62104,62104,62104,400,400,400,218950,218950,218950,"Pos Early","Pos Early","Pos Early",218950,62104,400,"Pos Early"
-0.119408770925782,-0.645185472110632,-0.660685545869337,0.509089483532853,0.97757975980872,-4.8974657652394,100001108,"100001108","Xenobiotics","Xanthine Metabolism",4806,"NAMED","GMSNIKWWOQHZGF-UHFFFAOYSA-N","O=C1N(C)C2=C(N=CN2)C(N1)=O","3-methylxanthine","3-methylxanthine","1076-22-8",63805,"HMDB0001886","C16357",70639,NA,NA,NA,32445,32445,32445,209,209,209,125834,125834,125834,"Neg","Neg","Neg",125834,32445,209,"Neg"
0.11166715105152,-0.445896101098602,0.659382982596226,0.509924719493642,0.97757975980872,-4.89796060048623,100020259,"100020259","Partially Characterized Molecules","Partially Characterized Molecules",6709,"NAMED",NA,NA,"glutamine conjugate of C7H12O2*","glutamine conjugate of C7H12O2*",NA,NA,NA,NA,NA,NA,NA,NA,63658,63658,63658,209,209,209,223041,223041,223041,"Neg","Neg","Neg",223041,63658,209,"Neg"
-0.0549219024168786,-0.169003396008884,-0.657873236328193,0.510893705198581,0.97757975980872,-4.89853292403946,100001103,"100001103","Amino Acid","Glutamate Metabolism",56,"NAMED","ZGEYCCHDTIDZAE-UHFFFAOYSA-N","O=C(CCC(C(O)=O)N)OC","glutamate, gamma-methyl ester","glutamate, gamma-methyl ester","1499-55-4,1499-55-4",66546,"HMDB0061715",NA,68662,NA,NA,NA,33487,33487,33487,400,400,400,156024,156024,156024,"Pos Early","Pos Early","Pos Early",156024,33487,400,"Pos Early"
0.0488256124607437,-0.0377971540569546,0.656082495647008,0.512044288379789,0.97757975980872,-4.89921007151099,100001950,"100001950","Cofactors and Vitamins","Hemoglobin and Porphyrin Metabolism",4613,"NAMED","BPYKTIZUTYGOLE-VVCLLGATSA-N","CC(C(N/1)=O)=C(C=C)C1=C/C2=C(C)C(CCC(O)=O)=C(CC3=C(CCC(O)=O)C(C)=C(/C=C4NC(C(C=C)=C\4C)=O)N3)N2","bilirubin (E,E)*","bilirubin (E,E)*",NA,4474753,"HMDB0240584",NA,129320511,NA,NA,NA,32586,32586,32586,402,402,402,158528,158528,158528,"Pos Late","Pos Late","Pos Late",158528,32586,402,"Pos Late"
-0.0527648455730214,-0.130232534830207,-0.65458342685506,0.513008508338859,0.97757975980872,-4.8997755105838,100022004,"100022004","Partially Characterized Molecules","Partially Characterized Molecules",6752,"NAMED",NA,NA,"bilirubin degradation product, C16H18N2O5 (2)**","bilirubin degradation product, C16H18N2O5 (2)**",NA,NA,NA,NA,NA,NA,NA,NA,64404,64404,64404,209,209,209,237533,237533,237533,"Neg","Neg","Neg",237533,64404,209,"Neg"
-0.071809323132795,-0.167379827462542,-0.654364995053788,0.513149085556333,0.97757975980872,-4.89985779392269,100021709,"100021709","Partially Characterized Molecules","Partially Characterized Molecules",6741,"NAMED","FQSFPMAZIOPKLO-JXMROGBWSA-N","OC(/C=C/CCCC(C)CCCC)=O","branched-chain, straight-chain, or cyclopropyl 12:1 fatty acid*","branched-chain, straight-chain, or cyclopropyl 12:1 fatty acid*",NA,NA,NA,NA,NA,NA,NA,NA,63683,63683,63683,209,209,209,223108,223108,223108,"Neg","Neg","Neg",223108,63683,209,"Neg"
0.13097471993728,-0.137826164952231,0.653444412180172,0.513741770547025,0.97757975980872,-4.90020427672809,100020493,"100020493","Xenobiotics","Food Component/Plant",5217,"NAMED",NA,NA,"glucuronide of piperine metabolite C17H21NO3 (5)*","glucuronide of piperine metabolite C17H21NO3 (5)*",NA,NA,NA,NA,NA,NA,NA,NA,62292,62292,62292,209,209,209,219265,219265,219265,"Neg","Neg","Neg",219265,62292,209,"Neg"
0.0548305789532533,0.0558430755970805,0.649972278481425,0.515980392189913,0.97757975980872,-4.90150671534609,100002094,"100002094","Cofactors and Vitamins","Tocopherol Metabolism",4572,"NAMED","VMJQLPNCUPGMNQ-UHFFFAOYSA-N","OC1=C(C)C(C)=C(OC(C)(CCC(O)=O)CC2)C2=C1","gamma-CEHC","gamma-CEHC","178167-75-4",117455,"HMDB0001931",NA,133098,NA,NA,NA,44876,44876,44876,209,209,209,127733,127733,127733,"Neg","Neg","Neg",127733,44876,209,"Neg"
0.095335477509225,-0.102123304630594,0.643824587803194,0.519956459754825,0.97757975980872,-4.90379580412589,100020578,"100020578","Xenobiotics","Benzoate Metabolism",4711,"NAMED","USWXDXYEVISELK-UHFFFAOYSA-N","OS(OC1=CC=C(CC=C)C=C1O)(=O)=O","4-allylcatechol sulfate","4-allylcatechol sulfate",NA,NA,"HMDB0304934",NA,NA,NA,NA,NA,63597,63597,63597,209,209,209,222898,222898,222898,"Neg","Neg","Neg",222898,63597,209,"Neg"
-0.0556069964235003,-0.185460537314399,-0.643672332473333,0.520055132768768,0.97757975980872,-4.90385222084158,100003169,"100003169","Peptide","Dipeptide",874,"NAMED","UCGDDTHMMVWVMV-UHFFFAOYSA-N","O=C(C(C(CC)C)N)NCC(O)=O","isoleucylglycine","isoleucylglycine","868-28-0",303621,"HMDB0028907",NA,342532,NA,NA,NA,40008,40008,40008,209,209,209,141960,141960,141960,"Neg","Neg","Neg",141960,40008,209,"Neg"
0.139442572166014,-0.526112565077762,0.641322982382913,0.521578916369369,0.97757975980872,-4.90472106158687,923,"923","Nucleotide","Pyrimidine Metabolism, Orotate containing",4409,"NAMED","UFIVEPVSAGBUSI-UHFFFAOYSA-N","O=C(C(NC1=O)CC(N1)=O)O","dihydroorotate","dihydroorotate","155-54-4",628,"HMDB0000528,HMDB0003349","C00337",648,NA,NA,NA,601,601,601,305,305,305,145712,145712,145712,"Polar","Polar","Polar",145712,601,305,"Polar"
0.040429504425629,-0.0895618451079126,0.640149519552445,0.522340883571686,0.97757975980872,-4.90515384644574,100001612,"100001612","Amino Acid","Glutamate Metabolism",57,"NAMED","OPVPGKGADVGKTG-UHFFFAOYSA-N","CC(NC(C(NC(CCC(O)=O)C(O)=O)=O)CC(O)=O)=O","N-acetyl-aspartyl-glutamate (NAAG)","N-acetyl-aspartyl-glutamate (NAAG)","3106-85-2",5065,"HMDB0001067","C12270",188803,NA,NA,NA,35665,35665,35665,400,400,400,156223,156223,156223,"Pos Early","Pos Early","Pos Early",156223,35665,400,"Pos Early"
-0.0496551239797779,-0.072284699449454,-0.634323071035796,0.526132660769348,0.97757975980872,-4.90729098579962,1053,"1053","Nucleotide","Pyrimidine Metabolism, Uracil containing",4441,"NAMED","JSJWCHRYRHKBBW-UHFFFAOYSA-N","OC(CCNC(N)=O)=O","3-ureidopropionate","3-ureidopropionate","462-88-4",109,"HMDB0000026","C02642",111,NA,NA,NA,3155,3155,3155,400,400,400,155489,155489,155489,"Pos Early","Pos Early","Pos Early",155489,3155,400,"Pos Early"
-0.0406288026948038,-0.0391154933101241,-0.633845289078207,0.526444219644624,0.97757975980872,-4.90746537098382,250,"250","Cofactors and Vitamins","Hemoglobin and Porphyrin Metabolism",4615,"NAMED","QBUVFDKTZJNUPP-YBRAVLHJSA-N","CC1=C(/C=C(N2)/C(C=C)=C(C)C2=O)NC(/C=C3C(CCC(O)=O)=C(C)C(/C=C(N4)\C(C)=C(C=C)C4=O)=N\3)=C1CCC(O)=O","biliverdin","biliverdin","55482-27-4,55482-27-4",10628548,"HMDB0001008","C00500",5280353,NA,NA,NA,2137,2137,2137,402,402,402,158009,158009,158009,"Pos Late","Pos Late","Pos Late",158009,2137,402,"Pos Late"
0.109735422409403,0.415356148404229,0.633047919294152,0.526964390276149,0.97757975980872,-4.90775611019811,501,"501","Xenobiotics","Drug - Topical Agents",6173,"NAMED","YGSDEFSMJLZEOE-UHFFFAOYSA-N","OC1=C(C(O)=O)C=CC=C1","salicylate","salicylate","69-72-7",331,"HMDB0001895","C00805",338,NA,NA,NA,1515,1515,1515,305,305,305,164364,164364,164364,"Polar","Polar","Polar",164364,1515,305,"Polar"
-0.0309270953501314,-0.0678105896787412,-0.623250655165274,0.533377115333775,0.97757975980872,-4.91129860295274,100000039,"100000039","Amino Acid","Methionine, Cysteine, SAM and Taurine Metabolism",448,"NAMED","QEFRNWWLZKMPFJ-YGVKFDHGSA-N","O=C(O)[C@@H](N)CCS(C)=O","methionine sulfoxide","methionine sulfoxide","3226-65-1",139840,"HMDB0002005","C02989",158980,NA,NA,NA,18374,18374,18374,400,400,400,155665,155665,155665,"Pos Early","Pos Early","Pos Early",155665,18374,400,"Pos Early"
-0.0863753062844029,-0.49406711419528,-0.620613815022822,0.535109770221703,0.97757975980872,-4.91224261357132,100000447,"100000447","Amino Acid","Tyrosine Metabolism",225,"NAMED","WXTMDXOMEHJXQO-UHFFFAOYSA-N","O=C(O)C1=CC(O)=CC=C1O","gentisate","gentisate","490-79-9",3350,"HMDB0000152","C00628",3469,NA,NA,NA,18280,18280,18280,209,305,209,123281,152144,123281,"Neg","Polar","Neg",152144,18280,305,"Polar"
-0.0893796228139045,-0.130653564716591,-0.616891678876656,0.537560401583534,0.97757975980872,-4.91356837024066,100001755,"100001755","Xenobiotics","Benzoate Metabolism",4730,"NAMED","IETVQHUKTKKBFF-UHFFFAOYSA-N","O=S(OC1=CC=C(C=C)C=C1)(O)=O","4-vinylphenol sulfate","4-vinylphenol sulfate","2628-17-3",4932200,"HMDB0062775","C05627",6426766,NA,NA,NA,36098,36098,36098,209,209,209,144223,144223,144223,"Neg","Neg","Neg",144223,36098,209,"Neg"
-0.037996871601953,-0.0531787606522562,-0.61309603872884,0.540065235351218,0.97757975980872,-4.9149121108116,100022485,"100022485","Amino Acid","Lactoyl Amino Acid",648,"NAMED",NA,"OC([C@@H](NC([C@H](C)O)=O)C(C)C)=O","N-lactoyl valine","N-lactoyl valine","21753-44-6",NA,"HMDB0062181",NA,NA,NA,NA,NA,64883,64883,64883,209,209,209,240094,240094,240094,"Neg","Neg","Neg",240094,64883,209,"Neg"
-0.0767553243606352,0.231158474986959,-0.607467225662071,0.543790573355504,0.97757975980872,-4.91688959584395,100020515,"100020515","Xenobiotics","Chemical",6390,"NAMED","HXEZIDSFDHEIIQ-UHFFFAOYSA-N","O=S(OC1=CC=C(C=CC=C2)C2=C1)(O)=O","2-naphthol sulfate","2-naphthol sulfate",NA,67020,"HMDB0242152",NA,74428,NA,NA,NA,62520,62520,62520,209,209,209,219835,219835,219835,"Neg","Neg","Neg",219835,62520,209,"Neg"
0.0768121883731948,-0.275159423659354,0.600038647174834,0.548726598782772,0.97757975980872,-4.91947149884084,100010869,"100010869","Amino Acid","Leucine, Isoleucine and Valine Metabolism",436,"NAMED","AOWPAWLEXIYETE-UHFFFAOYSA-N","OC(C)(C(O)=O)C(C)O","2,3-dihydroxy-2-methylbutyrate","2,3-dihydroxy-2-methylbutyrate","14868-24-7",266858,"HMDB0029576",NA,301941,NA,NA,NA,57547,57547,57547,305,209,209,211434,212076,212076,"Polar","Neg","Neg",212076,57547,209,"Neg"
0.0346913619949398,-0.0529687116519246,0.599153355262985,0.549316319344162,0.97757975980872,-4.9197770794488,100001022,"100001022","Cofactors and Vitamins","Ascorbate and Aldarate Metabolism",4557,"NAMED","JPIJQSOTBSSVTP-UHFFFAOYSA-N","O=C(O)C(O)([H])C([H])(O)CO","threonate","threonate","70753-61-6",133224,"HMDB0062620,HMDB0000943","C01620",1511525460407,NA,NA,NA,27738,27738,27738,305,305,305,146524,146524,146524,"Polar","Polar","Polar",146524,27738,305,"Polar"
0.104862387500044,-0.477815532353216,0.598949623263526,0.549452075934408,0.97757975980872,-4.9198473388909,100001743,"100001743","Amino Acid","Tryptophan Metabolism",271,"NAMED","AOHCBEAZXHZMOR-ZDUSSCGKSA-N","O=C([O-])[C@@H]([N@+](C)(C)C)CC1=CNC2=C1C=CC=C2","tryptophan betaine","tryptophan betaine","20671-76-5",390633,"HMDB0061115","C09213",442106,NA,NA,NA,37097,37097,37097,400,400,400,156317,156317,156317,"Pos Early","Pos Early","Pos Early",156317,37097,400,"Pos Early"
-0.0715996976825126,-0.163861303403047,-0.592878617710881,0.553505078864311,0.97757975980872,-4.92193005363739,100022008,"100022008","Partially Characterized Molecules","Partially Characterized Molecules",6756,"NAMED",NA,NA,"bilirubin degradation product, C17H20N2O5 (1)**","bilirubin degradation product, C17H20N2O5 (1)**",NA,NA,NA,NA,NA,NA,NA,NA,64405,64405,64405,209,209,209,237535,237535,237535,"Neg","Neg","Neg",237535,64405,209,"Neg"
-0.0317336348942124,0.0453684951573977,-0.587064380284488,0.557400381205014,0.97757975980872,-4.92390482660029,35,"35","Amino Acid","Glutamate Metabolism",64,"NAMED","DWAKNKKXGALPNW-UHFFFAOYSA-N","OC(C1CCC=N1)=O","S-1-pyrroline-5-carboxylate","S-1-pyrroline-5-carboxylate","2906-39-0",10140206,"HMDB0001301","C04322",11966181,NA,NA,NA,42370,42370,42370,400,400,400,166164,166164,166164,"Pos Early","Pos Early","Pos Early",166164,42370,400,"Pos Early"
-0.0683379388608858,-0.12221911777879,-0.584431305592362,0.559168825964639,0.97757975980872,-4.92479274452623,100022009,"100022009","Partially Characterized Molecules","Partially Characterized Molecules",6757,"NAMED",NA,NA,"bilirubin degradation product, C17H20N2O5 (2)**","bilirubin degradation product, C17H20N2O5 (2)**",NA,NA,NA,NA,NA,NA,NA,NA,64406,64406,64406,209,209,209,237537,237537,237537,"Neg","Neg","Neg",237537,64406,209,"Neg"
0.0677577533783402,-0.0237591046591792,0.583388392784578,0.559870028978332,0.97757975980872,-4.92514333100147,100001731,"100001731","Amino Acid","Tryptophan Metabolism",314,"NAMED","DVJIJAYHBZALOJ-UHFFFAOYSA-N","O=C(NC(CCC(N)=O)C(O)=O)CC1=CNC2=C1C=CC=C2","indoleacetylglutamine","indoleacetylglutamine",NA,NA,"HMDB0013240",NA,25200879,NA,NA,NA,42087,42087,42087,209,209,209,143935,143935,143935,"Neg","Neg","Neg",143935,42087,209,"Neg"
-0.13679211556869,-0.293668258642122,-0.579990393360826,0.562157637114982,0.97757975980872,-4.92628126925562,100006374,"100006374","Xenobiotics","Chemical",6433,"NAMED","NGVLEQPKHLWZLN-UHFFFAOYSA-N","OC1=C(O)C(OS(=O)(O)=O)=CC=C1","1,2,3-benzenetriol sulfate (2)","1,2,3-benzenetriol sulfate (2)",NA,NA,"HMDB0060018,HMDB0060016",NA,9201366254110620,NA,NA,NA,48762,48762,48762,209,209,209,155125,155125,155125,"Neg","Neg","Neg",155125,48762,209,"Neg"
-0.160500543599876,-0.973854931507176,-0.57770223865771,0.563700620062647,0.97757975980872,-4.92704379867892,100000442,"100000442","Xenobiotics","Food Component/Plant",5111,"NAMED","AAWZDTNXLSGCEK-WYWMIBKRSA-N","O[C@@]1([C@](O)(C[C@@](C(O)=O)(C[C@]1(O)[H])O)[H])[H]","quinate","quinate","77-95-2",10246715,"HMDB0003072","C00296",6508,NA,NA,NA,18335,18335,18335,305,305,305,146498,146498,146498,"Polar","Polar","Polar",146498,18335,305,"Polar"
-0.0596880047086135,-0.123747142962001,-0.569954978443479,0.568940009400451,0.97757975980872,-4.92960323748463,100021467,"100021467","Partially Characterized Molecules","Partially Characterized Molecules",6731,"NAMED",NA,NA,"pentose acid*","pentose acid*",NA,NA,NA,NA,NA,NA,NA,NA,63264,63264,63264,305,305,305,222194,222194,222194,"Polar","Polar","Polar",222194,63264,305,"Polar"
-0.0604008122892485,-0.185512202472586,-0.566424744504695,0.571335180960381,0.97757975980872,-4.93075806893172,310,"310","Amino Acid","Methionine, Cysteine, SAM and Taurine Metabolism",461,"NAMED","ILRYLPWNYFXEMH-UHFFFAOYSA-N","OC(C(CCSCC(N)C(O)=O)N)=O","cystathionine","cystathionine","535-34-2",811,"HMDB0000099","C02291",439258,NA,NA,NA,15705,15705,15705,400,400,400,155581,155581,155581,"Pos Early","Pos Early","Pos Early",155581,15705,400,"Pos Early"
0.0499119293806201,0.0526858717856856,0.565554743769167,0.571926191767412,0.97757975980872,-4.93104156863915,100020837,"100020837","Xenobiotics","Drug - Topical Agents",6175,"NAMED","AKEUNCKRJATALU-UHFFFAOYSA-N","OC(C1=C(O)C=CC=C1O)=O","2,6-dihydroxybenzoic acid","2,6-dihydroxybenzoic acid","303-07-1",8974,"HMDB0013676",NA,9338,NA,NA,NA,63042,63042,63042,209,209,209,221621,221621,221621,"Neg","Neg","Neg",221621,63042,209,"Neg"
0.0389979604987146,-0.020931002566187,0.558558049040533,0.576689764524662,0.97757975980872,-4.933305703072,100002154,"100002154","Xenobiotics","Food Component/Plant",5099,"NAMED","SSISHJJTAXXQAX-UHFFFAOYSA-N","S=C1NC(CC(C([O-])=O)[N+](C)(C)C)=CN1","ergothioneine","ergothioneine","58511-63-0",2297320,"HMDB0003045","C05570",5351619,NA,NA,NA,37459,37459,37459,400,400,400,156384,156384,156384,"Pos Early","Pos Early","Pos Early",156384,37459,400,"Pos Early"
-0.0340845414640066,-0.0457273327397074,-0.554907092577585,0.579182877500249,0.97757975980872,-4.93447598191488,100002458,"100002458","Amino Acid","Leucine, Isoleucine and Valine Metabolism",374,"NAMED","WKRBKYFIJPGYQC-DUXPYHPUSA-N","OC(C/C(C)=C/C(O)=O)=O","3-methylglutaconate","3-methylglutaconate","5746-90-7",1267861,"HMDB0000522",NA,1551553,NA,NA,NA,57747,57747,38667,305,305,305,213342,213342,145864,"Polar","Polar","Polar",213342,57747,305,"Polar"
0.0623850345067861,0.204996062277418,0.552862232193428,0.580581455726379,0.97757975980872,-4.93512809455015,100000846,"100000846","Xenobiotics","Food Component/Plant",5101,"NAMED","UNXHWFMMPAWVPI-UHFFFAOYSA-N","OCC(O)C(CO)O","erythritol","erythritol","149-32-6",13835932,"HMDB0002994","C00503",222285,NA,NA,NA,20699,20699,20699,305,305,305,146508,146508,146508,"Polar","Polar","Polar",146508,20699,305,"Polar"
-0.0335018205054058,0.0245183275702232,-0.54131356732566,0.588509758293261,0.97757975980872,-4.93876587803648,1024,"1024","Cofactors and Vitamins","Pantothenate and CoA Metabolism",4540,"NAMED","GHOKWGTUZJEAQD-ZETCQYMHSA-N","O=C(NCCC(O)=O)[C@H](O)C(C)(C)CO","pantothenate","pantothenate (Vitamin B5)","137-08-6",6361,"HMDB0000210","C00864",6613,NA,NA,NA,1508,1508,1508,209,209,209,124797,124797,124797,"Neg","Neg","Neg",124797,1508,209,"Neg"
0.0303455974133117,-0.0261330300738084,0.540560070839972,0.58902878112902,0.97757975980872,-4.93900056191962,100001167,"100001167","Amino Acid","Urea cycle; Arginine and Proline Metabolism",524,"NAMED","ONPXCLZMBSJLSP-ALKRTJFJSA-N","OC([C@H]1N(C([C@H]2NCCC2)=O)CC(O)C1)=O","pro-hydroxy-pro","prolylhydroxyproline","18684-24-7",9847785,"HMDB0006695",NA,11902893,NA,NA,NA,35127,35127,35127,400,400,400,156146,156146,156146,"Pos Early","Pos Early","Pos Early",156146,35127,400,"Pos Early"
-0.0370099419073924,-0.00884487283475605,-0.540273609725377,0.589226156597037,0.97757975980872,-4.93908969741311,182,"182","Cofactors and Vitamins","Nicotinate and Nicotinamide Metabolism",4503,"NAMED","GJAWHXHKYYXBSV-UHFFFAOYSA-N","OC(C(C=CC=N1)=C1C(O)=O)=O","quinolinate","quinolinate","89-00-9",1037,"HMDB0000232","C03722",1066,NA,NA,NA,1899,1899,1899,400,305,400,155456,146452,155456,"Pos Early","Polar","Pos Early",155456,1899,400,"Pos Early"
-0.0405622433420148,-0.102493974689799,-0.510257611931949,0.610074865823301,0.982423239434888,-4.94816802199884,100005946,"100005946","Xenobiotics","Food Component/Plant",5336,"NAMED","WPAMZTWLKIDIOP-WVZVXSGGSA-N","OC[C@@H](O)[C@@H](O)CC(C(O)=O)=O","2-keto-3-deoxy-gluconate","2-keto-3-deoxy-gluconate","17510-99-5",141630,"HMDB0001353","C00204",161227,NA,NA,NA,48141,48141,48141,305,305,305,160468,160468,160468,"Polar","Polar","Polar",160468,48141,305,"Polar"
0.0298546771728349,-0.11728756224403,0.502647389952416,0.615412577603029,0.982423239434888,-4.95038740355802,100006082,"100006082","Xenobiotics","Chemical",6428,"NAMED","MDQKYGOECVSPIW-UHFFFAOYSA-N","ClC1=C(C#N)C(Cl)=C(Cl)C(O)=C1C#N","4-hydroxychlorothalonil","4-hydroxychlorothalonil","28343-61-5",31530,"HMDB0240624",NA,34217,NA,NA,NA,48441,48441,48441,209,209,209,154475,154475,154475,"Neg","Neg","Neg",154475,48441,209,"Neg"
0.0304087611767362,-0.207557850341595,0.498619510369338,0.61824598547372,0.982423239434888,-4.95154858168409,100003696,"100003696","Xenobiotics","Chemical",6414,"NAMED","KZNICNPSHKQLFF-UHFFFAOYSA-N","O=C1NC(CC1)=O","succinimide","succinimide","123-56-8",10955,"HMDB0240653","C07273",11439,NA,NA,NA,41888,41888,41888,209,305,305,143923,152218,152218,"Neg","Polar","Polar",152218,41888,305,"Polar"
-0.0306427764763029,-0.0937707324642622,-0.494286469657163,0.621300426276439,0.982423239434888,-4.9527873157239,100001295,"100001295","Peptide","Gamma-glutamyl Amino Acid",664,"NAMED","CATMPQFFVNKDEY-AAEUAGOBSA-N","O=C(O)[C@@H](N)CCC(N[C@@H](CC1=CNC2=C1C=CC=C2)C(O)=O)=O","gamma-glutamyltryptophan","gamma-glutamyltryptophan","66471-20-3",2302065,"HMDB0029160",NA,3989307,NA,NA,NA,33947,33947,33947,400,209,400,156045,126107,156045,"Pos Early","Neg","Pos Early",156045,33947,400,"Pos Early"
-0.0513749398421369,0.0129569943353542,-0.493116693426314,0.622126149234178,0.982423239434888,-4.95311988148803,100001423,"100001423","Xenobiotics","Benzoate Metabolism",4674,"NAMED","ZMHLUFWWWPBTIU-UHFFFAOYSA-N","O=C(NCC(O)=O)C1=CC=C(O)C=C1","4-hydroxyhippurate","4-hydroxyhippurate","2482-25-9",133104,"HMDB0013678",NA,151012,NA,NA,NA,35527,35527,35527,209,209,209,127577,127577,127577,"Neg","Neg","Neg",127577,35527,209,"Neg"
-0.0549790698553674,-0.207592449092731,-0.488833625972947,0.62515355065479,0.982423239434888,-4.95433083553876,100002241,"100002241","Xenobiotics","Xanthine Metabolism",4800,"NAMED","YHNNPKUFPWLTOP-UHFFFAOYSA-N","CN(C1=C(N2)NC(NC1=O)=O)C2=O","7-methylurate","7-methylurate","612-37-3",62375,"HMDB0011107","C16355",69160,NA,NA,NA,39598,39598,39598,400,400,400,156601,156601,156601,"Pos Early","Pos Early","Pos Early",156601,39598,400,"Pos Early"
0.0390266946741999,0.126374471950041,0.483944653679772,0.628616987198256,0.982423239434888,-4.95570020202366,1025,"1025","Amino Acid","Lysine Metabolism",134,"NAMED","HXEACLLIILLPRG-UHFFFAOYSA-N","OC(C1NCCCC1)=O","pipecolate","pipecolate","4043-87-2",NA,"HMDB0000070",NA,NA,NA,NA,NA,1444,1444,1444,400,400,400,155369,155369,155369,"Pos Early","Pos Early","Pos Early",155369,1444,400,"Pos Early"
0.0434217080260199,0.0209083836697053,0.481409053381167,0.630416491762254,0.982423239434888,-4.95640499172669,100001510,"100001510","Amino Acid","Tyrosine Metabolism",196,"NAMED","CTYRPMDGLDAWRQ-UHFFFAOYSA-N","OS(OC1=CC=CC=C1)(=O)=O","phenol sulfate","phenol sulfate","937-34-8",67018,"HMDB0060015","C02180",74426,NA,NA,NA,32553,32553,32553,209,209,209,143728,143728,143728,"Neg","Neg","Neg",143728,32553,209,"Neg"
-0.0304251104138497,-0.0667902857453008,-0.477329093219186,0.63331663810517,0.982423239434888,-4.95753128574889,100008928,"100008928","Amino Acid","Glutathione Metabolism",592,"NAMED","AFENDNXGAFYKQO-UHFFFAOYSA-N","CCC(O)C(O)=O","2-hydroxybutyrate/2-hydroxyisobutyrate","2-hydroxybutyrate/2-hydroxyisobutyrate",NA,NA,"HMDB0000729,HMDB00008","C21297,C05984",4408644277439,NA,NA,NA,52281,52281,52281,305,305,305,164309,164309,164309,"Polar","Polar","Polar",164309,52281,305,"Polar"
-0.057143299660434,-0.281467330146742,-0.47407994791797,0.635630270025802,0.982423239434888,-4.95842138037378,100001604,"100001604","Xenobiotics","Drug - Topical Agents",6179,"NAMED","FPXPQMOQWJZYBL-UHFFFAOYSA-N","OC1=CC=C(C=C1)OS(=O)(O)=O","hydroquinone sulfate","hydroquinone sulfate","123-31-9",141624,"HMDB0240263","C00530",161220,NA,NA,NA,35322,35322,35322,209,209,209,144222,144222,144222,"Neg","Neg","Neg",144222,35322,209,"Neg"
-0.0409733424264966,-0.142442512552956,-0.470303154969156,0.638324113502352,0.982423239434888,-4.95944839087484,100022015,"100022015","Partially Characterized Molecules","Partially Characterized Molecules",6759,"NAMED",NA,NA,"bilirubin degradation product, C16H18N2O5 (4)**","bilirubin degradation product, C16H18N2O5 (4)**",NA,NA,NA,NA,NA,NA,NA,NA,64415,64415,64415,209,209,209,237569,237569,237569,"Neg","Neg","Neg",237569,64415,209,"Neg"
-0.0636626034352483,0.0431723611996316,-0.466592752022198,0.640975273868116,0.982423239434888,-4.9604493581102,100001577,"100001577","Amino Acid","Urea cycle; Arginine and Proline Metabolism",513,"NAMED","WMQMIOYQXNRROC-LURJTMIESA-N","OC([C@@H](NC(C)=O)CCCNC(N)=O)=O","N-acetylcitrulline","N-acetylcitrulline","33965-42-3",571213,"HMDB0000856","C15532,C02851",656979,NA,NA,NA,48434,48434,48434,209,209,209,155079,155079,155079,"Neg","Neg","Neg",155079,48434,209,"Neg"
0.0486670017144661,-0.0458841759779877,0.46536617727204,0.641852700276153,0.982423239434888,-4.96077851338953,100003434,"100003434","Amino Acid","Histidine Metabolism",83,"NAMED","ZCKYOWGFRHAZIQ-UHFFFAOYSA-N","OC(CCC1=CN=CN1)=O","imidazole propionate","imidazole propionate","1074-59-5",63798,"HMDB0002271",NA,70630,NA,NA,NA,40730,40730,40730,400,400,400,156802,156802,156802,"Pos Early","Pos Early","Pos Early",156802,40730,400,"Pos Early"
-0.0454082878902702,-0.152930467685523,-0.462174439390004,0.644138248667949,0.982423239434888,-4.96163097039433,100020371,"100020371","Amino Acid","Alanine and Aspartate Metabolism",33,"NAMED","QCYOIFVBYZNUNW-BYPYZUCNSA-N","C[C@@](C(O)=O)(N(C)C)[H]","N,N-dimethylalanine","N,N-dimethylalanine","2812-31-9",4589713,NA,NA,5488191,NA,NA,NA,63151,63151,63151,400,400,400,221884,221884,221884,"Pos Early","Pos Early","Pos Early",221884,63151,400,"Pos Early"
-0.0640647971331091,-0.327318995326397,-0.461654145183081,0.644511143137389,0.982423239434888,-4.96176937630677,100001586,"100001586","Cofactors and Vitamins","Ascorbate and Aldarate Metabolism",4561,"NAMED","RGHNJXZEOKUKBD-NRXMZTRTSA-N","OC([C@H](O)[C@H](O)[C@H](O)[C@@H](O)CO)=O","gulonate*","gulonate*","20246-53-1",7969943,"HMDB0003290","C00800",152304,NA,NA,NA,46957,46957,46957,305,305,305,148205,148205,148205,"Polar","Polar","Polar",148205,46957,305,"Polar"
0.0926010307982925,-0.163222967985299,0.456628251487862,0.648117804073483,0.982423239434888,-4.96309832026771,100020377,"100020377","Xenobiotics","Food Component/Plant",5431,"NAMED","WYUFTYLVLQZQNH-JAJWTYFOSA-N","O[C@H]([C@H]1O)[C@@H]([C@@H](CO)O[C@H]1OCC)O","ethyl beta-glucopyranoside","ethyl beta-glucopyranoside",NA,108559,"HMDB0029968",NA,121667,NA,NA,NA,64131,64131,64131,209,209,209,233912,233912,233912,"Neg","Neg","Neg",233912,64131,209,"Neg"
-0.0505353233692299,-0.24337816026729,-0.454925810758796,0.649341387708676,0.982423239434888,-4.96354518388418,100001767,"100001767","Xenobiotics","Food Component/Plant",5324,"NAMED","VTYFITADLSVOAS-UHFFFAOYSA-N","NC(C(O)=O)CCCCN1C(C=O)=CC=C1CO","pyrraline","pyrraline","74509-14-1",19980286,"HMDB0033143","C21013",14274616,NA,NA,NA,48428,48428,48428,209,209,400,155071,155071,157775,"Neg","Neg","Pos Early",157775,48428,400,"Pos Early"
-0.0528819998706527,-0.0739689253911182,-0.4496559727212,0.653134947809854,0.983069096703492,-4.96491786357697,100000096,"100000096","Amino Acid","Guanidino and Acetamido Metabolism",573,"NAMED","TUHVEAJXIMEOSA-UHFFFAOYSA-N","N=C(N)NCCCC(O)=O","4-guanidinobutanoate","4-guanidinobutanoate","463-003,463-00-3",486,"HMDB0003464","C01035",500,NA,NA,NA,15681,15681,15681,400,400,400,155572,155572,155572,"Pos Early","Pos Early","Pos Early",155572,15681,400,"Pos Early"
-0.0707672973763876,0.271086020849821,-0.440938512610972,0.659430068501989,0.987454256423491,-4.96715349956319,100001956,"100001956","Amino Acid","Urea cycle; Arginine and Proline Metabolism",527,"NAMED","CWLQUGTUXBXTLF-UHFFFAOYSA-N","O=C(O)C1N(C)CCC1","N-methylproline","N-methylproline","475-11-6",541,"HMDB0094696",NA,643474,NA,NA,NA,37431,37431,37431,400,400,400,156358,156358,156358,"Pos Early","Pos Early","Pos Early",156358,37431,400,"Pos Early"
-0.0257171888359418,0.0696531487583235,-0.424684977256467,0.67123173530469,0.99251546691154,-4.97120504041951,100008998,"100008998","Cofactors and Vitamins","Tocopherol Metabolism",4586,"NAMED","QUEDXNHFTDJVIY-DQCZWYHMSA-N","CC1=C(C(CC2)=CC(O)=C1C)O[C@@]2(CCC[C@@H](CCC[C@@H](CCCC(C)C)C)C)C","gamma-tocopherol/beta-tocopherol","gamma-tocopherol/beta-tocopherol",NA,NA,"HMDB0006335,HMDB0001492","C14152,C02483",NA,NA,NA,NA,52473,52473,52473,402,402,402,165151,165151,165151,"Pos Late","Pos Late","Pos Late",165151,52473,402,"Pos Late"
0.0849447712561839,0.263471812429813,0.424143835286356,0.671626080029102,0.99251546691154,-4.97133731695692,100006282,"100006282","Xenobiotics","Food Component/Plant",5326,"NAMED","LJOOSFYJELZGMR-UHFFFAOYSA-N","O=C1C=CC2=CC=C(OS(=O)(O)=O)C=C2O1","umbelliferone sulfate","umbelliferone sulfate","69526-88-1",114800,"HMDB0240565",NA,129659,NA,NA,NA,48674,48674,48674,209,209,209,155105,155105,155105,"Neg","Neg","Neg",155105,48674,209,"Neg"
0.0378438045024944,-0.199965807713051,0.411928351528835,0.680551770488224,0.99251546691154,-4.97427843131143,100001293,"100001293","Amino Acid","Histidine Metabolism",76,"NAMED","KBOJOGQFRVVWBH-ZETCQYMHSA-N","OC([C@@H](NC(C)=O)CC1=CNC=N1)=O","N-acetylhistidine","N-acetylhistidine","39145-52-3",68142,"HMDB0032055","C02997",75619,NA,NA,NA,33946,33946,33946,400,305,209,156044,147200,126105,"Pos Early","Polar","Neg",156044,33946,400,"Pos Early"
0.0254418696172803,-0.0295931824344612,0.410443510141815,0.681639820161255,0.99251546691154,-4.97463008256851,100021760,"100021760","Amino Acid","Lysine Metabolism",142,"NAMED","FTTGAAZKBNZDCZ-LURJTMIESA-N","CC(N[C@@](CCCC(O)=O)(C(O)=O)[H])=O","N-acetyl-2-aminoadipate","N-acetyl-2-aminoadipate",NA,392027,"HMDB0062715","C12986",443992,NA,NA,NA,63920,63920,63920,400,400,400,223830,223830,223830,"Pos Early","Pos Early","Pos Early",223830,63920,400,"Pos Early"
-0.0219796366785832,-0.0690915380823661,-0.406663924916441,0.684412386011213,0.99251546691154,-4.97551946713041,331,"331","Peptide","Gamma-glutamyl Amino Acid",653,"NAMED","OWQDWQKWSLFFFR-UHFFFAOYSA-N","O=C(O)C(N)CCC(NC(C(O)=O)CCC(O)=O)=O","gamma-glutamylglutamate","gamma-glutamylglutamate","1116-22-9",83831,"HMDB0011737","C05282",92865,NA,NA,NA,36738,36738,36738,400,400,400,156248,156248,156248,"Pos Early","Pos Early","Pos Early",156248,36738,400,"Pos Early"
-0.0547094728513633,-0.22974747645407,-0.400923709248697,0.688631357241576,0.99251546691154,-4.97685448930104,100001868,"100001868","Xenobiotics","Food Component/Plant",5295,"NAMED","KFDHKOFCRYUXLA-UHFFFAOYSA-N","C=CCC1=CC=C(OS(=O)(O)=O)C=C1","4-allylphenol sulfate","4-allylphenol sulfate",NA,NA,"HMDB0170765",NA,66633409,NA,NA,NA,37181,37181,37181,209,209,209,144354,144354,144354,"Neg","Neg","Neg",144354,37181,209,"Neg"
0.0189554601666171,-0.0675805544936191,0.396890602974752,0.691601459016373,0.99251546691154,-4.97778114093435,100000580,"100000580","Carbohydrate","Glycolysis, Gluconeogenesis, and Pyruvate Metabolism",1259,"NAMED","MPCAJMNYNOGXPB-SLPGGIOYSA-N","O[C@@H]1[C@@H](CO)OC[C@H](O)[C@H]1O","1,5-anhydroglucitol (1,5-AG)","1,5-anhydroglucitol (1,5-AG)","154-58-5",NA,"HMDB0002712","C07326",64960,NA,NA,NA,20675,20675,20675,209,209,209,123293,123293,123293,"Neg","Neg","Neg",123293,20675,209,"Neg"
0.0283126170929366,-0.100138219877231,0.394515298190938,0.693352937838057,0.99251546691154,-4.97832251380598,100022006,"100022006","Partially Characterized Molecules","Partially Characterized Molecules",6754,"NAMED",NA,NA,"bilirubin degradation product, C17H18N2O4 (2)**","bilirubin degradation product, C17H18N2O4 (2)**",NA,NA,NA,NA,NA,NA,NA,NA,64407,64407,64407,209,209,209,237539,237539,237539,"Neg","Neg","Neg",237539,64407,209,"Neg"
-0.0288511379401072,-0.0837219658442271,-0.388098832898969,0.698092445659617,0.99251546691154,-4.97976870349889,235,"235","Amino Acid","Phenylalanine Metabolism",162,"NAMED","CCVYRRGZDBSHFU-UHFFFAOYSA-N","OC(CC1=C(O)C=CC=C1)=O","2-hydroxyphenylacetate","2-hydroxyphenylacetate","614-75-5",11476,"HMDB0000669","C05852",11970,NA,NA,NA,1432,1432,1432,305,305,305,145724,145724,145724,"Polar","Polar","Polar",145724,1432,305,"Polar"
-0.0332244054843338,-0.169996369858499,-0.380530381626604,0.703698065881095,0.99251546691154,-4.98144407724147,100022480,"100022480","Amino Acid","Lactoyl Amino Acid",644,"NAMED",NA,"OC([C@@H](NC([C@H](C)O)=O)CC(C)C)=O","N-lactoyl leucine","N-lactoyl leucine","210769-82-7",NA,"HMDB0062176",NA,NA,NA,NA,NA,64880,64880,64880,209,209,209,240091,240091,240091,"Neg","Neg","Neg",240091,64880,209,"Neg"
-0.0262558451980959,-0.112923845344262,-0.375154346095574,0.70768971201401,0.99251546691154,-4.9826141048444,100019968,"100019968","Carbohydrate","Pentose Metabolism",1329,"NAMED","QXKAIJAYHKCRRA-PZGQECOJSA-N","OC[C@H](O)[C@@H](O)[C@@H](O)C(O)=O","lyxonate","lyxonate",NA,NA,"HMDB0060255",NA,NA,NA,NA,NA,61858,61858,61858,305,305,305,218556,218556,218556,"Polar","Polar","Polar",218556,61858,305,"Polar"
-0.0232889679773979,0.0686060859023048,-0.368747992223659,0.712456889333893,0.99251546691154,-4.98398664520802,100002749,"100002749","Amino Acid","Methionine, Cysteine, SAM and Taurine Metabolism",465,"NAMED","IDIDJDIHTAOVLG-VKHMYHEASA-N","OC([C@H](CSC)N)=O","S-methylcysteine","S-methylcysteine","1187-84-4",22826,"HMDB0002108",NA,24417705817488100,NA,NA,NA,39592,39592,39592,209,209,209,141914,141914,141914,"Neg","Neg","Neg",141914,39592,209,"Neg"
0.0684740197214037,-0.384270916173394,0.366936256987647,0.71380711645409,0.99251546691154,-4.98437051848625,100020536,"100020536","Xenobiotics","Benzoate Metabolism",4709,"NAMED","KHZCNGJFSKSSIJ-UHFFFAOYSA-N","OC1=CC=C(CC)C=C1OS(=O)(O)=O","4-ethylcatechol sulfate","4-ethylcatechol sulfate",NA,NA,NA,NA,NA,NA,NA,NA,63072,63072,63072,209,209,209,221702,221702,221702,"Neg","Neg","Neg",221702,63072,209,"Neg"
-0.0497032205185131,0.188287931243426,-0.362840875807516,0.716862578495326,0.99251546691154,-4.98523129160203,100006092,"100006092","Amino Acid","Tyrosine Metabolism",232,"NAMED","DYDUXGMDSXJQFT-UHFFFAOYSA-N","NCCC1=CC=C(OS(O)(=O)=O)C=C1","tyramine O-sulfate","tyramine O-sulfate","30223-92-8",134849,"HMDB0006409",NA,153005,NA,NA,NA,48408,48408,48408,209,209,209,155063,155063,155063,"Neg","Neg","Neg",155063,48408,209,"Neg"
-0.0392963772026503,-0.0206523489399826,-0.361220551120336,0.718072721375666,0.99251546691154,-4.98556918826687,1221,"1221","Amino Acid","Creatine Metabolism",538,"NAMED","CVSVTCORWBXHQV-UHFFFAOYSA-N","CN(C(N)=N)CC(O)=O","creatine","creatine","57-00-1",566,"HMDB0000064","C00300",586,NA,NA,NA,27718,27718,27718,400,400,400,155838,155838,155838,"Pos Early","Pos Early","Pos Early",155838,27718,400,"Pos Early"
0.0207307684665334,-0.0550919130948273,0.359068803855342,0.719680854730279,0.99251546691154,-4.98601556980652,1082,"1082","Amino Acid","Leucine, Isoleucine and Valine Metabolism",343,"NAMED","WXNXCEHXYPACJF-ZETCQYMHSA-N","O=C(O)[C@H](CC(C)C)NC(C)=O","N-acetylleucine","N-acetylleucine","1188-21-2",64075,"HMDB0011756","C02710",70912,NA,NA,NA,1587,1587,1587,209,209,209,126818,126818,126818,"Neg","Neg","Neg",126818,1587,209,"Neg"
-0.0310397527563436,-0.19915347678954,-0.357783701737033,0.720641884951261,0.99251546691154,-4.98628089396827,100020833,"100020833","Amino Acid","Leucine, Isoleucine and Valine Metabolism",355,"NAMED","GPPUPQFYDYLTIY-UHFFFAOYSA-N","CCCCCCC(C(O)=O)=O","2-ketocaprylate","2-ketocaprylate","328-51-8",60921,"HMDB0013211",NA,67600,NA,NA,NA,63120,63120,63120,209,209,209,221782,221782,221782,"Neg","Neg","Neg",221782,63120,209,"Neg"
-0.0250528382102954,-0.066440775040428,-0.342887198758842,0.731813794860996,0.99251546691154,-4.9892870680436,100001509,"100001509","Amino Acid","Leucine, Isoleucine and Valine Metabolism",404,"NAMED","IHCPDBBYTYJYIL-UHFFFAOYSA-N","CCC(C)C(OC(CC([O-])=O)C[N+](C)(C)C)=O","2-methylbutyrylcarnitine (C5)","2-methylbutyrylcarnitine (C5)","31023-25-3",4932320,"HMDB0000378",NA,6426901,NA,NA,NA,45095,45095,45095,400,400,400,157090,157090,157090,"Pos Early","Pos Early","Pos Early",157090,45095,400,"Pos Early"
-0.0248146343110268,0.0321867472792975,-0.340395691047608,0.733688000368657,0.99251546691154,-4.98977739446662,878,"878","Carbohydrate","Fructose, Mannose and Galactose Metabolism",1386,"NAMED","RFSUNEUAIZKAJO-ARQDHWQXSA-N","OC[C@@]1(O)O[C@H](CO)[C@@H](O)[C@@H]1O","fructose","fructose","57-48-7",5764,"HMDB0000660","C00095",2723872,NA,NA,NA,48195,48195,48195,305,305,305,153126,153126,153126,"Polar","Polar","Polar",153126,48195,305,"Polar"
-0.0760705853113679,-0.217047968806624,-0.335955921428636,0.737031702719561,0.99251546691154,-4.99064227897163,100005389,"100005389","Xenobiotics","Food Component/Plant",5107,"NAMED","PZPATWACAAOHTJ-HWKANZROSA-N","COC1=C(OS(O)(=O)=O)C=CC(/C=C/C(O)=O)=C1","ferulic acid 4-sulfate","ferulic acid 4-sulfate","86321-29-1",4878542,"HMDB0029200",NA,6305574,NA,NA,NA,47114,47114,47114,209,209,209,149387,149387,149387,"Neg","Neg","Neg",149387,47114,209,"Neg"
0.0369108135382433,-0.179721446899633,0.334416016199803,0.738192614769169,0.99251546691154,-4.99093960794517,100022576,"100022576","Peptide","Dipeptide",980,"NAMED",NA,"O=C([C@@H]1CCC(N1)=O)N[C@H](C(N[C@H](C(O)=O)CO)=O)CC(C)C","pyr-leu-ser","pyr-leu-ser",NA,NA,NA,NA,NA,NA,NA,NA,65049,65049,65049,209,209,209,240735,240735,240735,"Neg","Neg","Neg",240735,65049,209,"Neg"
0.0161422002265399,-0.000213310912260484,0.331569797194845,0.740339912461318,0.99251546691154,-4.99148556985497,512,"512","Amino Acid","Methionine, Cysteine, SAM and Taurine Metabolism",479,"NAMED","XOAAWQZATWQOTB-UHFFFAOYSA-N","NCCS(=O)(O)=O","taurine","taurine","107-35-7",1091,"HMDB0000251","C00245",1123,NA,NA,NA,2125,2125,2125,400,400,400,155458,155458,155458,"Pos Early","Pos Early","Pos Early",155458,2125,400,"Pos Early"
-0.0173534037835419,-0.0101416674997372,-0.320996693612638,0.748334330534079,0.99251546691154,-4.99347285979673,98,"98","Amino Acid","Tryptophan Metabolism",279,"NAMED","HCZHHEIFKROPDY-UHFFFAOYSA-N","OC1=C(C=CC=C2)C2=NC(C(O)=O)=C1","kynurenate","kynurenate","492-27-3",3712,"HMDB0000715","C01717",3845,NA,NA,NA,1417,1417,1417,209,209,209,124553,124553,124553,"Neg","Neg","Neg",124553,1417,209,"Neg"
0.0202135439768551,0.0239200923479738,0.320898316832315,0.748408843166563,0.99251546691154,-4.99349104819612,100022482,"100022482","Amino Acid","Lactoyl Amino Acid",646,"NAMED",NA,"OC([C@@H](NC([C@H](C)O)=O)CC1=CC=CC=C1)=O","N-lactoyl phenylalanine","N-lactoyl phenylalanine","183241-73-8",NA,"HMDB0062175",NA,NA,NA,NA,NA,64881,64881,64881,209,209,209,240092,240092,240092,"Neg","Neg","Neg",240092,64881,209,"Neg"
0.0655763554147367,-0.628544577453262,0.32057247788673,0.748655657226145,0.99251546691154,-4.99355125116528,100000010,"100000010","Xenobiotics","Benzoate Metabolism",4779,"NAMED","XMIIGOLPHOKFCH-UHFFFAOYSA-N","OC(CCC1=CC=CC=C1)=O","3-phenylpropionate (hydrocinnamate)","3-phenylpropionate (hydrocinnamate)","501-52-0",10181339,"HMDB0000764","C05629",107,NA,NA,NA,15749,15749,15749,209,209,209,126035,126035,126035,"Neg","Neg","Neg",126035,15749,209,"Neg"
0.0495815498457862,-0.171700788448063,0.307961938120593,0.758227406843682,0.99251546691154,-4.99583424809207,100006108,"100006108","Peptide","Acetylated Peptides",1223,"NAMED","DZTZJNGATJMDSH-CYBMUJFWSA-N","O=C(CC1=CC=CC=C1)O[C@H](CC([O-])=O)C[N+](C)(C)C","phenylacetylcarnitine","phenylacetylcarnitine","287108-21-8",NA,"HMDB0242104",NA,101724840,NA,NA,NA,48425,48425,48425,400,400,400,157774,157774,157774,"Pos Early","Pos Early","Pos Early",157774,48425,400,"Pos Early"
-0.0206958916771689,-0.0919457512062075,-0.307316477233138,0.758718344921112,0.99251546691154,-4.99594863830292,100006435,"100006435","Carbohydrate","Aminosugar Metabolism",1473,"NAMED","OVRNDRQMDRJTHS-FMDGEEDCSA-N","O[C@@H]1[C@H]([C@@H](O[C@@H]([C@H]1O)CO)O)NC(C)=O","N-acetylglucosamine/N-acetylgalactosamine","N-acetylglucosamine/N-acetylgalactosamine",NA,NA,"HMDB0000212,HMDB0000215","C01074",43917484265,NA,NA,NA,46539,46539,46539,400,400,400,166536,166536,166536,"Pos Early","Pos Early","Pos Early",166536,46539,400,"Pos Early"
0.0354920939196599,-0.140349501314485,0.306857409914532,0.759067571272537,0.99251546691154,-4.99602984939572,100002910,"100002910","Amino Acid","Histidine Metabolism",95,"NAMED","UJCGYTCAMOHYCG-UHFFFAOYSA-N","O=C(O)CC1=CN=CN1C","1-methyl-5-imidazoleacetate","1-methyl-5-imidazoleacetate","4200-48-0",4954265,"HMDB0004988",NA,6451814,NA,NA,NA,62946,62946,62946,400,400,400,220814,220814,220814,"Pos Early","Pos Early","Pos Early",220814,62946,400,"Pos Early"
0.0189873382646439,0.0784843675685322,0.298206352708705,0.765657831474048,0.99251546691154,-4.99753757061917,537,"537","Amino Acid","Histidine Metabolism",81,"NAMED","LOIYMIARKYCTBW-OWOJBTEDSA-N","O=C(O)/C=C/C1=CNC=N1","trans-urocanate","trans-urocanate","104-98-3",643824,"HMDB0000301","C00785",736715,NA,NA,NA,607,607,607,400,400,400,155340,155340,155340,"Pos Early","Pos Early","Pos Early",155340,607,400,"Pos Early"
0.0174869654013162,-0.109363577943607,0.291369087150696,0.770878455378136,0.99251546691154,-4.99869869232199,100022120,"100022120","Amino Acid","Tryptophan Metabolism",270,"NAMED","YLEQTOAIAOPFBY-UHFFFAOYSA-N","OC(C(N)(C)N(C1=C(C2)C=CC=C1)C2=O)=O","oxindolylalanine","oxindolylalanine",NA,NA,NA,NA,20977764,NA,NA,NA,64568,64568,64568,400,400,400,238235,238235,238235,"Pos Early","Pos Early","Pos Early",238235,64568,400,"Pos Early"
0.0164724320576958,-0.0507233775517646,0.283850596206657,0.776631261476114,0.99251546691154,-4.99994442544205,100021372,"100021372","Amino Acid","Methionine, Cysteine, SAM and Taurine Metabolism",457,"NAMED","ONFOSYPQQXJWGS-UHFFFAOYSA-N","CSCCC(O)C(O)=O","2-hydroxy-4-(methylthio)butanoic acid","2-hydroxy-4-(methylthio)butanoic acid","583-91-5",NA,"HMDB0037115",NA,11427,NA,NA,NA,63739,63739,63739,305,305,305,223275,223275,223275,"Polar","Polar","Polar",223275,63739,305,"Polar"
0.0238615433789808,-0.0255378832671855,0.274943544195654,0.783462438351116,0.99251546691154,-5.00137810348421,132,"132","Carbohydrate","Glycolysis, Gluconeogenesis, and Pyruvate Metabolism",1276,"NAMED","OSJPPGNTCRNQQC-UHFFFAOYSA-N","OC(C(O)=O)COP(O)(O)=O","3-phosphoglycerate","3-phosphoglycerate","80731-10-8",10669764,"HMDB0000807","C00597",724,NA,NA,NA,1414,1414,1414,400,400,400,155361,155361,155361,"Pos Early","Pos Early","Pos Early",155361,1414,400,"Pos Early"
0.0255920150593281,-0.159948860953951,0.272193096803002,0.785575280927995,0.99251546691154,-5.00181158299607,100001208,"100001208","Amino Acid","Histidine Metabolism",94,"NAMED","ZHCKPJGJQOPTLB-UHFFFAOYSA-N","O=C(O)CC1=CN(C)C=N1","1-methyl-4-imidazoleacetate","1-methyl-4-imidazoleacetate","2625-49-2",68319,"HMDB0002820","C05828",75810,NA,NA,NA,32350,32350,32350,400,400,400,155911,155911,155911,"Pos Early","Pos Early","Pos Early",155911,32350,400,"Pos Early"
0.0285435264080921,0.0141464756614838,0.270025508009489,0.787241499882938,0.99251546691154,-5.00215013255059,100020416,"100020416","Cofactors and Vitamins","Tocopherol Metabolism",4580,"NAMED","BNVXCCQXUZCRSR-UHFFFAOYSA-N","OC1=CC2=C(C(C)=C1)OC(CCC(O)=O)(C)CC2","delta-CEHC","delta-CEHC","84599-16-6",9710906,"HMDB0242106",NA,35027084,NA,NA,NA,62287,62287,62287,209,209,209,219260,219260,219260,"Neg","Neg","Neg",219260,62287,209,"Neg"
-0.0141078976751197,0.066493742039894,-0.260476973982788,0.794592964090087,0.99251546691154,-5.00360927788414,100015966,"100015966","Cofactors and Vitamins","Vitamin A Metabolism",4635,"NAMED","JKQXZKUSFCKOGQ-DKLMTRRASA-N","CC1=C(/C=C/C(C)=C/C=C/C(C)=C/C=C/C=C(C)/C=C/C=C(C)/C=C/C2=C(C)CC(O)CC2(C)C)C(C)(C)CC(O)C1","carotene diol (1)","carotene diol (1)",NA,NA,NA,NA,NA,NA,NA,NA,57635,57635,57635,402,402,402,212257,212257,212257,"Pos Late","Pos Late","Pos Late",212257,57635,402,"Pos Late"
-0.0535293970028069,-0.268417303382453,-0.260178834777845,0.794822801441404,0.99251546691154,-5.00365399225887,100003473,"100003473","Xenobiotics","Food Component/Plant",5022,"NAMED","XUHLIQGRKRUKPH-ITZCMCNPSA-N","C=CCS(C[C@H](N)C(O)=O)=O","alliin","alliin","556-27-4",78760,"HMDB0301759","C08265",87310,NA,NA,NA,41494,41494,41494,400,400,400,156849,156849,156849,"Pos Early","Pos Early","Pos Early",156849,41494,400,"Pos Early"
-0.0176451520843803,-0.0176598718782427,-0.255175542318382,0.7986825201223,0.99251546691154,-5.00439673898277,100002500,"100002500","Amino Acid","Histidine Metabolism",84,"NAMED","NRXIKWMTVXPVEF-BYPYZUCNSA-N","OC([C@@H](NC=N)CCC(O)=O)=O","formiminoglutamate","formiminoglutamate","816-90-0",388370,"HMDB0000854","C00439",439233,NA,NA,NA,43493,43493,43493,400,400,400,157017,157017,157017,"Pos Early","Pos Early","Pos Early",157017,43493,400,"Pos Early"
0.0152006781594232,-0.117750124708425,0.25322393044184,0.800189407362892,0.99251546691154,-5.00468255030579,100001951,"100001951","Cofactors and Vitamins","Hemoglobin and Porphyrin Metabolism",4614,"NAMED","BPYKTIZUTYGOLE-BMNRKXRESA-N","CC(C(N/1)=O)=C(C=C)C1=C/C2=C(C)C(CCC(O)=O)=C(CC3=C(CCC(O)=O)C(C)=C(/C=C4NC(C(C=C)=C/4C)=O)N3)N2","bilirubin (E,Z or Z,E)*","bilirubin (E,Z or Z,E)*",NA,4705847,"HMDB0000488","C00486",5799469,NA,NA,NA,47886,47886,47886,402,402,402,160233,160233,160233,"Pos Late","Pos Late","Pos Late",160233,47886,402,"Pos Late"
-0.0241134101873772,-0.0981405516648257,-0.251294969255625,0.801679538674841,0.99251546691154,-5.00496288891622,825,"825","Nucleotide","Pyrimidine Metabolism, Uracil containing",4423,"NAMED","ISAKRJDGNUQOIC-UHFFFAOYSA-N","O=C(NC=C1)NC1=O","uracil","uracil","66-22-8",1141,"HMDB0000300","C00106",1174,NA,NA,NA,605,605,605,305,305,305,146422,146422,146422,"Polar","Polar","Polar",146422,605,305,"Polar"
-0.0273093443325163,0.040626702095418,-0.249351576849644,0.803181550022919,0.99251546691154,-5.00524315774806,100001104,"100001104","Amino Acid","Tyrosine Metabolism",169,"NAMED","CAHKINHBCWCHCF-JTQLQIEISA-N","OC1=CC=C(C[C@@H](C(O)=O)NC(C)=O)C=C1","N-acetyltyrosine","N-acetyltyrosine","537-55-3",61606,"HMDB0000866",NA,68310,NA,NA,NA,32390,32390,32390,209,209,209,125802,125802,125802,"Neg","Neg","Neg",125802,32390,209,"Neg"
-0.0134655312822499,-0.0358527554933573,-0.243433805525222,0.807759752905357,0.99251546691154,-5.00608320023508,100001393,"100001393","Amino Acid","Leucine, Isoleucine and Valine Metabolism",361,"NAMED","IGQBPDJNUXPEMT-UHFFFAOYSA-N","[O-]C(CC(C[N+](C)(C)C)OC(CC(C)C)=O)=O","isovalerylcarnitine (C5)","isovalerylcarnitine (C5)","31023-24-2",4932271,"HMDB0000688","C20826",169235,NA,NA,NA,34407,34407,34407,400,400,400,156109,156109,156109,"Pos Early","Pos Early","Pos Early",156109,34407,400,"Pos Early"
0.0632461058603231,-0.679256015332901,0.239730328661345,0.81062827015887,0.99251546691154,-5.00659865696796,100020014,"100020014","Partially Characterized Molecules","Partially Characterized Molecules",6685,"NAMED",NA,NA,"glucuronide of C10H18O2 (7)*","glucuronide of C10H18O2 (7)*",NA,NA,NA,NA,NA,NA,NA,NA,61887,61887,61887,209,209,209,218638,218638,218638,"Neg","Neg","Neg",218638,61887,209,"Neg"
0.0486788162370239,-0.209374634280552,0.234852205443778,0.814410495224081,0.99251546691154,-5.00726554774074,100004509,"100004509","Xenobiotics","Food Component/Plant",5251,"NAMED","ZFAHNWWNDFHPOH-UHFFFAOYSA-N","OC(C(CSCC=C)N)=O","S-allylcysteine","S-allylcysteine","21593-77-1",88744,"HMDB0034323",NA,98280,NA,NA,NA,43239,43239,43239,400,400,400,156985,156985,156985,"Pos Early","Pos Early","Pos Early",156985,43239,400,"Pos Early"
0.0132924622386587,-0.0392463100076569,0.233628490836039,0.815359980099562,0.99251546691154,-5.00743069206583,111,"111","Amino Acid","Leucine, Isoleucine and Valine Metabolism",435,"NAMED","DBXBTMSZEOQQDU-UHFFFAOYSA-N","CC(C(O)=O)CO","3-hydroxyisobutyrate","3-hydroxyisobutyrate","2068-83-9",10140307,"HMDB0000023,HMDB0000336","C01188,C06001",11966314,NA,NA,NA,1549,1549,1549,305,305,305,147711,147711,147711,"Polar","Polar","Polar",147711,1549,305,"Polar"
0.0500193886784558,-0.586502938140907,0.229398513284328,0.818644122243495,0.99251546691154,-5.00799489794923,100001624,"100001624","Xenobiotics","Benzoate Metabolism",4776,"NAMED","QVWAEZJXDYOKEH-UHFFFAOYSA-N","O=C(CCC1=CC(O)=CC=C1)O","3-(3-hydroxyphenyl)propionate","3-(3-hydroxyphenyl)propionate","621-54-5",89,"HMDB0000375","C11457",91,NA,NA,NA,35635,35635,35635,209,209,209,128251,128251,128251,"Neg","Neg","Neg",128251,35635,209,"Neg"
0.00976857045343404,-0.0239630982902759,0.225023309302982,0.822044377230041,0.99251546691154,-5.00856763189382,100004046,"100004046","Amino Acid","Histidine Metabolism",89,"NAMED","BKAYIFDRRZZKNF-VIFPVBQESA-N","OC([C@H](CC1=CN=CN1)NC(CCNC(C)=O)=O)=O","N-acetylcarnosine","N-acetylcarnosine","56353-15-2",8079136,"HMDB0012881",NA,9903482,NA,NA,NA,43488,43488,43488,209,400,209,144001,157016,144001,"Neg","Pos Early","Neg",157016,43488,400,"Pos Early"
0.042528818618577,0.177962349119771,0.217581941038576,0.827835219968989,0.99251546691154,-5.0095164167773,1869,"1869","Xenobiotics","Benzoate Metabolism",4670,"NAMED","ONJSZLXSECQROL-UHFFFAOYSA-N","O=C(C1=CC=CC=C1O)NCC(O)=O","2-hydroxyhippurate (salicylurate)","2-hydroxyhippurate (salicylurate)","487-54-7",9835,"HMDB0000840","C07588",10253,NA,NA,NA,18281,18281,18281,209,209,209,124655,124655,124655,"Neg","Neg","Neg",124655,18281,209,"Neg"
0.0313144717139205,-0.42249052286298,0.217059759675662,0.828241935907074,0.99251546691154,-5.00958179801354,100006651,"100006651","Xenobiotics","Food Component/Plant",5358,"NAMED","VFMNSFWBDMRNLJ-UHFFFAOYSA-N","OC(CC1C(CCC)C1)=O","trans-3,4-methyleneheptanoate","trans-3,4-methyleneheptanoate",NA,NA,NA,NA,NA,NA,NA,NA,53026,53026,53026,209,209,209,166148,166148,166148,"Neg","Neg","Neg",166148,53026,209,"Neg"
-0.0155461898597692,0.0334904337540927,-0.21081421490521,0.833110007022459,0.99251546691154,-5.01035161624303,432,"432","Cofactors and Vitamins","Nicotinate and Nicotinamide Metabolism",4507,"NAMED","DFPAKSUCGFBDDF-UHFFFAOYSA-N","NC(C1=CN=CC=C1)=O","nicotinamide","nicotinamide","98-92-0",911,"HMDB0001406","C00153",936,NA,NA,NA,594,594,594,400,400,400,155332,155332,155332,"Pos Early","Pos Early","Pos Early",155332,594,400,"Pos Early"
0.0108568641016523,-0.0046948479911331,0.208828602037028,0.834659041681843,0.99251546691154,-5.01059165332024,93,"93","Energy","TCA Cycle",1485,"NAMED","KPGXRSRHYNQIFN-UHFFFAOYSA-N","O=C(C(O)=O)CCC(O)=O","alpha-ketoglutarate","alpha-ketoglutarate","328-50-7,22202-68-2,305-72-6",50,"HMDB0000208","C00026",51,NA,NA,NA,528,528,528,305,305,305,146398,146398,146398,"Polar","Polar","Polar",146398,528,305,"Polar"
0.0207148868805954,0.0336174219488222,0.203375506608341,0.838916453957372,0.99251546691154,-5.01123918511508,100020261,"100020261","Partially Characterized Molecules","Partially Characterized Molecules",6707,"NAMED",NA,NA,"glutamine conjugate of C6H10O2 (1)*","glutamine conjugate of C6H10O2 (1)*",NA,NA,NA,NA,NA,NA,NA,NA,63657,63657,63657,209,209,209,223045,223045,223045,"Neg","Neg","Neg",223045,63657,209,"Neg"
0.022192424902394,-0.211020170307117,0.191597389270974,0.848128009046833,0.99251546691154,-5.0125793329825,100000963,"100000963","Amino Acid","Urea cycle; Arginine and Proline Metabolism",503,"NAMED","XIGSAGMEBXLVJJ-YFKPBYRVSA-N","N[C@H](C(O)=O)CCCCNC(N)=O","homocitrulline","homocitrulline","1190-49-4",58582,"HMDB0000679","C02427",65072,NA,NA,NA,22138,22138,22138,400,400,400,155793,155793,155793,"Pos Early","Pos Early","Pos Early",155793,22138,400,"Pos Early"
0.00908585403808465,-0.119898270514683,0.19089300636592,0.848679573216619,0.99251546691154,-5.01265694726508,100001485,"100001485","Peptide","Gamma-glutamyl Amino Acid",657,"NAMED","SNCKGJWJABDZHI-SIPWABPFSA-N","CCC(C)[C@@H](C(O)=O)NC(CC[C@@H](C(O)=O)N)=O","gamma-glutamylisoleucine*","gamma-glutamylisoleucine*",NA,21403145,"HMDB0011170",NA,22885096,NA,NA,NA,34456,34457,34456,400,209,400,156123,144316,156123,"Pos Early","Neg","Pos Early",156123,34456,400,"Pos Early"
0.0118949511191334,-0.0487523066508606,0.188262724425253,0.850739859398805,0.99251546691154,-5.01294424549037,100003271,"100003271","Amino Acid","Glutamate Metabolism",58,"NAMED","GAQNUGISBQJMKO-UHFFFAOYSA-N","OC(CC(C(NC(CCC(O)=O)C(O)=O)=O)(CC(O)=O)O)=O","beta-citrylglutamate","beta-citrylglutamate","73590-26-8",19992713,"HMDB0013220","C20775",189741,NA,NA,NA,54923,54923,54923,209,209,209,208316,208316,208316,"Neg","Neg","Neg",208316,54923,209,"Neg"
0.0160963569387243,-0.122168502275063,0.183905118478889,0.854155392533061,0.99251546691154,-5.01341144382157,796,"796","Amino Acid","Methionine, Cysteine, SAM and Taurine Metabolism",462,"NAMED","TYEYBOSBBBHJIV-UHFFFAOYSA-N","OC(C(CC)=O)=O","alpha-ketobutyrate","alpha-ketobutyrate","600-18-0",2829426,"HMDB0000005","C00109",58,NA,NA,NA,4968,4968,4968,305,209,305,152126,128149,152126,"Polar","Neg","Polar",152126,4968,305,"Polar"
-0.0317425076879405,-0.337765530875603,-0.17682554779007,0.859710248056327,0.99251546691154,-5.0141471540741,100001086,"100001086","Xenobiotics","Food Component/Plant",5174,"NAMED","KSPQDMRTZZYQLM-UHFFFAOYSA-N","O=C(NCC(O)=O)C1=CC=CO1","N-(2-furoyl)glycine","N-(2-furoyl)glycine","5657-19-2,5657-19-2",20549,"HMDB0000439",NA,21863,NA,NA,NA,31536,31536,31536,209,209,209,125774,125774,125774,"Neg","Neg","Neg",125774,31536,209,"Neg"
0.0262657011799541,-0.52999865536743,0.171701032393538,0.863735469584265,0.99251546691154,-5.01466168082631,100000708,"100000708","Amino Acid","Leucine, Isoleucine and Valine Metabolism",358,"NAMED","GWYFCOCPABKNJV-UHFFFAOYSA-N","CC(C)CC(O)=O","isovalerate (i5:0)","isovalerate (C5)","503-74-2",10001,"HMDB0000718","C08262",10430,NA,NA,NA,44656,44656,44656,209,209,209,126996,126996,126996,"Neg","Neg","Neg",126996,44656,209,"Neg"
-0.0337880309125623,-0.297035470346987,-0.169628920471441,0.865364092599563,0.99251546691154,-5.01486543581936,100006098,"100006098","Xenobiotics","Chemical",6436,"NAMED","BDERIBJTVYFANV-UHFFFAOYSA-N","O=S(OC1=CC=CN=C1)(O)=O","3-hydroxypyridine sulfate","3-hydroxypyridine sulfate","1955-23-3",16232314,"HMDB0240652",NA,NA,NA,NA,NA,48448,48448,48448,209,209,209,155087,155087,155087,"Neg","Neg","Neg",155087,48448,209,"Neg"
0.0215099032583197,-0.35305916627882,0.166193059244948,0.86806584578354,0.99251546691154,-5.01519783995953,100021220,"100021220","Amino Acid","Methionine, Cysteine, SAM and Taurine Metabolism",484,"NAMED","SBQWITJAJITAMM-UHFFFAOYSA-N","OC(CCC(NCCS(=O)(O)=O)=O)=O","succinoyltaurine","succinoyltaurine",NA,20509456,NA,NA,NA,NA,NA,NA,63678,63678,63678,305,305,305,223092,223092,223092,"Polar","Polar","Polar",223092,63678,305,"Polar"
-0.00993110449555284,-0.149560041783133,-0.159775777653564,0.873116123350289,0.99251546691154,-5.01580046987945,100001413,"100001413","Nucleotide","Pyrimidine Metabolism, Cytidine containing",4459,"NAMED","NIDVTARKFBZMOT-PEBGCTIMSA-N","O[C@]1([H])[C@@](O)([H])[C@](CO)([H])O[C@]1(N2C(N=C(NC(C)=O)C=C2)=O)[H]","N4-acetylcytidine","N4-acetylcytidine","3768-18-1",96702,"HMDB0005923",NA,107461,NA,NA,NA,35130,35130,35130,400,209,400,156149,126964,156149,"Pos Early","Neg","Pos Early",156149,35130,400,"Pos Early"
-0.0145731288017304,0.230685436215693,-0.156297111306917,0.875855949241919,0.99251546691154,-5.01611722622238,100001740,"100001740","Carbohydrate","Fructose, Mannose and Galactose Metabolism",1391,"NAMED","FBPFZTCFMRRESA-UHFFFAOYSA-N","OCC(O)C(O)C(O)C(O)CO","mannitol/sorbitol","mannitol/sorbitol",NA,440,"HMDB0000247,HMDB0000765","C00392,C00794",57806251,NA,NA,NA,46142,46142,46142,305,305,305,146560,146560,146560,"Polar","Polar","Polar",146560,46142,305,"Polar"
0.00873265119436262,-0.116690475692543,0.155209940552307,0.876712521438382,0.99251546691154,-5.01621479070551,1102,"1102","Peptide","Gamma-glutamyl Amino Acid",665,"NAMED","VVLXCWVSSLFQDS-QWRGUYRKSA-N","OC(C=C1)=CC=C1C[C@@H](C(O)=O)NC(CC[C@@H](C(O)=O)N)=O","gamma-glutamyltyrosine","gamma-glutamyltyrosine","7432-23-7",85142,"HMDB0011741",NA,94340,NA,NA,NA,2734,2734,2734,209,209,400,123231,123231,155471,"Neg","Neg","Pos Early",155471,2734,400,"Pos Early"
0.0204215336311819,-0.0245111333457926,0.154910342630911,0.876948597476635,0.99251546691154,-5.0162415574352,361,"361","Nucleotide","Purine Metabolism, (Hypo)Xanthine/Inosine containing",4322,"NAMED","UGQMRVRMYYASKQ-KQYNXXCUSA-N","O[C@H]1[C@H](N2C(N=CN=C3O)=C3N=C2)O[C@H](CO)[C@H]1O","inosine","inosine","58-63-9",21241953,"HMDB0000195","C00294",6021,NA,NA,NA,1123,1123,1123,209,209,209,123191,123191,123191,"Neg","Neg","Neg",123191,1123,209,"Neg"
-0.0103408892254259,-0.0359759429271309,-0.144437465724133,0.885207725896768,0.996855400227972,-5.01714472895898,100022007,"100022007","Partially Characterized Molecules","Partially Characterized Molecules",6755,"NAMED",NA,NA,"bilirubin degradation product, C17H18N2O4 (3)**","bilirubin degradation product, C17H18N2O4 (3)**",NA,NA,NA,NA,NA,NA,NA,NA,64408,64408,64408,209,209,209,237541,237541,237541,"Neg","Neg","Neg",237541,64408,209,"Neg"
-0.0125064545118782,-0.192216885415463,-0.137175706652453,0.890941906639796,0.996855400227972,-5.01773387892507,100003674,"100003674","Peptide","Dipeptide",968,"NAMED","RNKSNIBMTUYWSH-YFKPBYRVSA-N","O=[C@]([C@H]1NCCC1)NCC(O)=O","prolylglycine","prolylglycine","2578-57-6",4932143,"HMDB0011178",NA,6426709,NA,NA,NA,40703,40703,40703,400,400,400,156791,156791,156791,"Pos Early","Pos Early","Pos Early",156791,40703,400,"Pos Early"
-0.0205365416328347,-0.141767244766086,-0.137070707232907,0.891024861162673,0.996855400227972,-5.01774217475941,100001092,"100001092","Cofactors and Vitamins","Nicotinate and Nicotinamide Metabolism",4525,"NAMED","WWNNZCOKKKDOPX-UHFFFAOYSA-N","C[N+]1=CC(C([O-])=O)=CC=C1","trigonelline (N'-methylnicotinate)","trigonelline (N'-methylnicotinate)","535-83-1",5369,"HMDB0000875","C01004",5570,NA,NA,NA,32401,32401,32401,400,400,400,155930,155930,155930,"Pos Early","Pos Early","Pos Early",155930,32401,400,"Pos Early"
0.00607478547901869,-0.0589013729823957,0.113762089521332,0.909467734672935,0.997983764251902,-5.01942654030416,1090,"1090","Cofactors and Vitamins","Hemoglobin and Porphyrin Metabolism",4612,"NAMED","BPYKTIZUTYGOLE-KDUUSRDASA-N","CC(C(N\1)=O)=C(C=C)C1=C/C2=C(C)C(CCC(O)=O)=C(CC3=C(CCC(O)=O)C(C)=C(/C=C4NC(C(C=C)=C/4C)=O)N3)N2","bilirubin (Z,Z)","bilirubin","635-65-4",4444055,"HMDB0000054","C00486",5280352,NA,NA,NA,43807,43807,43807,402,402,402,159596,159596,159596,"Pos Late","Pos Late","Pos Late",159596,43807,402,"Pos Late"
0.00559936057490579,-0.0317407639293009,0.110549012762959,0.912014142733985,0.997983764251902,-5.01963418032255,1215,"1215","Carbohydrate","Aminosugar Metabolism",1470,"NAMED","YTTRPBWEMMPYSW-VFFCQLMOSA-N","O[C@H]1[C@H](O)[C@@H](CO)O[C@@H](NC(CC(N)C(O)=O)=O)[C@@H]1NC(C)=O","N-acetylglucosaminylasparagine","N-acetylglucosaminylasparagine","2776-93-4",21403014,"HMDB0000489","C04540",123826,NA,NA,NA,48149,48149,48149,400,400,400,157725,157725,157725,"Pos Early","Pos Early","Pos Early",157725,48149,400,"Pos Early"
-0.0143331750506694,-0.180532256865747,-0.110362679914216,0.912161842163323,0.997983764251902,-5.01964603931364,100004284,"100004284","Xenobiotics","Chemical",6367,"NAMED","HHVIBTZHLRERCL-UHFFFAOYSA-N","CS(C)(=O)=O","dimethyl sulfone","dimethyl sulfone","67-71-0",5978,"HMDB0004983","C11142",6213,NA,NA,NA,43424,43424,43424,400,400,400,157011,157011,157011,"Pos Early","Pos Early","Pos Early",157011,43424,400,"Pos Early"
0.0133949102400123,-0.332419363775997,0.100858642838545,0.919699278056005,0.997983764251902,-5.02022438385771,100001452,"100001452","Amino Acid","Leucine, Isoleucine and Valine Metabolism",360,"NAMED","ZRQXMKMBBMNNQC-UHFFFAOYSA-N","O=C(O)CNC(CC(C)C)=O","isovalerylglycine","isovalerylglycine","16284-60-9",475516,"HMDB0000678",NA,546304,NA,NA,NA,35107,35107,35107,209,209,209,126956,126956,126956,"Neg","Neg","Neg",126956,35107,209,"Neg"
0.0118872083838332,-0.167347153145449,0.090147370587402,0.928202790101582,0.997983764251902,-5.02081381235934,100004575,"100004575","Amino Acid","Urea cycle; Arginine and Proline Metabolism",519,"NAMED","XUYANFPPYJSBPU-UHFFFAOYSA-N","OC(C(CCCNC(C)=O)N([H])C(C)=O)=O","N2,N5-diacetylornithine","N2,N5-diacetylornithine","39825-23-5",8573834,"HMDB0240345",NA,65977,NA,NA,NA,43591,43591,43591,209,209,209,153118,153118,153118,"Neg","Neg","Neg",153118,43591,209,"Neg"
0.00421690578676548,0.00537090616057125,0.0764530038999241,0.939086389698254,0.997983764251902,-5.02147111198366,100001256,"100001256","Amino Acid","Phenylalanine Metabolism",145,"NAMED","CBQJSKKFNMDLON-JTQLQIEISA-N","O=C(O)[C@@H](NC(C)=O)CC1=CC=CC=C1","N-acetylphenylalanine","N-acetylphenylalanine","2018-61-3",67404,"HMDB0000512","C03519",74839,NA,NA,NA,33950,33950,33950,209,209,209,126109,126109,126109,"Neg","Neg","Neg",126109,33950,209,"Neg"
-0.00481338643799067,-0.0951379353880438,-0.0761542407345863,0.939323966455152,0.997983764251902,-5.02148424755491,100001540,"100001540","Amino Acid","Glutamate Metabolism",72,"NAMED",NA,"O=C(C(CCC#N)N)O","2-amino-4-cyanobutanoate","2-amino-4-cyanobutanoate","2353-44-8",NA,NA,NA,NA,NA,NA,NA,46225,46225,46225,400,400,400,157124,157124,157124,"Pos Early","Pos Early","Pos Early",157124,46225,400,"Pos Early"
0.0119317765847357,-0.378970906220086,0.072326809997843,0.942368014760211,0.997983764251902,-5.02164797650544,100002122,"100002122","Xenobiotics","Benzoate Metabolism",4672,"NAMED","XDOFWFNMYJRHEW-UHFFFAOYSA-N","O=C(C1=CC=CC(O)=C1)NCC(O)=O","3-hydroxyhippurate","3-hydroxyhippurate","1637-75-8",396603,"HMDB0006116",NA,450268,NA,NA,NA,39600,39600,39600,209,209,209,141918,141918,141918,"Neg","Neg","Neg",141918,39600,209,"Neg"
0.0121626207204266,-0.316206460647051,0.0720769289421094,0.942566781053977,0.997983764251902,-5.0216583723365,100001402,"100001402","Xenobiotics","Xanthine Metabolism",4809,"NAMED","RDZNZFGKEVDNPK-UHFFFAOYSA-N","O=C(NC(NC=O)=C1NC(C)=O)N(C)C1=O","5-acetylamino-6-formylamino-3-methyluracil","5-acetylamino-6-formylamino-3-methyluracil","85438-96-6",97287,"HMDB0011105","C16365",108214,NA,NA,NA,34401,34401,34401,305,305,305,165248,165248,165248,"Polar","Polar","Polar",165248,34401,305,"Polar"
-0.0157498075715656,-0.00860911479125053,-0.0706635254331208,0.943691131022861,0.997983764251902,-5.021716497049,100001757,"100001757","Xenobiotics","Food Component/Plant",5284,"NAMED","NODSEPOUFZPJEQ-UHFFFAOYSA-N","CC(C)C1=CC=C(C)C=C1OS(=O)(O)=O","thymol sulfate","thymol sulfate","89-83-8",10709958,"HMDB0062720","C09908",12456386,NA,NA,NA,36095,36095,36095,209,209,209,144225,144225,144225,"Neg","Neg","Neg",144225,36095,209,"Neg"
-0.0106005524026962,-0.336515627725363,-0.0685642181042949,0.945361318380362,0.997983764251902,-5.02180070433319,100000276,"100000276","Carbohydrate","Glycogen Metabolism",1336,"NAMED","FYGDTMLNYKFZSV-DZOUCCHMSA-N","O[C@H]1[C@H](O)[C@@H](CO)O[C@H](O[C@@H]2[C@@H](CO)O[C@H](O[C@@H]3[C@@H](CO)OC(O)[C@H](O)[C@H]3O)[C@H](O)[C@H]2O)[C@@H]1O","maltotriose","maltotriose","1109-28-0",388669,"HMDB0001262","C01835",439586,NA,NA,NA,44688,44688,44688,209,209,305,126149,126149,147873,"Neg","Neg","Polar",147873,44688,305,"Polar"
0.00449103590098504,-0.0721362026522569,0.0642594624366532,0.948786883062885,0.997983764251902,-5.02196543420303,100022005,"100022005","Partially Characterized Molecules","Partially Characterized Molecules",6753,"NAMED",NA,NA,"bilirubin degradation product, C17H18N2O4 (1)**","bilirubin degradation product, C17H18N2O4 (1)**",NA,NA,NA,NA,NA,NA,NA,NA,64409,64409,64409,209,209,209,237542,237542,237542,"Neg","Neg","Neg",237542,64409,209,"Neg"
-0.00331840054579358,0.160977012947037,-0.0590543571525958,0.952930174682134,0.997983764251902,-5.02215035692907,100001266,"100001266","Amino Acid","Urea cycle; Arginine and Proline Metabolism",508,"NAMED","SNEIUMQYRCDYCH-LURJTMIESA-N","O=C(O)[C@@H](NC(C)=O)CCCNC(N)=N","N-acetylarginine","N-acetylarginine","155-84-0",60752,"HMDB0004620","C02562",67427,NA,NA,NA,33953,33953,33953,400,400,400,156051,156051,156051,"Pos Early","Pos Early","Pos Early",156051,33953,400,"Pos Early"
-0.00451240873860381,-0.0166857064447573,-0.0553534904017088,0.955876867155817,0.997983764251902,-5.02227234261672,209,"209","Nucleotide","Purine Metabolism, Adenine containing",4342,"NAMED","UDMBCSSLTHHNCD-UHFFFAOYSA-N","NC1=NC=NC2=C1N=CN2C3OC(C(C3O)O)COP(O)(O)=O","adenosine 5'-monophosphate (AMP)","AMP","149022-20-8",10239183,"HMDB0000045","C00020",6083,NA,NA,NA,32342,32342,32342,400,400,400,155907,155907,155907,"Pos Early","Pos Early","Pos Early",155907,32342,400,"Pos Early"
0.00793930789296726,-0.265542805801958,0.0543351368705874,0.956687805213941,0.997983764251902,-5.02230452439882,100020492,"100020492","Xenobiotics","Food Component/Plant",5216,"NAMED",NA,NA,"glucuronide of piperine metabolite C17H21NO3 (4)*","glucuronide of piperine metabolite C17H21NO3 (4)*",NA,NA,NA,NA,NA,NA,NA,NA,62291,62291,62291,209,209,209,219264,219264,219264,"Neg","Neg","Neg",219264,62291,209,"Neg"
0.00639892254244823,-0.116807251999438,0.050616498306056,0.959649417086955,0.997983764251902,-5.02241696505573,504,"504","Amino Acid","Tryptophan Metabolism",294,"NAMED","QZAYGJVTTNCVMB-UHFFFAOYSA-N","NCCC1=CNC(C=C2)=C1C=C2O","serotonin","serotonin","153-98-0",5013,"HMDB0000259","C00780",5202,NA,NA,NA,2342,2342,2342,400,400,400,155468,155468,155468,"Pos Early","Pos Early","Pos Early",155468,2342,400,"Pos Early"
0.00702305734294059,0.0399522175051253,0.0487230141544298,0.961157649902694,0.997983764251902,-5.02247115693594,100005864,"100005864","Xenobiotics","Food Component/Plant",5297,"NAMED","HOVAGTYPODGVJG-ZFYZTMLRSA-N","O[C@H]1[C@@H]([C@H]([C@H](O[C@@H]1CO)OC)O)O","methyl glucopyranoside (alpha + beta)","methyl glucopyranoside (alpha + beta)",NA,NA,"HMDB0029965",NA,44523830367432096,NA,NA,NA,46144,46144,46144,209,209,209,144231,144231,144231,"Neg","Neg","Neg",144231,46144,209,"Neg"
0.00374746770135223,-0.0845079989629699,0.0381064083799968,0.969616612208934,0.997983764251902,-5.02273674206003,100020253,"100020253","Partially Characterized Molecules","Partially Characterized Molecules",6725,"NAMED",NA,NA,"glycine conjugate of C10H12O2*","glycine conjugate of C10H12O2*",NA,NA,NA,NA,NA,NA,NA,NA,62145,62145,62145,209,209,209,219037,219037,219037,"Neg","Neg","Neg",219037,62145,209,"Neg"
0.00217631332632728,-0.070912640103113,0.0338520711006661,0.973007344079256,0.997983764251902,-5.02282494147921,100001254,"100001254","Amino Acid","Tryptophan Metabolism",262,"NAMED","DZTHIGRZJZPRDV-LBPRGKRZSA-N","O=C(O)[C@@H](NC(C)=O)CC1=CNC2=C1C=CC=C2","N-acetyltryptophan","N-acetyltryptophan","1218-34-4",610602,"HMDB0013713","C03137",439917700653,NA,NA,NA,33959,33959,33959,209,209,209,126119,126119,126119,"Neg","Neg","Neg",126119,33959,209,"Neg"
-0.00377185264447499,-0.177720321356749,-0.0299714659901853,0.976100637442306,0.997983764251902,-5.0228962978019,100021478,"100021478","Amino Acid","Histidine Metabolism",96,"NAMED","MXETUSMIYKMMAT-UHFFFAOYSA-N","CN1C=NC=C1CC(O)C(O)=O","1-methyl-5-imidazolelactate","1-methyl-5-imidazolelactate","2022510-60-5",65563369,NA,NA,NA,NA,NA,NA,64596,64596,64596,209,209,209,238814,238814,238814,"Neg","Neg","Neg",238814,64596,209,"Neg"
-0.00386741800856316,-0.0274862016441579,-0.0283320513070861,0.977407552513653,0.997983764251902,-5.02292383602456,100020262,"100020262","Partially Characterized Molecules","Partially Characterized Molecules",6708,"NAMED",NA,NA,"glutamine conjugate of C6H10O2 (2)*","glutamine conjugate of C6H10O2 (2)*",NA,NA,NA,NA,NA,NA,NA,NA,63660,63660,63660,209,209,209,223046,223046,223046,"Neg","Neg","Neg",223046,63660,209,"Neg"
0.00517148350490615,-0.081540297836002,0.0224114906460242,0.982127809343504,0.997983764251902,-5.02301039182319,100020215,"100020215","Amino Acid","Urea cycle; Arginine and Proline Metabolism",521,"NAMED","FMIPNAUMSPFTHK-UHFFFAOYSA-N","OC1CN(C)C(C(O)=O)C1","N-methylhydroxyproline**","N-methylhydroxyproline**",NA,NA,NA,NA,9860390,NA,NA,NA,62068,62068,62068,400,400,400,218877,218877,218877,"Pos Early","Pos Early","Pos Early",218877,62068,400,"Pos Early"
-0.00108211491841945,0.0330147088028315,-0.021333015396044,0.982987712527811,0.997983764251902,-5.02302398391962,189,"189","Amino Acid","Lysine Metabolism",119,"NAMED","MXNRLFUSFKVQSK-UHFFFAOYSA-N","C[N+](C)(CCCCC(C([O-])=O)N)C","N6,N6,N6-trimethyllysine","N6,N6,N6-trimethyllysine","23284-33-5",140379,"HMDB0001325","C03793",440120,NA,NA,NA,1498,1498,1498,400,400,400,155380,155380,155380,"Pos Early","Pos Early","Pos Early",155380,1498,400,"Pos Early"
-0.00148583671777036,-0.0549214963195641,-0.0139066073047948,0.988909512583178,0.997983764251902,-5.02309938246773,913,"913","Carbohydrate","Glycogen Metabolism",1339,"NAMED","GUBGYTABKSRVRQ-ASMJPISFSA-N","O[C@@H]1[C@H]([C@H](O[C@@H]([C@H]1O)CO)O[C@H]2[C@@H]([C@H]([C@H](O[C@@H]2CO)O)O)O)O","maltose","maltose","6363-53-7",388469,"HMDB0000163","C00208",10991489,NA,NA,NA,15586,15586,15586,305,305,305,146486,146486,146486,"Polar","Polar","Polar",146486,15586,305,"Polar"
-0.00117587644763412,-0.0662616504014239,-0.0136288183789299,0.989131034733256,0.997983764251902,-5.02310158620491,100006361,"100006361","Amino Acid","Tyrosine Metabolism",230,"NAMED","NZKRYJGNYPYXJZ-UHFFFAOYSA-N","NCCC1=CC(OS(=O)(O)=O)=C(O)C=C1","dopamine 3-O-sulfate","dopamine 3-O-sulfate",NA,108936,"HMDB0006275","C13690",122136,NA,NA,NA,48407,48407,48407,209,209,209,155061,155061,155061,"Neg","Neg","Neg",155061,48407,209,"Neg"
0.000303239031865021,0.0138279419984485,0.00632725231437012,0.994953901589389,0.997983764251902,-5.02314356637666,234,"234","Amino Acid","Alanine and Aspartate Metabolism",36,"NAMED","CKLJMWTZIZZHCS-UHFFFAOYSA-N","NC(C(O)=O)CC(O)=O","aspartate","aspartate","56-84-8",5745,"HMDB0000191","C00049",5960,NA,NA,NA,443,443,443,400,400,400,155304,155304,155304,"Pos Early","Pos Early","Pos Early",155304,443,400,"Pos Early"
0.00127580096215996,0.0552168531225838,0.00567307996545976,0.995475609965081,0.997983764251902,-5.02314582809597,100003432,"100003432","Xenobiotics","Food Component/Plant",5085,"NAMED","BOLQJTPHPSDZHR-UHFFFAOYSA-N","O=C(CCC1=CC=C(O)C(OC)=C1)O","dihydroferulate","dihydroferulate","1135-23-5",13701,"HMDB0062121",NA,14340,NA,NA,NA,40481,40481,40481,209,209,209,143017,143017,143017,"Neg","Neg","Neg",143017,40481,209,"Neg"
0.000185566879062848,-0.1468717777675,0.00350580909099391,0.997204040750878,0.997983764251902,-5.02315155944126,100000841,"100000841","Cofactors and Vitamins","Ascorbate and Aldarate Metabolism",4560,"NAMED","MUBZPKHOEPUJKR-UHFFFAOYSA-N","O=C(O)C(O)=O","oxalate (ethanedioate)","oxalate (ethanedioate)","144-62-7",946,"HMDB0002329","C00209",971,NA,NA,NA,20694,20694,20694,209,209,209,143843,143843,143843,"Neg","Neg","Neg",143843,20694,209,"Neg"
0.000220937685109113,0.101850443154038,0.0027722598530107,0.997789060574629,0.997983764251902,-5.02315288625094,100002927,"100002927","Amino Acid","Methionine, Cysteine, SAM and Taurine Metabolism",466,"NAMED","ZZLHPCSGGOGHFW-UHFFFAOYSA-N","NC(CS(C)=O)C(O)=O","S-methylcysteine sulfoxide","S-methylcysteine sulfoxide","6853-87-8",74136,"HMDB0029432",NA,82142,NA,NA,NA,43378,43378,43378,400,400,400,211502,211502,211502,"Pos Early","Pos Early","Pos Early",211502,43378,400,"Pos Early"
-0.000398697454196739,0.0618051022337994,-0.0026029853370079,0.997924060483245,0.997983764251902,-5.02315314839685,100000042,"100000042","Amino Acid","Histidine Metabolism",75,"NAMED","JDHILDINMRGULE-LURJTMIESA-N","N[C@H](C(O)=O)CC1=CN=CN1C","3-methylhistidine","3-methylhistidine","368-16-1",58494,"HMDB0000479","C01152",64969,NA,NA,NA,15677,15677,15677,209,209,209,123265,123265,123265,"Neg","Neg","Neg",123265,15677,209,"Neg"
-0.000457412262408585,-0.697096098983028,-0.00252812363235448,0.997983764251902,0.997983764251902,-5.02315325906543,100004326,"100004326","Xenobiotics","Chemical",6322,"NAMED","CGFRVKXGZRODPA-UHFFFAOYSA-N","CC(C1=CC=CC(OS(=O)(O)=O)=C1)=O","3-acetylphenol sulfate","3-acetylphenol sulfate",NA,16230535,"HMDB0304930",NA,NA,NA,NA,NA,48693,48693,48693,209,209,209,207571,207571,207571,"Neg","Neg","Neg",207571,48693,209,"Neg"
