"logFC","AveExpr","t","P.Value","adj.P.Val","B","CHEM_ID","Original_ID","SUPER_PATHWAY","SUB_PATHWAY","PATHWAY_SORTORDER","TYPE","INCHIKEY","SMILES","CHEMICAL_NAME","PLOT_NAME","CAS","CHEMSPIDER","HMDB","KEGG","PUBCHEM","LIPID SPECIES LEVEL","LIPID MOLECULAR SPECIES LEVEL","LIPID SN POSITION LEVEL","COMP_ID_1","COMP_ID_2","COMP_ID_3","LIB_ID_1","LIB_ID_2","LIB_ID_3","CHRO_LIB_ENTRY_ID_1","CHRO_LIB_ENTRY_ID_2","CHRO_LIB_ENTRY_ID_3","PLATFORM_1","PLATFORM_2","PLATFORM_3","CHRO_LIB_ENTRY_ID","COMP_ID","LIB_ID","PLATFORM","effect_size","hedges_g"
-0.26106722613784,-0.0550919130948273,-2.98926314828462,0.00292100792537086,0.458912885771738,-2.37371654734228,1082,"1082","Amino Acid","Leucine, Isoleucine and Valine Metabolism",343,"NAMED","WXNXCEHXYPACJF-ZETCQYMHSA-N","O=C(O)[C@H](CC(C)C)NC(C)=O","N-acetylleucine","N-acetylleucine","1188-21-2",64075,"HMDB0011756","C02710",70912,NA,NA,NA,1587,1587,1587,209,209,209,126818,126818,126818,"Neg","Neg","Neg",126818,1587,209,"Neg",-0.57293352361416,-0.572020724585566
-0.236663620702779,0.0453684951573977,-2.89432258854387,0.00394993154659306,0.458912885771738,-2.54006239777384,35,"35","Amino Acid","Glutamate Metabolism",64,"NAMED","DWAKNKKXGALPNW-UHFFFAOYSA-N","OC(C1CCC=N1)=O","S-1-pyrroline-5-carboxylate","S-1-pyrroline-5-carboxylate","2906-39-0",10140206,"HMDB0001301","C04322",11966181,NA,NA,NA,42370,42370,42370,400,400,400,166164,166164,166164,"Pos Early","Pos Early","Pos Early",166164,42370,400,"Pos Early",-0.554736855496338,-0.55385304744191
-0.30634133895919,0.0587800465505866,-2.76675143434067,0.00585149772718677,0.458912885771738,-2.75547049768483,100001055,"100001055","Amino Acid","Leucine, Isoleucine and Valine Metabolism",433,"NAMED","LRCNOZRCYBNMEP-VIFPVBQESA-N","CC(C)C(O[C@@H](CC([O-])=O)C[N+](C)(C)C)=O","isobutyrylcarnitine (C4)","isobutyrylcarnitine (C4)","25518-49-4",NA,"HMDB0000736",NA,168379,NA,NA,NA,33441,33441,33441,400,400,400,156017,156017,156017,"Pos Early","Pos Early","Pos Early",156017,33441,400,"Pos Early",-0.530286083763142,-0.529441230735372
-0.538873453668324,-0.332419363775997,-2.68231403180964,0.007530401726509,0.458912885771738,-2.89290869486098,100001452,"100001452","Amino Acid","Leucine, Isoleucine and Valine Metabolism",360,"NAMED","ZRQXMKMBBMNNQC-UHFFFAOYSA-N","O=C(O)CNC(CC(C)C)=O","isovalerylglycine","isovalerylglycine","16284-60-9",475516,"HMDB0000678",NA,546304,NA,NA,NA,35107,35107,35107,209,209,209,126956,126956,126956,"Neg","Neg","Neg",126956,35107,209,"Neg",-0.514102490630937,-0.513283421341563
-0.2501096382552,-0.0531787606522562,-2.66784513986098,0.0078580973591051,0.458912885771738,-2.91604764273451,100022485,"100022485","Amino Acid","Lactoyl Amino Acid",648,"NAMED",NA,"OC([C@@H](NC([C@H](C)O)=O)C(C)C)=O","N-lactoyl valine","N-lactoyl valine","21753-44-6",NA,"HMDB0062181",NA,NA,NA,NA,NA,64883,64883,64883,209,209,209,240094,240094,240094,"Neg","Neg","Neg",240094,64883,209,"Neg",-0.511329327869507,-0.510514676789524
0.252679948388359,-0.070912640103113,2.59826906185687,0.0096196508079606,0.468156339320749,-3.02562790027932,100001254,"100001254","Amino Acid","Tryptophan Metabolism",262,"NAMED","DZTHIGRZJZPRDV-LBPRGKRZSA-N","O=C(O)[C@@H](NC(C)=O)CC1=CNC2=C1C=CC=C2","N-acetyltryptophan","N-acetyltryptophan","1218-34-4",610602,"HMDB0013713","C03137",439917700653,NA,NA,NA,33959,33959,33959,209,209,209,126119,126119,126119,"Neg","Neg","Neg",126119,33959,209,"Neg",0.497994112616537,0.497200707232655
0.269740834580667,0.0580479964934516,2.51607319597786,0.0121494751156717,0.478681138051161,-3.15147648116093,100001468,"100001468","Cofactors and Vitamins","Nicotinate and Nicotinamide Metabolism",4527,"NAMED","JLQSXXWTCJPCBC-UHFFFAOYSA-N","O=C(C1=C([H])N(C(C([H])=C1[H])=O)C([H])([H])[H])N([H])[H]","N1-methyl-2-pyridone-5-carboxamide","N1-methyl-2-pyridone-5-carboxamide","701-44-0",62899,"HMDB0004193","C05842",69698,NA,NA,NA,40469,40469,40469,400,209,209,156740,143005,143005,"Pos Early","Neg","Neg",156740,40469,400,"Pos Early",0.48224014090896,0.481471834789615
-0.208240797746932,-0.0358527554933573,-2.48870106495215,0.0131145517274291,0.478681138051161,-3.19251615442635,100001393,"100001393","Amino Acid","Leucine, Isoleucine and Valine Metabolism",361,"NAMED","IGQBPDJNUXPEMT-UHFFFAOYSA-N","[O-]C(CC(C[N+](C)(C)C)OC(CC(C)C)=O)=O","isovalerylcarnitine (C5)","isovalerylcarnitine (C5)","31023-24-2",4932271,"HMDB0000688","C20826",169235,NA,NA,NA,34407,34407,34407,400,400,400,156109,156109,156109,"Pos Early","Pos Early","Pos Early",156109,34407,400,"Pos Early",-0.476993894359409,-0.476233946572325
0.396270564044312,-0.0206523489399826,2.4080265428935,0.0163657407607025,0.530977366902791,-3.3109407196266,1221,"1221","Amino Acid","Creatine Metabolism",538,"NAMED","CVSVTCORWBXHQV-UHFFFAOYSA-N","CN(C(N)=N)CC(O)=O","creatine","creatine","57-00-1",566,"HMDB0000064","C00300",586,NA,NA,NA,27718,27718,27718,400,400,400,155838,155838,155838,"Pos Early","Pos Early","Pos Early",155838,27718,400,"Pos Early",0.461531509184161,0.460796196105269
0.24799065983708,-0.153760549135888,2.26589631218614,0.023843976785086,0.595536629541832,-3.51034870982328,207,"207","Nucleotide","Purine Metabolism, Adenine containing",4345,"NAMED","IVOMOUWHDPKRLL-UHFFFAOYSA-N","NC1=NC=NC2=C1N=CN2C3OC(CO4)C(OP4(O)=O)C3O","adenosine 3',5'-cyclic monophosphate (cAMP)","adenosine 3',5'-cyclic monophosphate (cAMP)","60-92-4",268,"HMDB0000058","C00575",6076,NA,NA,NA,2831,2831,2831,209,209,209,123233,123233,123233,"Neg","Neg","Neg",123233,2831,209,"Neg",0.434290289575245,0.433598377271089
0.592715150191279,0.415356148404229,2.26039997499228,0.0241849708629289,0.595536629541832,-3.51782291783766,501,"501","Xenobiotics","Drug - Topical Agents",6173,"NAMED","YGSDEFSMJLZEOE-UHFFFAOYSA-N","OC1=C(C(O)=O)C=CC=C1","salicylate","salicylate","69-72-7",331,"HMDB0001895","C00805",338,NA,NA,NA,1515,1515,1515,305,305,305,164364,164364,164364,"Polar","Polar","Polar",164364,1515,305,"Polar",0.433236840722053,0.432546606775071
-0.435992796957375,-0.180532256865747,-2.21926245984857,0.0268744234564165,0.595536629541832,-3.57320201035448,100004284,"100004284","Xenobiotics","Chemical",6367,"NAMED","HHVIBTZHLRERCL-UHFFFAOYSA-N","CS(C)(=O)=O","dimethyl sulfone","dimethyl sulfone","67-71-0",5978,"HMDB0004983","C11142",6213,NA,NA,NA,43424,43424,43424,400,400,400,157011,157011,157011,"Pos Early","Pos Early","Pos Early",157011,43424,400,"Pos Early",-0.425352268392734,-0.424674596164811
0.296587612377527,-0.0907752110169384,2.20898386901652,0.0275855263771305,0.595536629541832,-3.58688410909474,100021331,"100021331","Partially Characterized Molecules","Partially Characterized Molecules",6730,"NAMED","IJIWKJRHDDIJKI-MVCMDAJNSA-N","CC1(C)C(OS(O)(=O)=O)CCC2(C)C1CC[C@]3(C)[C@H]2CC[C@@H]3C4(C)OC(CC4)=O","metabolonic lactone sulfate","metabolonic lactone sulfate",NA,NA,NA,NA,NA,NA,NA,NA,63153,63153,63153,209,209,209,221892,221892,221892,"Neg","Neg","Neg",221892,63153,209,"Neg",0.423382234651618,0.422707701086055
0.195439749023445,0.0696531487583235,2.13356471657641,0.0333184518934511,0.595536629541832,-3.68537963293192,100008998,"100008998","Cofactors and Vitamins","Tocopherol Metabolism",4586,"NAMED","QUEDXNHFTDJVIY-DQCZWYHMSA-N","CC1=C(C(CC2)=CC(O)=C1C)O[C@@]2(CCC[C@@H](CCC[C@@H](CCCC(C)C)C)C)C","gamma-tocopherol/beta-tocopherol","gamma-tocopherol/beta-tocopherol",NA,NA,"HMDB0006335,HMDB0001492","C14152,C02483",NA,NA,NA,NA,52473,52473,52473,402,402,402,165151,165151,165151,"Pos Late","Pos Late","Pos Late",165151,52473,402,"Pos Late",0.408927113569253,0.408275609936376
0.271053562298529,0.0558430755970805,2.12410822983426,0.0341048108390247,0.595536629541832,-3.6974937628692,100002094,"100002094","Cofactors and Vitamins","Tocopherol Metabolism",4572,"NAMED","VMJQLPNCUPGMNQ-UHFFFAOYSA-N","OC1=C(C)C(C)=C(OC(C)(CCC(O)=O)CC2)C2=C1","gamma-CEHC","gamma-CEHC","178167-75-4",117455,"HMDB0001931",NA,133098,NA,NA,NA,44876,44876,44876,209,209,209,127733,127733,127733,"Neg","Neg","Neg",127733,44876,209,"Neg",0.407114647419092,0.40646603141152
-0.486342960702194,-0.52999865536743,-2.10172582826355,0.0360296487988119,0.595536629541832,-3.72595688716932,100000708,"100000708","Amino Acid","Leucine, Isoleucine and Valine Metabolism",358,"NAMED","GWYFCOCPABKNJV-UHFFFAOYSA-N","CC(C)CC(O)=O","isovalerate (i5:0)","isovalerate (C5)","503-74-2",10001,"HMDB0000718","C08262",10430,NA,NA,NA,44656,44656,44656,209,209,209,126996,126996,126996,"Neg","Neg","Neg",126996,44656,209,"Neg",-0.402824751360188,-0.402182970025041
0.25008505369052,-0.102493974689799,2.07971958949326,0.0380119345793706,0.595536629541832,-3.75365417169614,100005946,"100005946","Xenobiotics","Food Component/Plant",5336,"NAMED","WPAMZTWLKIDIOP-WVZVXSGGSA-N","OC[C@@H](O)[C@@H](O)CC(C(O)=O)=O","2-keto-3-deoxy-gluconate","2-keto-3-deoxy-gluconate","17510-99-5",141630,"HMDB0001353","C00204",161227,NA,NA,NA,48141,48141,48141,305,305,305,160468,160468,160468,"Polar","Polar","Polar",160468,48141,305,"Polar",0.398606952091698,0.397971890564202
-0.307129673683062,-0.209483630461399,-2.06886699211544,0.0390232855245507,0.595536629541832,-3.76720835432971,100000015,"100000015","Amino Acid","Tryptophan Metabolism",285,"NAMED","FBZONXHGGPHHIY-UHFFFAOYSA-N","OC1=C2C(C(O)=CC(C(O)=O)=N2)=CC=C1","xanthurenate","xanthurenate","59-007",5497,"HMDB0000881","C02470",5699,NA,NA,NA,15679,15679,15679,400,400,209,155571,155571,123267,"Pos Early","Pos Early","Neg",155571,15679,400,"Pos Early",-0.396526902076828,-0.395895154489876
0.733644158933599,-0.729606942179476,2.04472699544753,0.0413553212917812,0.595536629541832,-3.79710872904778,100002253,"100002253","Xenobiotics","Food Component/Plant",5059,"NAMED","YAADMLWHGMUGQL-VOTSOKGWSA-N","O=C(NCC(O)=O)/C=C/C1=CC=CC=C1","cinnamoylglycine","cinnamoylglycine","16534-24-0",618829,"HMDB0011621",NA,709625,NA,NA,NA,38637,38637,38637,209,209,209,141886,141886,141886,"Neg","Neg","Neg",141886,38637,209,"Neg",0.391900138668958,0.391275762452278
-0.356531595027966,-0.211020170307117,-2.03484985627848,0.042343064909042,0.595536629541832,-3.80924374195271,100000963,"100000963","Amino Acid","Urea cycle; Arginine and Proline Metabolism",503,"NAMED","XIGSAGMEBXLVJJ-YFKPBYRVSA-N","N[C@H](C(O)=O)CCCCNC(N)=O","homocitrulline","homocitrulline","1190-49-4",58582,"HMDB0000679","C02427",65072,NA,NA,NA,22138,22138,22138,400,400,400,155793,155793,155793,"Pos Early","Pos Early","Pos Early",155793,22138,400,"Pos Early",-0.390007048677667,-0.389385688536385
0.394112805845929,-0.35305916627882,2.01300332089503,0.0445990425583974,0.595536629541832,-3.83587988384617,100021220,"100021220","Amino Acid","Methionine, Cysteine, SAM and Taurine Metabolism",484,"NAMED","SBQWITJAJITAMM-UHFFFAOYSA-N","OC(CCC(NCCS(=O)(O)=O)=O)=O","succinoyltaurine","succinoyltaurine",NA,20509456,NA,NA,NA,NA,NA,NA,63678,63678,63678,305,305,305,223092,223092,223092,"Polar","Polar","Polar",223092,63678,305,"Polar",0.385819858766607,0.385205169666076
0.192150775871572,-0.0487523066508606,2.01045029140411,0.0448691981161655,0.595536629541832,-3.83897425594692,100003271,"100003271","Amino Acid","Glutamate Metabolism",58,"NAMED","GAQNUGISBQJMKO-UHFFFAOYSA-N","OC(CC(C(NC(CCC(O)=O)C(O)=O)=O)(CC(O)=O)O)=O","beta-citrylglutamate","beta-citrylglutamate","73590-26-8",19992713,"HMDB0013220","C20775",189741,NA,NA,NA,54923,54923,54923,209,209,209,208316,208316,208316,"Neg","Neg","Neg",208316,54923,209,"Neg",0.385330535441906,0.384716625932439
-0.409103833955423,0.0431723611996316,-1.98215066557146,0.0479576054157427,0.608853077452038,-3.87301675158783,100001577,"100001577","Amino Acid","Urea cycle; Arginine and Proline Metabolism",513,"NAMED","WMQMIOYQXNRROC-LURJTMIESA-N","OC([C@@H](NC(C)=O)CCCNC(N)=O)=O","N-acetylcitrulline","N-acetylcitrulline","33965-42-3",571213,"HMDB0000856","C15532,C02851",656979,NA,NA,NA,48434,48434,48434,209,209,209,155079,155079,155079,"Neg","Neg","Neg",155079,48434,209,"Neg",-0.379906521716461,-0.379301253758336
-0.139518278043273,-0.0678105896787412,-1.85867833823727,0.0636045119799485,0.714153060337278,-4.01600459034216,100000039,"100000039","Amino Acid","Methionine, Cysteine, SAM and Taurine Metabolism",448,"NAMED","QEFRNWWLZKMPFJ-YGVKFDHGSA-N","O=C(O)[C@@H](N)CCS(C)=O","methionine sulfoxide","methionine sulfoxide","3226-65-1",139840,"HMDB0002005","C02989",158980,NA,NA,NA,18374,18374,18374,400,400,400,155665,155665,155665,"Pos Early","Pos Early","Pos Early",155665,18374,400,"Pos Early",-0.356241346702006,-0.355673782156012
-0.55891884088289,0.263471812429813,-1.84490826855225,0.0655861213449689,0.714153060337278,-4.03139141967932,100006282,"100006282","Xenobiotics","Food Component/Plant",5326,"NAMED","LJOOSFYJELZGMR-UHFFFAOYSA-N","O=C1C=CC2=CC=C(OS(=O)(O)=O)C=C2O1","umbelliferone sulfate","umbelliferone sulfate","69526-88-1",114800,"HMDB0240565",NA,129659,NA,NA,NA,48674,48674,48674,209,209,209,155105,155105,155105,"Neg","Neg","Neg",155105,48674,209,"Neg",-0.353602122868674,-0.353038763140259
0.403539259643428,-0.130653564716591,1.84122009917316,0.0661254559276241,0.714153060337278,-4.03549352674667,100001755,"100001755","Xenobiotics","Benzoate Metabolism",4730,"NAMED","IETVQHUKTKKBFF-UHFFFAOYSA-N","O=S(OC1=CC=C(C=C)C=C1)(O)=O","4-vinylphenol sulfate","4-vinylphenol sulfate","2628-17-3",4932200,"HMDB0062775","C05627",6426766,NA,NA,NA,36098,36098,36098,209,209,209,144223,144223,144223,"Neg","Neg","Neg",144223,36098,209,"Neg",0.352895234323496,0.352333000811562
0.538110636601341,0.177962349119771,1.81995489249673,0.0693070589644868,0.714153060337278,-4.05898799347305,1869,"1869","Xenobiotics","Benzoate Metabolism",4670,"NAMED","ONJSZLXSECQROL-UHFFFAOYSA-N","O=C(C1=CC=CC=C1O)NCC(O)=O","2-hydroxyhippurate (salicylurate)","2-hydroxyhippurate (salicylurate)","487-54-7",9835,"HMDB0000840","C07588",10253,NA,NA,NA,18281,18281,18281,209,209,209,124655,124655,124655,"Neg","Neg","Neg",124655,18281,209,"Neg",0.348819464079413,0.348263724094157
0.186737707518978,-0.0843086502776928,1.8198868448023,0.0693174388028217,0.714153060337278,-4.05906274394872,1114,"1114","Nucleotide","Pyrimidine Metabolism, Thymine containing",4486,"NAMED","QCHPKSFMDHPSNR-UHFFFAOYSA-N","O=C(O)C(C)CN","3-aminoisobutyrate","3-aminoisobutyrate","214139-20-5,10569-72-9",58481,"HMDB0002166","C05145",64956,NA,NA,NA,1566,1566,1566,400,400,400,155405,155405,155405,"Pos Early","Pos Early","Pos Early",155405,1566,400,"Pos Early",0.348806421799959,0.348250702593692
0.231793528208288,-0.0662616504014239,1.77601789782427,0.0762804944532548,0.714153060337278,-4.10668056494925,100006361,"100006361","Amino Acid","Tyrosine Metabolism",230,"NAMED","NZKRYJGNYPYXJZ-UHFFFAOYSA-N","NCCC1=CC(OS(=O)(O)=O)=C(O)C=C1","dopamine 3-O-sulfate","dopamine 3-O-sulfate",NA,108936,"HMDB0006275","C13690",122136,NA,NA,NA,48407,48407,48407,209,209,209,155061,155061,155061,"Neg","Neg","Neg",155061,48407,209,"Neg",0.340398332875506,0.339856009456161
-0.173169892005632,-0.162162284885727,-1.74687188778812,0.081215453703269,0.714153060337278,-4.13768502720402,100010955,"100010955","Xenobiotics","Chemical",6405,"NAMED","YFSUTJLHUFNCNZ-UHFFFAOYSA-N","O=S(C(F)(F)C(F)(F)C(F)(F)C(F)(F)C(F)(F)C(F)(F)C(F)(F)C(F)(F)F)(O)=O","perfluorooctanesulfonate (PFOS)","perfluorooctanesulfonate (PFOS)","1763-23-1",67068,NA,"C18142",74483,NA,NA,NA,57564,57564,57564,305,305,209,211466,211466,212104,"Polar","Polar","Neg",212104,57564,209,"Neg",-0.334812097940356,-0.334278674523563
0.362068562058099,0.0115364911763264,1.73679991963055,0.0829800764745318,0.714153060337278,-4.14828177734564,100004243,"100004243","Cofactors and Vitamins","Tocopherol Metabolism",4573,"NAMED","NOZSTAZEOBPSBY-UHFFFAOYSA-N","OC(C1C(O)C(O)C(O)C(OC2=C(C)C(C)=C(OC(C)(CCC(O)=O)CC3)C3=C2)O1)=O","gamma-CEHC glucuronide*","gamma-CEHC glucuronide*",NA,NA,"HMDB0242175",NA,121596235,NA,NA,NA,42381,42381,42381,209,209,209,144301,144301,144301,"Neg","Neg","Neg",144301,42381,209,"Neg",0.332881666285465,0.332351318436896
0.262507242463383,0.0336174219488222,1.70375401098051,0.0889895935260148,0.714153060337278,-4.18262557217052,100020261,"100020261","Partially Characterized Molecules","Partially Characterized Molecules",6707,"NAMED",NA,NA,"glutamine conjugate of C6H10O2 (1)*","glutamine conjugate of C6H10O2 (1)*",NA,NA,NA,NA,NA,NA,NA,NA,63657,63657,63657,209,209,209,223045,223045,223045,"Neg","Neg","Neg",223045,63657,209,"Neg",0.326547961976173,0.326027705000109
-0.464010566503179,-0.125311499836815,-1.7034573810397,0.0890450880384176,0.714153060337278,-4.18293090872614,100001296,"100001296","Xenobiotics","Food Component/Plant",5270,"NAMED","CMUNUTVVOOHQPW-LURJTMIESA-N","C[N+]1(C)[C@H]([C@@]([O-])=O)CCC1","stachydrine","stachydrine","4136-37-2",103115,"HMDB0004827","C10172",115244,NA,NA,NA,34384,34384,34384,400,400,400,156088,156088,156088,"Pos Early","Pos Early","Pos Early",156088,34384,400,"Pos Early",-0.326491108755574,-0.325970942358194
0.35149981602585,-0.0274862016441579,1.70228207516467,0.0892652430329067,0.714153060337278,-4.18414019688099,100020262,"100020262","Partially Characterized Molecules","Partially Characterized Molecules",6708,"NAMED",NA,NA,"glutamine conjugate of C6H10O2 (2)*","glutamine conjugate of C6H10O2 (2)*",NA,NA,NA,NA,NA,NA,NA,NA,63660,63660,63660,209,209,209,223046,223046,223046,"Neg","Neg","Neg",223046,63660,209,"Neg",0.326265845169566,0.325746037662657
0.14675685639631,0.0128704660555554,1.70200568509488,0.0893170794379908,0.714153060337278,-4.18442445891867,100001006,"100001006","Amino Acid","Glycine, Serine and Threonine Metabolism",2,"NAMED","OKJIRPAQVSHGFK-UHFFFAOYSA-N","O=C(O)C(NC(C)=O)[H]","N-acetylglycine","N-acetylglycine","543-24-8",10507,"HMDB0000532",NA,10972,NA,NA,NA,27710,27710,27710,400,400,400,155837,155837,155837,"Pos Early","Pos Early","Pos Early",155837,27710,400,"Pos Early",0.326212871199486,0.325693148090831
0.165515004705895,-0.0431001582730652,1.69312573272413,0.0909954738492871,0.714153060337278,-4.1935331157455,100001132,"100001132","Peptide","Modified Peptides",1257,"NAMED","DTSWLLBBGHRXQH-XPUUQOCRSA-N","O=C1CC[C@@H](C(N[C@@H](C(C)C)C(O)=O)=O)N1","pyroglutamylvaline","pyroglutamylvaline","21282-10-0",134331,NA,NA,152416,NA,NA,NA,32394,32394,32394,209,209,209,125806,125806,125806,"Neg","Neg","Neg",125806,32394,209,"Neg",0.324510905815736,0.323993894282307
0.26556471499419,-0.0458841759779877,1.67872715295815,0.093770902906343,0.714153060337278,-4.20820271644067,100003434,"100003434","Amino Acid","Histidine Metabolism",83,"NAMED","ZCKYOWGFRHAZIQ-UHFFFAOYSA-N","OC(CCC1=CN=CN1)=O","imidazole propionate","imidazole propionate","1074-59-5",63798,"HMDB0002271",NA,70630,NA,NA,NA,40730,40730,40730,400,400,400,156802,156802,156802,"Pos Early","Pos Early","Pos Early",156802,40730,400,"Pos Early",0.321751219354176,0.321238604559666
0.219339863960386,-0.0255378832671855,1.67075236839526,0.0953371539782346,0.714153060337278,-4.21627445962691,132,"132","Carbohydrate","Glycolysis, Gluconeogenesis, and Pyruvate Metabolism",1276,"NAMED","OSJPPGNTCRNQQC-UHFFFAOYSA-N","OC(C(O)=O)COP(O)(O)=O","3-phosphoglycerate","3-phosphoglycerate","80731-10-8",10669764,"HMDB0000807","C00597",724,NA,NA,NA,1414,1414,1414,400,400,400,155361,155361,155361,"Pos Early","Pos Early","Pos Early",155361,1414,400,"Pos Early",0.320222741868913,0.319712562248304
-0.211102780045575,-0.0848589233860285,-1.67051821844126,0.095383456688883,0.714153060337278,-4.2165108837374,100022003,"100022003","Partially Characterized Molecules","Partially Characterized Molecules",6751,"NAMED",NA,NA,"bilirubin degradation product, C16H18N2O5 (1)**","bilirubin degradation product, C16H18N2O5 (1)**",NA,NA,NA,NA,NA,NA,NA,NA,64403,64403,64403,209,209,209,237531,237531,237531,"Neg","Neg","Neg",237531,64403,209,"Neg",-0.320177863799788,-0.319667755679024
0.343406188098333,-0.327318995326397,1.6358930999544,0.102431705675552,0.729048924029473,-4.25111255193474,100001586,"100001586","Cofactors and Vitamins","Ascorbate and Aldarate Metabolism",4561,"NAMED","RGHNJXZEOKUKBD-NRXMZTRTSA-N","OC([C@H](O)[C@H](O)[C@H](O)[C@@H](O)CO)=O","gulonate*","gulonate*","20246-53-1",7969943,"HMDB0003290","C00800",152304,NA,NA,NA,46957,46957,46957,305,305,305,148205,148205,148205,"Polar","Polar","Polar",148205,46957,305,"Polar",0.313541482137766,0.313041947115773
-0.40508764126531,-0.362239220170207,-1.62560664502213,0.104603835013475,0.729048924029473,-4.2612542969401,100020853,"100020853","Xenobiotics","Food Component/Plant",5018,"NAMED","RRWBOGSYNDIRNR-UHFFFAOYSA-N","OC1=CC=C(C(C)=O)C=C1OS(=O)(O)=O","4-acetylcatechol sulfate (1)","4-acetylcatechol sulfate (1)",NA,NA,NA,NA,NA,NA,NA,NA,62798,62798,62798,209,209,209,220413,220413,220413,"Neg","Neg","Neg",220413,62798,209,"Neg",-0.311569941133347,-0.311073547175089
-0.284533971784067,-0.365428906793091,-1.60907314534196,0.108171794230317,0.729048924029473,-4.27742292453453,536,"536","Nucleotide","Pyrimidine Metabolism, Uracil containing",4438,"NAMED","MXHRCPNRJAMMIM-UHFFFAOYSA-N","O=C(NC1=O)N(C=C1)C(CC2O)OC2CO","2'-deoxyuridine","2'-deoxyuridine","951-78-0",13118,"HMDB0000012","C00526",13712,NA,NA,NA,1412,1412,1412,209,305,209,123201,147476,123201,"Neg","Polar","Neg",147476,1412,305,"Polar",-0.308401067815897,-0.307909722514013
0.153465482859143,0.0749770311711547,1.58908960014865,0.112612447354459,0.729048924029473,-4.29674768824506,100001034,"100001034","Amino Acid","Tryptophan Metabolism",306,"NAMED","SEOVTRFCIGRIMH-UHFFFAOYSA-N","OC(CC1=CNC2=C1C=CC=C2)=O","indoleacetate","indoleacetate","87-51-4,6505-45-9",780,"HMDB0000197","C00954",802,NA,NA,NA,27513,27513,27513,209,209,209,126866,126866,126866,"Neg","Neg","Neg",126866,27513,209,"Neg",0.304570945677445,0.304085702535101
-0.189028965308484,0.101850443154038,-1.56798539495859,0.117457300760322,0.729048924029473,-4.31689727737409,100002927,"100002927","Amino Acid","Methionine, Cysteine, SAM and Taurine Metabolism",466,"NAMED","ZZLHPCSGGOGHFW-UHFFFAOYSA-N","NC(CS(C)=O)C(O)=O","S-methylcysteine sulfoxide","S-methylcysteine sulfoxide","6853-87-8",74136,"HMDB0029432",NA,82142,NA,NA,NA,43378,43378,43378,400,400,400,211502,211502,211502,"Pos Early","Pos Early","Pos Early",211502,43378,400,"Pos Early",-0.300526033589475,-0.300047234810522
-0.428061762161965,-0.645185472110632,-1.56572156081212,0.117986602734196,0.729048924029473,-4.31904291065166,100001108,"100001108","Xenobiotics","Xanthine Metabolism",4806,"NAMED","GMSNIKWWOQHZGF-UHFFFAOYSA-N","O=C1N(C)C2=C(N=CN2)C(N1)=O","3-methylxanthine","3-methylxanthine","1076-22-8",63805,"HMDB0001886","C16357",70639,NA,NA,NA,32445,32445,32445,209,209,209,125834,125834,125834,"Neg","Neg","Neg",125834,32445,209,"Neg",-0.30009213854241,-0.29961403104606
-0.467976688289639,-0.297035470346987,-1.55314053630111,0.120962408543969,0.729048924029473,-4.33091125023594,100006098,"100006098","Xenobiotics","Chemical",6436,"NAMED","BDERIBJTVYFANV-UHFFFAOYSA-N","O=S(OC1=CC=CN=C1)(O)=O","3-hydroxypyridine sulfate","3-hydroxypyridine sulfate","1955-23-3",16232314,"HMDB0240652",NA,NA,NA,NA,NA,48448,48448,48448,209,209,209,155087,155087,155087,"Neg","Neg","Neg",155087,48448,209,"Neg",-0.297680811621291,-0.297206545856626
0.170266272543519,0.00566839764904084,1.55191242825705,0.121256021302718,0.729048924029473,-4.3320647217057,100010896,"100010896","Nucleotide","Pyrimidine Metabolism, Uracil containing",4426,"NAMED","SXUXMRMBWZCMEN-ZOQUXTDFSA-N","CO[C@@H]1[C@@H]([C@H](O[C@H]1N2C=CC(NC2=O)=O)CO)O","2'-O-methyluridine","2'-O-methyluridine","2140-76-3",92343,"HMDB0240328",NA,102212,NA,NA,NA,57655,57655,57655,209,209,209,212709,212709,212709,"Neg","Neg","Neg",212709,57655,209,"Neg",0.297445427771105,0.29697153702054
0.2189742639674,-0.159948860953951,1.53962593767307,0.124224300164931,0.729048924029473,-4.34355489459484,100001208,"100001208","Amino Acid","Histidine Metabolism",94,"NAMED","ZHCKPJGJQOPTLB-UHFFFAOYSA-N","O=C(O)CC1=CN(C)C=N1","1-methyl-4-imidazoleacetate","1-methyl-4-imidazoleacetate","2625-49-2",68319,"HMDB0002820","C05828",75810,NA,NA,NA,32350,32350,32350,400,400,400,155911,155911,155911,"Pos Early","Pos Early","Pos Early",155911,32350,400,"Pos Early",0.295090552340626,0.2946204133831
0.269760315130424,-0.0237591046591792,1.53541707568323,0.125254085068738,0.729048924029473,-4.34747021884457,100001731,"100001731","Amino Acid","Tryptophan Metabolism",314,"NAMED","DVJIJAYHBZALOJ-UHFFFAOYSA-N","O=C(NC(CCC(N)=O)C(O)=O)CC1=CNC2=C1C=CC=C2","indoleacetylglutamine","indoleacetylglutamine",NA,NA,"HMDB0013240",NA,25200879,NA,NA,NA,42087,42087,42087,209,209,209,143935,143935,143935,"Neg","Neg","Neg",143935,42087,209,"Neg",0.294283865872883,0.293815012130122
0.243154311076258,0.0141464756614838,1.52064787150665,0.128920528752704,0.729048924029473,-4.36112558074152,100020416,"100020416","Cofactors and Vitamins","Tocopherol Metabolism",4580,"NAMED","BNVXCCQXUZCRSR-UHFFFAOYSA-N","OC1=CC2=C(C(C)=C1)OC(CCC(O)=O)(C)CC2","delta-CEHC","delta-CEHC","84599-16-6",9710906,"HMDB0242106",NA,35027084,NA,NA,NA,62287,62287,62287,209,209,209,219260,219260,219260,"Neg","Neg","Neg",219260,62287,209,"Neg",0.291453144129726,0.290988800299461
-0.222541092244568,-0.151245709080418,-1.51382365026315,0.130642633003084,0.729048924029473,-4.36739107922115,100001843,"100001843","Peptide","Gamma-glutamyl Amino Acid",650,"NAMED","WQXXXVRAFAKQJM-WHFBIAKZSA-N","C[C@H](NC(CC[C@H](N)C(O)=O)=O)C(O)=O","gamma-glutamylalanine","gamma-glutamylalanine","5875-41-2",389104,"HMDB0029142","C03738",440103,NA,NA,NA,37063,37063,37063,400,400,400,156289,156289,156289,"Pos Early","Pos Early","Pos Early",156289,37063,400,"Pos Early",-0.290145187978323,-0.289682927986855
0.109488742564719,0.0138279419984485,1.51025067896434,0.13155138779812,0.729048924029473,-4.37066040837878,234,"234","Amino Acid","Alanine and Aspartate Metabolism",36,"NAMED","CKLJMWTZIZZHCS-UHFFFAOYSA-N","NC(C(O)=O)CC(O)=O","aspartate","aspartate","56-84-8",5745,"HMDB0000191","C00049",5960,NA,NA,NA,443,443,443,400,400,400,155304,155304,155304,"Pos Early","Pos Early","Pos Early",155304,443,400,"Pos Early",0.289460378734556,0.288999209782775
-0.384730433212374,-0.316206460647051,-1.50721487352794,0.13232737319713,0.729048924029473,-4.37343222061489,100001402,"100001402","Xenobiotics","Xanthine Metabolism",4809,"NAMED","RDZNZFGKEVDNPK-UHFFFAOYSA-N","O=C(NC(NC=O)=C1NC(C)=O)N(C)C1=O","5-acetylamino-6-formylamino-3-methyluracil","5-acetylamino-6-formylamino-3-methyluracil","85438-96-6",97287,"HMDB0011105","C16365",108214,NA,NA,NA,34401,34401,34401,305,305,305,165248,165248,165248,"Polar","Polar","Polar",165248,34401,305,"Polar",-0.288878524739305,-0.288418282798669
-0.124943420951617,0.160977012947037,-1.46989411975776,0.142159875038391,0.744561314588291,-4.40705691315182,100001266,"100001266","Amino Acid","Urea cycle; Arginine and Proline Metabolism",508,"NAMED","SNEIUMQYRCDYCH-LURJTMIESA-N","O=C(O)[C@@H](NC(C)=O)CCCNC(N)=N","N-acetylarginine","N-acetylarginine","155-84-0",60752,"HMDB0004620","C02562",67427,NA,NA,NA,33953,33953,33953,400,400,400,156051,156051,156051,"Pos Early","Pos Early","Pos Early",156051,33953,400,"Pos Early",-0.281725487385014,-0.281276641680205
-0.268228818657895,-0.163861303403047,-1.46828227359525,0.142596875575432,0.744561314588291,-4.40849034764297,100022008,"100022008","Partially Characterized Molecules","Partially Characterized Molecules",6756,"NAMED",NA,NA,"bilirubin degradation product, C17H20N2O5 (1)**","bilirubin degradation product, C17H20N2O5 (1)**",NA,NA,NA,NA,NA,NA,NA,NA,64405,64405,64405,209,209,209,237535,237535,237535,"Neg","Neg","Neg",237535,64405,209,"Neg",-0.2814165548302,-0.28096820131746
-0.258209999063673,-0.12221911777879,-1.45980272864746,0.144912880092177,0.744561314588291,-4.4160056897854,100022009,"100022009","Partially Characterized Molecules","Partially Characterized Molecules",6757,"NAMED",NA,NA,"bilirubin degradation product, C17H20N2O5 (2)**","bilirubin degradation product, C17H20N2O5 (2)**",NA,NA,NA,NA,NA,NA,NA,NA,64406,64406,64406,209,209,209,237537,237537,237537,"Neg","Neg","Neg",237537,64406,209,"Neg",-0.279791333053265,-0.279345568847657
0.337871572657428,0.0618051022337994,1.45824142741668,0.14534244839566,0.744561314588291,-4.41738476238093,100000042,"100000042","Amino Acid","Histidine Metabolism",75,"NAMED","JDHILDINMRGULE-LURJTMIESA-N","N[C@H](C(O)=O)CC1=CN=CN1C","3-methylhistidine","3-methylhistidine","368-16-1",58494,"HMDB0000479","C01152",64969,NA,NA,NA,15677,15677,15677,209,209,209,123265,123265,123265,"Neg","Neg","Neg",123265,15677,209,"Neg",0.279492088131958,0.279046800684058
0.162627960990242,-0.0377971540569546,1.44462620223093,0.149130013580285,0.750792482162815,-4.42934899050918,100001950,"100001950","Cofactors and Vitamins","Hemoglobin and Porphyrin Metabolism",4613,"NAMED","BPYKTIZUTYGOLE-VVCLLGATSA-N","CC(C(N/1)=O)=C(C=C)C1=C/C2=C(C)C(CCC(O)=O)=C(CC3=C(CCC(O)=O)C(C)=C(/C=C4NC(C(C=C)=C\4C)=O)N3)N2","bilirubin (E,E)*","bilirubin (E,E)*",NA,4474753,"HMDB0240584",NA,129320511,NA,NA,NA,32586,32586,32586,402,402,402,158528,158528,158528,"Pos Late","Pos Late","Pos Late",158528,32586,402,"Pos Late",0.276882542383218,0.276441412469703
0.447216161471065,-0.616738035424795,1.43149755358108,0.15285331884202,0.756494391557118,-4.44078046889641,100001806,"100001806","Xenobiotics","Benzoate Metabolism",4764,"NAMED","CYGSXDXRHXMAOV-UHFFFAOYSA-N","O=S(OC1=CC=CC=C1C)(O)=O","o-cresol sulfate","o-cresol sulfate",NA,9790277,"HMDB0240655",NA,11615528,NA,NA,NA,36845,36845,36845,209,209,209,143732,143732,143732,"Neg","Neg","Neg",143732,36845,209,"Neg",0.274366255740616,0.27392913478086
0.203827429072367,-0.12880763767143,1.40734366893985,0.159888059195652,0.778121888085504,-4.46154207432779,358,"358","Amino Acid","Methionine, Cysteine, SAM and Taurine Metabolism",478,"NAMED","VVIUBCNYACGLLV-UHFFFAOYSA-N","NCCS(O)=O","hypotaurine","hypotaurine","300-84-5",96959,"HMDB0000965","C00519",107812,NA,NA,NA,590,590,590,400,400,400,155331,155331,155331,"Pos Early","Pos Early","Pos Early",155331,590,400,"Pos Early",0.269736830511054,0.26930708516239
0.195375399861375,0.0650754063409588,1.39463552250403,0.163686481237493,0.783548401989312,-4.47232500530891,100020254,"100020254","Partially Characterized Molecules","Partially Characterized Molecules",6726,"NAMED",NA,NA,"glycine conjugate of C10H14O2 (1)*","glycine conjugate of C10H14O2 (1)*",NA,NA,NA,NA,NA,NA,NA,NA,62146,62146,62146,209,209,209,219038,219038,219038,"Neg","Neg","Neg",219038,62146,209,"Neg",0.267301138919212,0.266875274120084
0.351006159325371,-0.445896101098602,1.37017662884289,0.171188495723249,0.787529164439644,-4.49280588017405,100020259,"100020259","Partially Characterized Molecules","Partially Characterized Molecules",6709,"NAMED",NA,NA,"glutamine conjugate of C7H12O2*","glutamine conjugate of C7H12O2*",NA,NA,NA,NA,NA,NA,NA,NA,63658,63658,63658,209,209,209,223041,223041,223041,"Neg","Neg","Neg",223041,63658,209,"Neg",0.26261325450294,0.262194858452218
-0.386146381444946,-0.384270916173394,-1.36793761581862,0.171887936083777,0.787529164439644,-4.49466280582687,100020536,"100020536","Xenobiotics","Benzoate Metabolism",4709,"NAMED","KHZCNGJFSKSSIJ-UHFFFAOYSA-N","OC1=CC=C(CC)C=C1OS(=O)(O)=O","4-ethylcatechol sulfate","4-ethylcatechol sulfate",NA,NA,NA,NA,NA,NA,NA,NA,63072,63072,63072,209,209,209,221702,221702,221702,"Neg","Neg","Neg",221702,63072,209,"Neg",-0.262184116766388,-0.261766404418911
0.419343386043345,-0.268417303382453,1.34740740703298,0.178401582931564,0.787529164439644,-4.51154926142259,100003473,"100003473","Xenobiotics","Food Component/Plant",5022,"NAMED","XUHLIQGRKRUKPH-ITZCMCNPSA-N","C=CCS(C[C@H](N)C(O)=O)=O","alliin","alliin","556-27-4",78760,"HMDB0301759","C08265",87310,NA,NA,NA,41494,41494,41494,400,400,400,156849,156849,156849,"Pos Early","Pos Early","Pos Early",156849,41494,400,"Pos Early",0.258249219008443,0.257837775749269
0.113786214110586,-0.116690475692543,1.33694206026928,0.181791990577105,0.787529164439644,-4.5200598298874,1102,"1102","Peptide","Gamma-glutamyl Amino Acid",665,"NAMED","VVLXCWVSSLFQDS-QWRGUYRKSA-N","OC(C=C1)=CC=C1C[C@@H](C(O)=O)NC(CC[C@@H](C(O)=O)N)=O","gamma-glutamyltyrosine","gamma-glutamyltyrosine","7432-23-7",85142,"HMDB0011741",NA,94340,NA,NA,NA,2734,2734,2734,209,209,400,123231,123231,155471,"Neg","Neg","Pos Early",155471,2734,400,"Pos Early",0.256243390916456,0.255835143347285
0.174946482985081,-0.19915347678954,1.33308252547636,0.183054369583286,0.787529164439644,-4.5231818599394,100020833,"100020833","Amino Acid","Leucine, Isoleucine and Valine Metabolism",355,"NAMED","GPPUPQFYDYLTIY-UHFFFAOYSA-N","CCCCCCC(C(O)=O)=O","2-ketocaprylate","2-ketocaprylate","328-51-8",60921,"HMDB0013211",NA,67600,NA,NA,NA,63120,63120,63120,209,209,209,221782,221782,221782,"Neg","Neg","Neg",221782,63120,209,"Neg",0.255503657825481,0.255096588800799
0.119508179771558,-0.11728756224403,1.33014260323236,0.184020323498814,0.787529164439644,-4.52555400085756,100006082,"100006082","Xenobiotics","Chemical",6428,"NAMED","MDQKYGOECVSPIW-UHFFFAOYSA-N","ClC1=C(C#N)C(Cl)=C(Cl)C(O)=C1C#N","4-hydroxychlorothalonil","4-hydroxychlorothalonil","28343-61-5",31530,"HMDB0240624",NA,34217,NA,NA,NA,48441,48441,48441,209,209,209,154475,154475,154475,"Neg","Neg","Neg",154475,48441,209,"Neg",0.254940181166903,0.25453400987455
0.201825581398932,-0.395042635798498,1.32615602708949,0.185336209251868,0.787529164439644,-4.52876236593488,100021472,"100021472","Amino Acid","Phenylalanine Metabolism",148,"NAMED","CWAGPBPLOYGROC-UHFFFAOYSA-N","OC(CCC(NC(CC1=CC=CC=C1)C(O)=O)=O)=O","N-succinyl-phenylalanine","N-succinyl-phenylalanine",NA,2384788,NA,NA,3131586,NA,NA,NA,63855,63855,63855,209,209,209,223466,223466,223466,"Neg","Neg","Neg",223466,63855,209,"Neg",0.254176098848489,0.253771144893871
-0.310991395520945,-0.212364555520576,-1.32210988479224,0.186678879218699,0.787529164439644,-4.53200890920069,100020545,"100020545","Amino Acid","Lysine Metabolism",113,"NAMED","UNPVIYLDJYPILW-VIFPVBQESA-N","OC([C@@H](NC(C)=O)CCCCN(C)C)=O","N2-acetyl,N6,N6-dimethyllysine","N2-acetyl,N6,N6-dimethyllysine",NA,NA,NA,NA,NA,NA,NA,NA,63254,63254,63254,400,400,400,222161,222161,222161,"Pos Early","Pos Early","Pos Early",222161,63254,400,"Pos Early",-0.253400599854786,-0.252996881426977
0.157550300881477,-0.101980222584748,1.30383391213381,0.192833418372673,0.787529164439644,-4.5465506512824,100004523,"100004523","Amino Acid","Urea cycle; Arginine and Proline Metabolism",517,"NAMED","SRXKAYJJGAAOBP-UHFFFAOYSA-N","CC(NCCCC(N)C(O)=O)=O","N-delta-acetylornithine","N-delta-acetylornithine",NA,8096135,"HMDB0242109","C00437",9920500,NA,NA,NA,43249,43249,43249,209,209,400,124707,124707,156986,"Neg","Neg","Pos Early",156986,43249,400,"Pos Early",0.249897757551097,0.249499619859831
-0.259852782312188,-0.167347153145449,-1.30271699438082,0.193214338077936,0.787529164439644,-4.54743284856167,100004575,"100004575","Amino Acid","Urea cycle; Arginine and Proline Metabolism",519,"NAMED","XUYANFPPYJSBPU-UHFFFAOYSA-N","OC(C(CCCNC(C)=O)N([H])C(C)=O)=O","N2,N5-diacetylornithine","N2,N5-diacetylornithine","39825-23-5",8573834,"HMDB0240345",NA,65977,NA,NA,NA,43591,43591,43591,209,209,209,153118,153118,153118,"Neg","Neg","Neg",153118,43591,209,"Neg",-0.249683684854227,-0.249285888224082
0.110383610016474,-0.0261330300738084,1.29987737243491,0.194185273423474,0.787529164439644,-4.5496723479293,100001167,"100001167","Amino Acid","Urea cycle; Arginine and Proline Metabolism",524,"NAMED","ONPXCLZMBSJLSP-ALKRTJFJSA-N","OC([C@H]1N(C([C@H]2NCCC2)=O)CC(O)C1)=O","pro-hydroxy-pro","prolylhydroxyproline","18684-24-7",9847785,"HMDB0006695",NA,11902893,NA,NA,NA,35127,35127,35127,400,400,400,156146,156146,156146,"Pos Early","Pos Early","Pos Early",156146,35127,400,"Pos Early",0.249139432131566,0.248742502606131
0.282536502820343,-0.265542805801958,1.27826884979053,0.201691607843924,0.806766431375696,-4.56655540221179,100020492,"100020492","Xenobiotics","Food Component/Plant",5216,"NAMED",NA,NA,"glucuronide of piperine metabolite C17H21NO3 (4)*","glucuronide of piperine metabolite C17H21NO3 (4)*",NA,NA,NA,NA,NA,NA,NA,NA,62291,62291,62291,209,209,209,219264,219264,219264,"Neg","Neg","Neg",219264,62291,209,"Neg",0.244997860645682,0.244607529481615
-0.166969342940143,-0.122168502275063,-1.26110858020942,0.207802192024188,0.819976217176525,-4.57976300451937,796,"796","Amino Acid","Methionine, Cysteine, SAM and Taurine Metabolism",462,"NAMED","TYEYBOSBBBHJIV-UHFFFAOYSA-N","OC(C(CC)=O)=O","alpha-ketobutyrate","alpha-ketobutyrate","600-18-0",2829426,"HMDB0000005","C00109",58,NA,NA,NA,4968,4968,4968,305,209,305,152126,128149,152126,"Polar","Neg","Polar",152126,4968,305,"Polar",-0.241708858229512,-0.241323767111781
0.200953697637136,-0.0549214963195641,1.24335637744387,0.214264091495973,0.826429293771466,-4.59323983968085,913,"913","Carbohydrate","Glycogen Metabolism",1339,"NAMED","GUBGYTABKSRVRQ-ASMJPISFSA-N","O[C@@H]1[C@H]([C@H](O[C@@H]([C@H]1O)CO)O[C@H]2[C@@H]([C@H]([C@H](O[C@@H]2CO)O)O)O)O","maltose","maltose","6363-53-7",388469,"HMDB0000163","C00208",10991489,NA,NA,NA,15586,15586,15586,305,305,305,146486,146486,146486,"Polar","Polar","Polar",146486,15586,305,"Polar",0.238306403651963,0.237926733332815
0.08881107260775,-0.119898270514683,1.23350495067137,0.217912151073711,0.826429293771466,-4.60063689976788,100001485,"100001485","Peptide","Gamma-glutamyl Amino Acid",657,"NAMED","SNCKGJWJABDZHI-SIPWABPFSA-N","CCC(C)[C@@H](C(O)=O)NC(CC[C@@H](C(O)=O)N)=O","gamma-glutamylisoleucine*","gamma-glutamylisoleucine*",NA,21403145,"HMDB0011170",NA,22885096,NA,NA,NA,34456,34457,34456,400,209,400,156123,144316,156123,"Pos Early","Neg","Pos Early",156123,34456,400,"Pos Early",0.236418241796212,0.236041579700944
-0.263064906927701,-0.102087959305111,-1.23346168004204,0.217928272672613,0.826429293771466,-4.60066926123443,100001083,"100001083","Amino Acid","Tryptophan Metabolism",312,"NAMED","GOLXRNDWAUTYKT-UHFFFAOYSA-N","OC(CCC1=CNC2=C1C=CC=C2)=O","indolepropionate","indolepropionate","830-96-6",3613,"HMDB0002302",NA,3744,NA,NA,NA,32405,32405,32405,209,209,209,125818,125818,125818,"Neg","Neg","Neg",125818,32405,209,"Neg",-0.236409948383119,-0.236033299500937
-0.142885010427329,0.0637026513382854,-1.20596495413546,0.228347398139866,0.850056613443508,-4.62100580539435,100001550,"100001550","Xenobiotics","Food Component/Plant",5139,"NAMED","XULZWQRXYTVUTE-ZETCQYMHSA-N","C[N+]1(C)[C@@H](CCCC1)[C@]([O-])=O","homostachydrine*","homostachydrine*","1195-94-4",390180,"HMDB0033433","C08283",441447,NA,NA,NA,33009,33009,33009,400,400,400,155996,155996,155996,"Pos Early","Pos Early","Pos Early",155996,33009,400,"Pos Early",-0.231139821505681,-0.230771569001955
0.211565287540291,0.0798261800561328,1.18224356902728,0.23761783053648,0.850056613443508,-4.6381844260522,100001121,"100001121","Cofactors and Vitamins","Vitamin B6 Metabolism",4655,"NAMED","HXACOUQIXZGNBF-UHFFFAOYSA-N","OC1=C(C(O)=O)C(CO)=CN=C1C","pyridoxate","pyridoxate","82-82-6",6467,"HMDB0000017","C00847",6723,NA,NA,NA,31555,31555,31555,209,209,209,124697,124697,124697,"Neg","Neg","Neg",124697,31555,209,"Neg",0.22659329077859,0.226232281818241
-0.15583915485091,-0.169996369858499,-1.17993537620624,0.238533914576513,0.850056613443508,-4.63983789030926,100022480,"100022480","Amino Acid","Lactoyl Amino Acid",644,"NAMED",NA,"OC([C@@H](NC([C@H](C)O)=O)CC(C)C)=O","N-lactoyl leucine","N-lactoyl leucine","210769-82-7",NA,"HMDB0062176",NA,NA,NA,NA,NA,64880,64880,64880,209,209,209,240091,240091,240091,"Neg","Neg","Neg",240091,64880,209,"Neg",-0.226150893779551,-0.225790589647135
0.203371618978054,-0.0783943259326489,1.17443111193731,0.240728546148514,0.850056613443508,-4.64376789740724,100021261,"100021261","Peptide","Dipeptide Derivative",672,"NAMED","JCCZCUUYYHWRGX-UHFFFAOYSA-N","NC(CC(C)C)C(N1C(C(O)=O)CC(O)C1)=O","leucylhydroxyproline*","leucylhydroxyproline*",NA,20170035,"HMDB0028930",NA,20847829,NA,NA,NA,63052,63052,63052,400,400,400,221645,221645,221645,"Pos Early","Pos Early","Pos Early",221645,63052,400,"Pos Early",0.225095925593056,0.22473730223842
0.109245391985336,0.0245183275702232,1.16689868855444,0.243754889567907,0.850056613443508,-4.64911642231171,1024,"1024","Cofactors and Vitamins","Pantothenate and CoA Metabolism",4540,"NAMED","GHOKWGTUZJEAQD-ZETCQYMHSA-N","O=C(NCCC(O)=O)[C@H](O)C(C)(C)CO","pantothenate","pantothenate (Vitamin B5)","137-08-6",6361,"HMDB0000210","C00864",6613,NA,NA,NA,1508,1508,1508,209,209,209,124797,124797,124797,"Neg","Neg","Neg",124797,1508,209,"Neg",0.223652232730961,0.223295909471167
0.129500539693319,-0.0725983585965338,1.15088651688256,0.250276970896502,0.850056613443508,-4.66037257679689,100000054,"100000054","Amino Acid","Lysine Metabolism",122,"NAMED","YSMODUONRAFBET-AKGZTFGVSA-N","N[C@@H](CCC(O)CN)C(O)=O","5-hydroxylysine","5-hydroxylysine","13204-98-3",1002,"HMDB0000450","C16741",3032849,NA,NA,NA,15685,15685,15685,400,400,400,155573,155573,155573,"Pos Early","Pos Early","Pos Early",155573,15685,400,"Pos Early",0.220583279118781,0.220231845323053
0.106413637621789,0.0307146238171294,1.14928487785052,0.250936011309022,0.850056613443508,-4.66148998988681,100005466,"100005466","Amino Acid","Methionine, Cysteine, SAM and Taurine Metabolism",481,"NAMED","CXJAAWRLVGAKDV-UHFFFAOYSA-N","O=S(CCNC(C)=O)(O)=O","N-acetyltaurine","N-acetyltaurine",NA,140553,"HMDB0240253",NA,159864,NA,NA,NA,48187,48187,48187,209,305,209,153116,154613,153116,"Neg","Polar","Neg",154613,48187,305,"Polar",0.220276302901344,0.219925358180842
0.0835184453169904,-0.0380266211247402,1.1402879266064,0.254660635643267,0.850056613443508,-4.66773814792923,1224,"1224","Amino Acid","Glutathione Metabolism",588,"NAMED","KDJVKDYFFTWHBO-UHFFFAOYSA-N","O=C(NCC(O)=O)C(N)CSSCC(N)C(NCC(O)=O)=O","cys-gly, oxidized","cys-gly, oxidized","7729-20-6",295316,"HMDB0242125",NA,333293,NA,NA,NA,18368,18368,18368,400,400,400,155661,155661,155661,"Pos Early","Pos Early","Pos Early",155661,18368,400,"Pos Early",0.218551913069342,0.218203715650751
0.135820475128561,0.0117812119142804,1.128790732302,0.259476211843009,0.850056613443508,-4.67565165719472,55,"55","Cofactors and Vitamins","Nicotinate and Nicotinamide Metabolism",4519,"NAMED","LDHMAVIPBRSVRG-UHFFFAOYSA-N","C[N+]1=CC(C([NH-])=O)=CC=C1","1-methylnicotinamide","1-methylnicotinamide","1005-24-9",8305504,"HMDB0000699","C02918",457,NA,NA,NA,27665,27665,27665,400,400,400,155829,155829,155829,"Pos Early","Pos Early","Pos Early",155829,27665,400,"Pos Early",0.216348317160338,0.216003630515898
0.0820720967508586,-0.000213310912260484,1.11444151529007,0.265574571921973,0.850056613443508,-4.6854164263768,512,"512","Amino Acid","Methionine, Cysteine, SAM and Taurine Metabolism",479,"NAMED","XOAAWQZATWQOTB-UHFFFAOYSA-N","NCCS(=O)(O)=O","taurine","taurine","107-35-7",1091,"HMDB0000251","C00245",1123,NA,NA,NA,2125,2125,2125,400,400,400,155458,155458,155458,"Pos Early","Pos Early","Pos Early",155458,2125,400,"Pos Early",0.213598091751623,0.21325778677273
-0.351367636026894,-0.201412384195017,-1.1019234908677,0.270974922663764,0.850056613443508,-4.69383365978162,100020822,"100020822","Xenobiotics","Food Component/Plant",5040,"NAMED","WEPNMLSXEATIJK-UHFFFAOYSA-N","OC1=CC(CCC(O)=O)=CC=C1OS(O)(=O)=O","dihydrocaffeate sulfate (2)","dihydrocaffeate sulfate (2)",NA,NA,NA,NA,NA,NA,NA,NA,62524,62524,62524,305,305,305,219858,219858,219858,"Polar","Polar","Polar",219858,62524,305,"Polar",-0.211198839666669,-0.210862357181805
0.108228390382722,0.045502472943405,1.09917202628238,0.272171965777458,0.850056613443508,-4.69567110152953,100002769,"100002769","Amino Acid","Urea cycle; Arginine and Proline Metabolism",531,"NAMED","BMFMQGXDDJALKQ-BYPYZUCNSA-N","N=C(N)NCCC[C@H](O)C(O)=O","argininate*","argininate*","157-07-3",140984,"HMDB0003148",NA,160437,NA,NA,NA,57461,57461,57461,400,400,400,211115,211115,211115,"Pos Early","Pos Early","Pos Early",211115,57461,400,"Pos Early",0.210671483518425,0.210335841218608
0.129096201232636,-0.136175085654733,1.09588192357089,0.273608105282898,0.850056613443508,-4.6978622543821,100002462,"100002462","Amino Acid","Lysine Metabolism",123,"NAMED","OWGKYELXGFKIHH-MYLOADSESA-N","O[C@@H]1[C@@H](O)[C@@H](O)[C@@H](CO)OC1OC(CCC(N)C(O)=O)CN","5-(galactosylhydroxy)-lysine","5-(galactosylhydroxy)-lysine","32448-36-5",NA,"HMDB0242167",NA,66995551,NA,NA,NA,43582,43582,43582,400,400,400,208402,208402,208402,"Pos Early","Pos Early","Pos Early",208402,43582,400,"Pos Early",0.210040889942002,0.209706252305345
-0.238005192844206,-0.272433618921056,-1.08969894673277,0.276321024592275,0.850056613443508,-4.70196234874774,100006262,"100006262","Amino Acid","Tyrosine Metabolism",199,"NAMED","IGTMFIJOUADBDC-UHFFFAOYSA-N","COC1=CC=C(OS(=O)(O)=O)C=C1","4-methoxyphenol sulfate","4-methoxyphenol sulfate","3233-60-1",NA,"HMDB0242192",NA,NA,NA,NA,NA,48457,48457,48457,209,209,209,219302,219302,219302,"Neg","Neg","Neg",219302,48457,209,"Neg",-0.208855837127792,-0.208523087520048
0.340052475566946,-0.209374634280552,1.08455128883285,0.278593659770376,0.850056613443508,-4.70535830476757,100004509,"100004509","Xenobiotics","Food Component/Plant",5251,"NAMED","ZFAHNWWNDFHPOH-UHFFFAOYSA-N","OC(C(CSCC=C)N)=O","S-allylcysteine","S-allylcysteine","21593-77-1",88744,"HMDB0034323",NA,98280,NA,NA,NA,43239,43239,43239,400,400,400,156985,156985,156985,"Pos Early","Pos Early","Pos Early",156985,43239,400,"Pos Early",0.207869217471823,0.20753803974882
-0.088626104564559,0.066493742039894,-1.0817283638747,0.279845349969836,0.850056613443508,-4.70721382702166,100015966,"100015966","Cofactors and Vitamins","Vitamin A Metabolism",4635,"NAMED","JKQXZKUSFCKOGQ-DKLMTRRASA-N","CC1=C(/C=C/C(C)=C/C=C/C(C)=C/C=C/C=C(C)/C=C/C=C(C)/C=C/C2=C(C)CC(O)CC2(C)C)C(C)(C)CC(O)C1","carotene diol (1)","carotene diol (1)",NA,NA,NA,NA,NA,NA,NA,NA,57635,57635,57635,402,402,402,212257,212257,212257,"Pos Late","Pos Late","Pos Late",212257,57635,402,"Pos Late",-0.207328164957226,-0.206997849240353
-0.120124089128484,-0.0837219658442271,-1.06821584767164,0.28588985485916,0.850056613443508,-4.71602908348931,235,"235","Amino Acid","Phenylalanine Metabolism",162,"NAMED","CCVYRRGZDBSHFU-UHFFFAOYSA-N","OC(CC1=C(O)C=CC=C1)=O","2-hydroxyphenylacetate","2-hydroxyphenylacetate","614-75-5",11476,"HMDB0000669","C05852",11970,NA,NA,NA,1432,1432,1432,305,305,305,145724,145724,145724,"Polar","Polar","Polar",145724,1432,305,"Polar",-0.204738304802039,-0.204412115256417
-0.158735031840288,-0.152930467685523,-1.06805372480395,0.2859629097482,0.850056613443508,-4.71613417991178,100020371,"100020371","Amino Acid","Alanine and Aspartate Metabolism",33,"NAMED","QCYOIFVBYZNUNW-BYPYZUCNSA-N","C[C@@](C(O)=O)(N(C)C)[H]","N,N-dimethylalanine","N,N-dimethylalanine","2812-31-9",4589713,NA,NA,5488191,NA,NA,NA,63151,63151,63151,400,400,400,221884,221884,221884,"Pos Early","Pos Early","Pos Early",221884,63151,400,"Pos Early",-0.204707231717725,-0.204381091677813
0.0870290744556143,0.0728149681529193,1.06364891947946,0.287952619114072,0.850056613443508,-4.71898353297074,279,"279","Amino Acid","Methionine, Cysteine, SAM and Taurine Metabolism",470,"NAMED","LEVWYRKDKASIDU-UHFFFAOYSA-N","NC(C(O)=O)CSSCC(N)C(O)=O","cystine","cystine","56-89-3",575,"HMDB0000192","C00491",67678,NA,NA,NA,56,56,56,400,400,400,155296,155296,155296,"Pos Early","Pos Early","Pos Early",155296,56,400,"Pos Early",0.203862990006572,0.203538195014527
0.091133225590959,-0.161902113656252,1.06316671626054,0.288171003958037,0.850056613443508,-4.71929474656892,100021707,"100021707","Xenobiotics","Chemical",6474,"NAMED","AJSVSHDVMDXRFN-UHFFFAOYSA-N","OC(C1=C(O)C(Cl)=CC(Br)=C1O)=O","3-bromo-5-chloro-2,6-dihydroxybenzoic acid*","3-bromo-5-chloro-2,6-dihydroxybenzoic acid*",NA,NA,"HMDB0242162",NA,134581543,NA,NA,NA,63681,63681,63681,209,209,209,223106,223106,223106,"Neg","Neg","Neg",223106,63681,209,"Neg",0.203770569106969,0.203445921360118
-0.264610256657149,-0.229833061916659,-1.05191719835337,0.293297581647154,0.850056613443508,-4.72651535334558,100020546,"100020546","Amino Acid","Lysine Metabolism",112,"NAMED","MKWKYAGEJHBUOX-QMMMGPOBSA-N","OC([C@@H](NC(C)=O)CCCCNC)=O","N2-acetyl,N6-methyllysine","N2-acetyl,N6-methyllysine",NA,NA,"HMDB0242186",NA,NA,NA,NA,NA,62954,62954,62954,400,400,400,220835,220835,220835,"Pos Early","Pos Early","Pos Early",220835,62954,400,"Pos Early",-0.201614443796551,-0.201293231193583
0.318293515937257,-0.137826164952231,1.0497804513781,0.294278222919272,0.850056613443508,-4.72787821250464,100020493,"100020493","Xenobiotics","Food Component/Plant",5217,"NAMED",NA,NA,"glucuronide of piperine metabolite C17H21NO3 (5)*","glucuronide of piperine metabolite C17H21NO3 (5)*",NA,NA,NA,NA,NA,NA,NA,NA,62292,62292,62292,209,209,209,219265,219265,219265,"Neg","Neg","Neg",219265,62292,209,"Neg",0.201204906759199,0.200884346631596
-0.311165863030074,-0.728481398725949,-1.0493295560316,0.294485438693201,0.850056613443508,-4.728165450287,100001026,"100001026","Carbohydrate","Fructose, Mannose and Galactose Metabolism",1412,"NAMED","RGHNJXZEOKUKBD-MGCNEYSASA-N","O[C@H]([C@H]([C@H]([C@@H](CO)O)O)O)C(O)=O","galactonate","galactonate","299-28-5",114198,"HMDB0000565","C00880,C15930",12310779128869,NA,NA,NA,27719,27719,27719,305,305,305,152158,152158,152158,"Polar","Polar","Polar",152158,27719,305,"Polar",-0.201118486445284,-0.200798064002726
-0.0933800205617112,-0.109363577943607,-1.02856681263911,0.304133542875955,0.850056613443508,-4.74125917883802,100022120,"100022120","Amino Acid","Tryptophan Metabolism",270,"NAMED","YLEQTOAIAOPFBY-UHFFFAOYSA-N","OC(C(N)(C)N(C1=C(C2)C=CC=C1)C2=O)=O","oxindolylalanine","oxindolylalanine",NA,NA,NA,NA,20977764,NA,NA,NA,64568,64568,64568,400,400,400,238235,238235,238235,"Pos Early","Pos Early","Pos Early",238235,64568,400,"Pos Early",-0.197139020221782,-0.196824937874111
-0.232789643753903,-0.141767244766086,-1.02714207335668,0.304803227404026,0.850056613443508,-4.7421481279655,100001092,"100001092","Cofactors and Vitamins","Nicotinate and Nicotinamide Metabolism",4525,"NAMED","WWNNZCOKKKDOPX-UHFFFAOYSA-N","C[N+]1=CC(C([O-])=O)=CC=C1","trigonelline (N'-methylnicotinate)","trigonelline (N'-methylnicotinate)","535-83-1",5369,"HMDB0000875","C01004",5570,NA,NA,NA,32401,32401,32401,400,400,400,155930,155930,155930,"Pos Early","Pos Early","Pos Early",155930,32401,400,"Pos Early",-0.196865949281948,-0.196552301991536
0.195491789473339,-0.177720321356749,1.02690746272743,0.304913597830857,0.850056613443508,-4.74229439294616,100021478,"100021478","Amino Acid","Histidine Metabolism",96,"NAMED","MXETUSMIYKMMAT-UHFFFAOYSA-N","CN1C=NC=C1CC(O)C(O)=O","1-methyl-5-imidazolelactate","1-methyl-5-imidazolelactate","2022510-60-5",65563369,NA,NA,NA,NA,NA,NA,64596,64596,64596,209,209,209,238814,238814,238814,"Neg","Neg","Neg",238814,64596,209,"Neg",0.196820982918056,0.19650740726816
-0.185295471081075,-0.35544253780703,-0.996947782527508,0.319226459981751,0.850056613443508,-4.76069922209034,100000008,"100000008","Xenobiotics","Benzoate Metabolism",4681,"NAMED","WPYMKLBDIGXBTP-UHFFFAOYSA-N","OC(C1=CC=CC=C1)=O","benzoate","benzoate","65-85-0",238,"HMDB0001870","C00180",243,NA,NA,NA,15778,15778,15778,209,209,209,124867,124867,124867,"Neg","Neg","Neg",124867,15778,209,"Neg",-0.191078796870252,-0.190774369684586
0.169112651700516,-0.233974515160101,0.984640084175371,0.32523205934544,0.850056613443508,-4.76810297349149,100004111,"100004111","Xenobiotics","Benzoate Metabolism",4710,"NAMED","NCOMUGOPQPRVSE-UHFFFAOYSA-N","OC1=CC(C)=CC=C1OS(O)(=O)=O","4-methylcatechol sulfate","4-methylcatechol sulfate",NA,NA,"HMDB0240459",NA,54104170,NA,NA,NA,46146,46146,46146,209,209,209,144253,144253,144253,"Neg","Neg","Neg",144253,46146,209,"Neg",0.188719856678414,0.188419187761773
-0.157992981207991,-0.127250238506533,-0.982933413498369,0.326070618915643,0.850056613443508,-4.76912240372589,100004561,"100004561","Amino Acid","Tryptophan Metabolism",281,"NAMED","LLLPDUXGHXIXIW-UHFFFAOYSA-N","OC(C1=CC=CC=C1N([H])C=O)=O","N-formylanthranilic acid","N-formylanthranilic acid","3342-77-6",91624,"HMDB0004089","C05653",101399,NA,NA,NA,43549,43549,43549,209,209,209,212072,212072,212072,"Neg","Neg","Neg",212072,43549,209,"Neg",-0.188392749697155,-0.188092601928121
-0.277566028621371,-0.136822624697583,-0.976017128079112,0.329483296396666,0.850056613443508,-4.7732356284784,100006375,"100006375","Xenobiotics","Benzoate Metabolism",4746,"NAMED","NTXOJWKIHIOUQN-UHFFFAOYSA-N","OC1=C(C=CC=C1OS(=O)(O)=O)OC","3-methoxycatechol sulfate (1)","3-methoxycatechol sulfate (1)",NA,NA,NA,NA,129892430,NA,NA,NA,48763,48763,48763,209,209,209,155127,155127,155127,"Neg","Neg","Neg",155127,48763,209,"Neg",-0.187067148176309,-0.186769112358715
-0.12647630179504,-0.144599662401167,-0.975670708630221,0.329654836870279,0.850056613443508,-4.77344088948804,100020417,"100020417","Amino Acid","Lysine Metabolism",118,"NAMED","XXEWFEBMSGLYBY-ZETCQYMHSA-N","OC([C@@H](N)CCCCN(C)C)=O","N6,N6-dimethyllysine","N6,N6-dimethyllysine","2259-86-1",167778,"HMDB0013287","C05545",193344,NA,NA,NA,62862,62862,62862,400,400,400,220645,220645,220645,"Pos Early","Pos Early","Pos Early",220645,62862,400,"Pos Early",-0.187000752109567,-0.186702822074342
-0.348003652822718,-0.55927337952265,-0.969068872373377,0.332935026185381,0.850056613443508,-4.77733876019789,100009337,"100009337","Xenobiotics","Food Component/Plant",5410,"NAMED","SNVAIAITQIIEMQ-DUXPYHPUSA-N","OS(OC1=CC=C(C=C1O)/C=C/C(O)=O)(=O)=O","caffeic acid sulfate","caffeic acid sulfate",NA,30777608,"HMDB0041708",NA,21668705,NA,NA,NA,53254,53254,53254,305,305,305,179431,179431,179431,"Polar","Polar","Polar",179431,53254,305,"Polar",-0.185735419108982,-0.18543950500525
0.11092025706093,-0.0310407245461002,0.95745158466912,0.338758312154957,0.850056613443508,-4.78413390715519,100006260,"100006260","Xenobiotics","Chemical",6449,"NAMED","QRHHXPIYYXPEMG-UHFFFAOYSA-N","O=S(OC1=CC=C2C=CNC2=C1)(O)=O","6-hydroxyindole sulfate","6-hydroxyindole sulfate",NA,NA,"HMDB0240651",NA,122198196,NA,NA,NA,48698,48698,48698,209,209,209,166006,166006,166006,"Neg","Neg","Neg",166006,48698,209,"Neg",0.183508805643032,0.183216438985077
0.186776093369384,-0.141149166564343,0.951525584512802,0.341753875352898,0.850056613443508,-4.78756870592325,100000711,"100000711","Xenobiotics","Benzoate Metabolism",4722,"NAMED","HOFGLAYWQRGTKC-UHFFFAOYSA-N","O=S(OC1=CC=C(C(C)=O)C=C1)(O)=O","4-acetylphenol sulfate","4-acetylphenyl sulfate",NA,3872009,NA,NA,4684006,NA,NA,NA,44620,44620,44620,209,209,209,126992,126992,126992,"Neg","Neg","Neg",126992,44620,209,"Neg",0.182373005955257,0.182082448856019
-0.228578126118011,0.271086020849821,-0.941520131252182,0.34685002635774,0.850056613443508,-4.79331983766844,100001956,"100001956","Amino Acid","Urea cycle; Arginine and Proline Metabolism",527,"NAMED","CWLQUGTUXBXTLF-UHFFFAOYSA-N","O=C(O)C1N(C)CCC1","N-methylproline","N-methylproline","475-11-6",541,"HMDB0094696",NA,643474,NA,NA,NA,37431,37431,37431,400,400,400,156358,156358,156358,"Pos Early","Pos Early","Pos Early",156358,37431,400,"Pos Early",-0.180455322798037,-0.180167820956086
-0.218926642800975,-0.129498003967831,-0.940217327077713,0.347517144264681,0.850056613443508,-4.79406423586975,100004299,"100004299","Amino Acid","Histidine Metabolism",79,"NAMED","GVRCKHXHWSYDEF-UHFFFAOYSA-N","OC(C(CC1=CN(C)C=N1)NC(C)=O)=O","N-acetyl-1-methylhistidine*","N-acetyl-1-methylhistidine*",NA,NA,"HMDB0240340",NA,53859791,NA,NA,NA,43255,43255,43255,400,400,400,156987,156987,156987,"Pos Early","Pos Early","Pos Early",156987,43255,400,"Pos Early",-0.180205622403917,-0.179918518385217
0.164058890631043,-0.140349501314485,0.937679201377184,0.348819173293201,0.850056613443508,-4.79551152691768,100002910,"100002910","Amino Acid","Histidine Metabolism",95,"NAMED","UJCGYTCAMOHYCG-UHFFFAOYSA-N","O=C(O)CC1=CN=CN1C","1-methyl-5-imidazoleacetate","1-methyl-5-imidazoleacetate","4200-48-0",4954265,"HMDB0004988",NA,6451814,NA,NA,NA,62946,62946,62946,400,400,400,220814,220814,220814,"Pos Early","Pos Early","Pos Early",220814,62946,400,"Pos Early",0.179719155596264,0.179432826617619
-0.307213211002982,-0.586502938140907,-0.931411565985369,0.352047688112594,0.850056613443508,-4.79906877552552,100001624,"100001624","Xenobiotics","Benzoate Metabolism",4776,"NAMED","QVWAEZJXDYOKEH-UHFFFAOYSA-N","O=C(CCC1=CC(O)=CC=C1)O","3-(3-hydroxyphenyl)propionate","3-(3-hydroxyphenyl)propionate","621-54-5",89,"HMDB0000375","C11457",91,NA,NA,NA,35635,35635,35635,209,209,209,128251,128251,128251,"Neg","Neg","Neg",128251,35635,209,"Neg",-0.17851787680225,-0.178233461703787
0.157459355002746,-0.210106208043757,0.928029174524024,0.35379784392744,0.850056613443508,-4.80097861188631,50,"50","Amino Acid","Polyamine Metabolism",555,"NAMED","ATHGHQPFGPMSJY-UHFFFAOYSA-N","NCCCCNCCCN","spermidine","spermidine","124-20-9",1071,"HMDB0001257","C00315",1102,NA,NA,NA,485,485,485,400,400,400,155305,155305,155305,"Pos Early","Pos Early","Pos Early",155305,485,400,"Pos Early",0.177869594813659,0.177586212559575
0.135362925877364,-0.125632896344209,0.927107556622606,0.354275672266791,0.850056613443508,-4.80149779570227,1141,"1141","Amino Acid","Tyrosine Metabolism",181,"NAMED","KKADPXVIOXHVKN-UHFFFAOYSA-N","OC1=CC=C(CC(C(O)=O)=O)C=C1","4-hydroxyphenylpyruvate","4-hydroxyphenylpyruvate","156-39-8",954,"HMDB0000707","C01179",979,NA,NA,NA,1669,1669,1669,209,209,209,124595,124595,124595,"Neg","Neg","Neg",124595,1669,209,"Neg",0.177692954027789,0.177409853198218
0.0770197148866656,0.0633733500040553,0.924411830768564,0.355675661792263,0.850056613443508,-4.80301345633913,100000808,"100000808","Amino Acid","Methionine, Cysteine, SAM and Taurine Metabolism",469,"NAMED","NOKPBJYHPHHWAN-REOHCLBHSA-N","N[C@H](C(O)=O)CSS(O)(=O)=O","cysteine s-sulfate","cysteine s-sulfate","1637-71-4",102939,"HMDB0000731","C05824",115015,NA,NA,NA,22176,22176,22176,400,305,400,155804,165753,155804,"Pos Early","Polar","Pos Early",165753,22176,305,"Polar",0.177176280976392,0.176894003311533
-0.0939444698627244,-0.0919457512062075,-0.922194320600807,0.356829915625175,0.850056613443508,-4.80425694792216,100006435,"100006435","Carbohydrate","Aminosugar Metabolism",1473,"NAMED","OVRNDRQMDRJTHS-FMDGEEDCSA-N","O[C@@H]1[C@H]([C@@H](O[C@@H]([C@H]1O)CO)O)NC(C)=O","N-acetylglucosamine/N-acetylgalactosamine","N-acetylglucosamine/N-acetylgalactosamine",NA,NA,"HMDB0000212,HMDB0000215","C01074",43917484265,NA,NA,NA,46539,46539,46539,400,400,400,166536,166536,166536,"Pos Early","Pos Early","Pos Early",166536,46539,400,"Pos Early",-0.176751264558954,-0.176469664031244
-0.0853865926669115,-0.00193324916848434,-0.918226409999995,0.358901181956542,0.850056613443508,-4.8064745732833,100001300,"100001300","Amino Acid","Leucine, Isoleucine and Valine Metabolism",431,"NAMED","NGEWQZIDQIYUNV-UHFFFAOYSA-N","OC(C(O)=O)C(C)C","alpha-hydroxyisovalerate","alpha-hydroxyisovalerate","600-37-3",90190,"HMDB0000407",NA,99823,NA,NA,NA,33937,46537,33937,209,305,209,126093,146562,126093,"Neg","Polar","Neg",146562,46537,305,"Polar",-0.175990759749194,-0.175710370859524
0.202090410522847,-0.137128878904365,0.915499634667098,0.360328954839617,0.850056613443508,-4.80799302057611,100006105,"100006105","Xenobiotics","Benzoate Metabolism",4705,"NAMED","LILXPJXZNJTPQZ-UHFFFAOYSA-N","CC1=CC=C(OS(=O)(O)=O)C(OC)=C1","4-methylguaiacol sulfate","4-methylguaiacol sulfate","756760-43-7",NA,"HMDB0304925",NA,NA,NA,NA,NA,48418,48418,48418,209,209,209,219297,219297,219297,"Neg","Neg","Neg",219297,48418,209,"Neg",0.175468135636801,0.175188579393089
0.0963781249986059,-0.112923845344262,0.910357493742965,0.363031154565532,0.850056613443508,-4.81084426563561,100019968,"100019968","Carbohydrate","Pentose Metabolism",1329,"NAMED","QXKAIJAYHKCRRA-PZGQECOJSA-N","OC[C@H](O)[C@@H](O)[C@@H](O)C(O)=O","lyxonate","lyxonate",NA,NA,"HMDB0060255",NA,NA,NA,NA,NA,61858,61858,61858,305,305,305,218556,218556,218556,"Polar","Polar","Polar",218556,61858,305,"Polar",0.174482573385356,0.174204587341726
-0.0939873767046544,0.0461437131333809,-0.909882402600564,0.363281455613897,0.850056613443508,-4.81110688996063,100001253,"100001253","Amino Acid","Glutamate Metabolism",50,"NAMED","KSMRODHGGIIXDV-YFKPBYRVSA-N","OC([C@H](CCC(N)=O)NC(C)=O)=O","N-acetylglutamine","N-acetylglutamine","2490-97-3",158492,"HMDB0006029","C02716",182230,NA,NA,NA,33943,33943,33943,305,305,305,146952,146952,146952,"Polar","Polar","Polar",146952,33943,305,"Polar",-0.17439151561334,-0.174113674643165
-0.095813168714218,-0.020931002566187,-0.90719603295519,0.36469880179324,0.850056613443508,-4.81258931238061,100002154,"100002154","Xenobiotics","Food Component/Plant",5099,"NAMED","SSISHJJTAXXQAX-UHFFFAOYSA-N","S=C1NC(CC(C([O-])=O)[N+](C)(C)C)=CN1","ergothioneine","ergothioneine","58511-63-0",2297320,"HMDB0003045","C05570",5351619,NA,NA,NA,37459,37459,37459,400,400,400,156384,156384,156384,"Pos Early","Pos Early","Pos Early",156384,37459,400,"Pos Early",-0.173876635808416,-0.173599615145949
0.122370129049758,0.0209083836697053,0.896875763806892,0.370176001132495,0.850056613443508,-4.81824376045197,100001510,"100001510","Amino Acid","Tyrosine Metabolism",196,"NAMED","CTYRPMDGLDAWRQ-UHFFFAOYSA-N","OS(OC1=CC=CC=C1)(=O)=O","phenol sulfate","phenol sulfate","937-34-8",67018,"HMDB0060015","C02180",74426,NA,NA,NA,32553,32553,32553,209,209,209,143728,143728,143728,"Neg","Neg","Neg",143728,32553,209,"Neg",0.171898613842978,0.171624744569729
0.114994523893307,-0.125964127504683,0.896617439071581,0.370313753980321,0.850056613443508,-4.81838446934354,100002293,"100002293","Peptide","Dipeptide",952,"NAMED","GKZIWHRNKRBEOH-HOTGVXAUSA-N","N[C@H](C(N[C@H](C(O)=O)CC1=CC=CC=C1)=O)CC2=CC=CC=C2","phenylalanylphenylalanine","phenylalanylphenylalanine","2577-40-4",5361193,"HMDB0013302",NA,6993090,NA,NA,NA,38150,38150,38150,209,209,209,127713,127713,127713,"Neg","Neg","Neg",127713,38150,209,"Neg",0.171849102343489,0.171575311952077
-0.0769696416858029,-0.0392463100076569,-0.894312606598054,0.371544229203276,0.850056613443508,-4.81963811936105,111,"111","Amino Acid","Leucine, Isoleucine and Valine Metabolism",435,"NAMED","DBXBTMSZEOQQDU-UHFFFAOYSA-N","CC(C(O)=O)CO","3-hydroxyisobutyrate","3-hydroxyisobutyrate","2068-83-9",10140307,"HMDB0000023,HMDB0000336","C01188,C06001",11966314,NA,NA,NA,1549,1549,1549,305,305,305,147711,147711,147711,"Polar","Polar","Polar",147711,1549,305,"Polar",-0.171407349401412,-0.171134262811819
0.156931866206007,-0.214444947945901,0.892287327233394,0.372627556577976,0.850056613443508,-4.82073706146174,100009329,"100009329","Cofactors and Vitamins","Ascorbate and Aldarate Metabolism",4552,"NAMED","SKKZOYBAANIUOV-ZAFYKAAXSA-N","O[C@@H](CO)[C@@](C1=O)([H])OC(O)=C1OS(O)(=O)=O","ascorbic acid 2-sulfate","ascorbic acid 2-sulfate","52174-99-9",77998,"HMDB0060649",NA,54676864,NA,NA,NA,63590,63590,63590,305,305,305,222872,222872,222872,"Polar","Polar","Polar",222872,63590,305,"Polar",0.171019176669492,0.170746708517602
-0.0831488285530653,0.0239200923479738,-0.872630985937953,0.383243480121495,0.853454442877241,-4.8312739116247,100022482,"100022482","Amino Acid","Lactoyl Amino Acid",646,"NAMED",NA,"OC([C@@H](NC([C@H](C)O)=O)CC1=CC=CC=C1)=O","N-lactoyl phenylalanine","N-lactoyl phenylalanine","183241-73-8",NA,"HMDB0062175",NA,NA,NA,NA,NA,64881,64881,64881,209,209,209,240092,240092,240092,"Neg","Neg","Neg",240092,64881,209,"Neg",-0.167251767672321,-0.166985301765249
-0.115153441032596,-0.210921328066302,-0.871789798761079,0.383701892030049,0.853454442877241,-4.83171961629109,100020372,"100020372","Xenobiotics","Food Component/Plant",5421,"NAMED","DWLVFWDCSFTDOD-UHFFFAOYSA-N","OC(C(C1=CNC2=C1C=CC=C2)=O)=O","3-indoleglyoxylic acid","3-indoleglyoxylic acid","1477-49-2",66497,"HMDB0242143",NA,73863,NA,NA,NA,63583,63583,63583,209,209,209,222852,222852,222852,"Neg","Neg","Neg",222852,63583,209,"Neg",-0.167090542544469,-0.166824333501647
0.120946836902655,0.230685436215693,0.857515902192993,0.391531797311171,0.853454442877241,-4.83921738268658,100001740,"100001740","Carbohydrate","Fructose, Mannose and Galactose Metabolism",1391,"NAMED","FBPFZTCFMRRESA-UHFFFAOYSA-N","OCC(O)C(O)C(O)C(O)CO","mannitol/sorbitol","mannitol/sorbitol",NA,440,"HMDB0000247,HMDB0000765","C00392,C00794",57806251,NA,NA,NA,46142,46142,46142,305,305,305,146560,146560,146560,"Polar","Polar","Polar",146560,46142,305,"Polar",0.164354753337971,0.164092902960906
-0.357635317759494,-0.973854931507176,-0.850976295752252,0.395151329868878,0.853454442877241,-4.84261130431218,100000442,"100000442","Xenobiotics","Food Component/Plant",5111,"NAMED","AAWZDTNXLSGCEK-WYWMIBKRSA-N","O[C@@]1([C@](O)(C[C@@](C(O)=O)(C[C@]1(O)[H])O)[H])[H]","quinate","quinate","77-95-2",10246715,"HMDB0003072","C00296",6508,NA,NA,NA,18335,18335,18335,305,305,305,146498,146498,146498,"Polar","Polar","Polar",146498,18335,305,"Polar",-0.163101347540194,-0.162841494092174
-0.0813422446679335,-0.0951379353880438,-0.850763863714214,0.395269245593331,0.853454442877241,-4.84272111807371,100001540,"100001540","Amino Acid","Glutamate Metabolism",72,"NAMED",NA,"O=C(C(CCC#N)N)O","2-amino-4-cyanobutanoate","2-amino-4-cyanobutanoate","2353-44-8",NA,NA,NA,NA,NA,NA,NA,46225,46225,46225,400,400,400,157124,157124,157124,"Pos Early","Pos Early","Pos Early",157124,46225,400,"Pos Early",-0.163060632009294,-0.162800843429353
-0.194533074193537,-0.421654948617108,-0.848750534146402,0.396387853120254,0.853454442877241,-4.84376052425065,100000445,"100000445","Xenobiotics","Xanthine Metabolism",4797,"NAMED","YAPQBXQYLJRXSA-UHFFFAOYSA-N","CN1C=NC(N(C(N2)=O)C)=C1C2=O","theobromine","theobromine","83-67-0",5236,"HMDB0002825","C07480",5429,NA,NA,NA,18392,18392,18392,400,400,400,155668,155668,155668,"Pos Early","Pos Early","Pos Early",155668,18392,400,"Pos Early",-0.162674749620804,-0.162415575829587
0.13265339859699,0.0129569943353542,0.841717350232599,0.400310509778568,0.853454442877241,-4.84737223403692,100001423,"100001423","Xenobiotics","Benzoate Metabolism",4674,"NAMED","ZMHLUFWWWPBTIU-UHFFFAOYSA-N","O=C(NCC(O)=O)C1=CC=C(O)C=C1","4-hydroxyhippurate","4-hydroxyhippurate","2482-25-9",133104,"HMDB0013678",NA,151012,NA,NA,NA,35527,35527,35527,209,209,209,127577,127577,127577,"Neg","Neg","Neg",127577,35527,209,"Neg",0.161326742890693,0.161069716746948
-0.135657115517289,-0.185512202472586,-0.84099136431255,0.400716745738772,0.853454442877241,-4.84774334027942,310,"310","Amino Acid","Methionine, Cysteine, SAM and Taurine Metabolism",461,"NAMED","ILRYLPWNYFXEMH-UHFFFAOYSA-N","OC(C(CCSCC(N)C(O)=O)N)=O","cystathionine","cystathionine","535-34-2",811,"HMDB0000099","C02291",439258,NA,NA,NA,15705,15705,15705,400,400,400,155581,155581,155581,"Pos Early","Pos Early","Pos Early",155581,15705,400,"Pos Early",-0.161187597673081,-0.160930793215822
0.142753028731044,0.204996062277418,0.836317826643506,0.403337831453156,0.853454442877241,-4.85012469969385,100000846,"100000846","Xenobiotics","Food Component/Plant",5101,"NAMED","UNXHWFMMPAWVPI-UHFFFAOYSA-N","OCC(O)C(CO)O","erythritol","erythritol","149-32-6",13835932,"HMDB0002994","C00503",222285,NA,NA,NA,20699,20699,20699,305,305,305,146508,146508,146508,"Polar","Polar","Polar",146508,20699,305,"Polar",0.16029184970054,0.160036472351043
-0.103753866266749,-0.11677184482724,-0.836305233645156,0.403344907935135,0.853454442877241,-4.85013109848015,100006129,"100006129","Amino Acid","Tyrosine Metabolism",207,"NAMED","SVYIZYRTOYHQRE-UHFFFAOYSA-N","OC1=C(OC)C=C(CC(C(O)=O)O)C=C1","vanillactate","vanillactate","2475-56-1",141152,"HMDB0000913",NA,160637,NA,NA,NA,54910,54910,54910,209,209,209,208290,208290,208290,"Neg","Neg","Neg",208290,54910,209,"Neg",-0.160289436078667,-0.160034062574559
-0.339932460509039,0.259203586826681,-0.829162915836127,0.407370450593572,0.855771018513116,-4.85374480094771,100006116,"100006116","Xenobiotics","Benzoate Metabolism",4749,"NAMED",NA,"O=C(OC)C1=CC=C(OS(=O)(O)=O)C=C1","methyl-4-hydroxybenzoate sulfate","methyl-4-hydroxybenzoate sulfate",NA,NA,"HMDB0168668",NA,NA,NA,NA,NA,48429,48429,48429,209,209,209,155073,155073,155073,"Neg","Neg","Neg",155073,48429,209,"Neg",-0.158920512331874,-0.158667319800278
-0.0786129635225149,0.0686060859023048,-0.822854613978516,0.410945825179051,0.857115578230593,-4.85691083960614,100002749,"100002749","Amino Acid","Methionine, Cysteine, SAM and Taurine Metabolism",465,"NAMED","IDIDJDIHTAOVLG-VKHMYHEASA-N","OC([C@H](CSC)N)=O","S-methylcysteine","S-methylcysteine","1187-84-4",22826,"HMDB0002108",NA,24417705817488100,NA,NA,NA,39592,39592,39592,209,209,209,141914,141914,141914,"Neg","Neg","Neg",141914,39592,209,"Neg",-0.157711439248637,-0.157460173015103
-0.0758581827854401,-0.0457273327397074,-0.816422141568816,0.414610747469299,0.858626512489611,-4.8601143842137,100002458,"100002458","Amino Acid","Leucine, Isoleucine and Valine Metabolism",374,"NAMED","WKRBKYFIJPGYQC-DUXPYHPUSA-N","OC(C/C(C)=C/C(O)=O)=O","3-methylglutaconate","3-methylglutaconate","5746-90-7",1267861,"HMDB0000522",NA,1551553,NA,NA,NA,57747,57747,38667,305,305,305,213342,213342,145864,"Polar","Polar","Polar",213342,57747,305,"Polar",-0.156478567165979,-0.156229265147127
-0.270215491158226,-0.228283917473454,-0.802448615146063,0.42263867400143,0.868128573608976,-4.86698723478665,100015965,"100015965","Xenobiotics","Food Component/Plant",5296,"NAMED","WYUFTYLVLQZQNH-UHFFFAOYSA-N","CCOC1C(O)C(O)C(O)C(CO)O1","ethyl alpha-glucopyranoside","ethyl alpha-glucopyranoside","34625-23-5",378664,"HMDB0242122",NA,11127487,NA,NA,NA,63152,63152,63152,400,400,400,221889,221889,221889,"Pos Early","Pos Early","Pos Early",221889,63152,400,"Pos Early",-0.153800348041879,-0.153555312967994
-0.15855415671889,-0.0245111333457926,-0.795095347810648,0.426899608027571,0.868128573608976,-4.87055643307096,361,"361","Nucleotide","Purine Metabolism, (Hypo)Xanthine/Inosine containing",4322,"NAMED","UGQMRVRMYYASKQ-KQYNXXCUSA-N","O[C@H]1[C@H](N2C(N=CN=C3O)=C3N=C2)O[C@H](CO)[C@H]1O","inosine","inosine","58-63-9",21241953,"HMDB0000195","C00294",6021,NA,NA,NA,1123,1123,1123,209,209,209,123191,123191,123191,"Neg","Neg","Neg",123191,1123,209,"Neg",-0.152390992907998,-0.152148203222005
-0.0763784808078853,0.0784843675685322,-0.793000276932844,0.428118200683879,0.868128573608976,-4.87156736314467,537,"537","Amino Acid","Histidine Metabolism",81,"NAMED","LOIYMIARKYCTBW-OWOJBTEDSA-N","O=C(O)/C=C/C1=CNC=N1","trans-urocanate","trans-urocanate","104-98-3",643824,"HMDB0000301","C00785",736715,NA,NA,NA,607,607,607,400,400,400,155340,155340,155340,"Pos Early","Pos Early","Pos Early",155340,607,400,"Pos Early",-0.151989443669708,-0.1517472937329
-0.104472073134402,0.0526858717856856,-0.782564285713596,0.4342184338166,0.869438423389492,-4.87656340962423,100020837,"100020837","Xenobiotics","Drug - Topical Agents",6175,"NAMED","AKEUNCKRJATALU-UHFFFAOYSA-N","OC(C1=C(O)C=CC=C1O)=O","2,6-dihydroxybenzoic acid","2,6-dihydroxybenzoic acid","303-07-1",8974,"HMDB0013676",NA,9338,NA,NA,NA,63042,63042,63042,209,209,209,221621,221621,221621,"Neg","Neg","Neg",221621,63042,209,"Neg",-0.149989241972818,-0.149750278762027
-0.0638693060977549,-0.0566929080243875,-0.779228919926794,0.436178650101559,0.869438423389492,-4.87814624374255,100001593,"100001593","Amino Acid","Lysine Metabolism",130,"NAMED","NXJAXUYOQLTISD-UHFFFAOYSA-N","[O-]C(CC(C[N+](C)(C)C)OC(CCCC(O)=O)=O)=O","glutarylcarnitine (C5-DC)","glutarylcarnitine (C5-DC)","102636-82-8",21403175,"HMDB0013130",NA,71317118,NA,NA,NA,44664,44664,44664,400,400,400,157075,157075,157075,"Pos Early","Pos Early","Pos Early",157075,44664,400,"Pos Early",-0.149349973103541,-0.149112028377407
0.0957723734504647,-0.0166857064447573,0.776651793644585,0.43769674054197,0.869438423389492,-4.87936463126965,209,"209","Nucleotide","Purine Metabolism, Adenine containing",4342,"NAMED","UDMBCSSLTHHNCD-UHFFFAOYSA-N","NC1=NC=NC2=C1N=CN2C3OC(C(C3O)O)COP(O)(O)=O","adenosine 5'-monophosphate (AMP)","AMP","149022-20-8",10239183,"HMDB0000045","C00020",6083,NA,NA,NA,32342,32342,32342,400,400,400,155907,155907,155907,"Pos Early","Pos Early","Pos Early",155907,32342,400,"Pos Early",0.148856031296339,0.148618873519447
-0.167326271710076,-0.0687756776232741,-0.767005315188038,0.443406113237722,0.87482827746902,-4.88388947329914,100003892,"100003892","Amino Acid","Methionine, Cysteine, SAM and Taurine Metabolism",474,"NAMED","DWPCPZJAHOETAG-IMJSIDKUSA-N","O=C([C@H](CSC[C@@H](C(O)=O)N)N)O","lanthionine","lanthionine","468821",88959,"HMDB0251521",NA,98504,NA,NA,NA,42002,42002,42002,400,400,400,156875,156875,156875,"Pos Early","Pos Early","Pos Early",156875,42002,400,"Pos Early",-0.147007150612901,-0.146772938477033
0.155631415549462,0.188287931243426,0.751066625519106,0.452932466509713,0.883523097135715,-4.89124222897574,100006092,"100006092","Amino Acid","Tyrosine Metabolism",232,"NAMED","DYDUXGMDSXJQFT-UHFFFAOYSA-N","NCCC1=CC=C(OS(O)(=O)=O)C=C1","tyramine O-sulfate","tyramine O-sulfate","30223-92-8",134849,"HMDB0006409",NA,153005,NA,NA,NA,48408,48408,48408,209,209,209,155063,155063,155063,"Neg","Neg","Neg",155063,48408,209,"Neg",0.143952280840377,0.14372293573017
0.0777662609020903,-0.104753303780934,0.749517322859691,0.453864604693004,0.883523097135715,-4.89194873559933,330,"330","Energy","TCA Cycle",1489,"NAMED","VZCYOOQTPOCHFL-OWOJBTEDSA-N","OC(/C=C/C(O)=O)=O","fumarate","fumarate","100-17-8",10197150,"HMDB0000134","C00122",444972,NA,NA,NA,1643,1643,1643,305,305,305,146876,146876,146876,"Polar","Polar","Polar",146876,1643,305,"Polar",0.14365533561081,0.143426463594436
-0.140591024531578,-0.116807251999438,-0.735177757614317,0.462543319281697,0.893173706971118,-4.8984187589366,504,"504","Amino Acid","Tryptophan Metabolism",294,"NAMED","QZAYGJVTTNCVMB-UHFFFAOYSA-N","NCCC1=CNC(C=C2)=C1C=C2O","serotonin","serotonin","153-98-0",5013,"HMDB0000259","C00780",5202,NA,NA,NA,2342,2342,2342,400,400,400,155468,155468,155468,"Pos Early","Pos Early","Pos Early",155468,2342,400,"Pos Early",-0.140906960096315,-0.140682466798233
-0.0908591779093545,0.0662335473546396,-0.729898202042372,0.465761885816541,0.893173706971118,-4.90076950641576,100001977,"100001977","Cofactors and Vitamins","Vitamin A Metabolism",4639,"NAMED","DMASLKHVQRHNES-QQGJMDNJSA-N","CC1=C(/C=C/C(C)=C/C=C/C(C)=C/C=C/C=C(C)/C=C/C=C(C)/C=C/C2=C(C)CCCC2(C)C)C(C)(C)CC(O)C1","beta-cryptoxanthin","beta-cryptoxanthin","472-70-8",4904571,"HMDB0033844","C08591",5281235,NA,NA,NA,57591,57591,57591,402,402,402,211608,211608,211608,"Pos Late","Pos Late","Pos Late",211608,57591,402,"Pos Late",-0.139895060431782,-0.13967217929461
0.289829249207874,-0.679256015332901,0.726241264538907,0.467998551940346,0.893173706971118,-4.90238787011107,100020014,"100020014","Partially Characterized Molecules","Partially Characterized Molecules",6685,"NAMED",NA,NA,"glucuronide of C10H18O2 (7)*","glucuronide of C10H18O2 (7)*",NA,NA,NA,NA,NA,NA,NA,NA,61887,61887,61887,209,209,209,218638,218638,218638,"Neg","Neg","Neg",218638,61887,209,"Neg",0.139194157906456,0.138972393448825
-0.0594956171925219,0.0109395899843054,-0.717515029192026,0.473359740805444,0.894608668707942,-4.90621687775793,100001541,"100001541","Amino Acid","Leucine, Isoleucine and Valine Metabolism",402,"NAMED","RILPIWOPNGRASR-UHFFFAOYSA-N","O=C(C(C(CC)C)O)O","2-hydroxy-3-methylvalerate","2-hydroxy-3-methylvalerate","488-15-3",144317,"HMDB0000317",NA,164623,NA,NA,NA,36746,36746,36746,209,209,209,128281,128281,128281,"Neg","Neg","Neg",128281,36746,209,"Neg",-0.137521654511081,-0.137302554689768
-0.0689451195789853,-0.0667902857453008,-0.715053919064676,0.474877889211407,0.894608668707942,-4.90728844844154,100008928,"100008928","Amino Acid","Glutathione Metabolism",592,"NAMED","AFENDNXGAFYKQO-UHFFFAOYSA-N","CCC(O)C(O)=O","2-hydroxybutyrate/2-hydroxyisobutyrate","2-hydroxybutyrate/2-hydroxyisobutyrate",NA,NA,"HMDB0000729,HMDB00008","C21297,C05984",4408644277439,NA,NA,NA,52281,52281,52281,305,305,305,164309,164309,164309,"Polar","Polar","Polar",164309,52281,305,"Polar",-0.13704994880057,-0.136831600501897
0.0552770830320003,-0.0046948479911331,0.702878430928634,0.482427685569667,0.902492900925508,-4.91253564712935,93,"93","Energy","TCA Cycle",1485,"NAMED","KPGXRSRHYNQIFN-UHFFFAOYSA-N","O=C(C(O)=O)CCC(O)=O","alpha-ketoglutarate","alpha-ketoglutarate","328-50-7,22202-68-2,305-72-6",50,"HMDB0000208","C00026",51,NA,NA,NA,528,528,528,305,305,305,146398,146398,146398,"Polar","Polar","Polar",146398,528,305,"Polar",0.134716348520679,0.134501718119425
-0.175214410456621,-0.589563640398815,-0.69333950628974,0.488387999435946,0.902492900925508,-4.91658378204997,100004112,"100004112","Xenobiotics","Benzoate Metabolism",4707,"NAMED","HFDKYCXWNHNKAF-UHFFFAOYSA-N","OC1=C(C)C=CC=C1OS(O)(=O)=O","3-methyl catechol sulfate (1)","3-methyl catechol sulfate (1)",NA,NA,"HMDB0240663,HMDB0240662",NA,118431379,NA,NA,NA,46165,46165,46165,209,209,209,144278,144278,144278,"Neg","Neg","Neg",144278,46165,209,"Neg",-0.132888082010256,-0.132676364407478
-0.08170811391933,-0.183200199803477,-0.692947669486514,0.488633683649556,0.902492900925508,-4.91674889014315,100004646,"100004646","Peptide","Dipeptide",753,"NAMED","WSLYCILIEOFQPK-UHFFFAOYSA-N","CC1NC(C2CCCN2C1=O)=O","cyclo(ala-pro)","cyclo(ala-pro)",NA,4934364,"HMDB0303321",NA,13879951,NA,NA,NA,47098,47098,47098,400,400,400,157353,157353,157353,"Pos Early","Pos Early","Pos Early",157353,47098,400,"Pos Early",-0.132812981080957,-0.132601383129156
-0.0761571195929889,0.0334904337540927,-0.68270951168069,0.495076684541762,0.902492900925508,-4.9210299369212,432,"432","Cofactors and Vitamins","Nicotinate and Nicotinamide Metabolism",4507,"NAMED","DFPAKSUCGFBDDF-UHFFFAOYSA-N","NC(C1=CN=CC=C1)=O","nicotinamide","nicotinamide","98-92-0",911,"HMDB0001406","C00153",936,NA,NA,NA,594,594,594,400,400,400,155332,155332,155332,"Pos Early","Pos Early","Pos Early",155332,594,400,"Pos Early",-0.130850696887151,-0.130642225251111
-0.0640136106323461,-0.0295931824344612,-0.682694201164733,0.495086353605219,0.902492900925508,-4.92103629135055,100021760,"100021760","Amino Acid","Lysine Metabolism",142,"NAMED","FTTGAAZKBNZDCZ-LURJTMIESA-N","CC(N[C@@](CCCC(O)=O)(C(O)=O)[H])=O","N-acetyl-2-aminoadipate","N-acetyl-2-aminoadipate",NA,392027,"HMDB0062715","C12986",443992,NA,NA,NA,63920,63920,63920,400,400,400,223830,223830,223830,"Pos Early","Pos Early","Pos Early",223830,63920,400,"Pos Early",-0.130847762415536,-0.130639295454704
0.164673067733149,-0.376594160084492,0.678707706055227,0.497607387154133,0.902492900925508,-4.92268599609208,100001106,"100001106","Xenobiotics","Xanthine Metabolism",4801,"NAMED","OTSBKHHWSQYEHK-UHFFFAOYSA-N","CN1C(N(C(N2)=C(C1=O)NC2=O)C)=O","1,3-dimethylurate","1,3-dimethylurate","944-73-0",63527,"HMDB0001857",NA,70346,NA,NA,NA,32391,32391,32391,209,209,209,125804,125804,125804,"Neg","Neg","Neg",125804,32391,209,"Neg",0.130083695628285,0.129876445980444
0.107786538917609,-0.147746130389724,0.661805499662071,0.508371916321335,0.913432513510347,-4.92957344667145,100004208,"100004208","Xenobiotics","Benzoate Metabolism",4706,"NAMED","AQTYXAPIHMXAAV-UHFFFAOYSA-N","COC1=C(OS(O)(=O)=O)C=CC=C1","guaiacol sulfate","guaiacol sulfate",NA,21078,"HMDB0060013",NA,22473,NA,NA,NA,46111,46111,46111,209,209,209,143736,143736,143736,"Neg","Neg","Neg",143736,46111,209,"Neg",0.126844154582445,0.126642066178968
0.0523418505587802,-0.109764411715477,0.655875845265472,0.512177152156017,0.913432513510347,-4.93194864811933,100020241,"100020241","Peptide","Gamma-glutamyl Amino Acid",668,"NAMED","SCTJBDDLOROJJM-UHFFFAOYSA-N","NC(C(O)=O)CCC(NC(CCCNC(N)=O)C(O)=O)=O","gamma-glutamylcitrulline*","gamma-glutamylcitrulline*",NA,NA,NA,NA,NA,NA,NA,NA,62104,62104,62104,400,400,400,218950,218950,218950,"Pos Early","Pos Early","Pos Early",218950,62104,400,"Pos Early",0.125707654509105,0.1255073767802
0.201302860232743,-0.628544577453262,0.650546618107512,0.515609742860642,0.913432513510347,-4.9340651400951,100000010,"100000010","Xenobiotics","Benzoate Metabolism",4779,"NAMED","XMIIGOLPHOKFCH-UHFFFAOYSA-N","OC(CCC1=CC=CC=C1)=O","3-phenylpropionate (hydrocinnamate)","3-phenylpropionate (hydrocinnamate)","501-52-0",10181339,"HMDB0000764","C05629",107,NA,NA,NA,15749,15749,15749,209,209,209,126035,126035,126035,"Neg","Neg","Neg",126035,15749,209,"Neg",0.12468623459982,0.124487584199501
-0.176400402539175,-0.337765530875603,-0.649610251952796,0.516214096726493,0.913432513510347,-4.93443523635204,100001086,"100001086","Xenobiotics","Food Component/Plant",5174,"NAMED","KSPQDMRTZZYQLM-UHFFFAOYSA-N","O=C(NCC(O)=O)C1=CC=CO1","N-(2-furoyl)glycine","N-(2-furoyl)glycine","5657-19-2,5657-19-2",20549,"HMDB0000439",NA,21863,NA,NA,NA,31536,31536,31536,209,209,209,125774,125774,125774,"Neg","Neg","Neg",125774,31536,209,"Neg",-0.124506767107732,-0.124308402635441
0.068175941382907,-0.0721362026522569,0.644868590622249,0.519280127543553,0.913432513510347,-4.93630119812712,100022005,"100022005","Partially Characterized Molecules","Partially Characterized Molecules",6753,"NAMED",NA,NA,"bilirubin degradation product, C17H18N2O4 (1)**","bilirubin degradation product, C17H18N2O4 (1)**",NA,NA,NA,NA,NA,NA,NA,NA,64409,64409,64409,209,209,209,237542,237542,237542,"Neg","Neg","Neg",237542,64409,209,"Neg",0.123597962295598,0.123401045733257
0.174064862326006,-0.279431191067312,0.636891952285495,0.5244591292718,0.914285048476632,-4.93940942712011,100006191,"100006191","Amino Acid","Tyrosine Metabolism",231,"NAMED","JPAUCQAJHLSMQW-XPORZQOISA-N","O[C@H]([C@@H](O)[C@@H]1O)[C@@H](O[C@@H]1C(O)=O)OC2=CC=C(C)C=C2","p-cresol glucuronide*","p-cresol glucuronide*","17680-99-8",135751,"HMDB0011686",NA,154035,NA,NA,NA,48841,48841,48841,209,209,209,155015,155015,155015,"Neg","Neg","Neg",155015,48841,209,"Neg",0.122069129508998,0.121874648686626
-0.0773662567240293,-0.130232534830207,-0.634485115150499,0.526027014192035,0.914285048476632,-4.94033970898131,100022004,"100022004","Partially Characterized Molecules","Partially Characterized Molecules",6752,"NAMED",NA,NA,"bilirubin degradation product, C16H18N2O5 (2)**","bilirubin degradation product, C16H18N2O5 (2)**",NA,NA,NA,NA,NA,NA,NA,NA,64404,64404,64404,209,209,209,237533,237533,237533,"Neg","Neg","Neg",237533,64404,209,"Neg",-0.121607825966247,-0.121414080093757
-0.177990827227705,0.144068549388352,-0.629133478640439,0.529521817125412,0.914913435506629,-4.94239560651834,100021208,"100021208","Xenobiotics","Benzoate Metabolism",4735,"NAMED","ILVXQMHYFMBCMJ-UHFFFAOYSA-N","C=CC(C=C1O)=CC=C1OS(=O)(O)=O","4-vinylcatechol sulfate","4-vinylcatechol sulfate",NA,NA,NA,NA,NA,NA,NA,NA,64579,64579,64579,209,209,209,238261,238261,238261,"Neg","Neg","Neg",238261,64579,209,"Neg",-0.120582110995462,-0.12038999929446
-0.129939293872337,-0.337228128323219,-0.610677377718914,0.541664416636746,0.93038829210547,-4.94935242165017,100001396,"100001396","Xenobiotics","Xanthine Metabolism",4807,"NAMED","PFWLFWPASULGAN-UHFFFAOYSA-N","OC1=C(N2C)C(N=C2)=NC(O)=N1","7-methylxanthine","7-methylxanthine","552-62-5",61660,"HMDB0001991","C16353",68374,NA,NA,NA,34390,34390,34390,400,400,400,156093,156093,156093,"Pos Early","Pos Early","Pos Early",156093,34390,400,"Pos Early",-0.117044744625019,-0.116858268664384
-0.112765122693348,-0.275159423659354,-0.582335681317491,0.560578253432515,0.952381542327073,-4.95963299020679,100010869,"100010869","Amino Acid","Leucine, Isoleucine and Valine Metabolism",436,"NAMED","AOWPAWLEXIYETE-UHFFFAOYSA-N","OC(C)(C(O)=O)C(C)O","2,3-dihydroxy-2-methylbutyrate","2,3-dihydroxy-2-methylbutyrate","14868-24-7",266858,"HMDB0029576",NA,301941,NA,NA,NA,57547,57547,57547,305,209,209,211434,212076,212076,"Polar","Neg","Neg",212076,57547,209,"Neg",-0.111612667494644,-0.111434845931986
0.0475609168912359,-0.0690915380823661,0.581721180442337,0.560991867398139,0.952381542327073,-4.95985049142258,331,"331","Peptide","Gamma-glutamyl Amino Acid",653,"NAMED","OWQDWQKWSLFFFR-UHFFFAOYSA-N","O=C(O)C(N)CCC(NC(C(O)=O)CCC(O)=O)=O","gamma-glutamylglutamate","gamma-glutamylglutamate","1116-22-9",83831,"HMDB0011737","C05282",92865,NA,NA,NA,36738,36738,36738,400,400,400,156248,156248,156248,"Pos Early","Pos Early","Pos Early",156248,36738,400,"Pos Early",0.111494889923984,0.111317256004828
-0.0419935670968719,-0.102445081989554,-0.570374913190748,0.568655415044584,0.95877358696154,-4.96382528194645,100000774,"100000774","Amino Acid","Phenylalanine Metabolism",157,"NAMED","VOXXWSYKYCBWHO-UHFFFAOYSA-N","OC(C(O)=O)CC1=CC=CC=C1","phenyllactate (PLA)","phenyllactate (PLA)","828-01-3",3715,"HMDB0000779,HMDB0000563","C05607",3848,NA,NA,NA,22130,22130,22130,209,209,209,124681,124681,124681,"Neg","Neg","Neg",124681,22130,209,"Neg",-0.10932022126691,-0.10914605203494
-0.0453542026405119,-0.1468717777675,-0.56644122714344,0.571323986751054,0.95877358696154,-4.96518507262527,100000841,"100000841","Cofactors and Vitamins","Ascorbate and Aldarate Metabolism",4560,"NAMED","MUBZPKHOEPUJKR-UHFFFAOYSA-N","O=C(O)C(O)=O","oxalate (ethanedioate)","oxalate (ethanedioate)","144-62-7",946,"HMDB0002329","C00209",971,NA,NA,NA,20694,20694,20694,209,209,209,143843,143843,143843,"Neg","Neg","Neg",143843,20694,209,"Neg",-0.108566276065007,-0.108393308020294
-0.0415434905501086,-0.0591986306553221,-0.558803341892357,0.576522444499408,0.96115515520827,-4.96779849339809,100021329,"100021329","Xenobiotics","Food Component/Plant",5417,"NAMED","BOWUOGIPSRVRSJ-RXMQYKEDSA-N","O=C1NCCCC[C@H]1N","(S)-a-amino-omega-caprolactam","(S)-a-amino-omega-caprolactam","21568-87-6",388871,NA,"C02837",439823440599,NA,NA,NA,63339,63339,63339,400,400,400,222374,222374,222374,"Pos Early","Pos Early","Pos Early",222374,63339,400,"Pos Early",-0.107102369980869,-0.10693173423475
0.0656840581955628,-0.072284699449454,0.554697148988152,0.579326394920053,0.96115515520827,-4.96918885014999,1053,"1053","Nucleotide","Pyrimidine Metabolism, Uracil containing",4441,"NAMED","JSJWCHRYRHKBBW-UHFFFAOYSA-N","OC(CCNC(N)=O)=O","3-ureidopropionate","3-ureidopropionate","462-88-4",109,"HMDB0000026","C02642",111,NA,NA,NA,3155,3155,3155,400,400,400,155489,155489,155489,"Pos Early","Pos Early","Pos Early",155489,3155,400,"Pos Early",0.106315361459857,0.106145979577553
-0.101162794036092,-0.246338410897884,-0.53719196325346,0.591351383609279,0.975562734541862,-4.97500123965693,100022479,"100022479","Amino Acid","Lactoyl Amino Acid",643,"NAMED",NA,"OC([C@@H](NC([C@H](C)O)=O)[C@H](CC)C)=O","N-lactoyl isoleucine","N-lactoyl isoleucine","210769-85-0",NA,NA,NA,NA,NA,NA,NA,64879,64879,64879,209,209,209,240090,240090,240090,"Neg","Neg","Neg",240090,64879,209,"Neg",-0.102960251104232,-0.102796214591586
0.0489251512712655,-0.207557850341595,0.530337377720027,0.596091202445396,0.976935408736657,-4.97722652105075,100003696,"100003696","Xenobiotics","Chemical",6414,"NAMED","KZNICNPSHKQLFF-UHFFFAOYSA-N","O=C1NC(CC1)=O","succinimide","succinimide","123-56-8",10955,"HMDB0240653","C07273",11439,NA,NA,NA,41888,41888,41888,209,305,305,143923,152218,152218,"Neg","Polar","Polar",152218,41888,305,"Polar",0.101646475217744,0.10148453181591
0.096288297296339,-0.224760949173393,0.523094712882167,0.601118147346737,0.976935408736657,-4.97954678305727,100020504,"100020504","Xenobiotics","Food Component/Plant",5232,"NAMED",NA,NA,"sulfate of piperine metabolite C18H21NO3 (3)*","sulfate of piperine metabolite C18H21NO3 (3)*",NA,NA,NA,NA,NA,NA,NA,NA,62299,62299,62299,209,209,209,219278,219278,219278,"Neg","Neg","Neg",219278,62299,209,"Neg",0.100258318578442,0.10009858679101
0.127009543978177,-0.171700788448063,0.521510218513318,0.602220457440405,0.976935408736657,-4.98005014450437,100006108,"100006108","Peptide","Acetylated Peptides",1223,"NAMED","DZTZJNGATJMDSH-CYBMUJFWSA-N","O=C(CC1=CC=CC=C1)O[C@H](CC([O-])=O)C[N+](C)(C)C","phenylacetylcarnitine","phenylacetylcarnitine","287108-21-8",NA,"HMDB0242104",NA,101724840,NA,NA,NA,48425,48425,48425,400,400,400,157774,157774,157774,"Pos Early","Pos Early","Pos Early",157774,48425,400,"Pos Early",0.0999546283722414,0.0997953804247551
0.0616199864558595,-0.198796708836579,0.497369694628228,0.619126328272757,0.988313656573508,-4.98753048274326,100001417,"100001417","Peptide","Acetylated Peptides",1226,"NAMED","JFLIEFSWGNOPJJ-JTQLQIEISA-N","O=C(CC1=CC=CC=C1)N[C@@H](CCC(N)=O)C(O)=O","phenylacetylglutamine","phenylacetylglutamine","28047-15-6",270643,"HMDB0006344","C04148",92258,NA,NA,NA,35126,35126,35126,400,209,209,156145,126960,126960,"Pos Early","Neg","Neg",156145,35126,400,"Pos Early",0.0953277639159244,0.0951758874997015
-0.111016578322446,-0.032472884418872,-0.49223696622123,0.622747446423874,0.988313656573508,-4.98907530557817,100004322,"100004322","Xenobiotics","Food Component/Plant",5457,"NAMED","VSTZVCJQGSLNLL-UHFFFAOYSA-N","NC1=CC=CC=C1OS(O)(=O)=O","2-aminophenol sulfate","2-aminophenol sulfate",NA,158022,"HMDB0061116",NA,181670,NA,NA,NA,43266,43266,43266,209,209,209,143737,143737,143737,"Neg","Neg","Neg",143737,43266,209,"Neg",-0.094344005703248,-0.0941936966129083
-0.0677037041931798,-0.192216885415463,-0.49091346951627,0.623682658240234,0.988313656573508,-4.9894710493772,100003674,"100003674","Peptide","Dipeptide",968,"NAMED","RNKSNIBMTUYWSH-YFKPBYRVSA-N","O=[C@]([C@H]1NCCC1)NCC(O)=O","prolylglycine","prolylglycine","2578-57-6",4932143,"HMDB0011178",NA,6426709,NA,NA,NA,40703,40703,40703,400,400,400,156791,156791,156791,"Pos Early","Pos Early","Pos Early",156791,40703,400,"Pos Early",-0.0940903393001749,-0.0939404343517413
-0.115593897922613,-0.351661811899374,-0.486776322945391,0.626609976146478,0.988313656573508,-4.99070125070745,100001267,"100001267","Xenobiotics","Food Component/Plant",5212,"NAMED","MXXWOMGUGJBKIW-YPCIICBESA-N","O=C(N1CCCCC1)/C=C/C=C/C2=CC(OCO3)=C3C=C2","piperine","piperine","94-62-2",553590,"HMDB0029377","C03882",638024,NA,NA,NA,33935,33935,33935,402,402,402,158580,158580,158580,"Pos Late","Pos Late","Pos Late",158580,33935,402,"Pos Late",-0.0932973980818944,-0.0931487564492626
0.0425971804052987,-0.0529687116519246,0.486347869598396,0.626913474916049,0.988313656573508,-4.99082805923374,100001022,"100001022","Cofactors and Vitamins","Ascorbate and Aldarate Metabolism",4557,"NAMED","JPIJQSOTBSSVTP-UHFFFAOYSA-N","O=C(O)C(O)([H])C([H])(O)CO","threonate","threonate","70753-61-6",133224,"HMDB0062620,HMDB0000943","C01620",1511525460407,NA,NA,NA,27738,27738,27738,305,305,305,146524,146524,146524,"Polar","Polar","Polar",146524,27738,305,"Polar",0.0932152790868039,0.0930667682863469
0.0370335533501809,0.0330147088028315,0.482640504626001,0.629542260694084,0.988313656573508,-4.99192066314062,189,"189","Amino Acid","Lysine Metabolism",119,"NAMED","MXNRLFUSFKVQSK-UHFFFAOYSA-N","C[N+](C)(CCCCC(C([O-])=O)N)C","N6,N6,N6-trimethyllysine","N6,N6,N6-trimethyllysine","23284-33-5",140379,"HMDB0001325","C03793",440120,NA,NA,NA,1498,1498,1498,400,400,400,155380,155380,155380,"Pos Early","Pos Early","Pos Early",155380,1498,400,"Pos Early",0.0925047114413368,0.092357332718913
0.0524147907986526,-0.0807497040534508,0.467022718902123,0.640667817354961,0.994893690307227,-4.99643171691261,100000467,"100000467","Amino Acid","Tryptophan Metabolism",329,"NAMED","BXFFHSIDQOFMLE-UHFFFAOYSA-N","O=S(OC2=CNC1=CC=CC=C12)(O)=O","3-indoxyl sulfate","3-indoxyl sulfate","2642-37-7",9840,"HMDB0000682",NA,10258,NA,NA,NA,27672,27672,27672,209,209,209,123315,123315,123315,"Neg","Neg","Neg",123315,27672,209,"Neg",0.0895113473372207,0.0893687376494822
0.154995374385334,-0.00860911479125053,0.459714609735804,0.645901996597288,0.994893690307227,-4.99849169419595,100001757,"100001757","Xenobiotics","Food Component/Plant",5284,"NAMED","NODSEPOUFZPJEQ-UHFFFAOYSA-N","CC(C)C1=CC=C(C)C=C1OS(=O)(O)=O","thymol sulfate","thymol sulfate","89-83-8",10709958,"HMDB0062720","C09908",12456386,NA,NA,NA,36095,36095,36095,209,209,209,144225,144225,144225,"Neg","Neg","Neg",144225,36095,209,"Neg",0.0881106473894698,0.087970269300161
-0.0759220469082793,0.040626702095418,-0.45826667189595,0.646941132441772,0.994893690307227,-4.99889598040452,100001104,"100001104","Amino Acid","Tyrosine Metabolism",169,"NAMED","CAHKINHBCWCHCF-JTQLQIEISA-N","OC1=CC=C(C[C@@H](C(O)=O)NC(C)=O)C=C1","N-acetyltyrosine","N-acetyltyrosine","537-55-3",61606,"HMDB0000866",NA,68310,NA,NA,NA,32390,32390,32390,209,209,209,125802,125802,125802,"Neg","Neg","Neg",125802,32390,209,"Neg",-0.0878331301260472,-0.087693194177891
0.0757846994218378,-0.24337816026729,0.451000040402837,0.652166543985796,0.994893690307227,-5.00090569300542,100001767,"100001767","Xenobiotics","Food Component/Plant",5324,"NAMED","VTYFITADLSVOAS-UHFFFAOYSA-N","NC(C(O)=O)CCCCN1C(C=O)=CC=C1CO","pyrraline","pyrraline","74509-14-1",19980286,"HMDB0033143","C21013",14274616,NA,NA,NA,48428,48428,48428,209,209,400,155071,155071,157775,"Neg","Neg","Pos Early",157775,48428,400,"Pos Early",0.0864403799466112,0.0863026629312953
-0.0917545261634287,-0.23607783350413,-0.441245301074814,0.659208113556653,0.994893690307227,-5.00355308264198,100020496,"100020496","Xenobiotics","Food Component/Plant",5224,"NAMED",NA,NA,"sulfate of piperine metabolite C16H19NO3 (2)*","sulfate of piperine metabolite C16H19NO3 (2)*",NA,NA,NA,NA,NA,NA,NA,NA,62295,62295,62295,209,209,209,219274,219274,219274,"Neg","Neg","Neg",219274,62295,209,"Neg",-0.0845707495735379,-0.0844360112577011
-0.126799279237771,-0.562491238195576,-0.438304213467375,0.661337163976144,0.994893690307227,-5.00433993335207,100001405,"100001405","Xenobiotics","Xanthine Metabolism",4805,"NAMED","MVOYJPOZRLFTCP-UHFFFAOYSA-N","O=C(N1C)NC2=C(NC=N2)C1=O","1-methylxanthine","1-methylxanthine","6136-37-4",72464,"HMDB0010738","C16358",80220,NA,NA,NA,34389,34389,34389,209,209,209,126906,126906,126906,"Neg","Neg","Neg",126906,34389,209,"Neg",-0.0840070495569786,-0.0838732093293254
-0.154017241024316,-0.293668258642122,-0.431696565053173,0.666130442219674,0.994893690307227,-5.00608855244806,100006374,"100006374","Xenobiotics","Chemical",6433,"NAMED","NGVLEQPKHLWZLN-UHFFFAOYSA-N","OC1=C(O)C(OS(=O)(O)=O)=CC=C1","1,2,3-benzenetriol sulfate (2)","1,2,3-benzenetriol sulfate (2)",NA,NA,"HMDB0060018,HMDB0060016",NA,9201366254110620,NA,NA,NA,48762,48762,48762,209,209,209,155125,155125,155125,"Neg","Neg","Neg",155125,48762,209,"Neg",-0.0827406025762487,-0.0826087800548845
-0.150324686533368,-0.081540297836002,-0.430660882778216,0.666882987696815,0.994893690307227,-5.00636022524029,100020215,"100020215","Amino Acid","Urea cycle; Arginine and Proline Metabolism",521,"NAMED","FMIPNAUMSPFTHK-UHFFFAOYSA-N","OC1CN(C)C(C(O)=O)C1","N-methylhydroxyproline**","N-methylhydroxyproline**",NA,NA,NA,NA,9860390,NA,NA,NA,62068,62068,62068,400,400,400,218877,218877,218877,"Pos Early","Pos Early","Pos Early",218877,62068,400,"Pos Early",-0.0825420997795055,-0.0824105935132609
0.0762524441712534,-0.0739689253911182,0.428623308563124,0.668364506795929,0.994893690307227,-5.00689280418109,100000096,"100000096","Amino Acid","Guanidino and Acetamido Metabolism",573,"NAMED","TUHVEAJXIMEOSA-UHFFFAOYSA-N","N=C(N)NCCCC(O)=O","4-guanidinobutanoate","4-guanidinobutanoate","463-003,463-00-3",486,"HMDB0003464","C01035",500,NA,NA,NA,15681,15681,15681,400,400,400,155572,155572,155572,"Pos Early","Pos Early","Pos Early",155572,15681,400,"Pos Early",0.0821515705698747,0.0820206864956795
0.0589543280801784,-0.159359217490685,0.427567260176714,0.669132869379159,0.994893690307227,-5.00716784011688,100022172,"100022172","Xenobiotics","Chemical",6562,"NAMED",NA,"FC(F)(F)C(F)(F)C(F)(F)C(F)(F)C(F)(F)C(F)(F)S(=O)(O)=O","perfluorohexanesulfonate (PFHxS)","perfluorohexanesulfonate (PFHxS)","355-46-4",NA,NA,NA,NA,NA,NA,NA,64623,64623,64623,209,209,209,239167,239167,239167,"Neg","Neg","Neg",239167,64623,209,"Neg",0.0819491643268914,0.0818186027267954
0.0377023013541079,-0.117750124708425,0.415201736899477,0.67815548285249,0.994893690307227,-5.0103378632682,100001951,"100001951","Cofactors and Vitamins","Hemoglobin and Porphyrin Metabolism",4614,"NAMED","BPYKTIZUTYGOLE-BMNRKXRESA-N","CC(C(N/1)=O)=C(C=C)C1=C/C2=C(C)C(CCC(O)=O)=C(CC3=C(CCC(O)=O)C(C)=C(/C=C4NC(C(C=C)=C/4C)=O)N3)N2","bilirubin (E,Z or Z,E)*","bilirubin (E,Z or Z,E)*",NA,4705847,"HMDB0000488","C00486",5799469,NA,NA,NA,47886,47886,47886,402,402,402,160233,160233,160233,"Pos Late","Pos Late","Pos Late",160233,47886,402,"Pos Late",0.0795791411903783,0.0794523555166815
-0.0725622122167924,-0.103105350228811,-0.413398618917809,0.679475056743404,0.994893690307227,-5.01079234576863,100002544,"100002544","Amino Acid","Glutamate Metabolism",53,"NAMED","HBDWQSHEVMSFGY-SCQFTWEKSA-N","OC(C(O)=O)C[C@@H](C(O)=O)N","4-hydroxyglutamate","4-hydroxyglutamate","2485-33-8",388936,"HMDB0002273","C03079",439902,NA,NA,NA,40499,40499,40499,400,400,400,156749,156749,156749,"Pos Early","Pos Early","Pos Early",156749,40499,400,"Pos Early",-0.079233548752549,-0.0791073136775316
0.0537818293066865,-0.123188443242975,0.407749037462412,0.683615948476887,0.994893690307227,-5.01220354650752,100003200,"100003200","Peptide","Dipeptide",950,"NAMED","RFCVXVPWSPOMFJ-UHFFFAOYSA-N","O=C(C(CC(C)C)NC(C(CC1=CC=CC=C1)N)=O)O","phenylalanylleucine","phenylalanylleucine","3303-55-7",3293068,"HMDB0253025",NA,76808,NA,NA,NA,40192,40192,40192,209,209,209,143873,143873,143873,"Neg","Neg","Neg",143873,40192,209,"Neg",0.0781507285224052,0.0780262185991088
0.0440353187388831,0.0321867472792975,0.39932531072104,0.689807893737796,0.994893690307227,-5.01427166461797,878,"878","Carbohydrate","Fructose, Mannose and Galactose Metabolism",1386,"NAMED","RFSUNEUAIZKAJO-ARQDHWQXSA-N","OC[C@@]1(O)O[C@H](CO)[C@@H](O)[C@@H]1O","fructose","fructose","57-48-7",5764,"HMDB0000660","C00095",2723872,NA,NA,NA,48195,48195,48195,305,305,305,153126,153126,153126,"Polar","Polar","Polar",153126,48195,305,"Polar",0.0765362050748236,0.0764142674140565
-0.0407627155248327,-0.0176598718782427,-0.389696287305318,0.696911376574648,0.994893690307227,-5.01658285934301,100002500,"100002500","Amino Acid","Histidine Metabolism",84,"NAMED","NRXIKWMTVXPVEF-BYPYZUCNSA-N","OC([C@@H](NC=N)CCC(O)=O)=O","formiminoglutamate","formiminoglutamate","816-90-0",388370,"HMDB0000854","C00439",439233,NA,NA,NA,43493,43493,43493,400,400,400,157017,157017,157017,"Pos Early","Pos Early","Pos Early",157017,43493,400,"Pos Early",-0.0746906698907771,-0.0745716725409777
-0.0367272652561508,-0.132050447379612,-0.374174228929538,0.708418310814565,0.994893690307227,-5.02018985078765,100020208,"100020208","Xenobiotics","Chemical",6455,"NAMED","SNGREZUHAYWORS-UHFFFAOYSA-N","OC(C(F)(F)C(F)(F)C(F)(F)C(F)(F)C(F)(F)C(F)(F)C(F)(F)F)=O","perfluorooctanoate (PFOA)","perfluorooctanoate (PFOA)","335-67-1",9180,"HMDB59587",NA,9554,NA,NA,NA,62071,62071,62071,209,209,209,218880,218880,218880,"Neg","Neg","Neg",218880,62071,209,"Neg",-0.0717156532536224,-0.071601395707281
0.0308824656310935,0.00537090616057125,0.370136694392874,0.711422546198708,0.994893690307227,-5.02110407944475,100001256,"100001256","Amino Acid","Phenylalanine Metabolism",145,"NAMED","CBQJSKKFNMDLON-JTQLQIEISA-N","O=C(O)[C@@H](NC(C)=O)CC1=CC=CC=C1","N-acetylphenylalanine","N-acetylphenylalanine","2018-61-3",67404,"HMDB0000512","C03519",74839,NA,NA,NA,33950,33950,33950,209,209,209,126109,126109,126109,"Neg","Neg","Neg",126109,33950,209,"Neg",0.0709418040559925,0.070828779408001
-0.0622450754942335,-0.390391528698365,-0.369065108286791,0.712220645854322,0.994893690307227,-5.02134505686871,100020360,"100020360","Amino Acid","Tryptophan Metabolism",286,"NAMED","BXZSKDOPGDPDEG-UHFFFAOYSA-N","OC1=CC(C(O)=O)=NC(C1=CC=C2)=C2OC","8-methoxykynurenate","8-methoxykynurenate","2929-14-8",68710,"HMDB0060426","C05830",76230,NA,NA,NA,62955,62955,62955,209,209,209,220839,220839,220839,"Neg","Neg","Neg",220839,62955,209,"Neg",-0.0707364197946683,-0.0706237223653618
-0.0400845341474092,-0.066440775040428,-0.362677570794273,0.716984510951319,0.994893690307227,-5.02276699632946,100001509,"100001509","Amino Acid","Leucine, Isoleucine and Valine Metabolism",404,"NAMED","IHCPDBBYTYJYIL-UHFFFAOYSA-N","CCC(C)C(OC(CC([O-])=O)C[N+](C)(C)C)=O","2-methylbutyrylcarnitine (C5)","2-methylbutyrylcarnitine (C5)","31023-25-3",4932320,"HMDB0000378",NA,6426901,NA,NA,NA,45095,45095,45095,400,400,400,157090,157090,157090,"Pos Early","Pos Early","Pos Early",157090,45095,400,"Pos Early",-0.0695121601088303,-0.0694014131729161
-0.0566606829611398,-0.204950448441003,-0.362050077396405,0.717453099117028,0.994893690307227,-5.02290534533959,100000840,"100000840","Xenobiotics","Food Component/Plant",5413,"NAMED","ROBFUDYVXSDBQM-UHFFFAOYSA-N","O=C(C(O)C(O)=O)O","tartronate (hydroxymalonate)","tartronate (hydroxymalonate)","80-69-3",44,"HMDB0035227","C02287",45,NA,NA,NA,20693,20693,20693,209,209,209,143841,143841,143841,"Neg","Neg","Neg",143841,20693,209,"Neg",-0.0693918923419422,-0.0692813370169152
0.0601364283288093,-0.179721446899633,0.360180835958344,0.718849608749693,0.994893690307227,-5.02331605463019,100022576,"100022576","Peptide","Dipeptide",980,"NAMED",NA,"O=C([C@@H]1CCC(N1)=O)N[C@H](C(N[C@H](C(O)=O)CO)=O)CC(C)C","pyr-leu-ser","pyr-leu-ser",NA,NA,NA,NA,NA,NA,NA,NA,65049,65049,65049,209,209,209,240735,240735,240735,"Neg","Neg","Neg",240735,65049,209,"Neg",0.0690336264314256,0.0689236418964844
0.0523417090842915,-0.0845079989629699,0.35184998585897,0.725084979197792,0.994893690307227,-5.02512067208301,100020253,"100020253","Partially Characterized Molecules","Partially Characterized Molecules",6725,"NAMED",NA,NA,"glycine conjugate of C10H12O2*","glycine conjugate of C10H12O2*",NA,NA,NA,NA,NA,NA,NA,NA,62145,62145,62145,209,209,209,219037,219037,219037,"Neg","Neg","Neg",219037,62145,209,"Neg",0.0674369040736517,0.0673294634405019
-0.0703205443869697,-0.40334963475726,-0.335295629358729,0.737529413755384,0.994893690307227,-5.02858140111836,100001398,"100001398","Xenobiotics","Xanthine Metabolism",4803,"NAMED","HMLZLHKHNBLLJD-UHFFFAOYSA-N","CN1C(NC(C(N2C)=C1NC2=O)=O)=O","3,7-dimethylurate","3,7-dimethylurate","13087-49-5",74994,"HMDB0001982","C16360",83126,NA,NA,NA,34399,34399,34399,209,209,209,126922,126922,126922,"Neg","Neg","Neg",126922,34399,209,"Neg",-0.0642640332588856,-0.064161647650932
-0.0279229073222273,-0.0618255170810451,-0.328436898902219,0.742705839267815,0.994893690307227,-5.02996640844328,278,"278","Amino Acid","Glutathione Metabolism",586,"NAMED","ZUKPVRWZDMRIEO-UHFFFAOYSA-N","NC(C(NCC(O)=O)=O)CS","cysteinylglycine","cysteinylglycine","19246-18-5",58762,"HMDB0000078","C01419",439498,NA,NA,NA,35637,35637,35637,400,400,400,156206,156206,156206,"Pos Early","Pos Early","Pos Early",156206,35637,400,"Pos Early",-0.0629494629407043,-0.0628491717092534
-0.033421263431528,-0.00884487283475605,-0.322528230784434,0.74717461657678,0.994893690307227,-5.03113662746232,182,"182","Cofactors and Vitamins","Nicotinate and Nicotinamide Metabolism",4503,"NAMED","GJAWHXHKYYXBSV-UHFFFAOYSA-N","OC(C(C=CC=N1)=C1C(O)=O)=O","quinolinate","quinolinate","89-00-9",1037,"HMDB0000232","C03722",1066,NA,NA,NA,1899,1899,1899,400,305,400,155456,146452,155456,"Pos Early","Polar","Pos Early",155456,1899,400,"Pos Early",-0.0618169851772355,-0.0617184982120036
-0.0461162542135907,-0.0981405516648257,-0.317708405319198,0.750826222069012,0.994893690307227,-5.03207547583699,825,"825","Nucleotide","Pyrimidine Metabolism, Uracil containing",4423,"NAMED","ISAKRJDGNUQOIC-UHFFFAOYSA-N","O=C(NC=C1)NC1=O","uracil","uracil","66-22-8",1141,"HMDB0000300","C00106",1174,NA,NA,NA,605,605,605,305,305,305,146422,146422,146422,"Polar","Polar","Polar",146422,605,305,"Polar",-0.0608931991303003,-0.060796183943157
-0.0206135786020037,-0.0239630982902759,-0.313905848669849,0.753711081611569,0.994893690307227,-5.03280620130472,100004046,"100004046","Amino Acid","Histidine Metabolism",89,"NAMED","BKAYIFDRRZZKNF-VIFPVBQESA-N","OC([C@H](CC1=CN=CN1)NC(CCNC(C)=O)=O)=O","N-acetylcarnosine","N-acetylcarnosine","56353-15-2",8079136,"HMDB0012881",NA,9903482,NA,NA,NA,43488,43488,43488,209,400,209,144001,157016,144001,"Neg","Pos Early","Neg",157016,43488,400,"Pos Early",-0.060164386686637,-0.0600685326451819
0.0355912496870966,-0.0964356483810735,0.312569016195716,0.754726108985186,0.994893690307227,-5.03306100694665,100020409,"100020409","Cofactors and Vitamins","Ascorbate and Aldarate Metabolism",4553,"NAMED","FBFZPSQPKNIVMT-ZAFYKAAXSA-N","O=C1O[C@@]([C@@H](O)CO)([H])C(OS(=O)(O)=O)=C1O","ascorbic acid 3-sulfate*","ascorbic acid 3-sulfate*",NA,9600241,"HMDB0240641",NA,11425365,NA,NA,NA,63687,63687,63687,305,305,305,223113,223113,223113,"Polar","Polar","Polar",223113,63687,305,"Polar",0.0599081642994155,0.0598127184720664
-0.0638190036963814,-0.22974747645407,-0.30917099888499,0.757308057394959,0.994893690307227,-5.03370379000753,100001868,"100001868","Xenobiotics","Food Component/Plant",5295,"NAMED","KFDHKOFCRYUXLA-UHFFFAOYSA-N","C=CCC1=CC=C(OS(=O)(O)=O)C=C1","4-allylphenol sulfate","4-allylphenol sulfate",NA,NA,"HMDB0170765",NA,66633409,NA,NA,NA,37181,37181,37181,209,209,209,144354,144354,144354,"Neg","Neg","Neg",144354,37181,209,"Neg",-0.0592568874012095,-0.0591624791897365
-0.0810041354494483,-0.477815532353216,-0.305863226434893,0.759824045456146,0.994893690307227,-5.03432275658207,100001743,"100001743","Amino Acid","Tryptophan Metabolism",271,"NAMED","AOHCBEAZXHZMOR-ZDUSSCGKSA-N","O=C([O-])[C@@H]([N@+](C)(C)C)CC1=CNC2=C1C=CC=C2","tryptophan betaine","tryptophan betaine","20671-76-5",390633,"HMDB0061115","C09213",442106,NA,NA,NA,37097,37097,37097,400,400,400,156317,156317,156317,"Pos Early","Pos Early","Pos Early",156317,37097,400,"Pos Early",-0.0586229071756026,-0.0585295090229065
0.0372614771101077,-0.246885797106362,0.30579306746232,0.759877438129457,0.994893690307227,-5.03433581300154,241,"241","Amino Acid","Phenylalanine Metabolism",156,"NAMED","BTNMPGBKDVTSJY-UHFFFAOYSA-N","O=C(C(O)=O)CC1=CC=CC=C1","phenylpyruvate","phenylpyruvate","156-06-9",972,"HMDB0000205","C00166",997,NA,NA,NA,566,566,566,209,209,209,124529,124529,124529,"Neg","Neg","Neg",124529,566,209,"Neg",0.0586094602405636,0.0585160835115558
-0.0712205906243104,-0.545819773551882,-0.301312528519572,0.763289602570445,0.994893690307227,-5.03516343005189,826,"826","Carbohydrate","Pentose Metabolism",1306,"NAMED","PYMYPHUHKUWMLA-VPENINKCSA-N","O=C[C@@H]([C@H]([C@@H](CO)O)O)O","xylose","xylose","609-06-3",85957,"HMDB0000098","C00181",135191,NA,NA,NA,15581,15581,15581,305,305,305,146484,146484,146484,"Polar","Polar","Polar",146484,15581,305,"Polar",-0.0577507031366157,-0.0576586945814326
-0.067372910882839,-0.137223986947143,-0.300321348424873,0.764045063866564,0.994893690307227,-5.03534486527657,100001756,"100001756","Xenobiotics","Benzoate Metabolism",4728,"NAMED","DWZGLEPNCRFCEP-UHFFFAOYSA-N","O=S(OC1=CC=C(CC)C=C1)(O)=O","4-ethylphenylsulfate","4-ethylphenyl sulfate","123-07-9",NA,"HMDB0062551","C13637",20822574,NA,NA,NA,36099,36099,36099,209,209,209,144224,144224,144224,"Neg","Neg","Neg",144224,36099,209,"Neg",-0.0575607297966915,-0.0574690239074774
0.0702220571261112,0.050576570110488,0.299275367258169,0.764842537944002,0.994893690307227,-5.03553568380067,100002417,"100002417","Xenobiotics","Food Component/Plant",4978,"NAMED","JTEYKUFKXGDTEU-UHFFFAOYSA-N","OC(C(O)C(C)(O)C)=O","2,3-dihydroxyisovalerate","2,3-dihydroxyisovalerate","1756-18-9",657,"HMDB0012141","C04039",677,NA,NA,NA,38276,38276,38276,305,305,305,152194,152194,152194,"Polar","Polar","Polar",152194,38276,305,"Polar",0.0573602530752567,0.0572688665860237
0.0569952171029451,0.231158474986959,0.298196314972635,0.765665488078684,0.994893690307227,-5.0357318381462,100020515,"100020515","Xenobiotics","Chemical",6390,"NAMED","HXEZIDSFDHEIIQ-UHFFFAOYSA-N","O=S(OC1=CC=C(C=CC=C2)C2=C1)(O)=O","2-naphthol sulfate","2-naphthol sulfate",NA,67020,"HMDB0242152",NA,74428,NA,NA,NA,62520,62520,62520,209,209,209,219835,219835,219835,"Neg","Neg","Neg",219835,62520,209,"Neg",0.0571534378176339,0.0570623808269526
-0.0227075583183114,-0.067309350997758,-0.295465867707626,0.767749074221417,0.994893690307227,-5.0362250261864,100000282,"100000282","Amino Acid","Glutamate Metabolism",49,"NAMED","RFMMMVDNIPUKGG-YFKPBYRVSA-N","O=C(O)CC[C@@H](C(O)=O)NC(C)=O","N-acetylglutamate","N-acetylglutamate","1430871",1266066,"HMDB0001138","C00624",70914,NA,NA,NA,15720,15720,15720,305,400,305,164302,155584,164302,"Polar","Pos Early","Polar",164302,15720,305,"Polar",-0.0566301099287921,-0.0565398867053262
0.0783616736578521,-0.106751731153286,0.293118127383479,0.769541966583474,0.994893690307227,-5.03664546181353,100021363,"100021363","Xenobiotics","Food Component/Plant",5425,"NAMED","LOODYTDRRBLQNH-UHFFFAOYSA-N","OC1=CC=C(C=C1OC)C(NCC(O)=O)=O","vanilloylglycine","vanilloylglycine",NA,2340857,"HMDB0060026",NA,3083688,NA,NA,NA,63853,63853,63853,209,209,209,223434,223434,223434,"Neg","Neg","Neg",223434,63853,209,"Neg",0.0561801331051671,0.056090626785828
0.0440713123287615,0.0832148881844374,0.270130142310326,0.787161045307225,0.994893690307227,-5.04058503905523,100021530,"100021530","Amino Acid","Methionine, Cysteine, SAM and Taurine Metabolism",468,"NAMED","CAMXXPUSAROUCX-BYPYZUCNSA-N","SC[C@@H](C(O)=O)NCCC(O)=O","S-carboxyethylcysteine","S-carboxyethylcysteine","4033-46-9",19955529,"HMDB0246645",NA,NA,NA,NA,NA,64177,64177,64177,400,400,400,236998,236998,236998,"Pos Early","Pos Early","Pos Early",236998,64177,400,"Pos Early",0.0517741686131118,0.0516916818866969
0.0419957342630876,-0.123747142962001,0.265099060641798,0.791032067836914,0.994893690307227,-5.04140436852879,100021467,"100021467","Partially Characterized Molecules","Partially Characterized Molecules",6731,"NAMED",NA,NA,"pentose acid*","pentose acid*",NA,NA,NA,NA,NA,NA,NA,NA,63264,63264,63264,305,305,305,222194,222194,222194,"Polar","Polar","Polar",222194,63264,305,"Polar",0.0508098924002283,0.0507289419609289
-0.0433083667581642,-0.332456006579477,-0.260009523826068,0.79495333225011,0.994893690307227,-5.04221755046958,100003679,"100003679","Peptide","Dipeptide",975,"NAMED","AFWBWPCXSWUCLB-WDSKDSINSA-N","O=[C@]([C@H]1NCCC1)N[C@@H](CO)C(O)=O","prolylserine","prolylserine","71835-80-8",5730995,"HMDB0029026",NA,18218236,NA,NA,NA,40714,40714,40714,400,400,400,156796,156796,156796,"Pos Early","Pos Early","Pos Early",156796,40714,400,"Pos Early",-0.0498344124519094,-0.0497550161495431
-0.0240058790467936,-0.0937707324642622,-0.255986900808483,0.798056271251589,0.994893690307227,-5.04284911680529,100001295,"100001295","Peptide","Gamma-glutamyl Amino Acid",664,"NAMED","CATMPQFFVNKDEY-AAEUAGOBSA-N","O=C(O)[C@@H](N)CCC(N[C@@H](CC1=CNC2=C1C=CC=C2)C(O)=O)=O","gamma-glutamyltryptophan","gamma-glutamyltryptophan","66471-20-3",2302065,"HMDB0029160",NA,3989307,NA,NA,NA,33947,33947,33947,400,209,400,156045,126107,156045,"Pos Early","Neg","Pos Early",156045,33947,400,"Pos Early",-0.0490634212526371,-0.0489852532952511
0.0475316908716716,-0.219799565997,0.255513182281772,0.798421896157362,0.994893690307227,-5.04292284443867,100001315,"100001315","Xenobiotics","Benzoate Metabolism",4757,"NAMED","WGNAKZGUSRVWRH-UHFFFAOYSA-N","O=S(OC1=CC=C(C)C=C1)(O)=O","p-cresol sulfate","p-cresol sulfate","3233-57-7",3806480,"HMDB0011635",NA,4615423,NA,NA,NA,36103,36103,36103,209,209,209,143727,143727,143727,"Neg","Neg","Neg",143727,36103,209,"Neg",0.0489726265613549,0.0488946032582832
-0.0915399201553022,-0.591956935438507,-0.248735470306299,0.803657879653532,0.994893690307227,-5.04396275041564,849,"849","Xenobiotics","Xanthine Metabolism",4795,"NAMED","RYYVLZVUVIJVGH-UHFFFAOYSA-N","O=C(N(C)C1=C2N(C)C=N1)N(C)C2=O","caffeine","caffeine","58-08-2",2424,"HMDB0001847","C07481",2519,NA,NA,NA,569,569,569,400,400,400,155325,155325,155325,"Pos Early","Pos Early","Pos Early",155325,569,400,"Pos Early",-0.0476735845528325,-0.0475976308865242
0.0190384050809251,-0.0317407639293009,0.248482905247812,0.80385316608308,0.994893690307227,-5.0440009614326,1215,"1215","Carbohydrate","Aminosugar Metabolism",1470,"NAMED","YTTRPBWEMMPYSW-VFFCQLMOSA-N","O[C@H]1[C@H](O)[C@@H](CO)O[C@@H](NC(CC(N)C(O)=O)=O)[C@@H]1NC(C)=O","N-acetylglucosaminylasparagine","N-acetylglucosaminylasparagine","2776-93-4",21403014,"HMDB0000489","C04540",123826,NA,NA,NA,48149,48149,48149,400,400,400,157725,157725,157725,"Pos Early","Pos Early","Pos Early",157725,48149,400,"Pos Early",0.0476251769748701,0.0475493004316281
0.0336914173849943,-0.199965807713051,0.24243521028329,0.808532958531052,0.994893690307227,-5.04490433793282,100001293,"100001293","Amino Acid","Histidine Metabolism",76,"NAMED","KBOJOGQFRVVWBH-ZETCQYMHSA-N","OC([C@@H](NC(C)=O)CC1=CNC=N1)=O","N-acetylhistidine","N-acetylhistidine","39145-52-3",68142,"HMDB0032055","C02997",75619,NA,NA,NA,33946,33946,33946,400,305,209,156044,147200,126105,"Pos Early","Polar","Neg",156044,33946,400,"Pos Early",0.0464660527981459,0.0463920229742509
-0.0524997438144781,-0.42249052286298,-0.240569703111157,0.809977910109092,0.994893690307227,-5.04517850825542,100006651,"100006651","Xenobiotics","Food Component/Plant",5358,"NAMED","VFMNSFWBDMRNLJ-UHFFFAOYSA-N","OC(CC1C(CCC)C1)=O","trans-3,4-methyleneheptanoate","trans-3,4-methyleneheptanoate",NA,NA,NA,NA,NA,NA,NA,NA,53026,53026,53026,209,209,209,166148,166148,166148,"Neg","Neg","Neg",166148,53026,209,"Neg",-0.0461085026112141,-0.0460350424371123
0.0199171299492363,0.0549353312521876,0.23675078987387,0.812937917693892,0.994893690307227,-5.04573316376907,1001,"1001","Amino Acid","Urea cycle; Arginine and Proline Metabolism",522,"NAMED","PMMYEEVYMWASQN-DMTCNVIQSA-N","O[C@@H]1C[C@@H](C(O)=O)NC1","trans-4-hydroxyproline","hydroxyproline","51-35-4",5605,"HMDB0000725","C01157",5810,NA,NA,NA,32306,32306,32306,400,400,400,155905,155905,155905,"Pos Early","Pos Early","Pos Early",155905,32306,400,"Pos Early",0.0453765552018095,0.0453042611680307
0.0718918098071512,-0.163222967985299,0.234355900749089,0.814795547079182,0.994893690307227,-5.04607646847927,100020377,"100020377","Xenobiotics","Food Component/Plant",5431,"NAMED","WYUFTYLVLQZQNH-JAJWTYFOSA-N","O[C@H]([C@H]1O)[C@@H]([C@@H](CO)O[C@H]1OCC)O","ethyl beta-glucopyranoside","ethyl beta-glucopyranoside",NA,108559,"HMDB0029968",NA,121667,NA,NA,NA,64131,64131,64131,209,209,209,233912,233912,233912,"Neg","Neg","Neg",233912,64131,209,"Neg",0.0449175416600564,0.0448459789277249
-0.0189209605215329,-0.0589013729823957,-0.234239058291202,0.814886204381956,0.994893690307227,-5.04609312844188,1090,"1090","Cofactors and Vitamins","Hemoglobin and Porphyrin Metabolism",4612,"NAMED","BPYKTIZUTYGOLE-KDUUSRDASA-N","CC(C(N\1)=O)=C(C=C)C1=C/C2=C(C)C(CCC(O)=O)=C(CC3=C(CCC(O)=O)C(C)=C(/C=C4NC(C(C=C)=C/4C)=O)N3)N2","bilirubin (Z,Z)","bilirubin","635-65-4",4444055,"HMDB0000054","C00486",5280352,NA,NA,NA,43807,43807,43807,402,402,402,159596,159596,159596,"Pos Late","Pos Late","Pos Late",159596,43807,402,"Pos Late",-0.0448951471909902,-0.0448236201375792
-0.0311376799923905,-0.165207868350995,-0.23290571129558,0.815920915365988,0.994893690307227,-5.04628265530461,100022014,"100022014","Partially Characterized Molecules","Partially Characterized Molecules",6758,"NAMED",NA,NA,"bilirubin degradation product, C16H18N2O5 (3)**","bilirubin degradation product, C16H18N2O5 (3)**",NA,NA,NA,NA,NA,NA,NA,NA,64414,64414,64414,209,209,209,237567,237567,237567,"Neg","Neg","Neg",237567,64414,209,"Neg",-0.0446395928438126,-0.0445684729401846
0.042046549292174,-0.281467330146742,0.230603636253204,0.817708140539828,0.994893690307227,-5.04660733489938,100001604,"100001604","Xenobiotics","Drug - Topical Agents",6179,"NAMED","FPXPQMOQWJZYBL-UHFFFAOYSA-N","OC1=CC=C(C=C1)OS(=O)(O)=O","hydroquinone sulfate","hydroquinone sulfate","123-31-9",141624,"HMDB0240263","C00530",161220,NA,NA,NA,35322,35322,35322,209,209,209,144222,144222,144222,"Neg","Neg","Neg",144222,35322,209,"Neg",0.0441983684014581,0.0441279514576427
0.0179211874743709,-0.0101416674997372,0.219145314494373,0.826617818852724,0.994893690307227,-5.04817542711692,98,"98","Amino Acid","Tryptophan Metabolism",279,"NAMED","HCZHHEIFKROPDY-UHFFFAOYSA-N","OC1=C(C=CC=C2)C2=NC(C(O)=O)=C1","kynurenate","kynurenate","492-27-3",3712,"HMDB0000715","C01717",3845,NA,NA,NA,1417,1417,1417,209,209,209,124553,124553,124553,"Neg","Neg","Neg",124553,1417,209,"Neg",0.0420022229521158,0.0419353049123621
0.0159748498640563,0.0777174899679337,0.209348005364087,0.834253777567074,0.994893690307227,-5.04945285506572,100000961,"100000961","Amino Acid","Urea cycle; Arginine and Proline Metabolism",502,"NAMED","QUOGESRFPZDMMT-YFKPBYRVSA-N","N[C@H](C(O)=O)CCCCNC(N)=N","homoarginine","homoarginine","156-86-5",8732,"HMDB0000670","C01924",9085,NA,NA,NA,22137,22137,22137,400,400,400,155792,155792,155792,"Pos Early","Pos Early","Pos Early",155792,22137,400,"Pos Early",0.0401244334891262,0.0400605071479327
0.0542840772817851,-0.5322245501208,0.199708257159006,0.841782266015476,0.994893690307227,-5.05065273762241,798,"798","Nucleotide","Purine Metabolism, Adenine containing",4349,"NAMED","OIRDTQYFTABQOQ-KQYNXXCUSA-N","NC1=NC=NC2=C1N=CN2[C@@]3([H])[C@@](O)([H])[C@@](O)([H])[C@](CO)([H])O3","adenosine","adenosine","58-61-7",54923,"HMDB0000050","C00212",60961,NA,NA,NA,555,555,555,209,209,209,124777,124777,124777,"Neg","Neg","Neg",124777,555,209,"Neg",0.038276842751235,0.0382158599959223
0.0530638374465204,-0.596300801866366,0.192612339225172,0.847333387803194,0.994893690307227,-5.05149985458766,100000437,"100000437","Xenobiotics","Xanthine Metabolism",4798,"NAMED","ZFXYFBGIUFBOJW-UHFFFAOYSA-N","O=C(N1C)C(N=CN2)=C2N(C)C1=O","theophylline","theophylline","58-55-9",2068,"HMDB0001889","C07130",2153,NA,NA,NA,18394,18394,18394,209,209,400,125760,125760,155669,"Neg","Neg","Pos Early",155669,18394,400,"Pos Early",0.0369168121806774,0.0368579962292477
-0.0238561131363721,-0.142442512552956,-0.181019643093652,0.856418569125614,0.994893690307227,-5.05281788696384,100022015,"100022015","Partially Characterized Molecules","Partially Characterized Molecules",6759,"NAMED",NA,NA,"bilirubin degradation product, C16H18N2O5 (4)**","bilirubin degradation product, C16H18N2O5 (4)**",NA,NA,NA,NA,NA,NA,NA,NA,64415,64415,64415,209,209,209,237569,237569,237569,"Neg","Neg","Neg",237569,64415,209,"Neg",-0.0346949120289188,-0.0346396360140028
0.0174174578499343,-0.0230651938688573,0.176488392332324,0.85997496693617,0.994893690307227,-5.05331083909066,2054,"2054","Amino Acid","Leucine, Isoleucine and Valine Metabolism",414,"NAMED","UKFXDFUAPNAMPJ-UHFFFAOYSA-N","CCC(C(O)=O)C(O)=O","ethylmalonate","ethylmalonate","601-75-2",11263,"HMDB0000622",NA,11756,NA,NA,NA,15765,15765,15765,305,305,305,147158,147158,147158,"Polar","Polar","Polar",147158,15765,305,"Polar",0.0338264353052965,0.033772542949526
-0.041417435015868,-0.345459968280458,-0.175182781791348,0.861000220584106,0.994893690307227,-5.05345055710271,100001400,"100001400","Xenobiotics","Xanthine Metabolism",4799,"NAMED","QFDRTQONISXGJA-UHFFFAOYSA-N","CN1C(NC(N2)=C(C1=O)NC2=O)=O","1-methylurate","1-methylurate","708-79-2",62926,"HMDB0003099","C16359",69726,NA,NA,NA,34395,34395,34395,400,400,400,156098,156098,156098,"Pos Early","Pos Early","Pos Early",156098,34395,400,"Pos Early",-0.0335761970323166,-0.0335227033567473
-0.0185455997347264,-0.0359759429271309,-0.1712428218493,0.864095560737776,0.994893690307227,-5.05386589806603,100022007,"100022007","Partially Characterized Molecules","Partially Characterized Molecules",6755,"NAMED",NA,NA,"bilirubin degradation product, C17H18N2O4 (3)**","bilirubin degradation product, C17H18N2O4 (3)**",NA,NA,NA,NA,NA,NA,NA,NA,64408,64408,64408,209,209,209,237541,237541,237541,"Neg","Neg","Neg",237541,64408,209,"Neg",-0.0328210493519287,-0.0327687587794084
0.0144073767469711,-0.0789891555469277,0.168600620804525,0.866172521236633,0.994893690307227,-5.05413914101916,338,"338","Xenobiotics","Food Component/Plant",5011,"NAMED","RGHNJXZEOKUKBD-SQOUGZDYSA-N","OC([C@H](O)[C@@H](O)[C@H](O)[C@H](O)CO)=O","gluconate","gluconate","527-07-1",10240,"HMDB0000625","C00257",106903085666,NA,NA,NA,587,587,587,305,305,305,147098,147098,147098,"Polar","Polar","Polar",147098,587,305,"Polar",0.0323146350686801,0.0322631513165792
0.0308291709834052,-0.287946207771254,0.166914058752328,0.86749876623452,0.994893690307227,-5.05431133535762,100000014,"100000014","Xenobiotics","Benzoate Metabolism",4666,"NAMED","QIAFMBKCNZACKA-UHFFFAOYSA-N","O=C(C1=CC=CC=C1)NCC(O)=O","hippurate","hippurate","495-69-2",451,"HMDB0000714","C01586",464,NA,NA,NA,15753,15753,15753,209,209,209,124647,124647,124647,"Neg","Neg","Neg",124647,15753,209,"Neg",0.031991382182793,0.0319404134379452
-0.0251066072012389,-0.104842318650808,-0.164987290465664,0.869014357371387,0.994893690307227,-5.05450593596197,100001605,"100001605","Xenobiotics","Benzoate Metabolism",4703,"NAMED","MZPWKJZDOCIALD-UHFFFAOYSA-N","O=S(OC1=C(O)C=CC=C1)(O)=O","catechol sulfate","catechol sulfate","4918-96-1",2341024,"HMDB0059724",NA,3083879,NA,NA,NA,35320,35320,35320,209,209,209,143730,143730,143730,"Neg","Neg","Neg",143730,35320,209,"Neg",-0.0316220904580748,-0.0315717100696658
-0.0437449746376977,-0.529748169197401,-0.158111980294817,0.87442635538919,0.994893690307227,-5.05518191856159,100000453,"100000453","Xenobiotics","Xanthine Metabolism",4796,"NAMED","QUNWUDVFRNGTCO-UHFFFAOYSA-N","O=C(N2C)NC1=C(N(C)C=N1)C2=O","paraxanthine","paraxanthine","611-59-6",4525,"HMDB0001860","C13747",4687,NA,NA,NA,18254,18254,18254,209,209,209,124653,124653,124653,"Neg","Neg","Neg",124653,18254,209,"Neg",-0.0303043424088995,-0.0302560614597616
-0.0529864401187502,0.0552168531225838,-0.155757956978676,0.876280725994403,0.994893690307227,-5.05540675637085,100003432,"100003432","Xenobiotics","Food Component/Plant",5085,"NAMED","BOLQJTPHPSDZHR-UHFFFAOYSA-N","O=C(CCC1=CC=C(O)C(OC)=C1)O","dihydroferulate","dihydroferulate","1135-23-5",13701,"HMDB0062121",NA,14340,NA,NA,NA,40481,40481,40481,209,209,209,143017,143017,143017,"Neg","Neg","Neg",143017,40481,209,"Neg",-0.0298531613631758,-0.0298055992367342
-0.0184508267023771,0.0281307547168996,-0.153919181913182,0.877729686663001,0.994893690307227,-5.05558003592922,171,"171","Nucleotide","Purine Metabolism, (Hypo)Xanthine/Inosine containing",4323,"NAMED","FDGQSTZJBFJUBT-UHFFFAOYSA-N","O=C1C(N=CN2)=C2N=CN1","hypoxanthine","hypoxanthine","68-94-0",768,"HMDB0000157","C00262",790135398638,NA,NA,NA,3127,3127,3127,209,400,209,124615,155485,124615,"Neg","Pos Early","Neg",155485,3127,400,"Pos Early",-0.0295007347532897,-0.0294537341137465
-0.0471177268150318,-0.125690394171653,-0.145687840148196,0.884220978780411,0.994893690307227,-5.05633050684222,100006171,"100006171","Xenobiotics","Food Component/Plant",5329,"NAMED","XWAZTQUZONPJEW-UHFFFAOYSA-N","COC1=CC(CC=C)=CC=C1OS(=O)(O)=O","eugenol sulfate","eugenol sulfate","95480-60-7",157181,NA,NA,180632,NA,NA,NA,48715,48715,48715,209,209,209,155107,155107,155107,"Neg","Neg","Neg",155107,48715,209,"Neg",-0.0279230845406638,-0.0278785974171259
0.0138215368165118,-0.0895618451079126,0.144673457466309,0.885021476630302,0.994893690307227,-5.05642013682405,100001612,"100001612","Amino Acid","Glutamate Metabolism",57,"NAMED","OPVPGKGADVGKTG-UHFFFAOYSA-N","CC(NC(C(NC(CCC(O)=O)C(O)=O)=O)CC(O)=O)=O","N-acetyl-aspartyl-glutamate (NAAG)","N-acetyl-aspartyl-glutamate (NAAG)","3106-85-2",5065,"HMDB0001067","C12270",188803,NA,NA,NA,35665,35665,35665,400,400,400,156223,156223,156223,"Pos Early","Pos Early","Pos Early",156223,35665,400,"Pos Early",0.0277286641047915,0.0276844867323462
0.0318432967688309,-0.386770314949651,0.137797510418036,0.89045067672758,0.994893690307227,-5.05701118151429,100001925,"100001925","Peptide","Dipeptide",782,"NAMED","SZJNCZMRZAUNQT-IUCAKERBSA-N","O=C(N[C@H]1CC(C)C)[C@H]2N(CCC2)C1=O","cyclo(leu-pro)","cyclo(leu-pro)","2873-36-1",5428292,"HMDB0034276",NA,7074739,NA,NA,NA,37104,37104,37104,400,400,400,156323,156323,156323,"Pos Early","Pos Early","Pos Early",156323,37104,400,"Pos Early",0.0264107939892708,0.0263687162505731
0.0125607548772517,-0.149560041783133,0.133591445325419,0.89377431412577,0.994893690307227,-5.05735854472971,100001413,"100001413","Nucleotide","Pyrimidine Metabolism, Cytidine containing",4459,"NAMED","NIDVTARKFBZMOT-PEBGCTIMSA-N","O[C@]1([H])[C@@](O)([H])[C@](CO)([H])O[C@]1(N2C(N=C(NC(C)=O)C=C2)=O)[H]","N4-acetylcytidine","N4-acetylcytidine","3768-18-1",96702,"HMDB0005923",NA,107461,NA,NA,NA,35130,35130,35130,400,209,400,156149,126964,156149,"Pos Early","Neg","Pos Early",156149,35130,400,"Pos Early",0.0256046435854677,0.025563850207477
-0.0116764817301187,-0.0673836478459566,-0.13304673332435,0.89420488426467,0.994893690307227,-5.05740274303823,100016038,"100016038","Amino Acid","Polyamine Metabolism",560,"NAMED","MQTAVJHICJWXBR-UHFFFAOYSA-N","CC(NCCCNCCCCN)=O","(N(1) + N(8))-acetylspermidine","(N(1) + N(8))-acetylspermidine",NA,NA,"HMDB0002189,HMDB0001276","C01029,C00612",496123689,NA,NA,NA,57814,57814,57814,400,400,400,213597,213597,213597,"Pos Early","Pos Early","Pos Early",213597,57814,400,"Pos Early",-0.0255002420153662,-0.025459614970201
-0.0328744565266312,0.0741102457444005,-0.126442641792514,0.899427569127263,0.994893690307227,-5.05792423792331,100005367,"100005367","Xenobiotics","Food Component/Plant",5023,"NAMED","CCCNUHFRBBIFHO-CVSPRKDYSA-N","C=CCS(C[C@H](NC(C)=O)C(O)=O)=O","N-acetylalliin","N-acetylalliin",NA,NA,"HMDB0242184",NA,NA,NA,NA,NA,45404,45404,45404,209,400,400,144585,157091,157091,"Neg","Pos Early","Pos Early",157091,45404,400,"Pos Early",-0.0242344767602141,-0.0241958663352111
0.0302321962620606,-0.378970906220086,0.121147209716005,0.903618500663155,0.994893690307227,-5.05832321990784,100002122,"100002122","Xenobiotics","Benzoate Metabolism",4672,"NAMED","XDOFWFNMYJRHEW-UHFFFAOYSA-N","O=C(C1=CC=CC(O)=C1)NCC(O)=O","3-hydroxyhippurate","3-hydroxyhippurate","1637-75-8",396603,"HMDB0006116",NA,450268,NA,NA,NA,39600,39600,39600,209,209,209,141918,141918,141918,"Neg","Neg","Neg",141918,39600,209,"Neg",0.0232195341445415,0.0231825407284854
-0.0287424781129346,-0.456816615176737,-0.119383100303363,0.905015263036556,0.994893690307227,-5.05845234639118,100020851,"100020851","Xenobiotics","Food Component/Plant",5103,"NAMED","NUPWKYZXNXCOHY-UHFFFAOYSA-N","CCC1=C(OS(=O)(O)=O)C(O)=CC=C1","3-ethylcatechol sulfate (1)","3-ethylcatechol sulfate (1)",NA,NA,NA,NA,NA,NA,NA,NA,62796,62796,62796,209,209,209,220411,220411,220411,"Neg","Neg","Neg",220411,62796,209,"Neg",-0.0228814182371461,-0.0228449635081437
0.00842072453936729,0.042183723104131,0.11142355664833,0.911320963671805,0.994893690307227,-5.05901140550654,1442,"1442","Amino Acid","Leucine, Isoleucine and Valine Metabolism",370,"NAMED","AXFYFNCPONWUHW-UHFFFAOYSA-N","CC(C)(O)CC(O)=O","beta-hydroxyisovalerate","beta-hydroxyisovalerate","625-08-1",62571,"HMDB0000754",NA,69362,NA,NA,NA,12129,12129,12129,209,209,209,126017,126017,126017,"Neg","Neg","Neg",126017,12129,209,"Neg",0.0213558618821441,0.0213218376730913
0.0317266685844517,-0.395705768919324,0.108375792793643,0.913736965186797,0.994893690307227,-5.05921526470988,100001397,"100001397","Xenobiotics","Xanthine Metabolism",4804,"NAMED","BYXCFUMGEBZDDI-UHFFFAOYSA-N","CN(C(N1C)=O)C(NC2=O)=C(N2C)C1=O","1,3,7-trimethylurate","1,3,7-trimethylurate","5415-44-1",71754,"HMDB0002123","C16361",79437,NA,NA,NA,34404,34404,34404,209,209,209,126930,126930,126930,"Neg","Neg","Neg",126930,34404,209,"Neg",0.0207717158910454,0.0207386223447505
-0.029286425824448,-0.147483856241613,-0.10621305996443,0.915451877563638,0.994893690307227,-5.05935649675803,100002613,"100002613","Cofactors and Vitamins","Pantothenate and CoA Metabolism",4539,"NAMED","OTOIIPJYVQJATP-BYPYZUCNSA-N","OC([C@H](O)C(C)(C)CO)=O","pantoate","pantoate","470-29-1",388387,"HMDB0240389","C00522",5289105,NA,NA,NA,63061,63061,63061,209,209,209,221678,221678,221678,"Neg","Neg","Neg",221678,63061,209,"Neg",-0.0203571983062726,-0.0203247651703625
-0.0211938768542401,-0.49406711419528,-0.100668075156841,0.919850489267403,0.994893690307227,-5.05970559314973,100000447,"100000447","Amino Acid","Tyrosine Metabolism",225,"NAMED","WXTMDXOMEHJXQO-UHFFFAOYSA-N","O=C(O)C1=CC(O)=CC=C1O","gentisate","gentisate","490-79-9",3350,"HMDB0000152","C00628",3469,NA,NA,NA,18280,18280,18280,209,305,209,123281,152144,123281,"Neg","Polar","Neg",152144,18280,305,"Polar",-0.0192944254667446,-0.0192636855430058
-0.0235330741791504,-0.336515627725363,-0.100622989000848,0.9198862645534,0.994893690307227,-5.0597083549511,100000276,"100000276","Carbohydrate","Glycogen Metabolism",1336,"NAMED","FYGDTMLNYKFZSV-DZOUCCHMSA-N","O[C@H]1[C@H](O)[C@@H](CO)O[C@H](O[C@@H]2[C@@H](CO)O[C@H](O[C@@H]3[C@@H](CO)OC(O)[C@H](O)[C@H]3O)[C@H](O)[C@H]2O)[C@@H]1O","maltotriose","maltotriose","1109-28-0",388669,"HMDB0001262","C01835",439586,NA,NA,NA,44688,44688,44688,209,209,305,126149,126149,147873,"Neg","Neg","Polar",147873,44688,305,"Polar",-0.0192857840829193,-0.0192550579266533
-0.0165271623980628,-0.167379827462542,-0.0995604933420265,0.920729388126113,0.994893690307227,-5.05977308117438,100021709,"100021709","Partially Characterized Molecules","Partially Characterized Molecules",6741,"NAMED","FQSFPMAZIOPKLO-JXMROGBWSA-N","OC(/C=C/CCCC(C)CCCC)=O","branched-chain, straight-chain, or cyclopropyl 12:1 fatty acid*","branched-chain, straight-chain, or cyclopropyl 12:1 fatty acid*",NA,NA,NA,NA,NA,NA,NA,NA,63683,63683,63683,209,209,209,223108,223108,223108,"Neg","Neg","Neg",223108,63683,209,"Neg",-0.0190821421312287,-0.0190517404177961
0.00910497968527772,-0.0391154933101241,0.0939026272940845,0.925220563816284,0.994893690307227,-5.06010618255217,250,"250","Cofactors and Vitamins","Hemoglobin and Porphyrin Metabolism",4615,"NAMED","QBUVFDKTZJNUPP-YBRAVLHJSA-N","CC1=C(/C=C(N2)/C(C=C)=C(C)C2=O)NC(/C=C3C(CCC(O)=O)=C(C)C(/C=C(N4)\C(C)=C(C=C)C4=O)=N\3)=C1CCC(O)=O","biliverdin","biliverdin","55482-27-4,55482-27-4",10628548,"HMDB0001008","C00500",5280353,NA,NA,NA,2137,2137,2137,402,402,402,158009,158009,158009,"Pos Late","Pos Late","Pos Late",158009,2137,402,"Pos Late",0.0179977340446257,0.0179690600126905
0.0189710682307826,0.0399522175051253,0.0870060071178917,0.930698273610258,0.994893690307227,-5.06048586669985,100005864,"100005864","Xenobiotics","Food Component/Plant",5297,"NAMED","HOVAGTYPODGVJG-ZFYZTMLRSA-N","O[C@H]1[C@@H]([C@H]([C@H](O[C@@H]1CO)OC)O)O","methyl glucopyranoside (alpha + beta)","methyl glucopyranoside (alpha + beta)",NA,NA,"HMDB0029965",NA,44523830367432096,NA,NA,NA,46144,46144,46144,209,209,209,144231,144231,144231,"Neg","Neg","Neg",144231,46144,209,"Neg",0.0166759016389232,0.0166493335534656
0.00924517164471383,-0.100138219877231,0.0851624861602497,0.932163077254128,0.994893690307227,-5.0605824561016,100022006,"100022006","Partially Characterized Molecules","Partially Characterized Molecules",6754,"NAMED",NA,NA,"bilirubin degradation product, C17H18N2O4 (2)**","bilirubin degradation product, C17H18N2O4 (2)**",NA,NA,NA,NA,NA,NA,NA,NA,64407,64407,64407,209,209,209,237539,237539,237539,"Neg","Neg","Neg",237539,64407,209,"Neg",0.0163225654133305,0.0162965602639731
0.0103431550150395,0.126374471950041,0.0847884076014214,0.93246033656594,0.994893690307227,-5.06060180312671,1025,"1025","Amino Acid","Lysine Metabolism",134,"NAMED","HXEACLLIILLPRG-UHFFFAOYSA-N","OC(C1NCCCC1)=O","pipecolate","pipecolate","4043-87-2",NA,"HMDB0000070",NA,NA,NA,NA,NA,1444,1444,1444,400,400,400,155369,155369,155369,"Pos Early","Pos Early","Pos Early",155369,1444,400,"Pos Early",0.0162508680965717,0.0162249771755469
-0.0142651608841131,-0.207592449092731,-0.0838474536568892,0.93320810171507,0.994893690307227,-5.06065009191979,100002241,"100002241","Xenobiotics","Xanthine Metabolism",4800,"NAMED","YHNNPKUFPWLTOP-UHFFFAOYSA-N","CN(C1=C(N2)NC(NC1=O)=O)C2=O","7-methylurate","7-methylurate","612-37-3",62375,"HMDB0011107","C16355",69160,NA,NA,NA,39598,39598,39598,400,400,400,156601,156601,156601,"Pos Early","Pos Early","Pos Early",156601,39598,400,"Pos Early",-0.0160705212912699,-0.0160449176991967
-0.0105363516693858,-0.169003396008884,-0.0834327241200123,0.933537701256729,0.994893690307227,-5.06067120432057,100001103,"100001103","Amino Acid","Glutamate Metabolism",56,"NAMED","ZGEYCCHDTIDZAE-UHFFFAOYSA-N","O=C(CCC(C(O)=O)N)OC","glutamate, gamma-methyl ester","glutamate, gamma-methyl ester","1499-55-4,1499-55-4",66546,"HMDB0061715",NA,68662,NA,NA,NA,33487,33487,33487,400,400,400,156024,156024,156024,"Pos Early","Pos Early","Pos Early",156024,33487,400,"Pos Early",-0.0159910326537285,-0.0159655557031384
-0.0276163445599364,-0.217047968806624,-0.0806271399575143,0.935767690787861,0.994893690307227,-5.060811277218,100005389,"100005389","Xenobiotics","Food Component/Plant",5107,"NAMED","PZPATWACAAOHTJ-HWKANZROSA-N","COC1=C(OS(O)(=O)=O)C=CC(/C=C/C(O)=O)=C1","ferulic acid 4-sulfate","ferulic acid 4-sulfate","86321-29-1",4878542,"HMDB0029200",NA,6305574,NA,NA,NA,47114,47114,47114,209,209,209,149387,149387,149387,"Neg","Neg","Neg",149387,47114,209,"Neg",-0.0154533037418599,-0.0154286835022287
-0.00565236442001102,-0.0675805544936191,-0.0782377150147108,0.937667299662801,0.994893690307227,-5.06092679534713,100000580,"100000580","Carbohydrate","Glycolysis, Gluconeogenesis, and Pyruvate Metabolism",1259,"NAMED","MPCAJMNYNOGXPB-SLPGGIOYSA-N","O[C@@H]1[C@@H](CO)OC[C@H](O)[C@H]1O","1,5-anhydroglucitol (1,5-AG)","1,5-anhydroglucitol (1,5-AG)","154-58-5",NA,"HMDB0002712","C07326",64960,NA,NA,NA,20675,20675,20675,209,209,209,123293,123293,123293,"Neg","Neg","Neg",123293,20675,209,"Neg",-0.0149953374859692,-0.014971446879247
-0.00663010089045177,0.00781547452917259,-0.0686228135275619,0.945314697161588,0.994893690307227,-5.06135650967038,100000257,"100000257","Carbohydrate","Aminosugar Metabolism",1446,"NAMED","AEMOLEFTQBMNLQ-QIUUJYRFSA-N","O[C@@H]1O[C@H]([C@](O)=O)[C@@H](O)[C@H](O)[C@H]1O","glucuronate","glucuronate","207300-70-7",58552,"HMDB0000127","C16245",4.41478236779769e+29,NA,NA,NA,15443,15443,15443,305,305,305,146478,146478,146478,"Polar","Polar","Polar",146478,15443,305,"Polar",-0.0131525089643664,-0.0131315543563509
0.0125098110750806,-0.266561925869375,0.0672411950088698,0.946414026162036,0.994893690307227,-5.06141363429377,100008951,"100008951","Peptide","Dipeptide",1073,"NAMED","KFKWRHQBZQICHA-UHFFFAOYSA-N","CC(CC(N)C(NC(C(O)=O)CC1=CC=CC=C1)=O)C","leucylphenylalanine/isoleucylphenylalanine","leucylphenylalanine/isoleucylphenylalanine",NA,NA,"HMDB0013243,HMDB0028914",NA,4357286992310,NA,NA,NA,52415,52415,52415,209,209,209,164540,164540,164540,"Neg","Neg","Neg",164540,52415,209,"Neg",0.0128877027138163,0.0128671699957379
0.0171940086957498,-0.505250647903827,0.0634951837155619,0.949395168744401,0.994893690307227,-5.06156267218067,100001399,"100001399","Xenobiotics","Xanthine Metabolism",4802,"NAMED","NOFNCLGCUJJPKU-UHFFFAOYSA-N","CN1C(NC(N2)=C(C1=O)N(C)C2=O)=O","1,7-dimethylurate","1,7-dimethylurate","33868-03-0",82720,"HMDB0011103","C16356",91611,NA,NA,NA,34400,34400,34400,209,209,209,126924,126924,126924,"Neg","Neg","Neg",126924,34400,209,"Neg",0.0121697279677639,0.0121503391287287
-0.0097966893888839,-0.00300693659139815,-0.0616822549067298,0.950838187507496,0.994893690307227,-5.06163173405395,100003415,"100003415","Amino Acid","Lysine Metabolism",117,"NAMED","PQNASZJZHFPQLE-LURJTMIESA-N","O=C([C@H](CCCCNC)N)O","N6-methyllysine","N6-methyllysine","1188-07-4",144469,"HMDB0002038","C02728",164795,NA,NA,NA,62860,62860,62860,400,400,400,220638,220638,220638,"Pos Early","Pos Early","Pos Early",220638,62860,400,"Pos Early",-0.0118222551495539,-0.0118034199050246
-0.00880472302657997,-0.103694331721748,-0.0608700115947804,0.951484753394639,0.994893690307227,-5.06166202683976,100002514,"100002514","Amino Acid","Histidine Metabolism",80,"NAMED","VWFWNXQAMGDPGG-UHFFFAOYSA-N","O=C1NC(C(CCC(O)=O)N1)=O","hydantoin-5-propionate","hydantoin-5-propionate","5624-26-0",761,"HMDB0001212","C05565",782,NA,NA,NA,40473,40473,40473,305,305,305,152212,152212,152212,"Polar","Polar","Polar",152212,40473,305,"Polar",-0.0116665775127375,-0.011647990294183
0.00512753123681975,-0.184428909706809,0.0518509358883009,0.958666217801535,0.994893690307227,-5.0619714116561,100006065,"100006065","Peptide","Dipeptide",803,"NAMED","XLUAWXQORJEMBD-UHFFFAOYSA-N","O=C(C(C(C)C)N([H])C1=O)N2C1CCC2","cyclo(pro-val)","cyclo(pro-val)","2854-40-2",89376,"HMDB0240493",NA,98951,NA,NA,NA,49795,49795,49795,400,400,400,161671,161671,161671,"Pos Early","Pos Early","Pos Early",161671,49795,400,"Pos Early",0.00993794722228569,0.00992211406154918
0.0119289715344451,-0.697096098983028,0.0435855998271245,0.96525048429954,0.994893690307227,-5.06221146541138,100004326,"100004326","Xenobiotics","Chemical",6322,"NAMED","CGFRVKXGZRODPA-UHFFFAOYSA-N","CC(C1=CC=CC(OS(=O)(O)=O)=C1)=O","3-acetylphenol sulfate","3-acetylphenol sulfate",NA,16230535,"HMDB0304930",NA,NA,NA,NA,NA,48693,48693,48693,209,209,209,207571,207571,207571,"Neg","Neg","Neg",207571,48693,209,"Neg",0.00835378153379406,0.00834047226953416
-0.0122950822157217,-0.0294747402047019,-0.0420531725158976,0.966471508992868,0.994893690307227,-5.06225140321176,100001226,"100001226","Cofactors and Vitamins","Hemoglobin and Porphyrin Metabolism",4616,"NAMED","OBHRVMZSZIDDEK-UHFFFAOYSA-N","CC1=C(CC(NC2=O)C(CC)=C2C)NC(CC3=C(CCC(O)=O)C(C)=C(CC(NC4=O)C(C)=C4CC)N3)=C1CCC(O)=O","I-urobilinogen","I-urobilinogen","14684-37-8",24980,"HMDB0001898","C05789",9548718,NA,NA,NA,32426,32426,32426,209,209,209,144353,144353,144353,"Neg","Neg","Neg",144353,32426,209,"Neg",-0.00806007069752739,-0.00804722937405815
-0.00357592196005485,-0.0507233775517646,-0.0407351798188004,0.967521737223102,0.994893690307227,-5.06228460918399,100021372,"100021372","Amino Acid","Methionine, Cysteine, SAM and Taurine Metabolism",457,"NAMED","ONFOSYPQQXJWGS-UHFFFAOYSA-N","CSCCC(O)C(O)=O","2-hydroxy-4-(methylthio)butanoic acid","2-hydroxy-4-(methylthio)butanoic acid","583-91-5",NA,"HMDB0037115",NA,11427,NA,NA,NA,63739,63739,63739,305,305,305,223275,223275,223275,"Polar","Polar","Polar",223275,63739,305,"Polar",-0.00780745921349697,-0.00779502035123436
-0.0073172093279717,-0.200828874334279,-0.0366307694050257,0.97079264591218,0.994893690307227,-5.06238124426822,100020497,"100020497","Xenobiotics","Food Component/Plant",5225,"NAMED",NA,NA,"sulfate of piperine metabolite C16H19NO3 (3)*","sulfate of piperine metabolite C16H19NO3 (3)*",NA,NA,NA,NA,NA,NA,NA,NA,62296,62296,62296,209,209,209,219275,219275,219275,"Neg","Neg","Neg",219275,62296,209,"Neg",-0.0070207923313685,-0.0070096067886207
0.00585225819330565,0.0785644574988198,0.0323300262708226,0.974220544794238,0.994893690307227,-5.06247150114379,100001635,"100001635","Xenobiotics","Chemical",6369,"NAMED","WQXNXVUDBPYKBA-YFKPBYRVSA-N","O=[C@](O)[C@H]1N=C(C)NCC1","ectoine","ectoine","96702-03-3",112069,"HMDB0240650","C06231",126041,NA,NA,NA,35651,35651,35651,400,400,400,156211,156211,156211,"Pos Early","Pos Early","Pos Early",156211,35651,400,"Pos Early",0.00619649557467367,0.00618662330344477
-0.0104265900790286,-0.526112565077762,-0.0317010201046128,0.974721934466526,0.994893690307227,-5.0624837580317,923,"923","Nucleotide","Pyrimidine Metabolism, Orotate containing",4409,"NAMED","UFIVEPVSAGBUSI-UHFFFAOYSA-N","O=C(C(NC1=O)CC(N1)=O)O","dihydroorotate","dihydroorotate","155-54-4",628,"HMDB0000528,HMDB0003349","C00337",648,NA,NA,NA,601,601,601,305,305,305,145712,145712,145712,"Polar","Polar","Polar",145712,601,305,"Polar",-0.006075937864862,-0.00606625766645808
0.00793300928352858,-0.397624918137262,0.0275062821711457,0.97806586566564,0.994893690307227,-5.06255933943928,100001403,"100001403","Xenobiotics","Xanthine Metabolism",4808,"NAMED","POQOTWQIYYNXAT-UHFFFAOYSA-N","O=C(NC(N)=C1NC(C)=O)N(C)C1=O","5-acetylamino-6-amino-3-methyluracil","5-acetylamino-6-amino-3-methyluracil","1196153-01-1",79659,"HMDB0004400","C16366",88299,NA,NA,NA,34424,34424,34424,305,305,305,165245,165245,165245,"Polar","Polar","Polar",165245,34424,305,"Polar",0.0052719584673846,0.00526355917083539
-0.00366552981162793,-0.193132127423954,-0.025809057225951,0.979418960477334,0.994893690307227,-5.06258687707425,100004499,"100004499","Amino Acid","Lysine Metabolism",136,"NAMED","FZXCPFJMYOQZCA-UHFFFAOYSA-N","OC(C1CCCC(N1)=O)=O","6-oxopiperidine-2-carboxylate","6-oxopiperidine-2-carboxylate","34622-39-4",2282737,"HMDB0061705",NA,3014237,NA,NA,NA,43231,43231,43231,209,209,209,143979,143979,143979,"Neg","Neg","Neg",143979,43231,209,"Neg",-0.00494666189094426,-0.00493878085766076
0.0048130866182603,-0.349349662729444,0.0222643951259898,0.98224509215335,0.994893690307227,-5.06263873502504,100001437,"100001437","Amino Acid","Glutathione Metabolism",583,"NAMED","BNRXZEPOHPEEAS-UHFFFAOYSA-N","NC(C(O)=O)CCC(NC(CSSCC(N)C(O)=O)C(NCC(O)=O)=O)=O","cysteine-glutathione disulfide","cysteine-glutathione disulfide","13081-14-6",3455404,"HMDB0000656","R00900",3080690,NA,NA,NA,35159,35159,35159,400,400,400,161190,161190,161190,"Pos Early","Pos Early","Pos Early",161190,35159,400,"Pos Early",0.00426727849570262,0.00426047985763193
0.00294861949861214,-0.193663388349991,0.0192204574461632,0.984672179790372,0.994893690307227,-5.06267716416524,100021666,"100021666","Partially Characterized Molecules","Partially Characterized Molecules",6738,"NAMED","NIFITBVFNGQSNA-SOFGYWHQSA-N","CC(C)CCCC/C=C/C(O)=O","branched-chain, straight-chain, or cyclopropyl 10:1 fatty acid (1)*","branched-chain, straight-chain, or cyclopropyl 10:1 fatty acid (1)*",NA,NA,NA,NA,NA,NA,NA,NA,63615,63615,63615,209,209,209,222957,222957,222957,"Neg","Neg","Neg",222957,63615,209,"Neg",0.00368386584380352,0.0036779967001331
0.00192985602469466,-0.185460537314399,0.0147675970612132,0.988222923773607,0.995038254282391,-5.06272322172201,100003169,"100003169","Peptide","Dipeptide",874,"NAMED","UCGDDTHMMVWVMV-UHFFFAOYSA-N","O=C(C(C(CC)C)N)NCC(O)=O","isoleucylglycine","isoleucylglycine","868-28-0",303621,"HMDB0028907",NA,342532,NA,NA,NA,40008,40008,40008,209,209,209,141960,141960,141960,"Neg","Neg","Neg",141960,40008,209,"Neg",0.00283041371732369,0.00282590429557543
0.00109816750148739,-0.360431209002544,0.00450828355852372,0.996404550311343,0.999437238713314,-5.06278340394596,100020502,"100020502","Xenobiotics","Food Component/Plant",5230,"NAMED",NA,NA,"sulfate of piperine metabolite C18H21NO3 (1)*","sulfate of piperine metabolite C18H21NO3 (1)*",NA,NA,NA,NA,NA,NA,NA,NA,62297,62297,62297,209,209,209,219276,219276,219276,"Neg","Neg","Neg",219276,62297,209,"Neg",0.000864074742338758,0.000862698096440183
0.00015805864423929,-0.102123304630594,0.000705636089224772,0.999437238713314,0.999437238713314,-5.06278943768079,100020578,"100020578","Xenobiotics","Benzoate Metabolism",4711,"NAMED","USWXDXYEVISELK-UHFFFAOYSA-N","OS(OC1=CC=C(CC=C)C=C1O)(=O)=O","4-allylcatechol sulfate","4-allylcatechol sulfate",NA,NA,"HMDB0304934",NA,NA,NA,NA,NA,63597,63597,63597,209,209,209,222898,222898,222898,"Neg","Neg","Neg",222898,63597,209,"Neg",0.000135244891779053,0.000135029419301444
