"logFC","AveExpr","t","P.Value","adj.P.Val","B","CHEM_ID","Original_ID","SUPER_PATHWAY","SUB_PATHWAY","PATHWAY_SORTORDER","TYPE","INCHIKEY","SMILES","CHEMICAL_NAME","PLOT_NAME","CAS","CHEMSPIDER","HMDB","KEGG","PUBCHEM","LIPID SPECIES LEVEL","LIPID MOLECULAR SPECIES LEVEL","LIPID SN POSITION LEVEL","COMP_ID_1","COMP_ID_2","COMP_ID_3","LIB_ID_1","LIB_ID_2","LIB_ID_3","CHRO_LIB_ENTRY_ID_1","CHRO_LIB_ENTRY_ID_2","CHRO_LIB_ENTRY_ID_3","PLATFORM_1","PLATFORM_2","PLATFORM_3","CHRO_LIB_ENTRY_ID","COMP_ID","LIB_ID","PLATFORM","PTSDBioPriority_v8"
-0.185628867666062,-0.106644865455079,-3.95227757318489,9.31351072746831e-05,0.0318985106737662,1.18824549860516,100009123,"100009123","Lipid","Phosphatidylcholine (PC)",2318,"NAMED","GEINPYKZLFHHIL-HEXXMCQTSA-N","O=C(CCCCCCCCCCCCCC)OC[C@]([H])(COP(OCC[N+](C)(C)C)([O-])=O)OC(CC/C=C\C/C=C\C/C=C\C/C=C\C/C=C\C/C=C\CC)=O","1-pentadecanoyl-2-docosahexaenoyl-GPC (15:0/22:6)*","1-pentadecanoyl-2-docosahexaenoyl-GPC (15:0/22:6)*",NA,24766633,"HMDB0007958",NA,52922342,"PC 37:6","PC 15:0_22:6","Unknown",53197,53197,53197,402,402,402,166627,166627,166627,"Pos Late","Pos Late","Pos Late",166627,53197,402,"Pos Late",TRUE
-0.11440035872232,-0.034982183627986,-3.80623426337552,0.00016570654895463,0.0318985106737662,0.686401541166515,100009130,"100009130","Lipid","Phosphatidylcholine (PC)",2403,"NAMED","FPEVDFOXMCHLKL-KFDYCXSYSA-N","O=C(CCCCCCC/C=C\CCCCCCCC)OC[C@]([H])(COP(OCC[N+](C)(C)C)([O-])=O)OC(CC/C=C\C/C=C\C/C=C\C/C=C\C/C=C\C/C=C\CC)=O","1-oleoyl-2-docosahexaenoyl-GPC (18:1/22:6)*","1-oleoyl-2-docosahexaenoyl-GPC (18:1/22:6)*",NA,24766785,"HMDB0008123",NA,24778955,"PC 40:7","PC 18:1_22:6","Unknown",52697,52697,52697,402,402,402,165470,165470,165470,"Pos Late","Pos Late","Pos Late",165470,52697,402,"Pos Late",TRUE
0.111496957051564,0.0127270118537259,3.69228453842491,0.000256568131285988,0.0329262435150351,0.306895305394389,100000626,"100000626","Lipid","Sphingosines",3225,"NAMED","DUYSYHSSBDVJSM-KRWOKUGFSA-N","OP([O-])(OC[C@@]([H])([C@](O)(/C=C/CCCCCCCCCCCCC)[H])[NH3+])=O","sphingosine 1-phosphate","sphingosine 1-phosphate","26993-30-6",4446673,"HMDB0000277","C06124",5283560,NA,NA,NA,34445,34445,34445,402,402,402,158668,158668,158668,"Pos Late","Pos Late","Pos Late",158668,34445,402,"Pos Late",TRUE
0.104169641179269,1.08126190648997,3.49443696264654,0.000534122425452258,0.0514092834497799,-0.326750336301894,NA,"Glycolytic_Ratio",NA,NA,NA,NA,NA,NA,"Glycolytic_Ratio",NA,NA,NA,NA,NA,NA,NA,NA,NA,NA,NA,NA,NA,NA,NA,NA,NA,NA,NA,NA,NA,NA,NA,NA,NA,NA
-0.210224443190238,-0.0983134920018478,-3.36222255821446,0.000855933552481026,0.065906883541039,-0.732096371143205,100009125,"100009125","Lipid","Phosphatidylcholine (PC)",2364,"NAMED","KSRURLYJRNYEOH-SHHFQLSYSA-N","O=C(CCCCCCCCCCCCCCCC)OC[C@]([H])(COP(OCC[N+](C)(C)C)([O-])=O)OC(CC/C=C\C/C=C\C/C=C\C/C=C\C/C=C\C/C=C\CC)=O","1-margaroyl-2-docosahexaenoyl-GPC (17:0/22:6)*","1-margaroyl-2-docosahexaenoyl-GPC (17:0/22:6)*",NA,24822432,NA,NA,NA,"PC 39:6","PC 17:0_22:6","Unknown",53198,53198,53198,402,402,402,166628,166628,166628,"Pos Late","Pos Late","Pos Late",166628,53198,402,"Pos Late",TRUE
-0.0531483949865171,-0.0403022567079298,-3.29178178685351,0.00109373688247618,0.070181449958888,-0.942069728118976,1124,"1124","Energy","TCA Cycle",1479,"NAMED","KRKNYBCHXYNGOX-UHFFFAOYSA-N","OC(CC(CC(O)=O)(O)C(O)=O)=O","citrate","citrate","77-92-9",305,"HMDB0000094","C00158",311,NA,NA,NA,1564,1564,1564,209,209,209,124575,124575,124575,"Neg","Neg","Neg",124575,1564,209,"Neg",TRUE
-0.1673578913554,-0.0180010735762894,-3.12633704588592,0.00191347915892907,0.105241353741099,-1.4188778322349,100000665,"100000665","Lipid","Long Chain Polyunsaturated Fatty Acid (n3 and n6)",1608,"NAMED","MBMBGCFOFBJSGT-KUBAVDMBSA-N","CC\C=C/C\C=C/C\C=C/C/C=C\C/C=C\C/C=C\CCC(O)=O","docosahexaenoate (DHA; 22:6n3)","docosahexaenoate (DHA; 22:6n3)","6217-54-5",393183,"HMDB0002183","C06429",445580,NA,NA,NA,44675,44675,44675,209,209,209,126139,126139,126139,"Neg","Neg","Neg",126139,44675,209,"Neg",TRUE
0.102080091843047,0.0662740079333408,3.01035316854229,0.00279288477737743,0.121135997135408,-1.73928117703012,561,"561","Amino Acid","Glutamate Metabolism",46,"NAMED","WHUUTDBJXJRKMK-VKHMYHEASA-N","O=C(O)[C@@H](N)CCC(O)=O","glutamate","glutamate","56-86-0",591,"HMDB0000148","C00025,C00217",33032,NA,NA,NA,57,57,57,400,400,400,155297,155297,155297,"Pos Early","Pos Early","Pos Early",155297,57,400,"Pos Early",FALSE
-0.314331990548169,-0.10793394920281,-3.00605342029583,0.00283175058238615,0.121135997135408,-1.7509532152191,504,"504","Amino Acid","Tryptophan Metabolism",294,"NAMED","QZAYGJVTTNCVMB-UHFFFAOYSA-N","NCCC1=CNC(C=C2)=C1C=C2O","serotonin","serotonin","153-98-0",5013,"HMDB0000259","C00780",5202,NA,NA,NA,2342,2342,2342,400,400,400,155468,155468,155468,"Pos Early","Pos Early","Pos Early",155468,2342,400,"Pos Early",FALSE
0.106992546239427,0.0572869245752386,2.86754828894028,0.00437941087553498,0.168607318708097,-2.11802069495874,100001876,"100001876","Lipid","Sphingolipid Synthesis",3063,"NAMED","YHEDRJPUIRMZMP-UHFFFAOYSA-N","OP(O)(OCC(C(CCCCCCCCCCCCCCC)O)N)=O","sphinganine-1-phosphate","sphinganine-1-phosphate","19794-97-9",505,"HMDB0001383",NA,520,NA,NA,NA,52605,52605,52605,402,402,402,165336,165336,165336,"Pos Late","Pos Late","Pos Late",165336,52605,402,"Pos Late",TRUE
0.416347303447666,-0.162460457554653,2.83473389668272,0.00484437924848897,0.169553273697114,-2.20257915519682,1135,"1135","Lipid","Secondary Bile Acid Metabolism",3574,"NAMED","RUDATBOHQWOJDD-UZVSRGJWSA-N","O[C@@H]1[C@@]2([H])[C@]3([H])CC[C@@]([C@@H](CCC(O)=O)C)([H])[C@@]3(C)CC[C@]2([H])[C@@]4(C)CC[C@@H](O)C[C@@]4([H])C1","ursodeoxycholate","ursodeoxycholate","128-13-2",29131,"HMDB0000946","C07880",31401,NA,NA,NA,1605,1605,1605,209,209,209,125991,125991,125991,"Neg","Neg","Neg",125991,1605,209,"Neg",TRUE
-0.329757700514038,-0.186008274764429,-2.78194179341973,0.00568712702398782,0.175641460962177,-2.33666137882626,100001092,"100001092","Cofactors and Vitamins","Nicotinate and Nicotinamide Metabolism",4525,"NAMED","WWNNZCOKKKDOPX-UHFFFAOYSA-N","C[N+]1=CC(C([O-])=O)=CC=C1","trigonelline (N'-methylnicotinate)","trigonelline (N'-methylnicotinate)","535-83-1",5369,"HMDB0000875","C01004",5570,NA,NA,NA,32401,32401,32401,400,400,400,155930,155930,155930,"Pos Early","Pos Early","Pos Early",155930,32401,400,"Pos Early",TRUE
-0.175726233340426,0.0374004835614409,-2.76800391403787,0.0059307506298917,0.175641460962177,-2.37165957205507,100009271,"100009271","Lipid","Fatty Acid Metabolism (Acyl Carnitine, Hydroxy)",1965,"NAMED","UEFRDQSMQXDWTO-UHFFFAOYSA-N","CC(O)CC(OC(C[N+](C)(C)C)CC([O-])=O)=O","(S)-3-hydroxybutyrylcarnitine","(S)-3-hydroxybutyrylcarnitine",NA,NA,"HMDB0013127",NA,71464477,NA,NA,NA,52984,52984,52984,400,400,400,166220,166220,166220,"Pos Early","Pos Early","Pos Early",166220,52984,400,"Pos Early",TRUE
0.126703868012318,-0.00950409126985833,2.74012729842475,0.00644654779447355,0.177280064348023,-2.44115418538124,100015689,"100015689","Lipid","Phosphatidylcholine (PC)",2332,"NAMED","QAPGDFJIZLYEBT-DYMXKLMASA-N","O=C(CCCCCCCCCCCCCCC)OCC(COP(OCC[N+](C)(C)C)([O-])=O)OC(C(O)CCCCCC/C=C\C/C=C\CCCCC)=O","1-palmitoyl-2-(hydroxylinoleoyl)-GPC (16:0/18:2(OH))*","1-palmitoyl-2-(hydroxylinoleoyl)-GPC (16:0/18:2(OH))*",NA,NA,NA,NA,NA,"PC 34:2;O","PC 16:0_18:2;O","Unknown",57415,57415,57415,402,402,402,211066,211066,211066,"Pos Late","Pos Late","Pos Late",211066,57415,402,"Pos Late",TRUE
0.150803767748892,0.0264165198192958,2.60103568266387,0.00967632441828335,0.238396908732501,-2.77783116445745,100001468,"100001468","Cofactors and Vitamins","Nicotinate and Nicotinamide Metabolism",4527,"NAMED","JLQSXXWTCJPCBC-UHFFFAOYSA-N","O=C(C1=C([H])N(C(C([H])=C1[H])=O)C([H])([H])[H])N([H])[H]","N1-methyl-2-pyridone-5-carboxamide","N1-methyl-2-pyridone-5-carboxamide","701-44-0",62899,"HMDB0004193","C05842",69698,NA,NA,NA,40469,40469,40469,400,209,209,156740,143005,143005,"Pos Early","Neg","Neg",156740,40469,400,"Pos Early",TRUE
-0.0684449151601056,-0.0485151161365964,-2.5567125454406,0.0109748136032112,0.238396908732501,-2.88157392240499,1002,"1002","Nucleotide","Purine Metabolism, (Hypo)Xanthine/Inosine containing",4336,"NAMED","POJWUDADGALRAB-UHFFFAOYSA-N","O=C(N1)C(NC(N)=O)NC1=O","allantoin","allantoin","97-59-6",199,"HMDB0000462","C02348,C01551,C02350",439714204439713,NA,NA,NA,1107,1107,1107,305,305,305,146424,146424,146424,"Polar","Polar","Polar",146424,1107,305,"Polar",TRUE
-0.0852802679112673,-0.0734889361629278,-2.55247689343466,0.0111067384501457,0.238396908732501,-2.89140028609179,1052,"1052","Carbohydrate","Glycolysis, Gluconeogenesis, and Pyruvate Metabolism",1282,"NAMED","RBNPOMFGQQGHHO-UHFFFAOYSA-N","O=C(O)C(O)CO","glycerate","glycerate","600-19-1",732,"HMDB0000139,HMDB0006372","C00258",439194752,NA,NA,NA,1572,1572,1572,305,305,305,146444,146444,146444,"Polar","Polar","Polar",146444,1572,305,"Polar",TRUE
0.086630189249161,0.033194985823272,2.55123136854398,0.0111458294991819,0.238396908732501,-2.89428825562043,482,"482","Carbohydrate","Glycolysis, Gluconeogenesis, and Pyruvate Metabolism",1279,"NAMED","JVTAAEKCZFNVCJ-UHFFFAOYSA-N","CC(O)C(O)=O","lactate","lactate","79-33-4",592,"HMDB0000190","C00186",612,NA,NA,NA,527,527,527,209,305,305,123163,146396,146396,"Neg","Polar","Polar",146396,527,305,"Polar",TRUE
-0.0332306153620544,-0.0222325250371596,-2.48104390523692,0.0135542768193714,0.274652451339893,-3.05473021333422,563,"563","Amino Acid","Glutamate Metabolism",47,"NAMED","ZDXPYRJPNDTMRX-VKHMYHEASA-N","OC([C@@H](N)CCC(N)=O)=O","glutamine","glutamine","56-85-9",5746,"HMDB0000641","C00064",5961,NA,NA,NA,53,53,53,400,400,400,155293,155293,155293,"Pos Early","Pos Early","Pos Early",155293,53,400,"Pos Early",FALSE
-0.303307370376233,-0.180739586160153,-2.43397456766191,0.0154181837133733,0.28729207968655,-3.15991672021962,100020214,"100020214","Lipid","Primary Bile Acid Metabolism",3537,"NAMED","ZQYUKJFJPJDMMR-PRRFOZOMSA-N","CC(C1CCC2C3[C@H]([C@H]([C@@]4(C[C@@H](CC[C@@]4(C3CC[C@]12C)C)O)[H])O)O)CCC(NCC(O)=O)=O","glyco-beta-muricholate**","glyco-beta-muricholate**",NA,NA,NA,NA,NA,NA,NA,NA,62066,62066,62066,209,209,209,218872,218872,218872,"Neg","Neg","Neg",218872,62066,209,"Neg",TRUE
-0.125416671429519,-0.154833117499615,-2.42799209201599,0.0156704770738118,0.28729207968655,-3.17314191600454,100001197,"100001197","Lipid","Medium Chain Fatty Acid",1545,"NAMED","FRPZMMHWLSIFAZ-UHFFFAOYSA-N","O=C(CCCCCCCCC=C)O[H]","10-undecenoate (11:1n1)","10-undecenoate (11:1n1)","1333-28-4",10771160,"HMDB0033724","C13910",14891,NA,NA,NA,32497,32497,32497,209,209,209,125854,125854,125854,"Neg","Neg","Neg",125854,32497,209,"Neg",TRUE
-0.0594824175195461,-0.00323518128451093,-2.37624462252311,0.0180105632145287,0.304142038608895,-3.28625886260943,100008915,"100008915","Lipid","Phosphatidylcholine (PC)",2348,"NAMED","IESVDEZGAHUQJU-ZLBXKVHBSA-N","CCCCCCCCCCCCCCCC(OC[C@](OC(CC/C=C\C/C=C\C/C=C\C/C=C\C/C=C\C/C=C\CC)=O)([H])COP([O-])(OCC[N+](C)(C)C)=O)=O","1-palmitoyl-2-docosahexaenoyl-GPC (16:0/22:6)","1-palmitoyl-2-docosahexaenoyl-GPC (16:0/22:6)","59403-54-2",4946007,"HMDB0007991",NA,6441886,"PC 38:6","PC 16:0_22:6","Unknown",52610,52610,52610,402,402,402,165342,165342,165342,"Pos Late","Pos Late","Pos Late",165342,52610,402,"Pos Late",TRUE
0.274726748980077,-0.00358154920284694,2.37044239365894,0.0182913896095556,0.304142038608895,-3.2988000166848,100002488,"100002488","Lipid","Secondary Bile Acid Metabolism",3579,"NAMED","RUDATBOHQWOJDD-DNMBCGTGSA-N","O=C(O)CC[C@@H](C)[C@H]1CC[C@@]2([H])[C@]3([H])[C@@H](O)C[C@]4([H])C[C@@H](O)CC[C@]4(C)[C@@]3([H])CC[C@@]21C","isoursodeoxycholate","isoursodeoxycholate","78919-26-3",113205,"HMDB0000686","C17662",127601,NA,NA,NA,57577,57577,57577,209,209,209,212130,212130,212130,"Neg","Neg","Neg",212130,57577,209,"Neg",TRUE
-0.0936068128670377,-0.0944792213585894,-2.34559733348064,0.0195370173091487,0.304142038608895,-3.35214401178744,100009124,"100009124","Lipid","Phosphatidylcholine (PC)",2363,"NAMED","MHUZXLUKTLNHIX-GUNPMBPGSA-N","O=C(CCCCCCCCCCCCCCCC)OC[C@]([H])(COP(OCC[N+](C)(C)C)([O-])=O)OC(CCC/C=C\C/C=C\C/C=C\C/C=C\CCCCC)=O","1-margaroyl-2-arachidonoyl-GPC (17:0/20:4)*","1-margaroyl-2-arachidonoyl-GPC (17:0/20:4)*",NA,24822197,NA,NA,NA,"PC 37:4","PC 17:0_20:4","Unknown",53193,53193,53193,402,402,402,166623,166623,166623,"Pos Late","Pos Late","Pos Late",166623,53193,402,"Pos Late",TRUE
-0.244593474148286,-0.196631497561982,-2.34150099965953,0.0197494830265516,0.304142038608895,-3.36088934104109,100001657,"100001657","Lipid","Secondary Bile Acid Metabolism",3570,"NAMED","FHXBAFXQVZOILS-OETIFKLTSA-N","C[C@]12[C@@]([C@@]([C@@](CC2)([H])[C@](CC3)(C)[C@@]4([H])C[C@@H]3OS(=O)(O)=O)(CC4)[H])([H])CC[C@]1([H])[C@H](C)CCC(NCC(O)=O)=O","glycolithocholate sulfate*","glycolithocholate sulfate*","15324-64-8",65188,"HMDB0002639","C11301",72222,NA,NA,NA,32620,32620,32620,209,209,209,142564,142564,142564,"Neg","Neg","Neg",142564,32620,209,"Neg",TRUE
0.166206456780746,0.00438565768306232,2.32176668055346,0.0208012536011872,0.308018562940657,-3.40280301593978,297,"297","Lipid","Sphingosines",3223,"NAMED","WWUZIQQURGPMPG-CCEZHUSRSA-N","CCCCCCCCCCCCC/C=C/C(C(CO)N)O","sphingosine","sphingosine","123-78-4",4510275,"HMDB0000252","C00319",5280335,NA,NA,NA,17747,17747,17747,402,402,402,158164,158164,158164,"Pos Late","Pos Late","Pos Late",158164,17747,402,"Pos Late",TRUE
-0.134824929042341,0.0293587451325278,-2.28669606838343,0.0227917508599596,0.312787454959092,-3.47644147323826,100001181,"100001181","Lipid","Long Chain Polyunsaturated Fatty Acid (n3 and n6)",1607,"NAMED","YUFFSWGQGVEMMI-JLNKQSITSA-N","O=C(O)CCCCC/C=C\C/C=C\C/C=C\C/C=C\C/C=C\CC","docosapentaenoate (n3 DPA; 22:5n3)","docosapentaenoate (DPA; 22:5n3)","2234-74-4",NA,"HMDB0006528,HMDB0001976","C16513",6441454,NA,NA,NA,32504,32504,32504,209,209,209,125862,125862,125862,"Neg","Neg","Neg",125862,32504,209,"Neg",TRUE
0.0893549393272387,0.0252637761130331,2.27573910763719,0.0234467975437066,0.312787454959092,-3.4992253305312,100009138,"100009138","Lipid","Phosphatidylcholine (PC)",2310,"NAMED","IWXJKHSPEQSQMD-GMGFYYQASA-N","O=C(CCCCCCCCCCCCC)OC[C@]([H])(COP(OCC[N+](C)(C)C)([O-])=O)OC(CCCCCCC/C=C\C/C=C\CCCCC)=O","1-myristoyl-2-linoleoyl-GPC (14:0/18:2)*","1-myristoyl-2-linoleoyl-GPC (14:0/18:2)*",NA,24766550,"HMDB0007874",NA,24778624,"PC 32:2","PC 14:0_18:2","Unknown",52707,52707,52707,402,402,402,165481,165481,165481,"Pos Late","Pos Late","Pos Late",165481,52707,402,"Pos Late",TRUE
-0.135817371433872,-0.0191434414978537,-2.27057568692945,0.0237611326385312,0.312787454959092,-3.50992534579764,2050,"2050","Lipid","Long Chain Polyunsaturated Fatty Acid (n3 and n6)",1605,"NAMED","JAZBEHYOTPTENJ-JLNKQSITSA-N","O=C(O)CCC\C=C/C/C=C\C/C=C\C/C=C\C/C=C\CC","eicosapentaenoate (EPA; 20:5n3)","eicosapentaenoate (EPA; 20:5n3)","10-2005-9,10417-94-4",393682,"HMDB0001999","C06428",446284,NA,NA,NA,18467,18467,18467,209,209,209,126840,126840,126840,"Neg","Neg","Neg",126840,18467,209,"Neg",TRUE
0.107171886453264,-0.0757511628667353,2.26069242673197,0.0243730484383708,0.312787454959092,-3.53034042132843,100001563,"100001563","Lipid","Lysophospholipid",2646,"NAMED","IGZPHNNYPPAPLA-OAQYLSRUSA-N","OC[C@](OC(CCCCCCCCCCCCC)=O)([H])COP(OCC[N+](C)(C)C)([O-])=O","2-myristoyl-GPC (14:0)*","2-myristoyl-GPC (14:0)*",NA,21403166,"HMDB0010379",NA,460604,"LPC 14:0","LPC 14:0","LPC 0:0/14:0",35626,35626,35626,402,402,402,158743,158743,158743,"Pos Late","Pos Late","Pos Late",158743,35626,402,"Pos Late",TRUE
0.103181989000888,-0.0921109980582692,2.23647843508516,0.0259305122917246,0.313261975809482,-3.57999222184427,100001383,"100001383","Lipid","Lysophospholipid",2645,"NAMED","VXUOFDJKYGDUJI-OAQYLSRUSA-N","CCCCCCCCCCCCCC(OC[C@](O)([H])COP(OCC[N+](C)(C)C)([O-])=O)=O","1-myristoyl-GPC (14:0)","1-myristoyl-GPC (14:0)","20559-16-4",405289,"HMDB0010379","C04230",460604,"LPC 14:0","LPC 14:0","LPC 14:0/0:0",45453,45453,45453,402,402,402,159645,159645,159645,"Pos Late","Pos Late","Pos Late",159645,45453,402,"Pos Late",TRUE
0.232956707948021,-0.102667437314148,2.23486402101605,0.0260373590283206,0.313261975809482,-3.5832841952154,100009346,"100009346","Lipid","Phosphatidylcholine (PC)",2304,"NAMED","CITHEXJVPOWHKC-UHFFFAOYSA-N","CCCCCCCCCCCCCC(OCC(OC(CCCCCCCCCCCCC)=O)COP([O-])(OCC[N+](C)(C)C)=O)=O","phosphatidylcholine (14:0/14:0, 16:0/12:0)","phosphatidylcholine (14:0/14:0, 16:0/12:0)",NA,NA,"HMDB0007866",NA,NA,"PC 28:0","Unknown","Unknown",53177,53177,53177,402,402,402,166606,166606,166606,"Pos Late","Pos Late","Pos Late",166606,53177,402,"Pos Late",TRUE
0.139585793220702,0.008464007549995,2.20151183403137,0.0283317846452291,0.32732086878845,-3.65077666466784,55,"55","Cofactors and Vitamins","Nicotinate and Nicotinamide Metabolism",4519,"NAMED","LDHMAVIPBRSVRG-UHFFFAOYSA-N","C[N+]1=CC(C([NH-])=O)=CC=C1","1-methylnicotinamide","1-methylnicotinamide","1005-24-9",8305504,"HMDB0000699","C02918",457,NA,NA,NA,27665,27665,27665,400,400,400,155829,155829,155829,"Pos Early","Pos Early","Pos Early",155829,27665,400,"Pos Early",TRUE
-0.0761056821320825,-0.0385335936069571,-2.1789716037588,0.0299797004849717,0.32732086878845,-3.69583143967235,100000802,"100000802","Lipid","Fatty Acid Metabolism (Acyl Carnitine, Short Chain)",1885,"NAMED","RDHQFKQIGNGIED-MRVPVSSYSA-N","C[N+](C)(C)C[C@H](OC(C)=O)CC([O-])=O","acetylcarnitine (C2)","acetylcarnitine (C2)","5080-50-2",5406074,"HMDB0000201","C02571",7045767,NA,NA,NA,32198,32198,32198,400,400,400,155890,155890,155890,"Pos Early","Pos Early","Pos Early",155890,32198,400,"Pos Early",TRUE
-0.0741640773394439,0.00925606978990578,-2.1708750690731,0.0305915104685373,0.32732086878845,-3.71190526516421,892,"892","Lipid","Long Chain Saturated Fatty Acid",1561,"NAMED","ISYWECDDZWTKFF-UHFFFAOYSA-N","CCCCCCCCCCCCCCCCCCC(O)=O","nonadecanoate (19:0)","nonadecanoate (19:0)","646-30-0",12071,"HMDB0000772","C16535",12591,NA,NA,NA,1356,1356,1356,209,209,209,125722,125722,125722,"Neg","Neg","Neg",125722,1356,209,"Neg",TRUE
-0.08106706419865,0.0255971209958436,-2.17067679936831,0.030606626691907,0.32732086878845,-3.7122981547837,100008916,"100008916","Lipid","Phosphatidylcholine (PC)",2384,"NAMED","FAUYAENFVCNTAL-PFFNLMTBSA-N","O=C(CC/C=C\C/C=C\C/C=C\C/C=C\C/C=C\C/C=C\CC)O[C@H](COC(CCCCCCCCCCCCCCCCC)=O)CO[P](OCC[N+](C)(C)C)([O-])=O","1-stearoyl-2-docosahexaenoyl-GPC (18:0/22:6)","1-stearoyl-2-docosahexaenoyl-GPC (18:0/22:6)","59403-52-0",NA,"HMDB0008057",NA,24778876,"PC 40:6","PC 18:0_22:6","Unknown",52611,52611,52611,402,402,402,165343,165343,165343,"Pos Late","Pos Late","Pos Late",165343,52611,402,"Pos Late",TRUE
0.107275014129788,-0.0554329709487211,2.1398556093055,0.0330361504355811,0.343754538316182,-3.77294875141727,100001254,"100001254","Amino Acid","Tryptophan Metabolism",262,"NAMED","DZTHIGRZJZPRDV-LBPRGKRZSA-N","O=C(O)[C@@H](NC(C)=O)CC1=CNC2=C1C=CC=C2","N-acetyltryptophan","N-acetyltryptophan","1218-34-4",610602,"HMDB0013713","C03137",439917700653,NA,NA,NA,33959,33959,33959,209,209,209,126119,126119,126119,"Neg","Neg","Neg",126119,33959,209,"Neg",TRUE
-0.177993340547785,-0.149300345704578,-2.08467346473415,0.0378010990244558,0.368434447986474,-3.87942822053784,100003470,"100003470","Lipid","Progestin Steroids",3351,"NAMED","ZFFFJLDTCLJDHL-JQYCEVDMSA-N","[H][C@]12CC[C@]3([C@@]4(CC[C@]([C@@H](O)C)([C@]4(CC[C@@]3([C@]1(CC[C@@H](O[C@@H]5O[C@H]([C@](O)=O)[C@H]([C@@H]([C@H]5O)O)O)C2)C)[H])C)[H])[H])[H]","pregnanediol-3-glucuronide","pregnanediol-3-glucuronide","1852-49-9",110346,"HMDB0010318",NA,123796,NA,NA,NA,40708,40708,40708,209,209,209,143065,143065,143065,"Neg","Neg","Neg",143065,40708,209,"Neg",TRUE
-0.0819357933569124,-0.974503588540714,-2.08258142263326,0.0379925163019875,0.368434447986474,-3.88340939407356,NA,"GABR",NA,NA,NA,NA,NA,NA,"GABR",NA,NA,NA,NA,NA,NA,NA,NA,NA,NA,NA,NA,NA,NA,NA,NA,NA,NA,NA,NA,NA,NA,NA,NA,NA,NA
-0.0864613063262251,-0.127005385945566,-2.07274251669468,0.0389049766118278,0.368434447986474,-3.9020916219475,100001566,"100001566","Lipid","Lysophospholipid",2696,"NAMED","LSOWKZULVQWMLY-FQPBCZPISA-N","C[N+](C)(C)CCOP(OC[C@](O)([H])COC(CC\C=C/C/C=C\C/C=C\C/C=C\C/C=C\C/C=C\CC)=O)([O-])=O","1-docosahexaenoyl-GPC (22:6)*","1-docosahexaenoyl-GPC (22:6)*",NA,21403169,"HMDB0010404",NA,10415542,"LPC 22:6","LPC 22:6","LPC 22:6/0:0",33822,33822,33822,402,402,402,158576,158576,158576,"Pos Late","Pos Late","Pos Late",158576,33822,402,"Pos Late",TRUE
0.0811581684092076,0.0674542100696617,2.06643635054875,0.0394997049380864,0.368434447986474,-3.91402163477535,100009146,"100009146","Lipid","Phosphatidylcholine (PC)",2381,"NAMED","AXZGUCXCTZMPTR-UVGACIQRSA-N","O=C(CCCCCCCCCCCCCCCCC)OC[C@]([H])(COP(OCC[N+](C)(C)C)([O-])=O)OC(CCCCC/C=C\C/C=C\C/C=C\C/C=C\CCCCC)=O","1-stearoyl-2-adrenoyl-GPC (18:0/22:4)*","1-stearoyl-2-adrenoyl-GPC (18:0/22:4)*","137254-39-8",24766718,"HMDB0008054",NA,24778868,"PC 40:4","PC 18:0_22:4","Unknown",55061,55061,55061,402,402,402,208175,208175,208175,"Pos Late","Pos Late","Pos Late",208175,55061,402,"Pos Late",TRUE
-0.176819278802487,-0.148077930818864,-2.0591877040101,0.0401928488712517,0.368434447986474,-3.92769059371688,100002014,"100002014","Lipid","Progestin Steroids",3342,"NAMED","ZIVKBPVUJZDVBI-MHACIFFSSA-N","C[C@@]12[C@](CCC3C2CC[C@@]4(C)C3CCC4[C@](C)([H])O)([H])C[C@@H](OS(=O)(O)=O)CC1","5alpha-pregnan-3beta,20alpha-diol monosulfate (2)","5alpha-pregnan-3beta,20alpha-diol monosulfate (2)",NA,NA,NA,NA,NA,NA,NA,NA,37200,37200,37200,209,209,209,144283,144283,144283,"Neg","Neg","Neg",144283,37200,209,"Neg",TRUE
-0.163626108666718,-0.151227793960387,-2.01140897632518,0.0450248415679891,0.403081642739743,-4.01660881561346,100021990,"100021990","Lipid","Fatty Acid Metabolism (Acyl Carnitine, Hydroxy)",1969,"NAMED","RCXSFDNDEVSQNG-UHFFFAOYSA-N","[O-]C(CC(OC(C(O)CCCCCC)=O)C[N+](C)(C)C)=O","3-hydroxyoctanoylcarnitine (1)","3-hydroxyoctanoylcarnitine (1)",NA,NA,NA,NA,NA,NA,NA,NA,64393,64393,64393,400,400,400,237477,237477,237477,"Pos Early","Pos Early","Pos Early",237477,64393,400,"Pos Early",TRUE
-0.0998716800719702,-0.034550677872742,-2.00168321541007,0.0460664734559706,0.403081642739743,-4.03445931887605,100000656,"100000656","Lipid","Lysophospholipid",2776,"NAMED","MXAFDFDAIFZFET-CLBYPKMISA-N","[H]C(C(O)(C(O)([C@](O)1[H])[H])[H])([C@@](OP(O)(OC[C@@]([H])(COC(CCCCCCCCCCCCCCCCC)=O)O)=O)([C@]1(O)[H])[H])O","1-stearoyl-GPI (18:0)","1-stearoyl-GPI (18:0)","796963-93-4",21403067,"HMDB0240261",NA,7158113542607490,"LPI 18:0","LPI 18:0","LPI 18:0/0:0",19324,19324,19324,209,209,209,128173,128173,128173,"Neg","Neg","Neg",128173,19324,209,"Neg",TRUE
0.0816827978126634,-0.021821598001034,1.94812812401749,0.0521740395652027,0.446377894057845,-4.13123928698321,100001570,"100001570","Lipid","Lysophospholipid",2726,"NAMED","DBHKHNGBVGWQJE-HZJYTTRNSA-N","O=P(OCC(O)COC(CCCCCCC/C=C\C/C=C\CCCCC)=O)(O)OCCN","1-linoleoyl-GPE (18:2)*","1-linoleoyl-GPE (18:2)*",NA,21403170,"HMDB0011507",NA,52925130,"LPE 18:2","LPE 18:2","LPE 18:2/0:0",36600,36600,36600,402,402,402,158788,158788,158788,"Pos Late","Pos Late","Pos Late",158788,36600,402,"Pos Late",TRUE
-0.214435239189507,-0.371997141312395,-1.92516787170994,0.0549934939327403,0.460271634002283,-4.17194527962099,100009332,"100009332","Lipid","Fatty Acid Metabolism (Acyl Choline)",1997,"NAMED","XUWOVXDQNYUPNL-WYTUUNCASA-N","O=C(CCC/[C-]=C/C/C=C/C/C=C/C/C=C/CCCCC)OCC[N+](C)(C)C","arachidonoylcholine","arachidonoylcholine",NA,NA,"HMDB0240583",NA,122198216,NA,NA,NA,53261,53261,53261,402,402,402,179347,179347,179347,"Pos Late","Pos Late","Pos Late",179347,53261,402,"Pos Late",TRUE
0.113025065802699,-0.0864849865069678,1.91212294369222,0.0566514433476027,0.461924854533707,-4.19486221563125,100000672,"100000672","Lipid","Phosphatidylcholine (PC)",2307,"NAMED","RFVFQQWKPSOBED-PSXMRANNSA-N","CCCCCCCCCCCCCCCC(O[C@](COC(CCCCCCCCCCCCC)=O)(COP([O-])(OCC[N+](C)(C)C)=O)[H])=O","1-myristoyl-2-palmitoyl-GPC (14:0/16:0)","1-myristoyl-2-palmitoyl-GPC (14:0/16:0)","69525-80-0",114798,"HMDB0007869",NA,129657,"PC 30:0","PC 14:0_16:0","Unknown",19258,19258,19258,402,402,402,164196,164196,164196,"Pos Late","Pos Late","Pos Late",164196,19258,402,"Pos Late",TRUE
-0.105178653197044,-0.152496390238307,-1.90487428629961,0.057590631214592,0.461924854533707,-4.20753054736971,100009140,"100009140","Lipid","Phosphatidylcholine (PC)",2313,"NAMED","HAIPHKFLSXSDAN-BLOCXYQCSA-N","O=C(CCCCCCCCCCCCC)OC[C@]([H])(COP(OCC[N+](C)(C)C)([O-])=O)OC(CC/C=C\C/C=C\C/C=C\C/C=C\C/C=C\C/C=C\CC)=O","1-myristoyl-2-docosahexaenoyl-GPC (14:0/22:6)*","1-myristoyl-2-docosahexaenoyl-GPC (14:0/22:6)*",NA,24766568,"HMDB0007892",NA,24778639,"PC 36:6","PC 14:0_22:6","Unknown",53196,53196,53196,402,402,402,166626,166626,166626,"Pos Late","Pos Late","Pos Late",166626,53196,402,"Pos Late",TRUE
0.0253330500311792,0.00223988992672847,1.88386605542147,0.060386043321907,0.465477842410011,-4.24397888037253,1537,"1537","Lipid","Phosphatidylcholine (PC)",2331,"NAMED","JLPULHDHAOZNQI-ZTIMHPMXSA-N","O=P([O-])(OC[C@@H](COC(CCCCCCCCCCCCCCC)=O)OC(CCCCCCC/C=C\C/C=C\CCCCC)=O)OCC[N+](C)(C)C","1-palmitoyl-2-linoleoyl-GPC (16:0/18:2)","1-palmitoyl-2-linoleoyl-GPC (16:0/18:2)","40811-94-7",4450224,"HMDB0007973",NA,5287971,"PC 34:2","PC 16:0_18:2","Unknown",42446,42446,42446,402,402,402,165129,165129,165129,"Pos Late","Pos Late","Pos Late",165129,42446,402,"Pos Late",TRUE
0.103890088988573,0.0582891349706412,1.87501231509528,0.0615978902194698,0.465477842410011,-4.25922303396462,100008984,"100008984","Lipid","Phosphatidylcholine (PC)",2324,"NAMED","QIBZFHLFHCIUOT-HTXNQAPBSA-N","CCCCCCCCCCCCCCCC(OCC(OC(CCCCCCC/C=C/CCCCCC)=O)COP([O-])(OCC[N+](C)(C)C)=O)=O","1-palmitoyl-2-palmitoleoyl-GPC (16:0/16:1)*","1-palmitoyl-2-palmitoleoyl-GPC (16:0/16:1)*",NA,NA,"HMDB0007969",NA,6443788,"PC 32:1","PC 16:0_16:1","Unknown",52470,52470,52470,402,402,402,165143,165143,165143,"Pos Late","Pos Late","Pos Late",165143,52470,402,"Pos Late",TRUE
-0.159302454267827,0.0613089546216103,-1.85665811147297,0.064173995738877,0.465477842410011,-4.29059815335313,254,"254","Lipid","Ketone Bodies",1983,"NAMED","WHBMMWSBFZVSSR-UHFFFAOYSA-N","CC(O)CC(O)=O","3-hydroxybutyrate (BHBA)","3-hydroxybutyrate (BHBA)","625-72-9",428,"HMDB0000442,HMDB0000357,HMDB0000011","C03197,C01089",9431844192135,NA,NA,NA,542,542,542,305,305,305,145710,145710,145710,"Polar","Polar","Polar",145710,542,305,"Polar",TRUE
-0.192045820623538,-0.332453649466441,-1.85012502239996,0.0651122391543144,0.465477842410011,-4.30169301315505,100021136,"100021136","Lipid","Fatty Acid Metabolism (Acyl Carnitine, Monounsaturated)",1924,"NAMED","YMJNFVUJNDWLND-ZHACJKMWSA-N","O=C(C/C([H])=C(CCCCCC)\[H])OC(CC([O-])=O)C[N+](C)(C)C","3-decenoylcarnitine","3-decenoylcarnitine",NA,NA,"HMDB0241067",NA,NA,NA,NA,NA,63361,63361,63361,402,402,402,222432,222432,222432,"Pos Late","Pos Late","Pos Late",222432,63361,402,"Pos Late",TRUE
0.0689290373885251,0.024044564116809,1.8458905564225,0.0657264152693647,0.465477842410011,-4.30886375505984,100009143,"100009143","Lipid","Phosphatidylcholine (PC)",2344,"NAMED","IRWRFKUTKSUFST-MDYGELLQSA-N","O=C(CCCCCCCCCCCCCCC)OC[C@]([H])(COP(OCC[N+](C)(C)C)([O-])=O)OC(CCCCC/C=C\C/C=C\C/C=C\C/C=C\CCCCC)=O","1-palmitoyl-2-adrenoyl-GPC (16:0/22:4)*","1-palmitoyl-2-adrenoyl-GPC (16:0/22:4)*",NA,24766658,"HMDB0007988",NA,24778732,"PC 38:4","PC 16:0_22:4","Unknown",52706,52706,52706,402,402,402,165479,165479,165479,"Pos Late","Pos Late","Pos Late",165479,52706,402,"Pos Late",TRUE
0.0866316463160556,-0.0857328214881071,1.84349061322529,0.0660766321389813,0.465477842410011,-4.31292072574382,100001882,"100001882","Lipid","Hexosylceramides (HCER)",3121,"NAMED","YMYQEDCYNANIPI-OQRGLTFYSA-N","OC1C(CO)OC(OC[C@H](NC(CCCCCCCCCCCCCCCCC)=O)[C@H](O)/C=C/CCCCCCCCCCCCC)C(O)C1O","glycosyl-N-stearoyl-sphingosine (d18:1/18:0)","glycosyl-N-stearoyl-sphingosine (d18:1/18:0)",NA,NA,NA,NA,NA,"HexCer 36:1;O2","HexCer 18:1;O2_18:0","HexCer 18:1;O2/18:0",52234,52234,52234,402,402,402,164199,164199,164199,"Pos Late","Pos Late","Pos Late",164199,52234,402,"Pos Late",TRUE
-0.144780565424191,-0.105366342889449,-1.84062492763015,0.0664968346300016,0.465477842410011,-4.31775823293009,100021141,"100021141","Lipid","Fatty Acid Metabolism (Acyl Carnitine, Hydroxy)",1972,"NAMED","VCRSQDIROUELAR-UHFFFAOYSA-N","OC(CCCCCCC)CC(OC(CC([O-])=O)C[N+](C)(C)C)=O","3-hydroxydecanoylcarnitine","3-hydroxydecanoylcarnitine",NA,59664325,"HMDB0061636",NA,121454166,NA,NA,NA,63358,63358,63358,402,402,402,222426,222426,222426,"Pos Late","Pos Late","Pos Late",222426,63358,402,"Pos Late",TRUE
0.0828023496543755,0.0164803270578439,1.81649402409203,0.0701235787287595,0.477362610529352,-4.35820054190996,100008993,"100008993","Lipid","Phosphatidylinositol (PI)",2584,"NAMED","KIQYUSYSJTUGFZ-LSLODQAYSA-N","O=C(CCCCCCCCCCCCCCC)OC[C@@]([H])(OC(CCC/C=C\C/C=C\C/C=C\C/C=C\CCCCC)=O)COP(O[C@H]1[C@H](O)[C@@H](O)[C@H](O)[C@@H](O)[C@H]1O)(O)=O","1-palmitoyl-2-arachidonoyl-GPI (16:0/20:4)*","1-palmitoyl-2-arachidonoyl-GPI (16:0/20:4)*",NA,24767674,"HMDB0009789",NA,NA,"PI 36:4","PI 16:0_20:4","Unknown",52467,52467,52467,402,402,402,208085,208085,208085,"Pos Late","Pos Late","Pos Late",208085,52467,402,"Pos Late",TRUE
0.122813708403007,-0.0334009768528962,1.81127892321711,0.0709284277944043,0.477362610529352,-4.36687205509653,100001776,"100001776","Lipid","Lysophospholipid",2727,"NAMED","SVRBKLJIDJHADS-HZJYTTRNSA-N","O=P(OCC(OC(CCCCCCC/C=C\C/C=C\CCCCC)=O)CO)(O)OCCN","2-linoleoyl-GPE (18:2)*","2-linoleoyl-GPE (18:2)*",NA,NA,"HMDB0011477",NA,NA,"LPE 18:2","LPE 18:2","LPE 0:0/18:2",36593,36593,36593,209,209,209,142534,142534,142534,"Neg","Neg","Neg",142534,36593,209,"Neg",TRUE
0.0833891689200896,0.105173652590648,1.80495510098633,0.0719143673005257,0.477362610529352,-4.3773535522432,100009026,"100009026","Lipid","Dihydrosphingomyelins",3163,"NAMED","FONAXCRWZQFJHY-JCGOJSMZSA-N","[H][C@](NC(CCCCCCCCCCCCCCCCCCCCC)=O)(COP(OCC[N+](C)(C)C)([O-])=O)[C@@](O)([H])CCCCCCCCCCCCCCC","behenoyl dihydrosphingomyelin (d18:0/22:0)*","behenoyl dihydrosphingomyelin (d18:0/22:0)*",NA,24846880,"HMDB0012091",NA,44260132,"SM 40:0;O2","SM 18:0;O2_22:0","SM 18:0;O2/22:0",57331,57331,57331,402,402,402,210829,210829,210829,"Pos Late","Pos Late","Pos Late",210829,57331,402,"Pos Late",TRUE
0.0908912038904458,0.0910407757558174,1.78399242640654,0.0752644706748655,0.49113256287836,-4.41184451881515,100001778,"100001778","Lipid","Lysophospholipid",2780,"NAMED","SAHCQBPGXQFTRA-WNOZMNFTSA-N","[H]C(C(O)(C(O)([C@](O)1[H])[H])[H])([C@@](OP(O)(OC[C@@]([H])(COC(CCCCCCC/C=C\C/C=C\CCCCC)=O)O)=O)([C@]1(O)[H])[H])O","1-linoleoyl-GPI (18:2)*","1-linoleoyl-GPI* (18:2)*",NA,NA,"HMDB0240597",NA,11124828,"LPI 18:2","LPI 18:2","LPI 18:2/0:0",36594,36594,36594,209,209,209,146822,146822,146822,"Neg","Neg","Neg",146822,36594,209,"Neg",TRUE
-0.0429394456941747,-0.074243710969801,-1.74541863333062,0.0817622946240856,0.524041848256467,-4.47427645533984,100001359,"100001359","Energy","TCA Cycle",1481,"NAMED",NA,NA,"aconitate [cis or trans]","aconitate [cis or trans]",NA,NA,"HMDB0000958,HMDB000072","C004174,C02341",444212643757,NA,NA,NA,46173,46173,46173,209,209,209,144239,144239,144239,"Neg","Neg","Neg",144239,46173,209,"Neg",TRUE
-0.306507359197464,-0.509620987253386,-1.73188539728414,0.0841479212704863,0.524041848256467,-4.49586361400196,100020823,"100020823","Lipid","Secondary Bile Acid Metabolism",3567,"NAMED","AXDXVEYHEODSPN-HVATVPOCSA-N","[H][C@@]12[C@@]3(C)CC[C@@H](OS(=O)(O)=O)C[C@@]3([H])CC[C@@]1([H])[C@]4([H])CC[C@]([H])([C@H](C)CCC(O)=O)[C@@]4(C)CC2","lithocholate sulfate (1)","lithocholate sulfate (1)",NA,NA,"HMDB0000907",NA,451489,NA,NA,NA,62526,62526,62526,209,209,209,219859,219859,219859,"Neg","Neg","Neg",219859,62526,209,"Neg",TRUE
0.0536365158301113,-0.026080586549198,1.70809127292361,0.0884787877616012,0.524041848256467,-4.53341650979454,100001461,"100001461","Lipid","Lysophospholipid",2722,"NAMED","BBYWOYAFBUOUFP-JOCHJYFZSA-N","O=P(OCC[NH3+])([O-])OC[C@H](O)COC(CCCCCCCCCCCCCCCCC)=O","1-stearoyl-GPE (18:0)","1-stearoyl-GPE (18:0)","69747-55-3",7826018,"HMDB0011130",NA,9547068,"LPE 18:0","LPE 18:0","LPE 18:0/0:0",42398,42398,42398,402,402,402,159466,159466,159466,"Pos Late","Pos Late","Pos Late",159466,42398,402,"Pos Late",TRUE
-0.110706706788471,0.0470351311242694,-1.70558145773888,0.0889459435624432,0.524041848256467,-4.53734784378051,100009394,"100009394","Lipid","Long Chain Polyunsaturated Fatty Acid (n3 and n6)",1611,"NAMED","WPJGPAAPSBVXNU-HZJYTTRNSA-N","CCCCC/C=C\C/C=C\CCCCCC(O)=O","hexadecadienoate (16:2n6)","hexadecadienoate (16:2n6)","28290-73-5",13628094,"HMDB0000477",NA,13932172,NA,NA,NA,57652,57652,57652,209,209,209,212703,212703,212703,"Neg","Neg","Neg",212703,57652,209,"Neg",TRUE
0.0872689927960986,0.00720615801612853,1.69704854585789,0.0905491312134577,0.524041848256467,-4.55067116415877,100009027,"100009027","Lipid","Dihydrosphingomyelins",3164,"NAMED","JCELSEVNSMXGKA-IOLBBIBUSA-N","[H][C@](NC(CCCCCCCCCCCCCCCCC)=O)(COP(OCC[N+](C)(C)C)([O-])=O)[C@@](O)([H])CCCCCCCCCCCCCCC","sphingomyelin (d18:0/18:0, d19:0/17:0)*","sphingomyelin (d18:0/18:0, d19:0/17:0)*",NA,24846878,"HMDB0012087",NA,44260130,"SM 36:0;O2","Unknown","Unknown",57473,57473,57473,402,402,402,211136,211136,211136,"Pos Late","Pos Late","Pos Late",211136,57473,402,"Pos Late",TRUE
0.191534759249175,0.0309680650506496,1.68440329163161,0.0929678030516947,0.524041848256467,-4.57029470626131,100002911,"100002911","Lipid","Secondary Bile Acid Metabolism",3584,"NAMED","GHCZAUBVMUEKKP-XROMFQGDSA-N","[H][C@]1([C@H](C)CCC(NCC(O)=O)=O)CC[C@@]2([H])[C@]3([H])[C@@H](O)C[C@]4([H])C[C@H](O)CC[C@]4(C)[C@@]3([H])CC[C@@]21C","glycoursodeoxycholate","glycoursodeoxycholate","64480-66-6",19973534,"HMDB0000708",NA,12310288,NA,NA,NA,39379,39379,39379,209,209,209,143714,143714,143714,"Neg","Neg","Neg",143714,39379,209,"Neg",TRUE
-0.0544076565257839,0.00375387290065572,-1.66624012425968,0.0965327168060766,0.524041848256467,-4.5982287003571,100002060,"100002060","Lipid","Lysophospholipid",2751,"NAMED","XEVRBOQZSXWGQO-FJXNLOIUSA-N","NCCOP(OC[C@](O)([H])COC(CC\C=C/C/C=C\C/C=C\C/C=C\C/C=C\C/C=C\CC)=O)(O)=O","1-docosahexaenoyl-GPE (22:6)*","1-docosahexaenoyl-GPE (22:6)*",NA,NA,"HMDB0011526",NA,NA,"LPE 22:6","LPE 22:6","LPE 22:6/0:0",44633,44633,44633,402,402,402,159616,159616,159616,"Pos Late","Pos Late","Pos Late",159616,44633,402,"Pos Late",TRUE
0.0811893843005076,0.0347684075315073,1.66011409211025,0.0977595573623614,0.524041848256467,-4.60758304213099,100015786,"100015786","Lipid","Dihydrosphingomyelins",3165,"NAMED","UGRZESKDAPEULH-ACEXITHZSA-N","CCCCCCCCCCCCCCC[C@@H](O)[C@@H](NC(CCCCCCCCCCCCCCCCCCC)=O)COP([O-])(OCC[N+](C)(C)C)=O","sphingomyelin (d18:0/20:0, d16:0/22:0)*","sphingomyelin (d18:0/20:0, d16:0/22:0)*",NA,NA,"HMDB0012090",NA,NA,"SM 38:0;O2","Unknown","Unknown",57476,57476,57476,402,402,402,211139,211139,211139,"Pos Late","Pos Late","Pos Late",211139,57476,402,"Pos Late",TRUE
0.108567979743897,-0.0487569148700991,1.6579897936363,0.0981878936775745,0.524041848256467,-4.61081889388889,100001992,"100001992","Lipid","Androgenic Steroids",3431,"NAMED","UWPTUYJASNIIJM-QJIZPQHZSA-N","C[C@@]12C(CCC3C2CC[C@@]4(C)C3CC[C@@H]4OS(=O)(O)=O)=C[C@@H](OS(=O)(O)=O)CC1","androstenediol (3beta,17beta) disulfate (1)","androstenediol (3beta,17beta) disulfate (1)",NA,NA,"HMDB0240313","C04295",87120982,NA,NA,NA,37202,37202,37202,209,209,209,144229,144229,144229,"Neg","Neg","Neg",144229,37202,209,"Neg",TRUE
-0.185426449425377,-0.208972468816942,-1.65459832265987,0.0988748570737522,0.524041848256467,-4.6159765264758,100001229,"100001229","Lipid","Long Chain Polyunsaturated Fatty Acid (n3 and n6)",1602,"NAMED","JIWBIWFOSCKQMA-LTKCOYKYSA-N","CC\C=C/C\C=C/C\C=C/C\C=C/CCCCC(O)=O","stearidonate (18:4n3)","stearidonate (18:4n3)","111174-40-4",4471933,"HMDB0006547","C16300",5312508,NA,NA,NA,33969,33969,33969,209,209,209,126890,126890,126890,"Neg","Neg","Neg",126890,33969,209,"Neg",TRUE
0.0650862651740693,0.0108868861689129,1.65164035849598,0.0994771515238227,0.524041848256467,-4.62046641418641,100001654,"100001654","Lipid","Lysophospholipid",2786,"NAMED","LXUGKKVCSTYZFK-OSKOXSHBSA-N","[H]C(C(O)(C(O)([C@](O)1[H])[H])[H])([C@@](OP(O)(OC[C@@]([H])(COC(CCC/C=C\C/C=C\C/C=C\C/C=C\CCCCC)=O)O)=O)([C@]1(O)[H])[H])O","1-arachidonoyl-GPI (20:4)*","1-arachidonoyl-GPI (20:4)*",NA,NA,"HMDB0061690",NA,121596217,"LPI 20:4","LPI 20:4","LPI 20:4/0:0",34214,34214,34214,209,209,209,142524,142524,142524,"Neg","Neg","Neg",142524,34214,209,"Neg",TRUE
0.0550121652937959,0.0638330199509957,1.65040294607586,0.0997297035420036,0.524041848256467,-4.62234182348576,100009141,"100009141","Lipid","Phosphatidylcholine (PC)",2382,"NAMED","MAAMGQXOTCBPFS-JPGWWKBXSA-N","O=C(CCCCCCCCCCCCCCCCC)OC[C@]([H])(COP(OCC[N+](C)(C)C)([O-])=O)OC(CCCCC/C=C\C/C=C\C/C=C\C/C=C\C/C=C\CC)=O","1-stearoyl-2-docosapentaenoyl-GPC (18:0/22:5n3)*","1-stearoyl-2-docosapentaenoyl-GPC (18:0/22:5n3)*",NA,24766720,"HMDB0008056",NA,24778873,"PC 40:5","PC 18:0_22:5(7,10,13,16,19)","Unknown",52699,52699,52699,402,402,402,165472,165472,165472,"Pos Late","Pos Late","Pos Late",165472,52699,402,"Pos Late",TRUE
0.0890890575453005,-0.124858189843828,1.64948018900329,0.0999188549493621,0.524041848256467,-4.6237403371412,100001652,"100001652","Lipid","Lysophospholipid",2716,"NAMED","CKPBBEOJHAPPBT-HXUWFJFHSA-N","OC[C@@H](OC(CCCCCCCCCCCCCCC)=O)COP(OCC[NH3+])([O-])=O","2-palmitoyl-GPE (16:0)*","2-palmitoyl-GPE* (16:0)*",NA,NA,"HMDB0011473",NA,NA,"LPE 16:0","LPE 16:0","LPE 0:0/16:0",45452,45452,45452,209,209,209,142731,142731,142731,"Neg","Neg","Neg",142731,45452,209,"Neg",TRUE
0.121934133363646,-0.0299617428478,1.63633319771836,0.102641069199539,0.524041848256467,-4.64357481978105,132,"132","Carbohydrate","Glycolysis, Gluconeogenesis, and Pyruvate Metabolism",1276,"NAMED","OSJPPGNTCRNQQC-UHFFFAOYSA-N","OC(C(O)=O)COP(O)(O)=O","3-phosphoglycerate","3-phosphoglycerate","80731-10-8",10669764,"HMDB0000807","C00597",724,NA,NA,NA,1414,1414,1414,400,400,400,155361,155361,155361,"Pos Early","Pos Early","Pos Early",155361,1414,400,"Pos Early",TRUE
0.0288836446689147,-0.018689771604731,1.62588038603807,0.104847155557812,0.524041848256467,-4.65923274953581,100001263,"100001263","Lipid","Lysophospholipid",2650,"NAMED","ASWBNKHCZGQVJV-UHFFFAOYSA-N","O=P(OCC[N+](C)(C)C)([O-])OCC(O)COC(CCCCCCCCCCCCCCC)=O","1-palmitoyl-GPC (16:0)","1-palmitoyl-GPC (16:0)","17364-16-8",78064,"HMDB0010382","C04102",86554,"LPC 16:0","LPC 16:0","LPC 16:0/0:0",33955,33955,33955,402,402,402,158599,158599,158599,"Pos Late","Pos Late","Pos Late",158599,33955,402,"Pos Late",TRUE
0.0591861111212424,-0.0573919490056597,1.62310052861794,0.105440523154228,0.524041848256467,-4.66338081787927,100001511,"100001511","Lipid","Lysophospholipid",2652,"NAMED","LFUDDCMNKWEORN-KHPPLWFESA-N","O=P(OCC[N+](C)(C)C)([O-])OCC(O)COC(CCCCCCC/C=C\CCCCCC)=O","1-palmitoleoyl-GPC (16:1)*","1-palmitoleoyl-GPC (16:1)*",NA,21403152,"HMDB0010383",NA,24779461,"LPC 16:1","LPC 16:1","LPC 16:1/0:0",33230,33230,33230,402,402,402,158553,158553,158553,"Pos Late","Pos Late","Pos Late",158553,33230,402,"Pos Late",TRUE
0.0338803959103589,0.0262287885167335,1.62164113841002,0.105752677010044,0.524041848256467,-4.66555502807928,1539,"1539","Lipid","Phosphatidylcholine (PC)",2328,"NAMED","WTJKGGKOPKCXLL-PFDVCBLKSA-N","O=C(CCCCCCC/C=C\CCCCCCCC)O[C@@H](COC(CCCCCCCCCCCCCCC)=O)COP(OCC[N+](C)(C)C)([O-])=O","1-palmitoyl-2-oleoyl-GPC (16:0/18:1)","1-palmitoyl-2-oleoyl-GPC (16:0/18:1)","26853-31-6,26853-31-6",4940699,"HMDB0007972","C13875",6436017,"PC 34:1","PC 16:0_18:1","Unknown",52461,52461,52461,402,402,402,165127,165127,165127,"Pos Late","Pos Late","Pos Late",165127,52461,402,"Pos Late",TRUE
0.147035217963127,-0.0189083410054034,1.61991791140213,0.106122820586441,0.524041848256467,-4.6681207849961,100001784,"100001784","Lipid","Lysophospholipid",2717,"NAMED","DSOWUEHXZJUNID-FPLPWBNLSA-N","O=P(OCCN)(O)OCC(O)COC(CCCCCCC/C=C\CCCCCC)=O","1-palmitoleoyl-GPE (16:1)*","1-palmitoleoyl-GPE (16:1)*",NA,NA,"HMDB0011474",NA,53480923,"LPE 16:1","LPE 16:1","LPE 16:1/0:0",34565,34565,34565,402,402,402,158671,158671,158671,"Pos Late","Pos Late","Pos Late",158671,34565,402,"Pos Late",TRUE
0.0501789440155814,-0.00292064263934684,1.61970068818506,0.106169517309102,0.524041848256467,-4.66844396815316,100008903,"100008903","Lipid","Phosphatidylcholine (PC)",2404,"NAMED","FVXDQWZBHIXIEJ-LNDKUQBDSA-N","CCCCC/C=C\C/C=C\CCCCCCCC(OC[C@@H](OC(CCCCCCC/C=C\C/C=C\CCCCC)=O)COP([O-])(OCC[N+](C)(C)C)=O)=O","1,2-dilinoleoyl-GPC (18:2/18:2)","1,2-dilinoleoyl-GPC (18:2/18:2)","998-06-1",4450312,"HMDB0008138",NA,5288075,"PC 36:4","PC 18:2_18:2","PC 18:2/18:2",52603,52603,52603,402,402,402,165331,165331,165331,"Pos Late","Pos Late","Pos Late",165331,52603,402,"Pos Late",TRUE
0.159002811453028,-0.285376346631623,1.5918072159339,0.112302987308921,0.547299368530819,-4.70958907969383,100002017,"100002017","Lipid","Androgenic Steroids",3448,"NAMED","JHFAETDERBWUOO-ILBJSTGGSA-N","C[C@@]12[C@](CCC3C2CC[C@@]4(C)C3CC[C@@H]4OS(=O)(O)=O)([H])C[C@H](OS(=O)(O)=O)CC1","5alpha-androstan-3alpha,17beta-diol disulfate","5alpha-androstan-3alpha,17beta-diol disulfate",NA,NA,"HMDB0094682",NA,56639109,NA,NA,NA,37184,37184,37184,209,209,209,144264,144264,144264,"Neg","Neg","Neg",144264,37184,209,"Neg",TRUE
-0.209939471483327,-0.270069837772393,-1.57717534109675,0.11563076676436,0.556473065053484,-4.73089076434898,100006644,"100006644","Lipid","Secondary Bile Acid Metabolism",3560,"NAMED","UCVGCHGIKFWAGH-WQVRBXQRSA-N","C[C@@]12[C@@](CCC3C2C[C@H](O)[C@@]4(C)C3CC[C@@H]4[C@@H](CCC(NCCS(O)(=O)=O)=O)C)([H])C[C@H](OS(O)(=O)=O)CC1","taurodeoxycholic acid 3-sulfate","taurodeoxycholic acid 3-sulfate",NA,NA,NA,NA,NA,NA,NA,NA,62889,62889,62889,209,209,209,220740,220740,220740,"Neg","Neg","Neg",220740,62889,209,"Neg",TRUE
-0.18699487962667,-0.300560719589286,-1.54877449533252,0.122311850918789,0.559130569731903,-4.7716845831349,100006642,"100006642","Lipid","Secondary Bile Acid Metabolism",3610,"NAMED","QJZCNFGUZPMYAX-WWZCPACMSA-N","OS(OC1CC[C@@]2(C)[C@@](CC[C@]3([H])[C@]2([H])C[C@H](O)[C@@]4(C)[C@]3(CC[C@@H]4[C@H](C)CCC(NCC(O)=O)=O)[H])([H])C1)(=O)=O","glycodeoxycholate 3-sulfate","glycodeoxycholate 3-sulfate",NA,NA,"HMDB0341325",NA,101602538,NA,NA,NA,52975,52975,52975,209,209,209,166126,166126,166126,"Neg","Neg","Neg",166126,52975,209,"Neg",TRUE
0.0324656544594223,-0.00150448828337877,1.54544573810052,0.12311407943398,0.559130569731903,-4.77641776262896,100008921,"100008921","Lipid","Phosphatidylcholine (PC)",2326,"NAMED","PZNPLUBHRSSFHT-RRHRGVEJSA-N","O=C(CCCCCCCCCCCCCCC)OC[C@]([H])(COP(OCC[N+](C)(C)C)([O-])=O)OC(CCCCCCCCCCCCCCCCC)=O","1-palmitoyl-2-stearoyl-GPC (16:0/18:0)","1-palmitoyl-2-stearoyl-GPC (16:0/18:0)","59403-51-9",24766643,"HMDB0007970","C03889",24778686,"PC 34:0","PC 16:0_18:0","Unknown",52616,52616,52616,402,402,402,165348,165348,165348,"Pos Late","Pos Late","Pos Late",165348,52616,402,"Pos Late",TRUE
0.0519809823636998,-0.0508694223724951,1.54170473243946,0.124021174986099,0.559130569731903,-4.781725721524,100009038,"100009038","Lipid","Dihydrosphingomyelins",3161,"NAMED","MJAFYELZQYPMQG-MPQUPPDSSA-N","[H][C@](NC(CCCCCCCCCCCCC)=O)(COP(OCC[N+](C)(C)C)([O-])=O)[C@@](O)([H])CCCCCCCCCCCCCCC","myristoyl dihydrosphingomyelin (d18:0/14:0)*","myristoyl dihydrosphingomyelin (d18:0/14:0)*",NA,24846886,"HMDB0012085",NA,44260138,"SM 32:0;O2","SM 18:0;O2_14:0","SM 18:0;O2/14:0",57365,57365,57365,402,402,402,210891,210891,210891,"Pos Late","Pos Late","Pos Late",210891,57365,402,"Pos Late",TRUE
0.139989711960805,-0.113792934838802,1.54049935790565,0.124314468713166,0.559130569731903,-4.78343318778936,313,"313","Lipid","Sphingolipid Synthesis",3062,"NAMED","OTKJDMGTUTTYMP-UHFFFAOYSA-N","CCCCCCCCCCCCCCCC(C(CO)N)O","sphinganine","sphinganine","3102-56-5",3014,"HMDB0000269","C00836",3126,NA,NA,NA,17769,17769,17769,402,402,402,158166,158166,158166,"Pos Late","Pos Late","Pos Late",158166,17769,402,"Pos Late",TRUE
-0.063624157433844,-0.135470582031641,-1.5309739668153,0.126651072578106,0.559130569731903,-4.79687975836255,100009122,"100009122","Lipid","Phosphatidylcholine (PC)",2317,"NAMED","ZSWHHKKYMMYPPD-MSZSINMWSA-N","O=C(CCCCCCCCCCCCCC)OC[C@]([H])(COP(OCC[N+](C)(C)C)([O-])=O)OC(CCC/C=C\C/C=C\C/C=C\C/C=C\CCCCC)=O","1-pentadecanoyl-2-arachidonoyl-GPC (15:0/20:4)*","1-pentadecanoyl-2-arachidonoyl-GPC (15:0/20:4)*",NA,24766624,"HMDB0007949",NA,52922330,"PC 35:4","PC 15:0_20:4","Unknown",53194,53194,53194,402,402,402,166624,166624,166624,"Pos Late","Pos Late","Pos Late",166624,53194,402,"Pos Late",TRUE
-0.0632177407623272,0.00609878382865028,-1.52946020579695,0.127025868216397,0.559130569731903,-4.79900938021746,229,"229","Lipid","Long Chain Polyunsaturated Fatty Acid (n3 and n6)",1618,"NAMED","YZXBAPSDXZZRGB-DOFZRALJSA-N","CCCCC/C=C\C/C=C\C/C=C\C/C=C\CCCC(O)=O","arachidonate (20:4n6)","arachidonate (20:4n6)","506-32-1",392692,"HMDB0001043","C00219",444899,NA,NA,NA,1110,1110,1110,209,209,209,125971,125971,125971,"Neg","Neg","Neg",125971,1110,209,"Neg",TRUE
-0.190623606402341,-0.396167882494533,-1.52816481512329,0.127347044492727,0.559130569731903,-4.80082992884095,100023220,"100023220","Lipid","Secondary Bile Acid Metabolism",3622,"NAMED",NA,"C[C@@]12[C@](CC[C@]2([H])[C@H](C)CCC(O)=O)([H])[C@@]3([H])[C@@](CC1)([H])[C@@]4([C@@](C[C@H](CC4)O)([H])CC3)C","isoallolithocholic acid","isoallolithocholic acid","2276-93-9",NA,NA,NA,NA,NA,NA,NA,65706,65706,65706,209,209,209,283489,283489,283489,"Neg","Neg","Neg",283489,65706,209,"Neg",TRUE
-0.0352929676050368,-0.0172892984638902,-1.51551346418515,0.130516959944963,0.559130569731903,-4.81852999602978,100009037,"100009037","Lipid","Phosphatidylcholine (PC)",2362,"NAMED","ZSKWZJYUVZYDQU-WESJWMGVSA-N","O=C(CCCCCCCCCCCCCCCC)OC[C@]([H])(COP(OCC[N+](C)(C)C)([O-])=O)OC(CCCCCCC/C=C\C/C=C\CCCCC)=O","1-margaroyl-2-linoleoyl-GPC (17:0/18:2)*","1-margaroyl-2-linoleoyl-GPC (17:0/18:2)*",NA,NA,NA,NA,52922491,"PC 35:2","PC 17:0_18:2","Unknown",52500,52500,52500,402,402,402,165192,165192,165192,"Pos Late","Pos Late","Pos Late",165192,52500,402,"Pos Late",TRUE
0.0544477379513914,-0.00559988287449446,1.51201931013148,0.131403557791912,0.559130569731903,-4.82339324655376,100002871,"100002871","Lipid","Lysophospholipid",2692,"NAMED","ZOJBSSVHFSBHMP-JJJSWPRASA-N","CCCCC/C=C\C/C=C\C/C=C\C/C=C\CCCCCC(OC[C@H](COP([O-])(OCC[N+](C)(C)C)=O)O)=O","1-adrenoyl-GPC (22:4)*","1-adrenoyl-GPC (22:4)*",NA,NA,"HMDB0010401",NA,52924039,"LPC 22:4","LPC 22:4","LPC 22:4/0:0",52698,52698,52698,402,402,402,165471,165471,165471,"Pos Late","Pos Late","Pos Late",165471,52698,402,"Pos Late",TRUE
0.206001581369512,-0.435866420861582,1.51192170403474,0.131428383417237,0.559130569731903,-4.82352893206842,798,"798","Nucleotide","Purine Metabolism, Adenine containing",4349,"NAMED","OIRDTQYFTABQOQ-KQYNXXCUSA-N","NC1=NC=NC2=C1N=CN2[C@@]3([H])[C@@](O)([H])[C@@](O)([H])[C@](CO)([H])O3","adenosine","adenosine","58-61-7",54923,"HMDB0000050","C00212",60961,NA,NA,NA,555,555,555,209,209,209,124777,124777,124777,"Neg","Neg","Neg",124777,555,209,"Neg",TRUE
-0.057005491346147,0.0592339238265735,-1.50715761533737,0.132644413242816,0.559130569731903,-4.83014104871183,1004,"1004","Nucleotide","Purine Metabolism, (Hypo)Xanthine/Inosine containing",4324,"NAMED","LRFVTYWOQMYALW-UHFFFAOYSA-N","O=C(N1)C(N=CN2)=C2NC1=O","xanthine","xanthine","69-89-6",1151,"HMDB0000292","C00385",1188,NA,NA,NA,3147,3147,3147,305,305,305,147146,147146,147146,"Polar","Polar","Polar",147146,3147,305,"Polar",TRUE
-0.0961242437634169,0.057225861740185,-1.50339814531845,0.133610421858013,0.559130569731903,-4.83534449192159,100001337,"100001337","Lipid","Long Chain Polyunsaturated Fatty Acid (n3 and n6)",1614,"NAMED","DTOSIQBPPRVQHS-PDBXOOCHSA-N","O=C(O)CCCCCCC/C=C\C/C=C\C/C=C\CC","linolenate [alpha or gamma; (18:3n3 or 6)]","linolenate (18:3n3 or 3n6)",NA,4444437,"HMDB0003073,HMDB0001388","C06426,C06427",52809335280934,NA,NA,NA,34035,34035,34035,209,209,209,143703,143703,143703,"Neg","Neg","Neg",143703,34035,209,"Neg",TRUE
-0.122017555343577,0.00162219444655998,-1.48787523807909,0.137656480615957,0.567972884332913,-4.85669339520854,100002009,"100002009","Lipid","Progestin Steroids",3339,"NAMED","NOGKXXMAHGCQBS-VNCHAANSSA-N","O[C@H]1CC[C@@]2(C)[C@](CCC3C2CC[C@@]4(C)C3CCC4C(C)OS(=O)(O)=O)([H])C1","5alpha-pregnan-3beta,20beta-diol monosulfate (1)","5alpha-pregnan-3beta,20beta-diol monosulfate (1)",NA,NA,"HMDB0240580",NA,NA,NA,NA,NA,37196,37196,37196,209,209,209,144279,144279,144279,"Neg","Neg","Neg",144279,37196,209,"Neg",TRUE
0.0316400370900213,-0.0252101195365891,1.4840265341723,0.138673899031932,0.567972884332913,-4.8619525874242,100008985,"100008985","Lipid","Phosphatidylcholine (PC)",2338,"NAMED","SRIGHEHXEGELQJ-YYQUKWHJSA-N","CCCCCCCCCCCCCCCC(OC[C@@H](OC(CCCCCC/C=C\C/C=C\C/C=C\CCCCC)=O)COP([O-])(OCC[N+](C)(C)C)=O)=O","1-palmitoyl-2-dihomo-linolenoyl-GPC (16:0/20:3n3 or n6)*","1-palmitoyl-2-dihomo-linolenoyl-GPC (16:0/20:3n3 or n6)*",NA,NA,NA,NA,NA,"PC 36:3","PC 16:0_20:3","Unknown",52454,52454,52454,402,402,402,165119,165119,165119,"Pos Late","Pos Late","Pos Late",165119,52454,402,"Pos Late",TRUE
-0.0839758557682574,0.00287761415649951,-1.47526454507079,0.141012772813989,0.56972413540039,-4.87387609685724,100001335,"100001335","Lipid","Long Chain Monounsaturated Fatty Acid",1588,"NAMED","BITHHVVYSMSWAG-KTKRTIGZSA-N","O=C(O)CCCCCCCCC/C=C\CCCCCCCC","eicosenoate (20:1)","eicosenoate (20:1n9 or 1n11)",NA,4445895,"HMDB0002231,HMDB0062436","C16526",5282768528276989952,NA,NA,NA,33587,33587,33587,209,209,209,143715,143715,143715,"Neg","Neg","Neg",143715,33587,209,"Neg",TRUE
0.0245219254665812,-0.0221596147533209,1.46821470596346,0.142916119521026,0.56972413540039,-4.88341880498625,100000657,"100000657","Lipid","Phosphatidylcholine (PC)",2323,"NAMED","KILNVBDSWZSGLL-KXQOOQHDSA-N","CCCCCCCCCCCCCCCC(OC[C@]([H])(COP([O-])(OCC[N+](C)(C)C)=O)OC(CCCCCCCCCCCCCCC)=O)=O","1,2-dipalmitoyl-GPC (16:0/16:0)","1,2-dipalmitoyl-GPC (16:0/16:0)","63-89-8",398235,"HMDB0245715","D03585",452110,"PC 32:0","PC 16:0_16:0","PC 16:0/16:0",19130,19130,19130,402,402,402,164201,164201,164201,"Pos Late","Pos Late","Pos Late",164201,19130,402,"Pos Late",TRUE
0.0458511273088593,0.0219567115513045,1.46357025929494,0.144181122512249,0.56972413540039,-4.88968105128981,100009051,"100009051","Lipid","Phosphatidylcholine (PC)",2374,"NAMED","VGSUMLIRUGDCTF-NSMRCOLJSA-N","O=C(CCCCCCCCCCCCCCCCC)OC[C@]([H])(COP(OCC[N+](C)(C)C)([O-])=O)OC(CCCCCC/C=C\C/C=C\C/C=C\CCCCC)=O","1-stearoyl-2-dihomo-linolenoyl-GPC (18:0/20:3n3 or n6)*","1-stearoyl-2-dihomo-linolenoyl-GPC (18:0/20:3n3 or n6)*",NA,24766712,"HMDB0008047",NA,NA,"PC 38:3","PC 18:0_20:3","Unknown",52629,52629,52629,402,402,402,165382,165382,165382,"Pos Late","Pos Late","Pos Late",165382,52629,402,"Pos Late",TRUE
0.0368732758610238,-0.00600118191652981,1.4563488598518,0.146164817699632,0.56972413540039,-4.89937883719947,100000616,"100000616","Lipid","Phosphatidylinositol (PI)",2601,"NAMED","KRTOMQDUKGRFDJ-YKOKTLGVSA-N","CCCCCCCCCCCCCCCCCC(OC[C@]([H])(COP(O)(O[C@](C(O)(C(O)(C(O)([C@](O)1[H])[H])[H])[H])([C@]1(O)[H])[H])=O)OC(CCC/C=C\C/C=C\C/C=C\C/C=C\CCCCC)=O)=O","1-stearoyl-2-arachidonoyl-GPI (18:0/20:4)","1-stearoyl-2-arachidonoyl-GPI (18:0/20:4)","383907-33-3",21403055,"HMDB0009815",NA,NA,"PI 38:4","PI 18:0_20:4","Unknown",52449,52449,52449,402,402,402,208070,208070,208070,"Pos Late","Pos Late","Pos Late",208070,52449,402,"Pos Late",TRUE
-0.0334585518598047,-0.0430732813695529,-1.44810342447072,0.14845551137124,0.56972413540039,-4.91039396613207,100006292,"100006292","Lipid","Sphingomyelins",3186,"NAMED","MDRFMTLYKHBJTF-YECRPIIFSA-N","CCCCCCCCCCCCC/C=C/[C@@H](O)[C@@H](NC(CCCCCCCCC/C=C/CCCCCCCC)=O)COP([O-])(OCC[N+](C)(C)C)=O","sphingomyelin (d18:1/20:1, d18:2/20:0)*","sphingomyelin (d18:1/20:1, d18:2/20:0)*","222403-67-0",NA,"HMDB0240610,HMDB0240632",NA,NA,"SM 38:2;O2","Unknown","Unknown",48491,48491,48491,402,402,402,164534,164534,164534,"Pos Late","Pos Late","Pos Late",164534,48491,402,"Pos Late",TRUE
-0.0823689895775319,0.0867093340965504,-1.44604098399055,0.149033044371814,0.56972413540039,-4.91313964218681,100008991,"100008991","Lipid","Phosphatidylethanolamine (PE)",2463,"NAMED","MPWUZHVZZKSTPV-MADBQMNMSA-N","O=C(CCCCCCCCCCCCCCC)OC[C@]([H])(COP(OCCN)(O)=O)OC(CC/C=C\C/C=C\C/C=C\C/C=C\C/C=C\C/C=C\CC)=O","1-palmitoyl-2-docosahexaenoyl-GPE (16:0/22:6)*","1-palmitoyl-2-docosahexaenoyl-GPE (16:0/22:6)*",NA,7825749,"HMDB0008946",NA,9546799,"PE 38:6","PE 16:0_22:6","Unknown",52465,52465,52465,402,402,402,165133,165133,165133,"Pos Late","Pos Late","Pos Late",165133,52465,402,"Pos Late",TRUE
0.0386109405471254,-0.00880187975650156,1.4445183649086,0.149460097858284,0.56972413540039,-4.91516402758908,100009272,"100009272","Lipid","Hexosylceramides (HCER)",3120,"NAMED","VJLLLMIZEJJZTE-NNTBDIJYSA-N","[H][C@](O)([C@@](NC(CCCCCCCCCCCCCCC)=O)(CO[C@@H]1O[C@H](CO)[C@@H](O)[C@H](O)[C@H]1O)[H])/C=C/CCCCCCCCCCCCC","glycosyl-N-palmitoyl-sphingosine (d18:1/16:0)","glycosyl-N-palmitoyl-sphingosine (d18:1/16:0)",NA,NA,"HMDB0004971,HMDB0010708",NA,NA,"HexCer 34:1;O2","HexCer 18:1;O2_16:0","HexCer 18:1;O2/16:0",53013,53013,53013,402,402,402,166346,166346,166346,"Pos Late","Pos Late","Pos Late",166346,53013,402,"Pos Late",TRUE
-0.164221088607503,-0.142080635879771,-1.40464091794083,0.160987641456314,0.594351293971092,-4.96743468605855,100003926,"100003926","Lipid","Fatty Acid Metabolism (Acyl Carnitine, Hydroxy)",1964,"NAMED","UEFRDQSMQXDWTO-UHFFFAOYSA-N","CC(CC(OC(C[N+](C)(C)C)CC([O-])=O)=O)O","(R)-3-hydroxybutyrylcarnitine","(R)-3-hydroxybutyrylcarnitine",NA,NA,"HMDB0062735",NA,53481617,NA,NA,NA,43264,43264,43264,400,400,400,156990,156990,156990,"Pos Early","Pos Early","Pos Early",156990,43264,400,"Pos Early",TRUE
-0.167509861938308,-0.324213175046984,-1.40450336681671,0.161028538635705,0.594351293971092,-4.96761248323498,302,"302","Lipid","Secondary Bile Acid Metabolism",3549,"NAMED","KXGVEGMKQFWNSR-OHAQSFBXSA-N","CC12[C@@]([C@]3([H])CC[C@]4([H])C[C@H](O)CC[C@]4(C)[C@@]3([H])C[C@@H]2O)([H])CC[C@]1([H])[C@]([H])(C)CCC(O)=O","deoxycholate","deoxycholate","83-44-3",389318,"HMDB0000626","C04483",222528440355,NA,NA,NA,1114,1114,1114,209,209,209,125714,125714,125714,"Neg","Neg","Neg",125714,1114,209,"Neg",TRUE
-0.0700215146558099,-0.110932178555845,-1.39069393567804,0.165174643684594,0.594351293971092,-4.98537481777968,100001612,"100001612","Amino Acid","Glutamate Metabolism",57,"NAMED","OPVPGKGADVGKTG-UHFFFAOYSA-N","CC(NC(C(NC(CCC(O)=O)C(O)=O)=O)CC(O)=O)=O","N-acetyl-aspartyl-glutamate (NAAG)","N-acetyl-aspartyl-glutamate (NAAG)","3106-85-2",5065,"HMDB0001067","C12270",188803,NA,NA,NA,35665,35665,35665,400,400,400,156223,156223,156223,"Pos Early","Pos Early","Pos Early",156223,35665,400,"Pos Early",FALSE
-0.0820628588467946,0.0406552471687094,-1.38542645565868,0.166777222625484,0.594351293971092,-4.99210438713778,100001989,"100001989","Lipid","Secondary Bile Acid Metabolism",3605,"NAMED","HCXZDHWUVRQLGC-UHFFFAOYSA-N","O=S(OC1CCC2(C)C(CCC3C2CCC4(C)C3CCC4C(CCC(NCC(O)=O)=O)C)=C1)(O)=O","glycocholenate sulfate*","glycocholenate sulfate*",NA,NA,NA,NA,NA,NA,NA,NA,32599,57741,32599,209,209,209,142563,213336,142563,"Neg","Neg","Neg",213336,57741,209,"Neg",TRUE
-0.120479097082545,0.0402842263124914,-1.38387219736824,0.167252325570244,0.594351293971092,-4.99408523564821,100001988,"100001988","Lipid","Progestin Steroids",3348,"NAMED","LSQGWMYMIHQKSA-VNCHAANSSA-N","C[C@@]12[C@](CCC3C2CC[C@@]4(C)C3CCC4C(OS(=O)(O)=O)C)([H])C[C@@H](OS(=O)(O)=O)CC1","5alpha-pregnan-3beta,20alpha-diol disulfate","5alpha-pregnan-3beta,20alpha-diol disulfate",NA,NA,"HMDB0094650",NA,118703093,NA,NA,NA,37198,37198,37198,209,209,209,144254,144254,144254,"Neg","Neg","Neg",144254,37198,209,"Neg",TRUE
-0.147858424424584,-0.0623396529295422,-1.37580585019876,0.169734446027414,0.594351293971092,-5.0043302063891,100002021,"100002021","Lipid","Androgenic Steroids",3457,"NAMED","JHFAETDERBWUOO-ILSMVHKQSA-N","O=S(O[C@@H]1CCC2C3CC[C@@]4([H])C[C@@H](OS(=O)(O)=O)CC[C@]4(C)C3CC[C@@]21C)(O)=O","5alpha-androstan-3beta,17alpha-diol disulfate","5alpha-androstan-3beta,17alpha-diol disulfate",NA,NA,"HMDB0240625",NA,56639109,NA,NA,NA,37187,37187,37187,209,209,209,144291,144291,144291,"Neg","Neg","Neg",144291,37187,209,"Neg",TRUE
0.148750542996799,-0.106690183665896,1.37415446275959,0.170246002157996,0.594351293971092,-5.00642031121228,100020550,"100020550","Lipid","Secondary Bile Acid Metabolism",3554,"NAMED",NA,"O[C@H]1C[C@]2([H])[C@@]3(C)CC[C@@H](OC4C(O)C(O)C(O)C(C(O)=O)O4)CC3CC[C@@]2([H])[C@]5([H])CC[C@H]([C@H](C)CCC(O)=O)[C@@]15C","deoxycholic acid glucuronide","deoxycholic acid glucuronide",NA,NA,"HMDB0002596",NA,NA,NA,NA,NA,63610,63610,63610,209,209,209,222934,222934,222934,"Neg","Neg","Neg",222934,63610,209,"Neg",TRUE
0.0628871565490977,0.0124145722112032,1.3694733513313,0.171702391625291,0.594351293971092,-5.01233154373643,100009227,"100009227","Lipid","Lysophospholipid",2770,"NAMED","VEEHTGYBVMTAAF-RFFZIGDUSA-N","[H][C@@](CO)(O)COP(OC[C@]([H])(O)COC(CCCCCCC/C=C\C/C=C\CCCCC)=O)(O)=O","1-linoleoyl-GPG (18:2)*","1-linoleoyl-GPG (18:2)*",NA,NA,"HMDB0240600",NA,NA,"LPG 18:2","LPG 18:2","LPG 18:2/0:0",54885,54885,54885,209,209,209,207774,207774,207774,"Neg","Neg","Neg",207774,54885,209,"Neg",TRUE
-0.0340477871620877,0.0180253287721289,-1.36863396057731,0.171964258762994,0.594351293971092,-5.01338939844508,409,"409","Energy","TCA Cycle",1491,"NAMED","BJEPYKJPYRNKOW-UHFFFAOYSA-N","OC(C(O)=O)CC(O)=O","malate","malate","6915-15-7",510,"HMDB0031518,HMDB0000156,HMDB0000744","C00149,C00711,C00497",525,NA,NA,NA,1303,1303,1303,209,209,209,123199,123199,123199,"Neg","Neg","Neg",123199,1303,209,"Neg",TRUE
-0.211959015087593,-0.317855851206597,-1.36016200331955,0.174627147687327,0.594351293971092,-5.02403046225462,100021712,"100021712","Lipid","Secondary Bile Acid Metabolism",3552,"NAMED","GMRIQHBJNVMHJA-LLQZFEROSA-N","O[C@H]1C[C@]2([H])[C@]([C@@]3([H])C[C@H](OS(O)(=O)=O)[C@@]4(C)[C@](CC[C@@]4([C@H](C)CCC(O)=O)[H])([H])[C@]3([H])CC2)(C)CC1","deoxycholic acid 12-sulfate*","deoxycholic acid 12-sulfate*",NA,NA,NA,NA,NA,NA,NA,NA,63688,63688,63688,209,209,209,223114,223114,223114,"Neg","Neg","Neg",223114,63688,209,"Neg",TRUE
-0.106960708440484,0.0355563535505405,-1.358875798637,0.175034071511064,0.594351293971092,-5.02564026434951,100020261,"100020261","Partially Characterized Molecules","Partially Characterized Molecules",6707,"NAMED",NA,NA,"glutamine conjugate of C6H10O2 (1)*","glutamine conjugate of C6H10O2 (1)*",NA,NA,NA,NA,NA,NA,NA,NA,63657,63657,63657,209,209,209,223045,223045,223045,"Neg","Neg","Neg",223045,63657,209,"Neg",FALSE
0.0684218162817487,-0.0847731481931226,1.35852731305143,0.175144446110654,0.594351293971092,-5.02607616639605,100022013,"100022013","Lipid","Corticosteroids",3378,"NAMED","OZINUFSVVJAFHD-LUPKFNMHSA-N","[H][C@@]12[C@@]3(C)CC[C@@H](OC4OC(C(O)=O)C(O)C(O)C4O)C[C@@]3([H])CC[C@@]1([H])[C@]5([H])CC[C@@](C(CO)=O)(O)[C@@]5(C)C[C@@H]2O","tetrahydrocortisol glucuronide","tetrahydrocortisol glucuronide",NA,NA,NA,NA,NA,NA,NA,NA,64411,64411,64411,209,209,209,237545,237545,237545,"Neg","Neg","Neg",237545,64411,209,"Neg",TRUE
-0.0457261624207198,-0.0857289257673682,-1.35586307666148,0.175989733799232,0.594351293971092,-5.02940507196306,1111,"1111","Amino Acid","Tyrosine Metabolism",208,"NAMED","CGQCWMIAEPEHNQ-UHFFFAOYSA-N","OC(C(O)=O)C1=CC=C(O)C(OC)=C1","vanillylmandelate (VMA)","vanillylmandelate (VMA)","55-10-7",1207,"HMDB0000291","C05584",1245,NA,NA,NA,1567,1567,1567,209,209,209,124579,124579,124579,"Neg","Neg","Neg",124579,1567,209,"Neg",FALSE
-0.186052203742886,-0.279796966420133,-1.3489791442192,0.178188929611512,0.596545546960279,-5.03797643825368,100001402,"100001402","Xenobiotics","Xanthine Metabolism",4809,"NAMED","RDZNZFGKEVDNPK-UHFFFAOYSA-N","O=C(NC(NC=O)=C1NC(C)=O)N(C)C1=O","5-acetylamino-6-formylamino-3-methyluracil","5-acetylamino-6-formylamino-3-methyluracil","85438-96-6",97287,"HMDB0011105","C16365",108214,NA,NA,NA,34401,34401,34401,305,305,305,165248,165248,165248,"Polar","Polar","Polar",165248,34401,305,"Polar",TRUE
-0.0860277937380898,0.0495125533204821,-1.34160308096228,0.180567773423643,0.599298213518125,-5.04711268133649,100001198,"100001198","Lipid","Long Chain Monounsaturated Fatty Acid",1571,"NAMED","YWWVWXASSLXJHU-WAYWQWQTSA-N","O=C(CCCCCCC/C=C\CCCC)O","myristoleate (14:1n5)","myristoleate (14:1n5)","544-64-9",4444564,"HMDB0002000","C08322",5281119,NA,NA,NA,32418,32418,32418,209,209,209,125828,125828,125828,"Neg","Neg","Neg",125828,32418,209,"Neg",TRUE
-0.0544511943754037,-0.0602006805061628,-1.33615777315829,0.182339071463181,0.600004636866023,-5.05382562738598,100008989,"100008989","Lipid","Phosphatidylcholine (PC)",2343,"NAMED","KLTHQSWIRFFBRI-RWSHWRRPSA-N","CCCCCCCCCCCCCCCC(OCC(OC(CCC/C=C/C/C=C/C/C=C/C/C=C/C/C=C/CC)=O)COP([O-])(OCC[N+](C)(C)C)=O)=O","1-palmitoyl-2-eicosapentaenoyl-GPC (16:0/20:5)*","1-palmitoyl-2-eicosapentaenoyl-GPC (16:0/20:5)*",NA,NA,"HMDB0007984",NA,24778723,"PC 36:5","PC 16:0_20:5","Unknown",52463,52463,52463,402,402,402,165130,165130,165130,"Pos Late","Pos Late","Pos Late",165130,52463,402,"Pos Late",TRUE
0.0801275754646961,-0.232436711252489,1.32695028935582,0.185363280090497,0.604786973176623,-5.06511514418109,100002026,"100002026","Lipid","Androgenic Steroids",3435,"NAMED","VPDALJSLCNNODJ-BVKUPEMCSA-N","O[C@@H]1CCC2C3CCC4=C[C@H](OS(=O)(O)=O)CC[C@]4(C)C3CC[C@@]21C","androstenediol (3alpha, 17alpha) monosulfate (2)","androstenediol (3alpha, 17alpha) monosulfate (2)",NA,NA,NA,NA,NA,NA,NA,NA,37207,37207,37207,209,209,209,144213,144213,144213,"Neg","Neg","Neg",144213,37207,209,"Neg",TRUE
-0.173711956260758,-0.55835062706403,-1.29717096636032,0.195400496663331,0.624825284235408,-5.10109907330114,100020542,"100020542","Lipid","Androgenic Steroids",3425,"NAMED","BRPLOVMHAFXVOQ-KXVRARTKSA-N","O[C@@H]1[C@@]2([H])[C@](CCC3[C@]2(C)CC[C@H](O[C@@H]4O[C@H](C(O)=O)[C@@H](O)[C@H](O)[C@H]4O)C3)([H])[C@@]5([H])[C@](C(CC5)=O)(C)C1","11beta-hydroxyetiocholanolone glucuronide*","11beta-hydroxyetiocholanolone glucuronide*","17181-15-6",NA,NA,NA,NA,NA,NA,NA,64418,64418,64418,209,209,209,237607,237607,237607,"Neg","Neg","Neg",237607,64418,209,"Neg",TRUE
-0.0450460109690895,-0.0239474001321524,-1.29627581707936,0.195708278023755,0.624825284235408,-5.10216821435346,980,"980","Lipid","Long Chain Saturated Fatty Acid",1554,"NAMED","WQEPLUUGTLDZJY-UHFFFAOYSA-N","O=C(O)CCCCCCCCCCCCCC","pentadecanoate (15:0)","pentadecanoate (15:0)","10002-84-2,1002-84-2",13249,"HMDB0000826","C16537",13849,NA,NA,NA,1361,1361,1361,209,209,209,125726,125726,125726,"Neg","Neg","Neg",125726,1361,209,"Neg",TRUE
-0.0806239598597499,-0.0119113648026878,-1.29434415748238,0.1963736607597,0.624825284235408,-5.10447284443766,100001278,"100001278","Lipid","Long Chain Monounsaturated Fatty Acid",1576,"NAMED","GDTXICBNEOEPAZ-FPLPWBNLSA-N","O=C(O)CCCCCCCC/C=C\CCCCCC","heptadecenoate (17:1)","heptadecenoate (17:1)","29743-97-3",4471860,"HMDB0060038",NA,5312435,NA,NA,NA,33971,33971,33971,209,209,209,126129,126129,126129,"Neg","Neg","Neg",126129,33971,209,"Neg",TRUE
-0.0609322813035898,0.0480851499477899,-1.27896648557549,0.201730119554971,0.628730035598699,-5.12269830321679,891,"891","Lipid","Long Chain Saturated Fatty Acid",1557,"NAMED","KEMQGTRYUADPNZ-UHFFFAOYSA-N","O=C(O)CCCCCCCCCCCCCCCC","margarate (17:0)","margarate (17:0)","506-12-7",10033,"HMDB0002259",NA,10465,NA,NA,NA,1121,1121,1121,209,209,209,125718,125718,125718,"Neg","Neg","Neg",125718,1121,209,"Neg",TRUE
0.0880910740146684,-0.00118170231923805,1.27681734145981,0.20248716418278,0.628730035598699,-5.12522826742056,100005714,"100005714","Lipid","Lysophospholipid",2728,"NAMED","NTBBASCGALPTDC-IUQGRGSQSA-N","[NH3+]CCOP(OCC(O)COC(CCCCCCC/C=C/C/C=C/C/C=C/CC)=O)([O-])=O","1-linolenoyl-GPE (18:3)*","1-linolenoyl-GPE (18:3)*",NA,NA,"HMDB0011509",NA,52925148,"LPE 18:3","LPE 18:3","LPE 18:3/0:0",57509,57509,57509,402,402,402,211207,211207,211207,"Pos Late","Pos Late","Pos Late",211207,57509,402,"Pos Late",TRUE
-0.0355792630010139,-0.097781013760605,-1.2723700245298,0.204060085381534,0.628730035598699,-5.13045033498373,100009166,"100009166","Lipid","Phosphatidylcholine (PC)",2346,"NAMED","ARDJUHDXABDVFH-JWTYRHBCSA-N","CCCCCCCCCCCCCCCC(OCC(OC(CCCCC/C=C/C/C=C/C/C=C/C/C=C/C/C=C/CC)=O)COP([O-])(OCC[N+](C)(C)C)=O)=O","phosphatidylcholine (16:0/22:5n3, 18:1/20:4)*","phosphatidylcholine (16:0/22:5n3, 18:1/20:4)*",NA,NA,"HMDB0008114,HMDB0007990",NA,NA,"PC 38:5","Unknown","Unknown",52719,52719,52719,402,402,402,165499,165499,165499,"Pos Late","Pos Late","Pos Late",165499,52719,402,"Pos Late",TRUE
-0.105243966647314,-0.0688649346781558,-1.26829068499139,0.205511197849776,0.628730035598699,-5.13522429031555,100010937,"100010937","Lipid","Diacylglycerol",3002,"NAMED","LWXLWRXRJKMNLM-XBUMEPTLSA-N","CCCCCCCC/C=C/CCCCCCCC(OCC(OC(CCC/C=C/C/C=C/C/C=C/C/C=C/CCCCC)=O)CO)=O","oleoyl-arachidonoyl-glycerol (18:1/20:4) [2]*","oleoyl-arachidonoyl-glycerol (18:1/20:4) [2]*",NA,NA,"HMDB0007508",NA,9543786,"DG 38:5","DG 18:1_20:4","Unknown",54961,54961,54961,402,402,402,208046,208046,208046,"Pos Late","Pos Late","Pos Late",208046,54961,402,"Pos Late",TRUE
-0.119143021577155,-0.109568980947249,-1.26422093028246,0.206966126751835,0.628730035598699,-5.13997198274756,100009220,"100009220","Lipid","Phosphatidylethanolamine (PE)",2495,"NAMED","JZSZAGWWWKKXLO-RMEBTJIYSA-N","O=C(CCCCCCC/C=C\CCCCCCCC)OC[C@]([H])(COP(OCCN)(O)=O)OC(CC/C=C\C/C=C\C/C=C\C/C=C\C/C=C\C/C=C\CC)=O","1-oleoyl-2-docosahexaenoyl-GPE (18:1/22:6)*","1-oleoyl-2-docosahexaenoyl-GPE (18:1/22:6)*",NA,24768542,"HMDB0009078",NA,52922113,"PE 40:7","PE 18:1_22:6","Unknown",53209,53209,53209,402,402,402,166647,166647,166647,"Pos Late","Pos Late","Pos Late",166647,53209,402,"Pos Late",TRUE
-0.139764942009454,-0.104934479346553,-1.26301339594318,0.207399258496194,0.628730035598699,-5.14137776000277,100009345,"100009345","Lipid","Phosphatidylcholine (PC)",2355,"NAMED","MMUCLZZSNHBNFL-KBTBXKTRSA-N","O=C(CCCCCCC/C=C\CCCCCC)OC[C@]([H])(COP(OCC[N+](C)(C)C)([O-])=O)OC(CCCCCCC/C=C\C/C=C\C/C=C\CC)=O","1-palmitoleoyl-2-linolenoyl-GPC (16:1/18:3)*","1-palmitoleoyl-2-linolenoyl-GPC (16:1/18:3)*",NA,24766677,"HMDB0008008",NA,52922452,"PC 34:4","PC 16:1_18:3","Unknown",53180,53180,53180,402,402,402,166609,166609,166609,"Pos Late","Pos Late","Pos Late",166609,53180,402,"Pos Late",TRUE
0.0252614254909472,-0.02111994042798,1.2520515224763,0.211361162416987,0.635734746332345,-5.15407848935019,100001271,"100001271","Lipid","Lysophospholipid",2661,"NAMED","IHNKQIMGVNPMTC-RUZDIDTESA-N","O[C@H](COC(CCCCCCCCCCCCCCCCC)=O)COP(OCC[N+](C)(C)C)([O-])=O","1-stearoyl-GPC (18:0)","1-stearoyl-GPC (18:0)","19420-57-6",435389,"HMDB0010384",NA,497300,"LPC 18:0","LPC 18:0","LPC 18:0/0:0",33961,33961,33961,402,402,402,158603,158603,158603,"Pos Late","Pos Late","Pos Late",158603,33961,402,"Pos Late",TRUE
0.020113900544185,-0.00831337454773508,1.24630102926854,0.213461519563596,0.637075077767323,-5.16069726076628,100004329,"100004329","Lipid","Sphingomyelins",3181,"NAMED","IWHLTJGDYLJQSH-FLPFCPAFSA-N","CCCCC/C=C/CCCCCCCCC(N[C@@](COP([O-])(OCC[N+](C)(C)C)=O)([C@](O)(/C=C/CCCCCCCCCCCCC)[H])[H])=O","sphingomyelin (d18:2/16:0, d18:1/16:1)*","sphingomyelin (d18:2/16:0, d18:1/16:1)*",NA,NA,"HMDB0240638,HMDB0240613",NA,NA,"SM 34:2;O2","Unknown","Unknown",42459,42459,42459,402,402,402,161023,161023,161023,"Pos Late","Pos Late","Pos Late",161023,42459,402,"Pos Late",TRUE
0.0314258203617303,0.0428179137066137,1.23053394922447,0.219297909060497,0.648622227959792,-5.1786901684781,100015789,"100015789","Lipid","Sphingomyelins",3175,"NAMED","ZLNGRWIWHFFRNK-UKCALJHFSA-N","CCC/C=C/CCCCCCCC/C=C/[C@@H](O)[C@@H](NC(CCCCCCCCCCCCCCCC/C=C/C/C=C/CC)=O)COP([O-])(OCC[N+](C)(C)C)=O","sphingomyelin (d18:2/24:2)*","sphingomyelin (d18:2/24:2)*",NA,NA,"HMDB0240644",NA,NA,"SM 42:4;O2","SM 18:2;O2_24:2","SM 18:2;O2/24:2",57479,57479,57479,402,402,402,211142,211142,211142,"Pos Late","Pos Late","Pos Late",211142,57479,402,"Pos Late",TRUE
0.0322794420564946,-0.0728222972389952,1.22666638138632,0.220746948771836,0.648622227959792,-5.18306904623692,100001395,"100001395","Lipid","Lysophospholipid",2666,"NAMED","SPJFYYJXNPEZDW-UTJQPWESSA-N","O=P(OCC(O)COC(CCCCCCC/C=C\C/C=C\CCCCC)=O)([O-])OCC[N+](C)(C)C","1-linoleoyl-GPC (18:2)","1-linoleoyl-GPC (18:2)",NA,10160888,"HMDB0010386","C04100",11988421,"LPC 18:2","LPC 18:2","LPC 18:2/0:0",34419,34419,34419,402,402,402,158662,158662,158662,"Pos Late","Pos Late","Pos Late",158662,34419,402,"Pos Late",TRUE
-0.134506057071623,-0.0193422815717783,-1.22231757887038,0.222384763871929,0.648622227959792,-5.18797634366204,100020262,"100020262","Partially Characterized Molecules","Partially Characterized Molecules",6708,"NAMED",NA,NA,"glutamine conjugate of C6H10O2 (2)*","glutamine conjugate of C6H10O2 (2)*",NA,NA,NA,NA,NA,NA,NA,NA,63660,63660,63660,209,209,209,223046,223046,223046,"Neg","Neg","Neg",223046,63660,209,"Neg",FALSE
0.053160447473514,0.00993727358201372,1.2089268425469,0.22748190690046,0.65850025681712,-5.20297864999388,100015971,"100015971","Lipid","Corticosteroids",3394,"NAMED","INMJYSGZRBTEOR-RXCXIKFNSA-N","O[C@H]([C@]([C@]([C@]1([H])[C@@](CC2)([H])[C@@]3([H])[C@]([C@@]2([H])C[C@@H]4OC5C(O)C(O)C(O)C(C(O)=O)O5)(CC4)C)(CC3=O)C)(CC1)O)CO","cortolone glucuronide (1)","cortolone glucuronide (1)",NA,NA,"HMDB0010320",NA,NA,NA,NA,NA,57699,57699,57699,209,209,209,212775,212775,212775,"Neg","Neg","Neg",212775,57699,209,"Neg",TRUE
0.025597691177294,0.0216239458367281,1.20040019440867,0.230770564202595,0.663034829985068,-5.21244623787081,100005986,"100005986","Lipid","Sphingomyelins",3193,"NAMED","WKZHECFHXLTOLJ-QYKFWSDSSA-N","O[C@H](/C=C/CCCCCCCCCCCCC)[C@H](CO[P](OCC[N+](C)(C)C)([O-])=O)NC(CCCCCCCCCCCCC/C=C\CCCCCCCC)=O","sphingomyelin (d18:1/24:1, d18:2/24:0)*","sphingomyelin (d18:1/24:1, d18:2/24:0)*","94359-13-4",24846874,"HMDB0012107",NA,44260126,"SM 42:2;O2","Unknown","Unknown",47153,47153,47153,402,402,402,164529,164529,164529,"Pos Late","Pos Late","Pos Late",164529,47153,402,"Pos Late",TRUE
0.0354281663445629,-0.0414962303370009,1.19165566452765,0.234178867350866,0.667372238054001,-5.22208647678366,100001562,"100001562","Lipid","Lysophospholipid",2651,"NAMED","NEGQHKSYEYVFTD-HSZRJFAPSA-N","OC[C@](OC(CCCCCCCCCCCCCCC)=O)([H])COP(OCC[N+](C)(C)C)([O-])=O","2-palmitoyl-GPC (16:0)*","2-palmitoyl-GPC (16:0)*",NA,21403165,"HMDB0240262",NA,15061532,"LPC 16:0","LPC 16:0","LPC 0:0/16:0",35253,35253,35253,209,209,209,126137,126137,126137,"Neg","Neg","Neg",126137,35253,209,"Neg",TRUE
-0.0968700338766456,-0.150676124653001,-1.18766229854523,0.235747076299595,0.667372238054001,-5.22646570092577,100002061,"100002061","Lipid","Lysophospholipid",2752,"NAMED","TWBVHOYVCUOMJY-PAUXXPOVSA-N","OC[C@](OC(CC\C=C/C/C=C\C/C=C\C/C=C\C/C=C\C/C=C\CC)=O)([H])COP(OCCN)(O)=O","2-docosahexaenoyl-GPE (22:6)*","2-docosahexaenoyl-GPE (22:6)*",NA,NA,"HMDB0011496",NA,NA,"LPE 22:6","LPE 22:6","LPE 0:0/22:6",34258,34258,34258,209,209,209,144195,144195,144195,"Neg","Neg","Neg",144195,34258,209,"Neg",TRUE
-0.038839208825391,-0.0352935824788339,-1.17472817659049,0.24087752475716,0.669379443350936,-5.2405495076489,100015793,"100015793","Lipid","Sphingomyelins",3180,"NAMED","YHBBZTIPONDTRX-TVUHHANTSA-N","[H][C@](NC(CCCCCCCCCCCCCC)=O)(COP(OCC[N+](C)(C)C)([O-])=O)[C@@](O)([H])/C=C/CCCCCCCC/C=C\CCC","sphingomyelin (d17:2/16:0, d18:2/15:0)*","sphingomyelin (d17:2/16:0, d18:2/15:0)*",NA,NA,"HMDB0240677",NA,NA,"SM 33:2;O2","Unknown","Unknown",57483,57483,57483,402,402,402,211146,211146,211146,"Pos Late","Pos Late","Pos Late",211146,57483,402,"Pos Late",TRUE
0.0383600631022025,-0.033249250001755,1.17355175251621,0.241348052978251,0.669379443350936,-5.24182291305456,100001567,"100001567","Lipid","Lysophospholipid",2715,"NAMED","YVYMBNSKXOXSKW-HXUWFJFHSA-N","O=P(OCC[NH3+])([O-])OC[C@H](O)COC(CCCCCCCCCCCCCCC)=O","1-palmitoyl-GPE (16:0)","1-palmitoyl-GPE (16:0)","53862-35-4",7826019,"HMDB0011503",NA,9547069,"LPE 16:0","LPE 16:0","LPE 16:0/0:0",35631,35631,35631,402,402,402,158748,158748,158748,"Pos Late","Pos Late","Pos Late",158748,35631,402,"Pos Late",TRUE
-0.0380819006913153,-0.0322229448883753,-1.16843236558303,0.243403192333859,0.669379443350936,-5.2473495933157,100009132,"100009132","Lipid","Phosphatidylcholine (PC)",2414,"NAMED","FCTKCFNDGVBOBD-YZXVGOFNSA-N","O=C(CCCCCCC/C=C\C/C=C\CCCCC)OC[C@]([H])(COP(OCC[N+](C)(C)C)([O-])=O)OC(CC/C=C\C/C=C\C/C=C\C/C=C\C/C=C\C/C=C\CC)=O","1-linoleoyl-2-docosahexaenoyl-GPC (18:2/22:6)*","1-linoleoyl-2-docosahexaenoyl-GPC (18:2/22:6)*",NA,24766818,"HMDB0008156",NA,24778983,"PC 40:8","PC 18:2_22:6","Unknown",53199,53199,53199,402,402,402,166629,166629,166629,"Pos Late","Pos Late","Pos Late",166629,53199,402,"Pos Late",TRUE
-0.0872873737142685,0.057629668861298,-1.16841370333652,0.243410706673068,0.669379443350936,-5.24736969647114,452,"452","Lipid","Long Chain Monounsaturated Fatty Acid",1574,"NAMED","SECPZKHBENQXJG-FPLPWBNLSA-N","CCCCCC\C=C/CCCCCCCC(O)=O","palmitoleate (16:1n7)","palmitoleate (16:1n7)","373-49-9",393216,"HMDB0003229","C08362",445638,NA,NA,NA,33447,33447,33447,209,209,209,126083,126083,126083,"Neg","Neg","Neg",126083,33447,209,"Neg",TRUE
-0.0963401666831314,-0.125005440880204,-1.15624123652614,0.248346857766883,0.672565555161031,-5.26041414091448,100004561,"100004561","Amino Acid","Tryptophan Metabolism",281,"NAMED","LLLPDUXGHXIXIW-UHFFFAOYSA-N","OC(C1=CC=CC=C1N([H])C=O)=O","N-formylanthranilic acid","N-formylanthranilic acid","3342-77-6",91624,"HMDB0004089","C05653",101399,NA,NA,NA,43549,43549,43549,209,209,209,212072,212072,212072,"Neg","Neg","Neg",212072,43549,209,"Neg",TRUE
-0.109274144121791,-0.0556127847247299,-1.1492476067857,0.251214498969119,0.672565555161031,-5.26784746069913,100009264,"100009264","Lipid","Primary Bile Acid Metabolism",3540,"NAMED","ABFZMYIIUREPLL-ASWJIRIHSA-N","O[C@H]1[C@@]2([C@@]([H])([C@]3(CC[C@H](C[C@]3(C1)[H])O[C@H]4[C@@H]([C@H]([C@@H]([C@H](O4)C(O)=O)O)O)O)C)CC[C@]5([C@]2(CC[C@@H]5[C@@H](CCC(NCC(O)=O)=O)C)[H])C)[H]","glycochenodeoxycholate glucuronide (1)","glycochenodeoxycholate glucuronide (1)",NA,NA,"HMDB0002579",NA,44263370,NA,NA,NA,52983,52983,52983,209,209,209,166140,166140,166140,"Neg","Neg","Neg",166140,52983,209,"Neg",TRUE
0.055937039233025,-0.0299399769060802,1.14842121691911,0.251554875234256,0.672565555161031,-5.26872284993279,100005350,"100005350","Lipid","Lysophospholipid",2668,"NAMED","WKQNRCYKYCKESD-YHTMAJSVSA-N","C[N+](CCOP(OCC(O)COC(CCCCCCC/C=C/C/C=C/C/C=C/CC)=O)([O-])=O)(C)C","1-linolenoyl-GPC (18:3)*","1-linolenoyl-GPC (18:3)*",NA,NA,"HMDB0010388","C04100",NA,"LPC 18:3","LPC 18:3","LPC 18:3/0:0",45951,45951,45951,402,402,402,159653,159653,159653,"Pos Late","Pos Late","Pos Late",159653,45951,402,"Pos Late",TRUE
-0.180474873107452,-0.540023605921287,-1.14841609259527,0.251556986865425,0.672565555161031,-5.26872827614561,100000436,"100000436","Lipid","Secondary Bile Acid Metabolism",3557,"NAMED","WVULKSPCQVQLCU-BUXLTGKBSA-N","O=C(NCC(O)=O)CC[C@@H](C)[C@@H]1[C@@]2(C)[C@@H](O)C[C@]3([H])[C@@]4(C)CC[C@@H](O)C[C@@]4([H])CC[C@@]3([H])[C@@]2(CC1)[H]","glycodeoxycholate","glycodeoxycholate","360-65-6",NA,"HMDB0000631","C05464",3035026,NA,NA,NA,18477,18477,18477,209,209,209,123291,123291,123291,"Neg","Neg","Neg",123291,18477,209,"Neg",TRUE
0.0657433567041671,0.0226988489016275,1.1424858026921,0.254009066514707,0.674437866263188,-5.27499183569195,100002028,"100002028","Lipid","Androgenic Steroids",3428,"NAMED","VPDALJSLCNNODJ-QJIZPQHZSA-N","O[C@H]1CCC2C3CCC4=C[C@@H](OS(=O)(O)=O)CC[C@]4(C)C3CC[C@@]21C","androstenediol (3beta,17beta) monosulfate (1)","androstenediol (3beta,17beta) monosulfate (1)","521-17-5",NA,"HMDB0240429",NA,12967063113847300,NA,NA,NA,37211,37211,37211,209,209,209,144263,144263,144263,"Neg","Neg","Neg",144263,37211,209,"Neg",TRUE
0.143641496301384,0.118151898704666,1.12919050067439,0.259567028716044,0.678701181634198,-5.28891736494133,1629,"1629","Lipid","Primary Bile Acid Metabolism",3530,"NAMED","BHTRKEVKTKCXOH-BJLOMENOSA-N","C[C@@]12[C@@]([H])(CC[C@@]2([C@@H](CCC(NCCS(O)(=O)=O)=O)C)[H])[C@@]([C@@H](C[C@]3([H])C[C@H](O)CC4)O)([H])[C@]([C@]34C)([H])CC1","taurochenodeoxycholate","taurochenodeoxycholate","6009-98-9",343282,"HMDB0000951","C05465",387316,NA,NA,NA,18494,18494,18494,209,209,209,124667,124667,124667,"Neg","Neg","Neg",124667,18494,209,"Neg",TRUE
-0.0320779228348643,-0.0653566285254054,-1.12555821117454,0.261099829325233,0.678701181634198,-5.29269386341366,100015788,"100015788","Lipid","Sphingomyelins",3173,"NAMED","YMTVMVYOUDDTQJ-UOMMIRHQSA-N","[H][C@](NC(CCCCCCC/C=C\CCCCCCCC)=O)(COP(OCC[N+](C)(C)C)([O-])=O)[C@@](O)([H])/C=C/CCCCCCCC/C=C\CCC","sphingomyelin (d18:2/18:1, d18:1/18:2)*","sphingomyelin (d18:2/18:1, d18:1/18:2)*",NA,NA,"HMDB0258342",NA,NA,"SM 36:2;O2","SM 18:2;O2_18:1","SM 18:2;O2/18:1",57474,57474,57474,402,402,402,211137,211137,211137,"Pos Late","Pos Late","Pos Late",211137,57474,402,"Pos Late",TRUE
-0.162975858867086,-0.495065104743231,-1.12231403020272,0.262474608236731,0.678701181634198,-5.2960563249323,100001743,"100001743","Amino Acid","Tryptophan Metabolism",271,"NAMED","AOHCBEAZXHZMOR-ZDUSSCGKSA-N","O=C([O-])[C@@H]([N@+](C)(C)C)CC1=CNC2=C1C=CC=C2","tryptophan betaine","tryptophan betaine","20671-76-5",390633,"HMDB0061115","C09213",442106,NA,NA,NA,37097,37097,37097,400,400,400,156317,156317,156317,"Pos Early","Pos Early","Pos Early",156317,37097,400,"Pos Early",TRUE
0.0525749789992829,-0.0676094899880001,1.12186284007302,0.262666171593495,0.678701181634198,-5.29652322491638,100015792,"100015792","Lipid","Sphingomyelins",3195,"NAMED","JONXXLXMISNQNG-BXMSAMRLSA-N","[H][C@](NC(CCCCCCCCCCCCCCCCCCCCCCCC)=O)(COP(OCC[N+](C)(C)C)([O-])=O)[C@@](O)([H])/C=C/CCCCCCCCCCCCC","sphingomyelin (d18:1/25:0, d19:0/24:1, d20:1/23:0, d19:1/24:0)*","sphingomyelin (d18:1/25:0, d19:0/24:1, d20:1/23:0, d19:1/24:0)*",NA,24846885,"HMDB0240675,HMDB0240674,HMDB0240673,HMDB0240671",NA,NA,"SM 43:1;O2","Unknown","Unknown",57478,57478,57478,402,402,402,211141,211141,211141,"Pos Late","Pos Late","Pos Late",211141,57478,402,"Pos Late",TRUE
-0.0599122817744408,-0.0327334625113873,-1.11002663873675,0.267726159512515,0.686154404383588,-5.30870498159673,100008930,"100008930","Lipid","Long Chain Monounsaturated Fatty Acid",1578,"NAMED","ZQPPMHVWECSIRJ-KTKRTIGZSA-N","OC(CCCCCCC/C=C\CCCCCCCC)=O","oleate/vaccenate (18:1)","oleate/vaccenate (18:1)",NA,NA,"HMDB0003231,HMDB0000573,HMDB0240219,HMDB0000207","C21944,C08367,C01712,C00712",5.28276163751752e+25,NA,NA,NA,52285,52285,52285,209,209,209,164313,164313,164313,"Neg","Neg","Neg",164313,52285,209,"Neg",TRUE
-0.0550255900585613,0.057357419739435,-1.10680472355878,0.26911510405694,0.686154404383588,-5.31199875192808,100008992,"100008992","Lipid","Phosphatidylethanolamine (PE)",2487,"NAMED","XYYHNDVKALDFHQ-OXHZBIAZSA-N","O=C(CCCCCCCCCCCCCCCCC)OC[C@]([H])(COP(OCCN)(O)=O)OC(CC/C=C\C/C=C\C/C=C\C/C=C\C/C=C\C/C=C\CC)=O","1-stearoyl-2-docosahexaenoyl-GPE (18:0/22:6)*","1-stearoyl-2-docosahexaenoyl-GPE (18:0/22:6)*",NA,7825748,"HMDB0009012",NA,9546798,"PE 40:6","PE 18:0_22:6","Unknown",52466,52466,52466,402,402,402,165134,165134,165134,"Pos Late","Pos Late","Pos Late",165134,52466,402,"Pos Late",TRUE
-0.149836376644082,-0.456858568958477,-1.10093478784778,0.271658340402745,0.688081980625373,-5.31797516634093,100020259,"100020259","Partially Characterized Molecules","Partially Characterized Molecules",6709,"NAMED",NA,NA,"glutamine conjugate of C7H12O2*","glutamine conjugate of C7H12O2*",NA,NA,NA,NA,NA,NA,NA,NA,63658,63658,63658,209,209,209,223041,223041,223041,"Neg","Neg","Neg",223041,63658,209,"Neg",FALSE
0.0626402250703754,0.0546424306467182,1.09606351482934,0.273781402616486,0.688772885826709,-5.32291084635266,100001870,"100001870","Lipid","Phosphatidylethanolamine (PE)",2455,"NAMED","HBZNVZIRJWODIB-NHCUFCNUSA-N","O=C(CCCCCCC/C=C\C/C=C\CCCCC)O[C@@H](COP(OCCN)(O)=O)COC(CCCCCCCCCCCCCCC)=O","1-palmitoyl-2-linoleoyl-GPE (16:0/18:2)","1-palmitoyl-2-linoleoyl-GPE (16:0/18:2)",NA,7825697,"HMDB0005322",NA,9546747,"PE 34:2","PE 16:0_18:2","Unknown",42449,42449,42449,402,402,402,164197,164197,164197,"Pos Late","Pos Late","Pos Late",164197,42449,402,"Pos Late",TRUE
0.0815254363173743,-0.140419229806362,1.0805752848621,0.28060721169663,0.688772885826709,-5.33845945850206,100001987,"100001987","Lipid","Androgenic Steroids",3454,"NAMED","JHFAETDERBWUOO-ARKAXQQOSA-N","C[C@@]12[C@](CCC3C2CC[C@@]4(C)C3CC[C@@H]4OS(=O)(O)=O)([H])C[C@@H](OS(=O)(O)=O)CC1","5alpha-androstan-3beta,17beta-diol disulfate","5alpha-androstan-3beta,17beta-diol disulfate","571-20-0",NA,"HMDB00493","C12525",90186325,NA,NA,NA,37190,37190,37190,209,209,209,144226,144226,144226,"Neg","Neg","Neg",144226,37190,209,"Neg",TRUE
0.0692996939806224,-0.0662820172490027,1.07556584467479,0.282839548924775,0.688772885826709,-5.34344139964345,100005371,"100005371","Lipid","Lysophospholipid",2736,"NAMED","RNWSKZCVPICGIX-DQXFYRDTSA-N","O=C(CCCCCC/C=C\C/C=C\C/C=C\CCCCC)OC[C@@](O)([H])COP(OCCN)(O)=O","1-dihomo-linolenoyl-GPE (20:3n3 or n6)*","1-dihomo-linolenoyl-GPE (20:3n3 or n6)*",NA,NA,"HMDB0011514,HMDB0011516",NA,NA,"LPE 20:3","LPE 20:3","LPE 20:3/0:0",44630,44630,44630,209,209,209,142531,142531,142531,"Neg","Neg","Neg",142531,44630,209,"Neg",TRUE
0.0399385371864262,0.0739909709106058,1.07126474339563,0.28476562174838,0.688772885826709,-5.34770072495164,100003151,"100003151","Lipid","Fatty Acid Metabolism (Acyl Carnitine, Polyunsaturated)",1936,"NAMED","MJLXQSQYKZWZCB-DQFWFXSYSA-N","[O-]C(C[C@H](C[N+](C)(C)C)OC(CCCCCCC/C=C\C/C=C\CCCCC)=O)=O","linoleoylcarnitine (C18:2)*","linoleoylcarnitine (C18:2)*","36816-10-1",4952667,"HMDB0006469",NA,6450015,NA,NA,NA,46223,46223,46223,402,402,402,159669,159669,159669,"Pos Late","Pos Late","Pos Late",159669,46223,402,"Pos Late",TRUE
0.079366653310877,-0.0771993643873053,1.07036120642235,0.285171640376174,0.688772885826709,-5.34859311549005,100002152,"100002152","Lipid","Androgenic Steroids",3461,"NAMED","UNURIUSTYBXRLV-UHFFFAOYSA-N","CC12CCC(O)CC1=CCC3C2CCC4(C)C3CC(OS(=O)(O)=O)C4=O","andro steroid monosulfate C19H28O6S (1)*","andro steroid monosulfate C19H28O6S (1)*",NA,NA,NA,NA,NA,NA,NA,NA,32827,32827,32827,209,209,209,149822,149822,149822,"Neg","Neg","Neg",149822,32827,209,"Neg",TRUE
-0.0552990097050569,-0.127339189759934,-1.06820943057632,0.286139611354583,0.688772885826709,-5.35071575970581,100002067,"100002067","Lipid","Pregnenolone Steroids",3327,"NAMED","MENQCIVHHONJLU-UHFFFAOYSA-N","CC(C1CCC2C3CCC4CC(OS(O)(=O)=O)CCC4(C3CCC12C)C)=O","pregnenediol sulfate (C21H34O5S)*","pregnenediol sulfate (C21H34O5S)*","1247-64-9",13465233,NA,NA,NA,NA,NA,NA,32619,32619,32619,209,209,209,149838,149838,149838,"Neg","Neg","Neg",149838,32619,209,"Neg",TRUE
-0.0372224121184133,-0.111517614648838,-1.06572821619019,0.287258316225194,0.688772885826709,-5.35315829558895,100002173,"100002173","Lipid","Lysophospholipid",2649,"NAMED","RJZVWDTYEWCUAR-QFIPXVFZSA-N","O=P(OCC[N+](C)(C)C)([O-])OC[C@@H](O)COC(CCCCCCCCCCCCCC)=O","1-pentadecanoyl-GPC (15:0)*","1-pentadecanoyl-GPC (15:0)*",NA,NA,"HMDB0010381",NA,24779458,"LPC 15:0","LPC 15:0","LPC 15:0/0:0",37418,37418,37418,402,402,402,158898,158898,158898,"Pos Late","Pos Late","Pos Late",158898,37418,402,"Pos Late",TRUE
-0.1045552420524,0.13208818619011,-1.050285481078,0.294289235902408,0.688772885826709,-5.36823217381715,100004083,"100004083","Lipid","Secondary Bile Acid Metabolism",3596,"NAMED",NA,"C[C@@]([C@@]1([H])C[C@@H]2O)(CC2)[C@](CC3)([H])[C@]([C@H](O)[C@@H]1O)([H])[C@@](CC4)([H])[C@@]3(C)[C@H]4[C@H](C)CCC(NCC(O)=O)=O","glycohyocholate","glycohyocholate",NA,NA,"HMDB0240607",NA,71361462,NA,NA,NA,42574,42574,42574,209,209,209,143947,143947,143947,"Neg","Neg","Neg",143947,42574,209,"Neg",TRUE
-0.0249458428271808,-0.014053435918693,-1.0484936216857,0.295112238788875,0.688772885826709,-5.36996728548238,100001415,"100001415","Nucleotide","Purine Metabolism, Adenine containing",4367,"NAMED","UNUYMBPXEFMLNW-HZPYULPISA-N","OC(C)C(C(O)=O)NC(NC1=NC=NC2=C1N=CN2[C@@H]3O[C@H](CO)[C@@H](O)[C@H]3O)=O","N6-carbamoylthreonyladenosine","N6-carbamoylthreonyladenosine","24719-82-2",141829,"HMDB0041623",NA,161466,NA,NA,NA,35157,35157,35157,209,209,209,126974,126974,126974,"Neg","Neg","Neg",126974,35157,209,"Neg",TRUE
0.0977040887716459,-0.265820317679269,1.04697788119584,0.295810041501854,0.688772885826709,-5.37143238767765,100002171,"100002171","Lipid","Lysophospholipid",2721,"NAMED","RVNBVQKDPQVSOY-NRFANRHFSA-N","O=P(OCCN)(O)OC[C@@H](O)COC(CCCCCCCCCCCCCCCC)=O","1-margaroyl-GPE (17:0)*","1-margaroyl-GPE (17:0)*",NA,NA,"HMDB0061691",NA,52925149,"LPE 17:0","LPE 17:0","LPE 17:0/0:0",37419,37419,37419,209,209,209,144194,144194,144194,"Neg","Neg","Neg",144194,37419,209,"Neg",TRUE
-0.122908309918828,-0.182437865984006,-1.0467447393058,0.295917437075617,0.688772885826709,-5.37165758193766,100001658,"100001658","Lipid","Secondary Bile Acid Metabolism",3572,"NAMED","HSNPMXROZIQAQD-VUIPEFFGSA-N","C[C@@]([C@]([C@@](CC1)([H])[C@@]2([H])[C@](CC3)(C)[C@]1([H])C[C@@H]3OS(=O)(O)=O)(CC4)[H])(CC2)[C@]4([H])[C@H](C)CCC(NCCS(O)(=O)=O)=O","taurolithocholate 3-sulfate","taurolithocholate 3-sulfate","64936-83-0",389078,"HMDB0002580","C03642",440071,NA,NA,NA,36850,36850,36850,209,209,209,128309,128309,128309,"Neg","Neg","Neg",128309,36850,209,"Neg",TRUE
0.0556095447254052,-0.0376269727990045,1.04108106645639,0.298534429921299,0.688772885826709,-5.37711287680273,100009139,"100009139","Lipid","Phosphatidylcholine (PC)",2311,"NAMED","SRQSAJRUMDQMMS-NLDJLLEISA-N","O=C(CCCCCCCCCCCCC)OC[C@]([H])(COP(OCC[N+](C)(C)C)([O-])=O)OC(CCC/C=C\C/C=C\C/C=C\C/C=C\CCCCC)=O","1-myristoyl-2-arachidonoyl-GPC (14:0/20:4)*","1-myristoyl-2-arachidonoyl-GPC (14:0/20:4)*",NA,24766559,"HMDB0007883",NA,24778634,"PC 34:4","PC 14:0_20:4","Unknown",53195,53195,53195,402,402,402,166625,166625,166625,"Pos Late","Pos Late","Pos Late",166625,53195,402,"Pos Late",TRUE
0.0656829121341609,-0.0118587039829323,1.03264750181313,0.302459972487059,0.688772885826709,-5.38518165592574,171,"171","Nucleotide","Purine Metabolism, (Hypo)Xanthine/Inosine containing",4323,"NAMED","FDGQSTZJBFJUBT-UHFFFAOYSA-N","O=C1C(N=CN2)=C2N=CN1","hypoxanthine","hypoxanthine","68-94-0",768,"HMDB0000157","C00262",790135398638,NA,NA,NA,3127,3127,3127,209,400,209,124615,155485,124615,"Neg","Pos Early","Neg",155485,3127,400,"Pos Early",TRUE
0.0353096639337247,-0.0439272092841584,1.03243430469716,0.302559653429247,0.688772885826709,-5.38538478631565,100001552,"100001552","Lipid","Lysophospholipid",2680,"NAMED","BBNHCUBQEQJHIG-FZZJNMCHSA-N","C[N+](C)(C)CCOP(OC[C@@](O)([H])COC(CCCCCC\C=C/C/C=C\C/C=C\CCCCC)=O)([O-])=O","1-dihomo-linolenoyl-GPC (20:3n3 or n6)*","1-dihomo-linolenoyl-GPC (20:3n3 or n6)*",NA,21403156,"HMDB0010394",NA,52924055,"LPC 20:3","LPC 20:3","LPC 20:3/0:0",33821,33821,33821,402,402,402,158575,158575,158575,"Pos Late","Pos Late","Pos Late",158575,33821,402,"Pos Late",TRUE
0.0506662174695416,0.0493866856946899,1.03223419540476,0.302653235081301,0.688772885826709,-5.38557540894494,100008976,"100008976","Lipid","Phosphatidylethanolamine (PE)",2474,"NAMED","YDTWOEYVDRKKCR-KNERPIHHSA-N","O=C(CCCCCCCCCCCCCCCCC)OC[C@]([H])(COP(OCCN)(O)=O)OC(CCCCCCC/C=C\C/C=C\CCCCC)=O","1-stearoyl-2-linoleoyl-GPE (18:0/18:2)*","1-stearoyl-2-linoleoyl-GPE (18:0/18:2)*",NA,7825699,"HMDB0008994",NA,9546749,"PE 36:2","PE 18:0_18:2","Unknown",52446,52446,52446,402,402,402,165108,165108,165108,"Pos Late","Pos Late","Pos Late",165108,52446,402,"Pos Late",TRUE
0.0465118960813238,-0.0604579199575341,1.02961435192126,0.30388019508829,0.688772885826709,-5.38806766540096,100001569,"100001569","Lipid","Lysophospholipid",2724,"NAMED","PYVRVRFVLRNJLY-MZMPXXGTSA-N","O=P(OCC[NH3+])([O-])OC[C@H](O)COC(CCCCCCC\C=C/CCCCCCCC)=O","1-oleoyl-GPE (18:1)","1-oleoyl-GPE (18:1)","89576-29-4",7826021,"HMDB0011506",NA,9547071,"LPE 18:1","LPE 18:1","LPE 18:1/0:0",35628,35628,35628,402,402,402,158745,158745,158745,"Pos Late","Pos Late","Pos Late",158745,35628,402,"Pos Late",TRUE
-0.0619549898840688,-0.0145902987580836,-1.02301189324937,0.306987045685073,0.688772885826709,-5.39432066544347,100001277,"100001277","Lipid","Long Chain Monounsaturated Fatty Acid",1585,"NAMED","BBOWBNGUEWHNQZ-KTKRTIGZSA-N","O=C(O)CCCCCCCC/C=C\CCCCCCCC","nonadecenoate (19:1)","nonadecenoate (19:1)","73033-09-7",4471938,"HMDB0013622",NA,5312513,NA,NA,NA,33972,33972,33972,209,209,209,126131,126131,126131,"Neg","Neg","Neg",126131,33972,209,"Neg",TRUE
0.0360443816498006,-0.0787843427192405,1.0215854303203,0.307660918774527,0.688772885826709,-5.39566648573115,100020414,"100020414","Amino Acid","Tryptophan Metabolism",334,"NAMED","OAORYCZPERQARS-UHFFFAOYSA-N","Brc1ccc2c(CC(N)C(O)=O)c[nH]c2c1","6-bromotryptophan","6-bromotryptophan",NA,NA,"HMDB0242168",NA,9856996,NA,NA,NA,62503,62503,62503,209,209,209,219798,219798,219798,"Neg","Neg","Neg",219798,62503,209,"Neg",TRUE
0.063655487497835,-0.119018689388587,1.02136699198484,0.307764345460948,0.688772885826709,-5.39587228415285,100022127,"100022127","Lipid","Corticosteroids",3391,"NAMED","QUOCEDQXFGCYTL-QMELEVSMSA-N","[H][C@@]12C[C@H](OC3C(O)C(O)C(O)C(C(O)=O)O3)CC[C@]1(C)[C@@]([C@@]4([H])CC2)([H])C(C[C@@]5(C)[C@@]4([H])CC[C@]5(O)C(CO)=O)=O","tetrahydrocortisone glucuronide (5)","tetrahydrocortisone glucuronide (5)",NA,NA,NA,NA,NA,NA,NA,NA,64591,64591,64591,209,209,209,238327,238327,238327,"Neg","Neg","Neg",238327,64591,209,"Neg",TRUE
-0.0173056559308147,0.00949596835539902,-1.01776795267656,0.309469415599664,0.688772885826709,-5.3992587538592,355,"355","Amino Acid","Histidine Metabolism",73,"NAMED","HNDVDQJCIGZPNO-UHFFFAOYSA-N","NC(C(O)=O)CC1=CN=CN1","histidine","histidine","5934-29-2",752,"HMDB0000177","C00135",6274,NA,NA,NA,59,59,59,209,209,209,123153,123153,123153,"Neg","Neg","Neg",123153,59,209,"Neg",FALSE
-0.0392059741351739,-0.0430451449405399,-1.0174902492303,0.309601473897122,0.688772885826709,-5.39951936058126,100008918,"100008918","Lipid","Plasmalogen",2871,"NAMED","FHHVIBPVBBRLOR-IYACIECVSA-N","O=C(O[C@](COP([O-])(OCC[N+](C)(C)C)=O)([H])CO/C=C\CCCCCCCCCCCCCCCC)CCC/C=C\C/C=C\C/C=C\C/C=C\CCCCC","1-(1-enyl-stearoyl)-2-arachidonoyl-GPC (P-18:0/20:4)","1-(1-enyl-stearoyl)-2-arachidonoyl-GPC (P-18:0/20:4)","97802-56-7",24767528,"HMDB0011253",NA,24779390,"PC O-38:5","PC P-18:0_20:4","PC P-18:0/20:4",52613,52613,52613,402,402,402,165345,165345,165345,"Pos Late","Pos Late","Pos Late",165345,52613,402,"Pos Late",TRUE
0.0221383435766019,0.0106045849929964,1.01069317791839,0.31283980925109,0.688772885826709,-5.40588067576365,100006298,"100006298","Lipid","Sphingomyelins",3172,"NAMED","QEDPUVGSSDPBMD-XTAIVQBESA-N","CCCCCCCCCCCCC/C=C/[C@@H](O)[C@@H](NC(CCCCCCCCCCCCCCCCCCCCCCC)=O)COP([O-])(OCC[N+](C)(C)C)=O","lignoceroyl sphingomyelin (d18:1/24:0)","lignoceroyl sphingomyelin (d18:1/24:0)","60037-60-7",24846875,"HMDB0011697",NA,NA,"SM 42:1;O2","SM 18:1;O2_24:0","SM 18:1;O2/24:0",57330,57330,57330,402,402,402,210828,210828,210828,"Pos Late","Pos Late","Pos Late",210828,57330,402,"Pos Late",TRUE
-0.0537357356897124,-0.167411838072623,-1.00132324648523,0.317340880649266,0.688772885826709,-5.41458013017261,100005353,"100005353","Lipid","Lysophospholipid",2671,"NAMED","WYIMORDZGCUBAA-UHFFFAOYSA-N","C[N+](CCOP(OCC(O)COC(CCCCCCCCCCCCCCCCCC)=O)([O-])=O)(C)C","1-nonadecanoyl-GPC (19:0)","1-nonadecanoyl-GPC (19:0)","108273-88-7",24823014,NA,NA,NA,"LPC 19:0","LPC 19:0","LPC 19:0/0:0",47087,47087,47087,402,402,402,159895,159895,159895,"Pos Late","Pos Late","Pos Late",159895,47087,402,"Pos Late",TRUE
0.0295270374048089,-0.0189483586127215,1.0003501805658,0.317810908950722,0.688772885826709,-5.4154788091375,1518,"1518","Lipid","Ceramides",3083,"NAMED","YDNKGFDKKRUKPY-TURZORIXSA-N","OC[C@@H]([C@H](O)/C=C/CCCCCCCCCCCCC)NC(CCCCCCCCCCCCCCC)=O","N-palmitoyl-sphingosine (d18:1/16:0)","N-palmitoyl-sphingosine (d18:1/16:0)","24696-26-2",4446677,"HMDB0004949",NA,5283564,"CER 34:1;O2","CER 18:1; O2_16:0","CER 18:1; O2/16:0",44877,44877,44877,402,402,402,164219,164219,164219,"Pos Late","Pos Late","Pos Late",164219,44877,402,"Pos Late",TRUE
0.0308285133678813,-0.0720611774399474,1.0001087151093,0.317927361910954,0.688772885826709,-5.41570190528011,100000776,"100000776","Lipid","Fatty Acid Metabolism (Acyl Carnitine, Long Chain Saturated)",1909,"NAMED","XOMRRQXKHMYMOC-UHFFFAOYSA-N","[O-]C(CC(OC(CCCCCCCCCCCCCCC)=O)C[N+](C)(C)C)=O","palmitoylcarnitine (C16)","palmitoylcarnitine (C16)","6865-14-1",448,"HMDB0000222","C02990",461,NA,NA,NA,44681,44681,44681,402,402,402,159624,159624,159624,"Pos Late","Pos Late","Pos Late",159624,44681,402,"Pos Late",TRUE
-0.121534044629589,-0.508932124230403,-0.999037167634691,0.318445645914686,0.688772885826709,-5.41669026746681,100021991,"100021991","Lipid","Fatty Acid Metabolism (Acyl Carnitine, Hydroxy)",1970,"NAMED","RCXSFDNDEVSQNG-UHFFFAOYSA-N","[O-]C(CC(OC(C(O)CCCCCC)=O)C[N+](C)(C)C)=O","3-hydroxyoctanoylcarnitine (2)","3-hydroxyoctanoylcarnitine (2)",NA,NA,NA,NA,NA,NA,NA,NA,64394,64394,64394,400,400,400,237478,237478,237478,"Pos Early","Pos Early","Pos Early",237478,64394,400,"Pos Early",TRUE
-0.0629770617900406,-0.12685577900556,-0.987952317098897,0.323837494093541,0.692580229864525,-5.42685471713218,100009219,"100009219","Lipid","Phosphatidylethanolamine (PE)",2492,"NAMED","PECSWFQRRFRZPW-BHPGJWMBSA-N","O=C(CCCCCCC/C=C\CCCCCCCC)OC[C@]([H])(COP(OCCN)(O)=O)OC(CCC/C=C\C/C=C\C/C=C\C/C=C\CCCCC)=O","1-oleoyl-2-arachidonoyl-GPE (18:1/20:4)*","1-oleoyl-2-arachidonoyl-GPE (18:1/20:4)*",NA,24768534,"HMDB0009069",NA,348281223,"PE 38:5","PE 18:1_20:4","Unknown",55041,55041,55041,402,402,402,210837,210837,210837,"Pos Late","Pos Late","Pos Late",210837,55041,402,"Pos Late",TRUE
0.0272378168557874,0.0290507233782977,0.986205216767257,0.324692517723967,0.692580229864525,-5.42844665482883,100009364,"100009364","Lipid","Phosphatidylcholine (PC)",2373,"NAMED","QLAPQVPZKNRKSF-FYBVJDQOSA-N","CCCCCCCCCCCCCCCCCC(OCC(OC(CC/C=C/C/C=C/CCCCCCCCCCCC)=O)COP([O-])(OCC[N+](C)(C)C)=O)=O","phosphatidylcholine (18:0/20:2, 20:0/18:2)*","phosphatidylcholine (18:0/20:2, 20:0/18:2)*",NA,NA,"HMDB0008143,HMDB0008045",NA,NA,"PC 38:2","Unknown","Unknown",53192,53192,53192,402,402,402,166622,166622,166622,"Pos Late","Pos Late","Pos Late",166622,53192,402,"Pos Late",TRUE
-0.0871698143360999,-0.22269848876439,-0.984349692179172,0.325602653520725,0.692580229864525,-5.43013393099257,100002241,"100002241","Xenobiotics","Xanthine Metabolism",4800,"NAMED","YHNNPKUFPWLTOP-UHFFFAOYSA-N","CN(C1=C(N2)NC(NC1=O)=O)C2=O","7-methylurate","7-methylurate","612-37-3",62375,"HMDB0011107","C16355",69160,NA,NA,NA,39598,39598,39598,400,400,400,156601,156601,156601,"Pos Early","Pos Early","Pos Early",156601,39598,400,"Pos Early",TRUE
-0.0295968653682026,-0.0248625690494678,-0.978996750988072,0.328236987952976,0.69434747451591,-5.43498433668998,100015790,"100015790","Lipid","Sphingomyelins",3189,"NAMED","SDUGEKJCGFHJRC-GKPQAQNZSA-N","CCC/C=C/CCCCCCCC/C=C/[C@@H](O)[C@@H](NC(CCCCCCCCCCCCCCCCCCCC)=O)COP([O-])(OCC[N+](C)(C)C)=O","sphingomyelin (d18:2/21:0, d16:2/23:0)*","sphingomyelin (d18:2/21:0, d16:2/23:0)*",NA,NA,"HMDB0240676",NA,NA,"SM 39:2;O2","Unknown","Unknown",57480,57480,57480,402,402,402,211143,211143,211143,"Pos Late","Pos Late","Pos Late",211143,57480,402,"Pos Late",TRUE
0.0716306415658786,-0.00417291201510248,0.974336826892147,0.330541539875573,0.695401600284676,-5.43918537439988,100002126,"100002126","Lipid","Androgenic Steroids",3407,"NAMED","ALBNSVAJDFJRKQ-UAFBDMIJSA-N","O=C1[C@H](O)CC2C3CC=C4C[C@@H](OS(=O)(O)=O)CC[C@]4(C)C3CC[C@@]21C","16alpha-hydroxy DHEA 3-sulfate","16alpha-hydroxy DHEA 3-sulfate",NA,NA,"HMDB0062544",NA,20848950,NA,NA,NA,38168,38168,38168,209,209,209,143871,143871,143871,"Neg","Neg","Neg",143871,38168,209,"Neg",TRUE
-0.0421839554227476,-0.00828286705325476,-0.94071963560797,0.347477398900151,0.725151427378636,-5.46890147356488,100001739,"100001739","Lipid","Long Chain Polyunsaturated Fatty Acid (n3 and n6)",1617,"NAMED","AHANXAKGNAKFSK-PDBXOOCHSA-N","CC\C=C/C\C=C/C\C=C/CCCCCCCCCC(O)=O","dihomo-linolenate (20:3n3 or n6)","dihomolinolenate (20:3n3 or 3n6)","17046-59-2",4471954,"HMDB0002925","C03242",5280581,NA,NA,NA,35718,35718,35718,209,209,209,143707,143707,143707,"Neg","Neg","Neg",143707,35718,209,"Neg",TRUE
-0.0776988325016615,-0.242933326565684,-0.938822511303807,0.348449387181942,0.725151427378636,-5.47054751415835,100004182,"100004182","Lipid","Secondary Bile Acid Metabolism",3609,"NAMED","HIAJCGFYHIANNA-QIZZZRFXSA-N","O[C@@H]1CC2=CC[C@@]([C@@]3([H])[C@@]2(C)CC1)([H])[C@@]4([H])[C@@](CC3)(C)[C@]([C@H](C)CCC(O)=O)([H])CC4","3beta-hydroxy-5-cholenoate","3beta-hydroxy-5-cholenoate","5255-17-4",83950,"HMDB0000308",NA,92997,NA,NA,NA,43507,43507,43507,209,209,209,144005,144005,144005,"Neg","Neg","Neg",144005,43507,209,"Neg",TRUE
0.0233044184866633,-0.0195955198555092,0.927603076756431,0.354232868372002,0.733223947974306,-5.48021466781209,100001571,"100001571","Lipid","Lysophospholipid",2739,"NAMED","ROPRRXYVXLDXQO-XSQXPFHXSA-N","NCCOP(OC[C@@](O)([H])COC(CCC\C=C/C\C=C/C/C=C\C/C=C\CCCCC)=O)(O)=O","1-arachidonoyl-GPE (20:4n6)*","1-arachidonoyl-GPE (20:4n6)*",NA,21403171,"HMDB0011517",NA,42607465,"LPE 20:4","LPE 20:4(5,8,11,14)","LPE 20:4(5,8,11,14)/0:0",35186,35186,35186,402,402,402,158719,158719,158719,"Pos Late","Pos Late","Pos Late",158719,35186,402,"Pos Late",TRUE
0.138326507034371,-0.543715801515241,0.888769855401616,0.374718415161889,0.76626404833827,-5.51278135288469,100001405,"100001405","Xenobiotics","Xanthine Metabolism",4805,"NAMED","MVOYJPOZRLFTCP-UHFFFAOYSA-N","O=C(N1C)NC2=C(NC=N2)C1=O","1-methylxanthine","1-methylxanthine","6136-37-4",72464,"HMDB0010738","C16358",80220,NA,NA,NA,34389,34389,34389,209,209,209,126906,126906,126906,"Neg","Neg","Neg",126906,34389,209,"Neg",TRUE
0.0227020651018805,-0.0291804887194514,0.884780163888668,0.376863753781685,0.76626404833827,-5.51604892413368,100006296,"100006296","Lipid","Sphingomyelins",3191,"NAMED","BBJBWENPFZYXKM-CUYAXJSGSA-N","CCCCCCCCCCCCC/C=C/[C@@H](O)[C@@H](NC(CCCCCCCCCCC/C=C/C/C=C/CCCCC)=O)COP([O-])(OCC[N+](C)(C)C)=O","sphingomyelin (d18:1/22:2, d18:2/22:1, d16:1/24:2)*","sphingomyelin (d18:1/22:2, d18:2/22:1, d16:1/24:2)*",NA,NA,"HMDB0240670,HMDB0240672,HMDB0240669",NA,NA,"SM 40:3;O2","Unknown","Unknown",57477,57477,57477,402,402,402,211140,211140,211140,"Pos Late","Pos Late","Pos Late",211140,57477,402,"Pos Late",TRUE
0.0181915350429547,0.00277263881176174,0.880217026144729,0.379326968568251,0.76626404833827,-5.51976800043615,100008954,"100008954","Lipid","Dihydrosphingomyelins",3162,"NAMED","QHZIGNLCLJPLCU-QPPIDDCLSA-N","[H][C@](NC(CCCCCCCCCCCCCCC)=O)(COP(OCC[N+](C)(C)C)([O-])=O)[C@@](O)([H])CCCCCCCCCCCCCCC","palmitoyl dihydrosphingomyelin (d18:0/16:0)*","palmitoyl dihydrosphingomyelin (d18:0/16:0)*",NA,8115586,"HMDB0010168",NA,9939965,"SM 34:0;O2","SM 18:0;O2_16:0","SM 18:0;O2/16:0",52434,52434,52434,402,402,402,164558,164558,164558,"Pos Late","Pos Late","Pos Late",164558,52434,402,"Pos Late",TRUE
0.0146101337179842,-0.0375434705073616,0.877654715326939,0.38071447218118,0.76626404833827,-5.52184795859995,461,"461","Energy","Oxidative Phosphorylation",1508,"NAMED","NBIIXXVUZAFLBC-UHFFFAOYSA-N","O=P(O)(O)O","phosphate","phosphate","7664-38-2",1032,"HMDB0001429","C00009",1061,NA,NA,NA,42109,42109,42109,400,400,400,156915,156915,156915,"Pos Early","Pos Early","Pos Early",156915,42109,400,"Pos Early",TRUE
0.0394332814989654,-0.00358893256150508,0.875893032134127,0.38167043142309,0.76626404833827,-5.52327432152927,100001555,"100001555","Lipid","Lysophospholipid",2662,"NAMED","IQGPMZRCLCCXAG-VWLOTQADSA-N","OC[C@H](OC(CCCCCCCCCCCCCCCCC)=O)COP(OCC[N+](C)(C)C)([O-])=O","2-stearoyl-GPC (18:0)*","2-stearoyl-GPC* (18:0)*",NA,8383879,"HMDB0011128",NA,24779491,"LPC 18:0","LPC 18:0","LPC 0:0/18:0",35255,35255,35255,209,209,209,213240,213240,213240,"Neg","Neg","Neg",213240,35255,209,"Neg",TRUE
0.0213379110198198,-0.0212310272324417,0.875033925416412,0.38213687605441,0.76626404833827,-5.52396914318566,100009030,"100009030","Lipid","Lactosylceramides (LCER)",3150,"NAMED","HLIJNIKSBCIDGO-QKLMXXKVSA-N","O=C(CCCCCCCCCCCCCCC)N[C@@]([C@]([H])(O)/C=C/CCCCCCCCCCCCC)([H])CO[C@H](O1)[C@H](O)[C@@H](O)[C@@H]([C@H]1CO)O[C@H](O2)[C@H](O)[C@@H](O)[C@H]([C@H]2CO)O","lactosyl-N-palmitoyl-sphingosine (d18:1/16:0)","lactosyl-N-palmitoyl-sphingosine (d18:1/16:0)","4201-62-1",NA,"HMDB0006750",NA,53477895,"LacCer 34:1;O2","LacCer 18:1;O2_16:0","LacCer 18:1;O2/16:0",53010,53010,53010,402,402,402,166340,166340,166340,"Pos Late","Pos Late","Pos Late",166340,53010,402,"Pos Late",TRUE
0.117844866732359,-0.42370042049425,0.858514830950568,0.391177726146989,0.78032862469736,-5.53719364433717,100001106,"100001106","Xenobiotics","Xanthine Metabolism",4801,"NAMED","OTSBKHHWSQYEHK-UHFFFAOYSA-N","CN1C(N(C(N2)=C(C1=O)NC2=O)C)=O","1,3-dimethylurate","1,3-dimethylurate","944-73-0",63527,"HMDB0001857",NA,70346,NA,NA,NA,32391,32391,32391,209,209,209,125804,125804,125804,"Neg","Neg","Neg",125804,32391,209,"Neg",TRUE
-0.0442299918602712,-0.00995264428426975,-0.85482520828889,0.393214680809887,0.780348722225807,-5.54011316218957,519,"519","Lipid","Long Chain Saturated Fatty Acid",1552,"NAMED","TUNFSRHWOTWDNC-UHFFFAOYSA-N","OC(CCCCCCCCCCCCC)=O","myristate (14:0)","myristate (14:0)","544-63-8",10539,"HMDB0000806","C06424",11005,NA,NA,NA,1365,1365,1365,209,209,209,125728,125728,125728,"Neg","Neg","Neg",125728,1365,209,"Neg",TRUE
-0.0446428032716076,0.0794304775376248,-0.844469639120676,0.39896612487875,0.787702349119582,-5.54824041542358,100021728,"100021728","Lipid","Fatty Acid Metabolism (Acyl Carnitine, Medium Chain)",1901,"NAMED","LNGSHJPPGDBEPT-VYAYZGMFSA-N","O=C(C[C@@]1([H])[C@@](C1)([H])CCC)OC(CC([O-])=O)C[N+](C)(C)C","cis-3,4-methyleneheptanoylcarnitine","cis-3,4-methyleneheptanoylcarnitine",NA,NA,NA,NA,NA,NA,NA,NA,64389,64389,64389,402,402,402,237480,237480,237480,"Pos Late","Pos Late","Pos Late",237480,64389,402,"Pos Late",TRUE
-0.0448163046798185,-0.0905761779882387,-0.837903448684542,0.402639164834662,0.790898359496657,-5.55334259075242,330,"330","Energy","TCA Cycle",1489,"NAMED","VZCYOOQTPOCHFL-OWOJBTEDSA-N","OC(/C=C/C(O)=O)=O","fumarate","fumarate","100-17-8",10197150,"HMDB0000134","C00122",444972,NA,NA,NA,1643,1643,1643,305,305,305,146876,146876,146876,"Polar","Polar","Polar",146876,1643,305,"Polar",TRUE
0.0576999854653976,0.0492526422408752,0.799345958888021,0.424615293963504,0.816061272598591,-5.58250283340902,100015593,"100015593","Lipid","Phosphatidylethanolamine (PE)",2486,"NAMED","DPRXQVIZBLENFV-UFHXWEBOSA-N","CCCCCCCCCCCCCCCCCC(OCC(OC(CC/C=C/C/C=C/C/C=C/C/C=C/C/C=C/CCCCC)=O)COP(O)(OCCN)=O)=O","1-stearoyl-2-docosapentaenoyl-GPE (18:0/22:5n6)*","1-stearoyl-2-docosapentaenoyl-GPE (18:0/22:5n6)*",NA,NA,"HMDB0009010",NA,53479611,"PE 40:5","PE 18:0_22:5(4,7,10,13,16)","Unknown",57338,57338,57338,402,402,402,210839,210839,210839,"Pos Late","Pos Late","Pos Late",210839,57338,402,"Pos Late",TRUE
-0.0425935285098957,0.117125161729245,-0.792779816334861,0.428426650555631,0.816061272598591,-5.58733234026117,180,"180","Lipid","Long Chain Polyunsaturated Fatty Acid (n3 and n6)",1612,"NAMED","OYHQOLUKZRVURQ-HZJYTTRNSA-N","OC(CCCCCCC/C=C\C/C=C\CCCCC)=O","linoleate (18:2n6)","linoleate (18:2n6)","60-33-3",4444105,"HMDB0006270,HMDB0000673","C01595",5280450,NA,NA,NA,1105,1105,1105,209,209,209,125969,125969,125969,"Neg","Neg","Neg",125969,1105,209,"Neg",TRUE
-0.0765037686407042,-0.262722828790231,-0.7900748201853,0.430002576353662,0.816061272598591,-5.58931036772229,100010936,"100010936","Lipid","Diacylglycerol",3001,"NAMED","LWXLWRXRJKMNLM-XBUMEPTLSA-N","CCCCCCCC/C=C/CCCCCCCC(OCC(OC(CCC/C=C/C/C=C/C/C=C/C/C=C/CCCCC)=O)CO)=O","oleoyl-arachidonoyl-glycerol (18:1/20:4) [1]*","oleoyl-arachidonoyl-glycerol (18:1/20:4) [1]*",NA,NA,"HMDB0007228",NA,9543786,"DG 38:5","DG 18:1_20:4","Unknown",54960,54960,54960,402,402,402,208045,208045,208045,"Pos Late","Pos Late","Pos Late",208045,54960,402,"Pos Late",TRUE
-0.0774828612202223,-0.124030017325012,-0.789622830677832,0.430266233825228,0.816061272598591,-5.58964022812727,100001232,"100001232","Lipid","Medium Chain Fatty Acid",1549,"NAMED","IJBFSOLHRKELLR-FPLPWBNLSA-N","CCCCCC\C=C/CCCC(O)=O","5-dodecenoate (12:1n7)","5-dodecenoate (12:1n7)","2430-94-6",4471803,"HMDB0000529",NA,5312378,NA,NA,NA,33968,33968,33968,209,209,209,126127,126127,126127,"Neg","Neg","Neg",126127,33968,209,"Neg",TRUE
-0.0925204068872623,-0.298285117981009,-0.789173971070088,0.430528158781382,0.816061272598591,-5.58996761822962,100001396,"100001396","Xenobiotics","Xanthine Metabolism",4807,"NAMED","PFWLFWPASULGAN-UHFFFAOYSA-N","OC1=C(N2C)C(N=C2)=NC(O)=N1","7-methylxanthine","7-methylxanthine","552-62-5",61660,"HMDB0001991","C16353",68374,NA,NA,NA,34390,34390,34390,400,400,400,156093,156093,156093,"Pos Early","Pos Early","Pos Early",156093,34390,400,"Pos Early",TRUE
-0.0475872339943236,-0.208366834538329,-0.788046631227758,0.4311862817015,0.816061272598591,-5.59078919248283,100021131,"100021131","Lipid","Fatty Acid Metabolism (Acyl Carnitine, Monounsaturated)",1926,"NAMED",NA,"C=CCCCCCCCCC(OC(CC([O-])=O)C[N+](C)(C)C)=O","undecenoylcarnitine (C11:1)","undecenoylcarnitine (C11:1)","792164-86-4",NA,"HMDB0241164",NA,NA,NA,NA,NA,63613,63613,63613,402,402,402,222938,222938,222938,"Pos Late","Pos Late","Pos Late",222938,63613,402,"Pos Late",TRUE
0.0461772716219062,0.107974364457925,0.787901144267079,0.431271401952621,0.816061272598591,-5.59089498649275,100009215,"100009215","Lipid","Phosphatidylethanolamine (PE)",2479,"NAMED","XJPVAWWHABLYPE-KPRICRNFSA-N","O=C(CCCCCCCCCCCCCCCCC)OC[C@]([H])(COP(OCCN)(O)=O)OC(CCCCCC/C=C\C/C=C\C/C=C\CCCCC)=O","1-stearoyl-2-dihomo-linolenoyl-GPE (18:0/20:3n3 or n6)*","1-stearoyl-2-dihomo-linolenoyl-GPE (18:0/20:3n3 or n6)*",NA,24768480,"HMDB0009002",NA,52924903,"PE 38:3","PE 18:0_20:3","Unknown",57336,57336,57336,402,402,402,210835,210835,210835,"Pos Late","Pos Late","Pos Late",210835,57336,402,"Pos Late",TRUE
0.019120939580766,-0.0368575863675024,0.780415728735004,0.435657295303737,0.816061272598591,-5.59631877213341,100000265,"100000265","Amino Acid","Tryptophan Metabolism",274,"NAMED","YGPSJZOEDVAXAB-QMMMGPOBSA-N","N[C@H](C(O)=O)CC(C1=CC=CC=C1N)=O","kynurenine","kynurenine","2922-83-0",141580,"HMDB0000684","C00328",161166,NA,NA,NA,15140,15140,15140,400,400,400,155539,155539,155539,"Pos Early","Pos Early","Pos Early",155539,15140,400,"Pos Early",TRUE
-0.0251796801492774,-0.1062626142178,-0.772776907339016,0.440159761860495,0.816061272598591,-5.60180035812035,100001264,"100001264","Lipid","Lysophospholipid",2656,"NAMED","SRRQPVVYXBTRQK-DEOSSOPVSA-N","O=P(OCC[N+](C)(C)C)([O-])OC[C@@H](O)COC(CCCCCCCCCCCCCCCC)=O","1-margaroyl-GPC (17:0)","1-margaroyl-GPC (17:0)","50930-23-9",NA,"HMDB0012108","C04230",24779463,"LPC 17:0","LPC 17:0","LPC 17:0/0:0",44682,44682,44682,402,402,402,159625,159625,159625,"Pos Late","Pos Late","Pos Late",159625,44682,402,"Pos Late",TRUE
0.0810444619386139,0.0844782636730859,0.772134392481437,0.44053985178409,0.816061272598591,-5.60225880948531,1628,"1628","Lipid","Primary Bile Acid Metabolism",3529,"NAMED","GHCZAUBVMUEKKP-AZDOMVTHSA-N","O=C(NCC(O)=O)CC[C@@H](C)[C@@H]1[C@](CC[C@H]2[C@@]3([H])[C@H](O)C[C@@]4([H])C2(C)CC[C@@H](O)C4)(C)[C@]3([H])CC1","glycochenodeoxycholate","glycochenodeoxycholate","16564-43-5",NA,"HMDB0000637","C05466",12544,NA,NA,NA,32346,32346,32346,209,209,209,124921,124921,124921,"Neg","Neg","Neg",124921,32346,209,"Neg",TRUE
-0.0425352154125734,0.0244834055338979,-0.770142422035873,0.441718932681683,0.816061272598591,-5.60367822924776,1231,"1231","Lipid","Long Chain Polyunsaturated Fatty Acid (n3 and n6)",1615,"NAMED","XSXIVVZCUAHUJO-HZJYTTRNSA-N","O=C(O)CCCCCCCCC/C=C\C/C=C\CCCCC","dihomo-linoleate (20:2n6)","dihomolinoleate (20:2n6)","2091-39-6",4944228,"HMDB0005060","C16525",6439848,NA,NA,NA,17805,17805,17805,209,209,209,126039,126039,126039,"Neg","Neg","Neg",126039,17805,209,"Neg",TRUE
-0.0402042190438923,-0.0205294312686885,-0.762383819316116,0.44632863869292,0.816061272598591,-5.60917195196137,100001580,"100001580","Lipid","Long Chain Polyunsaturated Fatty Acid (n3 and n6)",1621,"NAMED","AVKOENOBFIYBSA-WMPRHZDHSA-N","OC(CC/C=C\C/C=C\C/C=C\C/C=C\C/C=C\CCCCC)=O","docosapentaenoate (n6 DPA; 22:5n6)","docosapentaenoate (n6 DPA; 22:5n6)","25182-74-5",4945614,"HMDB0001976","C16513",6441454,NA,NA,NA,37478,37478,37478,209,209,209,127695,127695,127695,"Neg","Neg","Neg",127695,37478,209,"Neg",TRUE
0.0632980078652468,-0.0678925547881371,0.761993582176143,0.446561218823845,0.816061272598591,-5.60944680748921,100002024,"100002024","Lipid","Androgenic Steroids",3453,"NAMED","KWYNDVHEQWYGIL-ARKAXQQOSA-N","O[C@H]1CC[C@@]2(C)[C@](CCC3C2CC[C@@]4(C)C3CC[C@@H]4OS(=O)(O)=O)([H])C1","5alpha-androstan-3beta,17beta-diol monosulfate (2)","5alpha-androstan-3beta,17beta-diol monosulfate (2)",NA,NA,NA,NA,NA,NA,NA,NA,37192,37192,37192,209,209,209,144276,144276,144276,"Neg","Neg","Neg",144276,37192,209,"Neg",TRUE
0.0194636586311944,0.00347269345524959,0.760142394249464,0.447665305922482,0.816061272598591,-5.61074890549484,100001662,"100001662","Lipid","Carnitine Metabolism",1976,"NAMED","JHPNVNIEXXLNTR-UHFFFAOYSA-N","C[N+](C)(C)CCCC([O-])=O","deoxycarnitine","deoxycarnitine","6249-56-5",705,"HMDB0001161","C01181",22620,NA,NA,NA,36747,36747,36747,400,400,400,156251,156251,156251,"Pos Early","Pos Early","Pos Early",156251,36747,400,"Pos Early",TRUE
-0.068197119374868,-0.0863758664616431,-0.758616147844478,0.448577050981984,0.816061272598591,-5.61181977481311,100010922,"100010922","Lipid","Diacylglycerol",3003,"NAMED","KRECEGQUDDMNAQ-MYBRWWDOSA-N","OC[C@](OC(CCC/C=C\C/C=C\C/C=C\C/C=C\CCCCC)=O)(COC(CCCCCCC/C=C\C/C=C\CCCCC)=O)[H]","linoleoyl-arachidonoyl-glycerol (18:2/20:4) [1]*","linoleoyl-arachidonoyl-glycerol (18:2/20:4) [1]*",NA,NA,"HMDB0007257",NA,9543796,"DG 38:6","DG 18:2_20:4","Unknown",54955,54955,54955,402,402,402,208040,208040,208040,"Pos Late","Pos Late","Pos Late",208040,54955,402,"Pos Late",TRUE
0.052531951765435,-0.0932187168037934,0.75258091777341,0.452192082746861,0.816061272598591,-5.61603393683911,100002106,"100002106","Lipid","Sphingomyelins",3183,"NAMED","NBEADXWAAWCCDG-QDDWGVBQSA-N","O=C(CCCCCCC/C=C\CCCCCCCC)N[C@@](COP([O-])(OCC[N+](C)(C)C)=O)([C@](O)(/C=C/CCCCCCCCCCCCC)[H])[H]","sphingomyelin (d18:1/18:1, d18:2/18:0)","sphingomyelin (d18:1/18:1, d18:2/18:0)","108392-10-5",4947837,"HMDB0012101",NA,6443882,"SM 36:2;O2","Unknown","Unknown",37529,37529,37529,402,402,402,164200,164200,164200,"Pos Late","Pos Late","Pos Late",164200,37529,402,"Pos Late",TRUE
-0.0458214097311099,-0.128155545045366,-0.751271309467161,0.452978700230146,0.816061272598591,-5.61694395498447,100002129,"100002129","Lipid","Pregnenolone Steroids",3311,"NAMED","DIJBBUIOWGGQOP-QGVNFLHTSA-N","C[C@]12CC[C@H](OS(=O)(O)=O)CC1=CC[C@@]3([H])[C@]4([H])CC[C@H]([C@](C)=O)[C@](C)4CC[C@]23[H]","pregnenolone sulfate","pregnenolone sulfate","1247-64-9",94802,"HMDB0000774","C18044",105074,NA,NA,NA,38170,38170,38170,209,209,209,127723,127723,127723,"Neg","Neg","Neg",127723,38170,209,"Neg",TRUE
0.019203636677981,-0.039258159710484,0.750232779927241,0.453602889184671,0.816061272598591,-5.61766464335948,100000007,"100000007","Lipid","Carnitine Metabolism",1977,"NAMED","PHIQHXFUZVPYII-ZCFIWIBFSA-N","[O-]C(C[C@@H](O)C[N+](C)(C)C)=O","carnitine","carnitine","461-05-2",10455,"HMDB0000062","C00487,C00308",288,NA,NA,NA,15500,15500,15500,400,400,400,155554,155554,155554,"Pos Early","Pos Early","Pos Early",155554,15500,400,"Pos Early",TRUE
0.015521396713797,0.0244015601876531,0.74522348171785,0.456621226398899,0.81767056820268,-5.6211261251522,100006294,"100006294","Lipid","Sphingomyelins",3170,"NAMED","FJJANLYCZUNFSE-TWKUQIQBSA-N","CCCCCCCCCCCCC/C=C/[C@@H](O)[C@@H](NC(CCCCCCCCCCCCCCCCCCCCC)=O)COP([O-])(OCC[N+](C)(C)C)=O","behenoyl sphingomyelin (d18:1/22:0)*","behenoyl sphingomyelin (d18:1/22:0)*",NA,24846873,"HMDB0012103",NA,44260125,"SM 40:1;O2","SM 18:1;O2_22:0","SM 18:1;O2/22:0",48492,48492,48492,402,402,402,164533,164533,164533,"Pos Late","Pos Late","Pos Late",164533,48492,402,"Pos Late",TRUE
-0.0239726157783284,0.0239111351270616,-0.735659912091229,0.462415162914736,0.824212211676728,-5.6276703923488,100015687,"100015687","Lipid","Phosphatidylethanolamine (PE)",2493,"NAMED","XWVCHGXTKMKQBL-RGNSOIIYSA-N","O=C(CCC/C=C\C/C=C\C/C=C\C/C=C\CCCCC)OC(COP(OCCN)(O)=O)CO/C=C/CCCCCC/C=C\CCCCCCCC","phosphatidylethanolamine (P-18:1/20:4, P-16:0/22:5n3)*","phosphatidylethanolamine (P-18:1/20:4, P-16:0/22:5n3)*",NA,NA,"HMDB0011360",NA,53480850,"PE O-38:6","Unknown","Unknown",57411,57411,57411,402,402,402,211060,211060,211060,"Pos Late","Pos Late","Pos Late",211060,57411,402,"Pos Late",TRUE
-0.0176425742675617,-0.0416460744188966,-0.727539035347705,0.467367088599296,0.829199673321332,-5.63316143620375,100008956,"100008956","Lipid","Sphingomyelins",3192,"NAMED","JBDGKEXQKCCQFK-JWQIMADESA-N","[H][C@](NC(CCCCCCCCCCCCCCCCCCCCCC)=O)(COP(OCC[N+](C)(C)C)([O-])=O)[C@@](O)([H])/C=C/CCCCCCCC/C=C\CCC","sphingomyelin (d18:2/23:0, d18:1/23:1, d17:1/24:1)*","sphingomyelin (d18:2/23:0, d18:1/23:1, d17:1/24:1)*",NA,NA,"HMDB0240634,HMDB0011696,HMDB0240614",NA,134757653,"SM 41:2;O2","Unknown","Unknown",52435,52435,52435,402,402,402,164559,164559,164559,"Pos Late","Pos Late","Pos Late",164559,52435,402,"Pos Late",TRUE
0.0102549250493671,0.00468124835731217,0.718906185905188,0.472663502379109,0.83474976337595,-5.63893194616363,100008980,"100008980","Lipid","Phosphatidylcholine (PC)",2370,"NAMED","FORFDCPQKJHEBF-JEFUZMEDSA-N","CCCCCCCCCCCCCCCCCC(OCC(OC(CCCCCCC/C=C/C/C=C/CCCCC)=O)COP([O-])(OCC[N+](C)(C)C)=O)=O","1-stearoyl-2-linoleoyl-GPC (18:0/18:2)*","1-stearoyl-2-linoleoyl-GPC (18:0/18:2)*",NA,NA,"HMDB0008039",NA,6441487,"PC 36:2","PC 18:0_18:2","Unknown",52452,52452,52452,402,402,402,165115,165115,165115,"Pos Late","Pos Late","Pos Late",165115,52452,402,"Pos Late",TRUE
0.0165682775852449,-0.0733540524867262,0.698930730707497,0.485045076649466,0.852283528690676,-5.6520209737901,100001272,"100001272","Lipid","Lysophospholipid",2663,"NAMED","YAMUFBLWGFFICM-PTGWMXDISA-N","O[C@H](COC(CCCCCCC/C=C\CCCCCCCC)=O)COP(OCC[N+](C)(C)C)([O-])=O","1-oleoyl-GPC (18:1)","1-oleoyl-GPC (18:1)","19420-56-5",17240641,"HMDB0002815","C03916",16081932,"LPC 18:1","LPC 18:1","LPC 18:1/0:0",48258,48258,48258,402,402,402,160285,160285,160285,"Pos Late","Pos Late","Pos Late",160285,48258,402,"Pos Late",TRUE
0.0448454642520255,-0.00438320964456164,0.692520734435722,0.489055453186306,0.852283528690676,-5.65614307880033,209,"209","Nucleotide","Purine Metabolism, Adenine containing",4342,"NAMED","UDMBCSSLTHHNCD-UHFFFAOYSA-N","NC1=NC=NC2=C1N=CN2C3OC(C(C3O)O)COP(O)(O)=O","adenosine 5'-monophosphate (AMP)","AMP","149022-20-8",10239183,"HMDB0000045","C00020",6083,NA,NA,NA,32342,32342,32342,400,400,400,155907,155907,155907,"Pos Early","Pos Early","Pos Early",155907,32342,400,"Pos Early",TRUE
-0.0415353053440275,-0.0833493896561586,-0.692237788459573,0.489232882702959,0.852283528690676,-5.65632416788364,100005351,"100005351","Lipid","Lysophospholipid",2686,"NAMED","PDIGSOAOQOXRDU-GUTOPQIJSA-N","C[N+](CCOP(OCC(O)COC(CCC/C=C/C/C=C/C/C=C/C/C=C/C/C=C/CC)=O)([O-])=O)(C)C","1-eicosapentaenoyl-GPC (20:5)*","1-eicosapentaenoyl-GPC (20:5)*",NA,NA,"HMDB0010397",NA,NA,"LPC 20:5","LPC 20:5","LPC 20:5/0:0",44563,44563,44563,402,402,402,159609,159609,159609,"Pos Late","Pos Late","Pos Late",159609,44563,402,"Pos Late",TRUE
0.0354625375037388,0.00310283940105484,0.687985695007592,0.491903469393008,0.853075836559947,-5.6590366754832,100001674,"100001674","Lipid","Lysophospholipid",2740,"NAMED","YWOCITMXHHTBAW-XSQXPFHXSA-N","OC[C@](OC(CCC\C=C/C\C=C/C/C=C\C/C=C\CCCCC)=O)([H])COP(OCCN)(O)=O","2-arachidonoyl-GPE (20:4)*","2-arachidonoyl-GPE (20:4)*",NA,NA,"HMDB0011487",NA,53480936,"LPE 20:4","LPE 20:4","LPE 0:0/20:4",32815,32815,32815,209,209,209,142522,142522,142522,"Neg","Neg","Neg",142522,32815,209,"Neg",TRUE
-0.0152249112367875,0.029677697458758,-0.68031673910413,0.496739717227995,0.854733605730609,-5.66388688347319,100001412,"100001412","Nucleotide","Purine Metabolism, Guanine containing",4395,"NAMED","RSPURTUNRHNVGF-IOSLPCCCSA-N","O=C1C(N=CN2[C@@]3([H])[C@@](O)([H])[C@@](O)([H])[C@](CO)([H])O3)=C2N=C(N(C)C)N1","N2,N2-dimethylguanosine","N2,N2-dimethylguanosine","2140-67-2",83878,"HMDB0004824",NA,135501639,NA,NA,NA,35137,35137,35137,400,400,400,156155,156155,156155,"Pos Early","Pos Early","Pos Early",156155,35137,400,"Pos Early",TRUE
0.0406039320368425,-0.0365391290486178,0.675987048929071,0.499481552821349,0.854733605730609,-5.66660101591999,1547,"1547","Lipid","Ceramides",3087,"NAMED","VODZWWMEJITOND-NXCSZAMKSA-N","OC[C@H](NC(CCCCCCCCCCCCCCCCC)=O)[C@H](O)/C=C/CCCCCCCCCCCCC","N-stearoyl-sphingosine (d18:1/18:0)*","N-stearoyl-sphingosine (d18:1/18:0)*","104404-17-3",4446678,"HMDB0004950",NA,5283565,"CER 36:1;O2","CER 18:1; O2_18:0","CER 18:1; O2/18:0",54979,54979,54979,402,402,402,208064,208064,208064,"Pos Late","Pos Late","Pos Late",208064,54979,402,"Pos Late",TRUE
0.027377103129503,-0.0409303762508606,0.675926991539184,0.499519639712693,0.854733605730609,-5.66663854425538,100001557,"100001557","Lipid","Lysophospholipid",2667,"NAMED","LSUXCWJOIAWGOU-YMVLYFQPSA-N","OC[C@H](OC(CCCCCCC/C=C\C/C=C\CCCCC)=O)COP(OCC[N+](C)(C)C)([O-])=O","2-linoleoyl-GPC (18:2)*","2-linoleoyl-GPC (18:2)*",NA,21403160,"HMDB0061700",NA,71768169,"LPC 18:2","LPC 18:2","LPC 0:0/18:2",35257,35257,35257,209,209,209,126982,126982,126982,"Neg","Neg","Neg",126982,35257,209,"Neg",TRUE
0.0402162388913481,-0.129368144813151,0.658338037797491,0.510740432571165,0.863118489726088,-5.67748633029343,100001103,"100001103","Amino Acid","Glutamate Metabolism",56,"NAMED","ZGEYCCHDTIDZAE-UHFFFAOYSA-N","O=C(CCC(C(O)=O)N)OC","glutamate, gamma-methyl ester","glutamate, gamma-methyl ester","1499-55-4,1499-55-4",66546,"HMDB0061715",NA,68662,NA,NA,NA,33487,33487,33487,400,400,400,156024,156024,156024,"Pos Early","Pos Early","Pos Early",156024,33487,400,"Pos Early",FALSE
-0.023872778647286,-0.015276212660406,-0.654543102224266,0.513178628730944,0.863118489726088,-5.67978940072402,100001948,"100001948","Energy","TCA Cycle",1487,"NAMED","HAEVNYBCYZZDFL-UHFFFAOYSA-N","[O-]C(CC(C[N+](C)(C)C)OC(CCC(O)=O)=O)=O","succinylcarnitine (C4-DC)","succinylcarnitine (C4-DC)","256928-74-2",28639166,"HMDB0061717",NA,71464481,NA,NA,NA,37058,37058,37058,400,400,400,156287,156287,156287,"Pos Early","Pos Early","Pos Early",156287,37058,400,"Pos Early",TRUE
0.0340122822046438,0.0816165885264412,0.652812858841269,0.514292304359679,0.863118489726088,-5.68083504300766,1526,"1526","Lipid","Phosphatidylethanolamine (PE)",2453,"NAMED","FHQVHHIBKUMWTI-OTMQOFQLSA-N","CCCCCCCC\C=C/CCCCCCCC(O[C@](COC(CCCCCCCCCCCCCCC)=O)(COP([O-])(OCC[N+]([H])([H])[H])=O)[H])=O","1-palmitoyl-2-oleoyl-GPE (16:0/18:1)","1-palmitoyl-2-oleoyl-GPE (16:0/18:1)","26662-94-2",4446615,"HMDB0005320",NA,5283496,"PE 34:1","PE 16:0_18:1","Unknown",19263,19263,19263,402,402,402,164198,164198,164198,"Pos Late","Pos Late","Pos Late",164198,19263,402,"Pos Late",TRUE
-0.0311632028219314,-0.099841141867405,-0.644545066340596,0.519631261012763,0.863118489726088,-5.68579342369609,100001295,"100001295","Peptide","Gamma-glutamyl Amino Acid",664,"NAMED","CATMPQFFVNKDEY-AAEUAGOBSA-N","O=C(O)[C@@H](N)CCC(N[C@@H](CC1=CNC2=C1C=CC=C2)C(O)=O)=O","gamma-glutamyltryptophan","gamma-glutamyltryptophan","66471-20-3",2302065,"HMDB0029160",NA,3989307,NA,NA,NA,33947,33947,33947,400,209,400,156045,126107,156045,"Pos Early","Neg","Pos Early",156045,33947,400,"Pos Early",TRUE
0.0402972338813357,-0.0324641487323683,0.639819655937615,0.522695557744991,0.863118489726088,-5.68859904632214,100021104,"100021104","Lipid","Pregnenolone Steroids",3330,"NAMED","KANYWSIUKWPEOE-HXOPQMAFSA-N","C[C@]12CC[C@H](OS(=O)(O)=O)C=C1[C@H](OS(=O)(O)=O)CC3C2CC[C@@]4(C)C3CCC4[C@H](O)C","pregnenetriol disulfate*","pregnenetriol disulfate*",NA,NA,NA,NA,NA,NA,NA,NA,62921,62921,62921,209,209,209,220777,220777,220777,"Neg","Neg","Neg",220777,62921,209,"Neg",TRUE
0.0984806997291932,0.175770972565255,0.638488805592375,0.523560256117041,0.863118489726088,-5.68938549659161,1648,"1648","Lipid","Primary Bile Acid Metabolism",3523,"NAMED","WBWWGRHZICKQGZ-HGVCTONRSA-N","C[C@@]12[C@@]([H])(CC[C@]2([H])[C@@H](CCC(NCCS(O)(=O)=O)=O)C)[C@@]([C@H](O)C[C@@]3([H])[C@@]4(CC[C@@H](O)C3)C)([H])[C@@]4([H])C[C@@H]1O","taurocholate","taurocholate","145-42-6",NA,"HMDB0000036","C05122",667546783527,NA,NA,NA,18497,18497,18497,209,209,209,125762,125762,125762,"Neg","Neg","Neg",125762,18497,209,"Neg",TRUE
-0.0527186475166259,-0.0535463250892075,-0.636355374098654,0.524947954355432,0.863118489726088,-5.69064281434399,100015914,"100015914","Lipid","Phosphatidylcholine (PC)",2423,"NAMED","NXJAJKMUHFSWDW-LIOZOAIASA-N","O=C(CCCCCCCCCCCCCCCCCCCCCCC)OCC(COP(OCC[N+](C)(C)C)([O-])=O)OC(CCC/C=C\C/C=C\C/C=C\C/C=C\CCCCC)=O","1-lignoceroyl-2-arachidonoyl-GPC (24:0/20:4)*","1-lignoceroyl-2-arachidonoyl-GPC (24:0/20:4)*",NA,NA,"HMDB0008772",NA,NA,"PC 44:4","PC 20:4_24:0","Unknown",57602,57602,57602,402,402,402,212153,212153,212153,"Pos Late","Pos Late","Pos Late",212153,57602,402,"Pos Late",TRUE
0.0109582015326961,-0.0458442260624833,0.635498980518933,0.525505401492514,0.863118489726088,-5.69114646993307,565,"565","Amino Acid","Tryptophan Metabolism",261,"NAMED","QIVBCDIJIAJPQS-VIFPVBQESA-N","O=C(O)[C@@H](N)CC1=CNC2=C1C=CC=C2","tryptophan","tryptophan","73-22-3",6066,"HMDB0000929","C00078",6305,NA,NA,NA,54,54,54,400,400,400,155294,155294,155294,"Pos Early","Pos Early","Pos Early",155294,54,400,"Pos Early",TRUE
-0.0278423903953969,-0.0691100327681276,-0.635162742678152,0.525724528892484,0.863118489726088,-5.69134385108504,1137,"1137","Lipid","Endocannabinoid",2204,"NAMED","BOWVQLFMWHZBEF-KTKRTIGZSA-N","O=C(NCCO)CCCCCCC/C=C\CCCCCCCC","oleoyl ethanolamide (18:1)","oleoyl ethanolamide (18:1)","111-58-0,11-58-0",4446574,"HMDB0002088",NA,5283454,NA,NA,NA,38102,38102,38102,209,209,209,127707,127707,127707,"Neg","Neg","Neg",127707,38102,209,"Neg",TRUE
0.0801190045780838,0.0224357266868202,0.63345343954495,0.526838558663976,0.863118489726088,-5.69234630334594,100021093,"100021093","Lipid","Secondary Bile Acid Metabolism",3611,"NAMED","IJHJZQKOSUFQCX-WZJRQFJBSA-N","[H][C@@](CCC(NCCS(O)(=O)=O)=O)([C@]1(CC[C@]2([C@@]3([C@@H](C[C@@]4(C[C@H](S(O)(=O)=O)CC[C@@]4([C@]3(C[C@H]([C@]12C)O)[H])C)[H])O)[H])[H])[H])C","taurochenodeoxycholic acid 3-sulfate","taurochenodeoxycholic acid 3-sulfate",NA,24850141,"HMDB0002486",NA,52931550,NA,NA,NA,62890,62890,62890,209,209,209,220741,220741,220741,"Neg","Neg","Neg",220741,62890,209,"Neg",TRUE
-0.0148982715392057,-0.0372775126581043,-0.628274638135776,0.530221061534064,0.864979274112774,-5.69536718176675,252,"252","Energy","TCA Cycle",1488,"NAMED","KDYFGRWQOYBRFD-UHFFFAOYSA-N","OC(CCC(O)=O)=O","succinate","succinate","110-15-6",1078,"HMDB0000254","C00042",1110,NA,NA,NA,1437,1437,1437,305,209,305,147106,125975,147106,"Polar","Neg","Polar",147106,1437,305,"Polar",TRUE
-0.0443732334549048,-0.161920560854305,-0.620371258376542,0.535404692895055,0.869750239513064,-5.69992934352465,100004552,"100004552","Lipid","Lysophospholipid",2741,"NAMED","KCWGBXXAJHVZNN-YAWQMZOFSA-N","O=C(CCC/C=C\C/C=C\C/C=C\C/C=C\C/C=C\CC)OC[C@@](O)([H])COP(OCCN)(O)=O","1-eicosapentaenoyl-GPE (20:5)*","1-eicosapentaenoyl-GPE (20:5)*",NA,NA,"HMDB0011489",NA,53480938,"LPE 20:5","LPE 20:5","LPE 20:5/0:0",47888,47888,47888,402,402,402,178779,178779,178779,"Pos Late","Pos Late","Pos Late",178779,47888,402,"Pos Late",TRUE
-0.0299849834946672,-0.0969672234761137,-0.608276504702062,0.543386490800626,0.875118039280291,-5.70679956952723,100015836,"100015836","Lipid","Fatty Acid Metabolism (Acyl Carnitine, Monounsaturated)",1935,"NAMED","ONGUASHYQLGIFC-OCOZRVBESA-N","O=C(OC(C[N+](C)(C)C)CC([O-])=O)CCC/C=C/CCCCCCCCCCCCCCCCCCCC","ximenoylcarnitine (C26:1)*","ximenoylcarnitine (C26:1)*",NA,NA,NA,NA,NA,NA,NA,NA,57517,57517,57517,402,402,402,211218,211218,211218,"Pos Late","Pos Late","Pos Late",211218,57517,402,"Pos Late",TRUE
-0.0177979207519141,-0.0661797832479379,-0.60179871755437,0.547685639400423,0.875118039280291,-5.71042378975082,100009025,"100009025","Lipid","Sphingomyelins",3188,"NAMED","YXSZOBWVQJIWNE-QVDCKBILSA-N","[H][C@](NC(CCCCCCCCCCCCCCCCCCCC)=O)(COP(OCC[N+](C)(C)C)([O-])=O)[C@@](O)([H])/C=C/CCCCCCCCCCCCC","sphingomyelin (d18:1/21:0, d17:1/22:0, d16:1/23:0)*","sphingomyelin (d18:1/21:0, d17:1/22:0, d16:1/23:0)*",NA,NA,"HMDB0240619,HMDB0240611,HMDB0240621",NA,NA,"SM 39;1;O2","Unknown","Unknown",52495,52495,52495,402,402,402,165187,165187,165187,"Pos Late","Pos Late","Pos Late",165187,52495,402,"Pos Late",TRUE
-0.0683469762664384,-0.227027055094515,-0.593058380216373,0.55351331096065,0.875118039280291,-5.71525222686281,100006173,"100006173","Lipid","Progestin Steroids",3356,"NAMED","MENQCIVHHONJLU-GQCBXAOTSA-N","C[C@]12C(C3CC[C@@]4(C[C@@H](CC[C@@]4(C3CC2)C)OS(=O)(O)=O)[H])CCC1C(C)=O","pregnanolone/allopregnanolone sulfate","pregnanolone/allopregnanolone sulfate",NA,NA,"HMDB0240591,HMDB0062782","C05480",31402129699967,NA,NA,NA,48394,48394,48394,209,209,209,154288,154288,154288,"Neg","Neg","Neg",154288,48394,209,"Neg",TRUE
-0.07450182834503,-0.39122870663436,-0.592072142745543,0.554172787270111,0.875118039280291,-5.71579264299979,100000445,"100000445","Xenobiotics","Xanthine Metabolism",4797,"NAMED","YAPQBXQYLJRXSA-UHFFFAOYSA-N","CN1C=NC(N(C(N2)=O)C)=C1C2=O","theobromine","theobromine","83-67-0",5236,"HMDB0002825","C07480",5429,NA,NA,NA,18392,18392,18392,400,400,400,155668,155668,155668,"Pos Early","Pos Early","Pos Early",155668,18392,400,"Pos Early",TRUE
-0.0844378471809237,0.265251700429867,-0.590207325841215,0.555420805535381,0.875118039280291,-5.71681203014772,136,"136","Lipid","Primary Bile Acid Metabolism",3521,"NAMED","BHQCQFFYRZLCQQ-OLRQUHAPSA-N","O[C@H]1[C@@]2([H])[C@]3([H])CC[C@H]([C@H](C)CCC(O)=O)[C@@]3(C)[C@@H](O)C[C@]2([H])[C@@]4(C)CC[C@@H](O)CC4C1","cholate","cholate","81-25-4",NA,"HMDB0000619","C00695",221493,NA,NA,NA,22842,22842,22842,209,209,209,124689,124689,124689,"Neg","Neg","Neg",124689,22842,209,"Neg",TRUE
0.0107689484306088,0.00763411488592608,0.588495595167684,0.556567466226898,0.875118039280291,-5.71774502412049,100008957,"100008957","Lipid","Sphingomyelins",3194,"NAMED","TXFLWJQVQCDUDZ-BRUGZULGSA-N","[H][C@](NC(CCCCCCCCCCCCC/C=C\CCCCCCCC)=O)(COP(OCC[N+](C)(C)C)([O-])=O)[C@@](O)([H])/C=C/CCCCCCCC/C=C\CCC","sphingomyelin (d18:2/24:1, d18:1/24:2)*","sphingomyelin (d18:2/24:1, d18:1/24:2)*",NA,NA,"HMDB0240636,HMDB0240615",NA,85336023,"SM 42:3;O2","Unknown","Unknown",52437,52437,52437,402,402,402,164561,164561,164561,"Pos Late","Pos Late","Pos Late",164561,52437,402,"Pos Late",TRUE
-0.0533604705552552,-0.264880938196195,-0.58812904586364,0.556813304906687,0.875118039280291,-5.71794432401831,100003008,"100003008","Lipid","Lysophospholipid",2777,"NAMED","GRWOGFDNIAYTPK-DTNGDMSLSA-N","[H]C(C(O)(C(O)([C@](O)1[H])[H])[H])([C@@](OP(O)(O[C@](COC(CCCCCCCCCCCCCCCCC)=O)(CO)[H])=O)([C@]1(O)[H])[H])O","2-stearoyl-GPI (18:0)*","2-stearoyl-GPI (18:0)*",NA,NA,"HMDB0061704",NA,131770413,"LPI 18:0","LPI 18:0","LPI 0:0/18:0",39223,39223,39223,209,209,209,149867,149867,149867,"Neg","Neg","Neg",149867,39223,209,"Neg",TRUE
0.0954222227176096,-0.423125034077947,0.585597611456144,0.55851173340897,0.875118039280291,-5.71931812231389,100001397,"100001397","Xenobiotics","Xanthine Metabolism",4804,"NAMED","BYXCFUMGEBZDDI-UHFFFAOYSA-N","CN(C(N1C)=O)C(NC2=O)=C(N2C)C1=O","1,3,7-trimethylurate","1,3,7-trimethylurate","5415-44-1",71754,"HMDB0002123","C16361",79437,NA,NA,NA,34404,34404,34404,209,209,209,126930,126930,126930,"Neg","Neg","Neg",126930,34404,209,"Neg",TRUE
0.0350786462525391,-0.0677262089411595,0.584622964799858,0.559166331592082,0.875118039280291,-5.7198454819837,100002761,"100002761","Lipid","Androgenic Steroids",3408,"NAMED","VFUIRAVTUVCQTF-BSOWLZGZSA-N","O[C@H]1[C@H](O)[C@@H]([C@](O)=O)O[C@@H](O[C@@H]2CC[C@@]3(C)[C@](CC[C@]4([H])[C@]3([H])CC[C@@]5(C)[C@@]4([H])CCC5=O)([H])C2)[C@@H]1O","androsterone glucuronide","androsterone glucuronide","1852-43-3",102793,"HMDB0002829","C11135",114833,NA,NA,NA,61846,61846,61846,209,209,209,218457,218457,218457,"Neg","Neg","Neg",218457,61846,209,"Neg",TRUE
0.0137151807619435,-0.0430359642951051,0.574520900645305,0.565972966744974,0.882184583792773,-5.72525996062826,100006314,"100006314","Lipid","Sphingomyelins",3179,"NAMED","LQINJRUGTUOHGS-YPDYIYJKSA-N","CCCCCCCCCCCCC/C=C/[C@@H](O)[C@@H](NC(CCCCCCCCCCCCCC)=O)COP([O-])(OCC[N+](C)(C)C)=O","sphingomyelin (d17:1/16:0, d18:1/15:0, d16:1/17:0)*","sphingomyelin (d17:1/16:0, d18:1/15:0, d16:1/17:0)*","121999-58-4",28532779,"HMDB0240617,HMDB0240608",NA,NA,"SM 33:1;O2","Unknown","Unknown",52433,52433,52433,402,402,402,164557,164557,164557,"Pos Late","Pos Late","Pos Late",164557,52433,402,"Pos Late",TRUE
-0.0183236103540301,0.00748549351127568,-0.570780764828163,0.568503269836065,0.882555479382601,-5.72724054630712,439,"439","Lipid","Long Chain Saturated Fatty Acid",1559,"NAMED","QIQXTHQIDYTFRH-UHFFFAOYSA-N","CCCCCCCCCCCCCCCCCC(O)=O","stearate (18:0)","stearate (18:0)","57-11-4",5091,"HMDB0000827","C01530",5281,NA,NA,NA,1358,1358,1358,209,209,209,125724,125724,125724,"Neg","Neg","Neg",125724,1358,209,"Neg",TRUE
-0.00699499073012431,0.0191983281109403,-0.559570144801063,0.576119462969728,0.88754624454103,-5.73310020622366,572,"572","Carbohydrate","Glycolysis, Gluconeogenesis, and Pyruvate Metabolism",1262,"NAMED","WQZGKKKJIJFFOK-DVKNGEFBSA-N","O[C@H]1O[C@H](CO)[C@@H](O)[C@H](O)[C@H]1O","glucose","glucose","50-99-7",71358,"HMDB0000122","C00031",5793,NA,NA,NA,48152,48152,48152,305,305,305,151982,151982,151982,"Polar","Polar","Polar",151982,48152,305,"Polar",TRUE
0.0194075688959656,-0.0689765654403603,0.558433738154255,0.576894320574544,0.88754624454103,-5.73368759980525,100001553,"100001553","Lipid","Lysophospholipid",2679,"NAMED","YYQVCMMXPIJVHY-ZOIJLGJPSA-N","C[N+](C)(C)CCOP(OC[C@@](O)([H])COC(CCCCCCCCC/C=C\C/C=C\CCCCC)=O)([O-])=O","1-dihomo-linoleoyl-GPC (20:2)*","1-eicosadienoyl-GPC* (20:2)*",NA,21403157,"HMDB0010392",NA,NA,"LPC 20:2","LPC 20:2","LPC 20:2/0:0",33871,33871,33871,402,402,402,158577,158577,158577,"Pos Late","Pos Late","Pos Late",158577,33871,402,"Pos Late",TRUE
-0.0228737881826912,0.0545481386459534,-0.55519148007107,0.579107440695481,0.88754624454103,-5.73535723056137,424,"424","Lipid","Long Chain Saturated Fatty Acid",1555,"NAMED","IPCSVZSSVZVIGE-UHFFFAOYSA-N","OC(CCCCCCCCCCCCCCC)=O","palmitate (16:0)","palmitate (16:0)","57-10-3",960,"HMDB0000220","C00249",985,NA,NA,NA,1336,1336,1336,209,209,209,125720,125720,125720,"Neg","Neg","Neg",125720,1336,209,"Neg",TRUE
0.030767368035633,0.030389256408702,0.552512105331064,0.58093936006322,0.88754624454103,-5.73672967595602,100015594,"100015594","Lipid","Phosphatidylethanolamine (PE)",2484,"NAMED","HNFSZKRUPTYBOQ-ZDYOIFAYSA-N","O=C(CCCCCCCCCCCCCCCCC)OC[C@]([H])(COP(OCCN)(O)=O)OC(CCCCC/C=C\C/C=C\C/C=C\C/C=C\CCCCC)=O","1-stearoyl-2-adrenoyl-GPE (18:0/22:4)*","1-stearoyl-2-adrenoyl-GPE (18:0/22:4)*","131350-53-3",24768484,"HMDB0009009",NA,52924901,"PE 40:4","PE 18:0_22:4","Unknown",57339,57339,57339,402,402,402,210840,210840,210840,"Pos Late","Pos Late","Pos Late",210840,57339,402,"Pos Late",TRUE
-0.0154826860885417,-0.0437878348447402,-0.536280617871907,0.59209477442654,0.901013787170822,-5.74490221366242,100009036,"100009036","Lipid","Phosphatidylcholine (PC)",2361,"NAMED","SXNXGNVZTLZDHE-IYEJTHTFSA-N","O=C(CCCCCCCCCCCCCCCC)OC[C@]([H])(COP(OCC[N+](C)(C)C)([O-])=O)OC(CCCCCCC/C=C\CCCCCCCC)=O","1-margaroyl-2-oleoyl-GPC (17:0/18:1)*","1-margaroyl-2-oleoyl-GPC (17:0/18:1)*",NA,24822423,"HMDB0256160",NA,NA,"PC 35:1","PC 17:0_18:1","Unknown",52499,52499,52499,402,402,402,165191,165191,165191,"Pos Late","Pos Late","Pos Late",165191,52499,402,"Pos Late",TRUE
-0.0678585244376197,-0.07752723343097,-0.532219103310887,0.594901548710009,0.901720851391156,-5.74690908700402,100002015,"100002015","Lipid","Progestin Steroids",3349,"NAMED","LSQGWMYMIHQKSA-UHFFFAOYSA-N","CC(OS(=O)(O)=O)C1CCC2C3CCC4CC(OS(=O)(O)=O)CCC4(C)C3CCC21C","5alpha-pregnan-diol disulfate","5alpha-pregnan-diol disulfate",NA,4302261,"HMDB0240581,HMDB0240582",NA,30822775127902,NA,NA,NA,46172,46172,46172,209,209,209,144285,144285,144285,"Neg","Neg","Neg",144285,46172,209,"Neg",TRUE
-0.0214936194628773,-0.0011857791711442,-0.509504933711289,0.610709553496303,0.920997246351116,-5.75785200946676,98,"98","Amino Acid","Tryptophan Metabolism",279,"NAMED","HCZHHEIFKROPDY-UHFFFAOYSA-N","OC1=C(C=CC=C2)C2=NC(C(O)=O)=C1","kynurenate","kynurenate","492-27-3",3712,"HMDB0000715","C01717",3845,NA,NA,NA,1417,1417,1417,209,209,209,124553,124553,124553,"Neg","Neg","Neg",124553,1417,209,"Neg",TRUE
-0.0204121451214401,-0.022245079766021,-0.507086891449092,0.612403363807495,0.920997246351116,-5.75898888043153,100020276,"100020276","Lipid","Sphingomyelins",3176,"NAMED","VDFACZRLDXDTEB-WSYRTZMQSA-N","CCCCCCCCCCC/C=C/[C@@H](O)[C@@H](NC(CCCCCCCCCCCCCC)=O)COP(OCC[N+](C)(C)C)([O-])=O","sphingomyelin (d17:1/14:0, d16:1/15:0)*","sphingomyelin (d17:1/14:0, d16:1/15:0)*",NA,NA,NA,NA,NA,"SM 31:1;O2","Unknown","Unknown",62152,62152,62152,402,402,402,219058,219058,219058,"Pos Late","Pos Late","Pos Late",219058,62152,402,"Pos Late",TRUE
-0.0121820462328351,-0.0153397348350974,-0.498380298188467,0.618519328858181,0.925515098750398,-5.76303774740168,100008955,"100008955","Lipid","Sphingomyelins",3171,"NAMED","SXZWBNWTCVLZJN-NMIJJABPSA-N","[H][C@](NC(CCCCCCCCCCCCCCCCCCCCCC)=O)(COP(OCC[N+](C)(C)C)([O-])=O)[C@@](O)([H])/C=C/CCCCCCCCCCCCC","tricosanoyl sphingomyelin (d18:1/23:0)*","tricosanoyl sphingomyelin (d18:1/23:0)*",NA,NA,"HMDB0012105",NA,NA,"SM 41:1;O2","SM 18:1;O2_23:0","SM 18:1;O2/23:0",52436,52436,52436,402,402,402,164560,164560,164560,"Pos Late","Pos Late","Pos Late",164560,52436,402,"Pos Late",TRUE
-0.0285867319358343,-0.137641251951716,-0.495364715465779,0.620643993691274,0.925515098750398,-5.76442365485925,207,"207","Nucleotide","Purine Metabolism, Adenine containing",4345,"NAMED","IVOMOUWHDPKRLL-UHFFFAOYSA-N","NC1=NC=NC2=C1N=CN2C3OC(CO4)C(OP4(O)=O)C3O","adenosine 3',5'-cyclic monophosphate (cAMP)","adenosine 3',5'-cyclic monophosphate (cAMP)","60-92-4",268,"HMDB0000058","C00575",6076,NA,NA,NA,2831,2831,2831,209,209,209,123233,123233,123233,"Neg","Neg","Neg",123233,2831,209,"Neg",TRUE
-0.0407742025313669,-0.0468014997704259,-0.488756251769013,0.62531096279529,0.925515098750398,-5.76743160529816,100010923,"100010923","Lipid","Diacylglycerol",3004,"NAMED","KRECEGQUDDMNAQ-MYBRWWDOSA-N","OC[C@](COC(CCCCCCC/C=C\C/C=C\CCCCC)=O)([H])OC(CCC/C=C\C/C=C\C/C=C\C/C=C\CCCCC)=O","linoleoyl-arachidonoyl-glycerol (18:2/20:4) [2]*","linoleoyl-arachidonoyl-glycerol (18:2/20:4) [2]*",NA,NA,"HMDB0007509",NA,9543796,"DG 38:6","DG 18:2_20:4","Unknown",54956,54956,54956,402,402,402,208041,208041,208041,"Pos Late","Pos Late","Pos Late",208041,54956,402,"Pos Late",TRUE
-0.0366191947135573,-0.132387663608829,-0.487104703262625,0.626479673535281,0.925515098750398,-5.76817703417043,100000015,"100000015","Amino Acid","Tryptophan Metabolism",285,"NAMED","FBZONXHGGPHHIY-UHFFFAOYSA-N","OC1=C2C(C(O)=CC(C(O)=O)=N2)=CC=C1","xanthurenate","xanthurenate","59-007",5497,"HMDB0000881","C02470",5699,NA,NA,NA,15679,15679,15679,400,400,209,155571,155571,123267,"Pos Early","Pos Early","Neg",155571,15679,400,"Pos Early",TRUE
-0.0166338257096826,0.00561629373187259,-0.485766809786849,0.627427118893127,0.925515098750398,-5.76877904713314,100008999,"100008999","Lipid","Plasmalogen",2873,"NAMED","URPXXNCTXCOATD-FXMFQVEGSA-N","[H][C@](OC(CCC/C=C\C/C=C\C/C=C\C/C=C\CCCCC)=O)(COP(OCCN)(O)=O)CO/C=C\CCCCCCCCCCCCCCCC","1-(1-enyl-stearoyl)-2-arachidonoyl-GPE (P-18:0/20:4)*","1-(1-enyl-stearoyl)-2-arachidonoyl-GPE (P-18:0/20:4)*",NA,7826008,"HMDB0005779",NA,9547058,"PE O-38:5","PE P-18:0_20:4","PE P-18:0/20:4",52475,52475,52475,402,402,402,165154,165154,165154,"Pos Late","Pos Late","Pos Late",165154,52475,402,"Pos Late",TRUE
-0.0407861084909563,-0.300434107964336,-0.461172197918906,0.644952706776447,0.932362623729445,-5.77955130435195,100020360,"100020360","Amino Acid","Tryptophan Metabolism",286,"NAMED","BXZSKDOPGDPDEG-UHFFFAOYSA-N","OC1=CC(C(O)=O)=NC(C1=CC=C2)=C2OC","8-methoxykynurenate","8-methoxykynurenate","2929-14-8",68710,"HMDB0060426","C05830",76230,NA,NA,NA,62955,62955,62955,209,209,209,220839,220839,220839,"Neg","Neg","Neg",220839,62955,209,"Neg",TRUE
-0.00787242761764456,-0.0183940194465149,-0.460785396477232,0.645229866697896,0.932362623729445,-5.77971633365692,100006295,"100006295","Lipid","Sphingomyelins",3190,"NAMED","VBFKEZGCUWHGSK-ADSSWVSQSA-N","CCCCCCCCCCCCC/C=C/[C@@H](O)[C@@H](NC(CCCCCCCCCCC/C=C\CCCCCCCC)=O)COP([O-])(OCC[N+](C)(C)C)=O","sphingomyelin (d18:1/22:1, d18:2/22:0, d16:1/24:1)*","sphingomyelin (d18:1/22:1, d18:2/22:0, d16:1/24:1)*",NA,29368329,"HMDB0012104",NA,NA,"SM 40:2;O2","Unknown","Unknown",48493,48493,48493,402,402,402,164535,164535,164535,"Pos Late","Pos Late","Pos Late",164535,48493,402,"Pos Late",TRUE
0.0331068298863002,-0.0562911385067716,0.459965484681451,0.645817808929845,0.932362623729445,-5.78006545353788,100002868,"100002868","Lipid","Lysophospholipid",2688,"NAMED","UIINDYGXBHJQHX-GDLZYMKVSA-N","CCCCCCCCCCCCCCCCCCCCCC(OC[C@H](COP([O-])(OCC[N+](C)(C)C)=O)O)=O","1-behenoyl-GPC (22:0)","1-behenoyl-GPC (22:0)","125146-65-8",NA,"HMDB0010398",NA,24779479,"LPC 22:0","LPC 22:0","LPC 22:0/0:0",39792,39792,39792,402,402,402,159193,159193,159193,"Pos Late","Pos Late","Pos Late",159193,39792,402,"Pos Late",TRUE
0.0337908717327619,-0.0595171603935894,0.455921111290518,0.648720756297309,0.932362623729445,-5.78177884496944,100009078,"100009078","Lipid","Phosphatidylethanolamine (PE)",2489,"NAMED","GKAFCSRKMWFPSJ-RJXNKANHSA-N","O=C(CCCCCCC/C=C\CCCCCCCC)OC[C@]([H])(COP(OCCN)(O)=O)OC(CCCCCCC/C=C\C/C=C\CCCCC)=O","1-oleoyl-2-linoleoyl-GPE (18:1/18:2)*","1-oleoyl-2-linoleoyl-GPE (18:1/18:2)*",NA,7825703,"HMDB0005349",NA,9546753,"PE 36:3","PE 18:1_18:2","Unknown",52687,52687,52687,402,402,402,165457,165457,165457,"Pos Late","Pos Late","Pos Late",165457,52687,402,"Pos Late",TRUE
0.0219060738129888,-0.0995361949369826,0.45509864818402,0.649311757415407,0.932362623729445,-5.78212543075563,100001994,"100001994","Lipid","Androgenic Steroids",3432,"NAMED","UWPTUYJASNIIJM-QJIZPQHZSA-N","C[C@]12C(CCC3C1CC[C@]4(C3CC[C@@H]4OS(=O)(O)=O)C)=C[C@H](CC2)OS(=O)(O)=O","androstenediol (3beta,17beta) disulfate (2)","androstenediol (3beta,17beta) disulfate (2)",NA,NA,"HMDB0240313",NA,87120982,NA,NA,NA,37203,37203,37203,209,209,209,144269,144269,144269,"Neg","Neg","Neg",144269,37203,209,"Neg",TRUE
0.00787395864463722,-0.0146506645799951,0.454790799788772,0.649532939240505,0.932362623729445,-5.78225507226054,100001456,"100001456","Nucleotide","Purine Metabolism, Guanine containing",4389,"NAMED","FZWGECJQACGGTI-UHFFFAOYSA-N","O=C1C(N2C)=C(N=C2)N=C(N)N1","7-methylguanine","7-methylguanine","578-76-7",10883,"HMDB0000897","C02242",135398679,NA,NA,NA,35114,35114,35114,400,400,400,156140,156140,156140,"Pos Early","Pos Early","Pos Early",156140,35114,400,"Pos Early",TRUE
-0.0380960079872849,-0.176700300397297,-0.454600297907109,0.649669967182877,0.932362623729445,-5.78233513136828,100002128,"100002128","Lipid","Pregnenolone Steroids",3315,"NAMED","OMOKWYAQVYBHMG-QUPIPBJSSA-N","O=[C@@](C)[C@@]1(O)CC[C@@]2([H])[C@]3([H])CC=C4CC(OS(=O)(O)=O)CC[C@]4(C)[C@@]3([H])CC[C@]12C","17alpha-hydroxypregnenolone 3-sulfate","17alpha-hydroxypregnenolone 3-sulfate","28901-70-4",134824,"HMDB0000416",NA,152971,NA,NA,NA,37482,37482,37482,209,209,209,151073,151073,151073,"Neg","Neg","Neg",151073,37482,209,"Neg",TRUE
-0.0161969012149425,0.00492031082769125,-0.448314114157611,0.654195381002452,0.932362623729445,-5.78496058847534,893,"893","Lipid","Long Chain Saturated Fatty Acid",1562,"NAMED","VKOBVWXKNCXXDE-UHFFFAOYSA-N","CCCCCCCCCCCCCCCCCCCC(O)=O","arachidate (20:0)","arachidate (20:0)","506-30-9",10035,"HMDB0002212","C06425",10467,NA,NA,NA,1118,1118,1118,209,209,209,125716,125716,125716,"Neg","Neg","Neg",125716,1118,209,"Neg",TRUE
0.0287185336073869,0.066559789219058,0.446545912793374,0.655470619103793,0.932362623729445,-5.78569250709968,181,"181","Lipid","Medium Chain Fatty Acid",1547,"NAMED","POULHZVOKOAJMA-UHFFFAOYSA-N","O=C(O)CCCCCCCCCCC","laurate (12:0)","laurate (12:0)","143-07-7",3756,"HMDB0000638","C02679",3893,NA,NA,NA,1645,1645,1645,209,209,209,125740,125740,125740,"Neg","Neg","Neg",125740,1645,209,"Neg",TRUE
-0.0102626346005603,-0.0426258188106055,-0.444724256901388,0.656785379613131,0.932362623729445,-5.78644360311874,1538,"1538","Lipid","Sphingomyelins",3169,"NAMED","LKQLRGMMMAHREN-YJFXYUILSA-N","CCCCCCCCCCCCCCCCCC(N[C@@](COP([O-])(OCC[N+](C)(C)C)=O)([C@](O)(/C=C/CCCCCCCCCCCCC)[H])[H])=O","stearoyl sphingomyelin (d18:1/18:0)","stearoyl sphingomyelin (d18:1/18:0)","85187-10-6,85187-10-6",4956085,"HMDB0001348","C00550",6453725,"SM 36:1;O2","SM 18:1;O2_18:0","SM 18:1;O2/18:0",19503,19503,19503,402,402,402,164530,164530,164530,"Pos Late","Pos Late","Pos Late",164530,19503,402,"Pos Late",TRUE
0.0150179630231951,-0.0956958829812523,0.4351091343017,0.6637430544912,0.932362623729445,-5.79035687058692,100002063,"100002063","Lipid","Lysophospholipid",2693,"NAMED","BIEOSECQPGGZMF-AQWHIBQFSA-N","O=C(OC[C@@](O)([H])COP(OCC[N+](C)(C)C)([O-])=O)CCCCC/C=C\C/C=C\C/C=C\C/C=C\C/C=C\CC","1-docosapentaenoyl-GPC (22:5n3)*","1-docosapentaenoyl-GPC (22:5n3)*",NA,NA,"HMDB0010403",NA,NA,"LPC 22:5","LPC 22:5(7,10,13,16,19)","LPC 22:5(7,10,13,16,19)/0:0",37231,37231,37231,402,402,402,158890,158890,158890,"Pos Late","Pos Late","Pos Late",158890,37231,402,"Pos Late",TRUE
0.0104806311574947,0.0265201897435504,0.43206762214882,0.665950058451576,0.932362623729445,-5.79157695149439,100021000,"100021000","Lipid","Sphingomyelins",3168,"NAMED","FAVAZPKFPKOYCT-VTAPXIELSA-N","CCCCCCCCCCCCCCC(O)C(N[C@@H](COP([O-])(OCC[N+](C)(C)C)=O)[C@@H](/C=C/CCCCCCCCCCCCC)O)=O","hydroxypalmitoyl sphingomyelin (d18:1/16:0(OH))**","hydroxypalmitoyl sphingomyelin (d18:1/16:0(OH))**",NA,NA,NA,NA,NA,"SM 34:1;O3","SM 18:1;O2_16:0;O","SM 18:1;O2/16:0;O",62851,62851,62851,402,402,402,220620,220620,220620,"Pos Late","Pos Late","Pos Late",220620,62851,402,"Pos Late",TRUE
0.00773580217710121,-0.032157450982694,0.431329849038632,0.666485845682402,0.932362623729445,-5.79187161554842,100008914,"100008914","Lipid","Phosphatidylcholine (PC)",2342,"NAMED","IIZPXYDJLKNOIY-JXPKJXOSSA-N","CCCCCCCCCCCCCCCC(OC[C@@]([H])(OC(CCC/C=C\C/C=C\C/C=C\C/C=C\CCCCC)=O)COP([O-])(OCC[N+](C)(C)C)=O)=O","1-palmitoyl-2-arachidonoyl-GPC (16:0/20:4n6)","1-palmitoyl-2-arachidonoyl-GPC (16:0/20:4n6)","35418-58-7",8923140,"HMDB0007982","C05208",10747814,"PC 36:4","PC 16:0_20:4(5,8,11,14)","Unknown",52462,52462,52462,402,402,402,165128,165128,165128,"Pos Late","Pos Late","Pos Late",165128,52462,402,"Pos Late",TRUE
0.032259380478033,0.0532576663050376,0.425800986437386,0.670506532781656,0.932362623729445,-5.79406374769859,100001990,"100001990","Lipid","Secondary Bile Acid Metabolism",3606,"NAMED","OEDITLKCLMKBOM-UHFFFAOYSA-N","O=S(OC1CCC2(C)C(CCC3C2CCC4(C)C3CCC4C(CCC(NCCS(=O)(O)=O)=O)C)=C1)(O)=O","taurocholenate sulfate*","taurocholenate sulfate*",NA,NA,NA,NA,NA,NA,NA,NA,32807,32807,32807,209,209,209,142566,142566,142566,"Neg","Neg","Neg",142566,32807,209,"Neg",TRUE
0.00594545939892329,-0.0072077957848792,0.424968539091601,0.671112635226597,0.932362623729445,-5.79439143361135,100002107,"100002107","Lipid","Sphingomyelins",3167,"NAMED","RWKUXQNLWDTSLO-GWQJGLRPSA-N","CCCCCCCCCCCCCCCC(N[C@@](COP([O-])(OCC[N+](C)(C)C)=O)([C@](O)(/C=C/CCCCCCCCCCCCC)[H])[H])=O","palmitoyl sphingomyelin (d18:1/16:0)","palmitoyl sphingomyelin (d18:1/16:0)","6254-89-3",8115562,"HMDB0010169",NA,9939941,"SM 34:1;O2","SM 18:1;O2_16:0","SM 18:1;O2/16:0",37506,37506,37506,402,402,402,164195,164195,164195,"Pos Late","Pos Late","Pos Late",164195,37506,402,"Pos Late",TRUE
0.0124696351597812,0.0346505469356555,0.421661737609704,0.673522749067495,0.932362623729445,-5.79568653794522,823,"823","Carbohydrate","Glycolysis, Gluconeogenesis, and Pyruvate Metabolism",1278,"NAMED","LCTONWCANYUPML-UHFFFAOYSA-N","CC(C(O)=O)=O","pyruvate","pyruvate","127-17-3",96901,"HMDB0000243","C00022",1060,NA,NA,NA,48990,48990,48990,305,305,305,160586,160586,160586,"Polar","Polar","Polar",160586,48990,305,"Polar",TRUE
-0.031564560464445,-0.0246357846003276,-0.416913631156229,0.676989304852677,0.932362623729445,-5.79752838944938,100006726,"100006726","Lipid","Endocannabinoid",2227,"NAMED","KQXDGUVSAAQARU-HZJYTTRNSA-N","CCCCC/C=C\C/C=C\CCCCCCCC(NCCO)=O","linoleoyl ethanolamide (18:2)","linoleoyl ethanolamide (18:2)","68171-52-8",4446566,"HMDB0012252",NA,5283446,NA,NA,NA,52608,52608,52608,209,209,209,166573,166573,166573,"Neg","Neg","Neg",166573,52608,209,"Neg",TRUE
0.0219850268710573,0.0753773209443352,0.416648547961268,0.677183039078596,0.932362623729445,-5.797630608173,100002259,"100002259","Lipid","Fatty Acid Metabolism (Acyl Carnitine, Monounsaturated)",1925,"NAMED","OQWOHRPOYAVIOK-KTKRTIGZSA-N","O=C([O-])CC(OC(CC/C=C\CCCCC)=O)C[N+](C)(C)C","cis-4-decenoylcarnitine (C10:1)","cis-4-decenoylcarnitine (C10:1)","98930-66-6",28639171,"HMDB0013205",NA,57357170,NA,NA,NA,38178,38178,38178,402,402,402,159020,159020,159020,"Pos Late","Pos Late","Pos Late",159020,38178,402,"Pos Late",TRUE
0.0145320866887314,-0.146943902371959,0.41519715295319,0.678244082267913,0.932362623729445,-5.79818919309752,100001391,"100001391","Lipid","Fatty Acid Metabolism (Acyl Carnitine, Long Chain Saturated)",1911,"NAMED","FNPHNLNTJNMAEE-HSZRJFAPSA-N","[O-]C(C[C@@H](OC(CCCCCCCCCCCCCCCCC)=O)C[N+](C)(C)C)=O","stearoylcarnitine (C18)","stearoylcarnitine (C18)","18822-91-8",21233653,"HMDB0000848",NA,3006797,NA,NA,NA,34409,34409,34409,402,402,402,158657,158657,158657,"Pos Late","Pos Late","Pos Late",158657,34409,402,"Pos Late",TRUE
-0.0145160035227957,-0.0634415545895072,-0.412109582136224,0.680503629267465,0.932362623729445,-5.79937080169905,100015882,"100015882","Lipid","Hexosylceramides (HCER)",3141,"NAMED","FXNTXJCUSRJUFN-QOSDPKFLSA-N","OCC(NC(CCCCCCCCCCCCCCCCCCC)=O)C(OC1OC(CO)C(O)C(O)C1O)/C=C/CCCCCCCCCCCCC","glycosyl ceramide (d18:1/20:0, d16:1/22:0)*","glycosyl ceramide (d18:1/20:0, d16:1/22:0)*",NA,NA,NA,NA,NA,"HexCer 38:1;O2","Unknown","Unknown",57595,57595,57595,402,402,402,212143,212143,212143,"Pos Late","Pos Late","Pos Late",212143,57595,402,"Pos Late",TRUE
-0.012888171434026,-0.0329497537036458,-0.402052040148505,0.687883586484539,0.939131846796267,-5.80315891578496,100015787,"100015787","Lipid","Sphingomyelins",3184,"NAMED","HAFQHLHNPJDAGB-MAJDXUCPSA-N","CCCCCCCCCCCCCCCCCCC(N[C@H]([C@H](O)/C=C/CCCCCCCCCCCCC)COP([O-])(OCC[N+](C)(C)C)=O)=O","sphingomyelin (d18:1/19:0, d19:1/18:0)*","sphingomyelin (d18:1/19:0, d19:1/18:0)*",NA,NA,NA,NA,NA,"SM 37:1;O2","Unknown","Unknown",57475,57475,57475,402,402,402,211138,211138,211138,"Pos Late","Pos Late","Pos Late",211138,57475,402,"Pos Late",TRUE
-0.0233074062958775,0.150434776247242,-0.394889409219089,0.693157586780414,0.942988236432718,-5.80579971871707,100020343,"100020343","Lipid","Long Chain Polyunsaturated Fatty Acid (n3 and n6)",1595,"NAMED","HXHZGHRLVRFQDR-HZJYTTRNSA-N","OC(CCC/C=C\C/C=C\CCCCC)=O","tetradecadienoate (14:2)*","tetradecadienoate (14:2)*","39039-37-7",4471834,"HMDB0000560",NA,5312409,NA,NA,NA,62850,62850,62850,209,209,209,220619,220619,220619,"Neg","Neg","Neg",220619,62850,209,"Neg",TRUE
0.0207772546219838,-0.0494759926590684,0.378825647859196,0.705039969941295,0.950246695548124,-5.81154969666295,100015834,"100015834","Lipid","Fatty Acid Metabolism (Acyl Carnitine, Long Chain Saturated)",1914,"NAMED","YDUFZFUYBBPVLJ-UHFFFAOYSA-N","O=C(CCCCCCCCCCCCCCCCCCCCCCC)OC(C[N+](C)(C)C)CC([O-])=O","lignoceroylcarnitine (C24)*","lignoceroylcarnitine (C24)*",NA,NA,"HMDB0240665",NA,NA,NA,NA,NA,57515,57515,57515,402,402,402,211216,211216,211216,"Pos Late","Pos Late","Pos Late",211216,57515,402,"Pos Late",TRUE
0.0187471637748521,-0.0534159415531917,0.366439087537049,0.714252058134802,0.950246695548124,-5.81582056927797,888,"888","Lipid","Medium Chain Fatty Acid",1539,"NAMED","GHVNFZFCNZKVNT-UHFFFAOYSA-N","CCCCCCCCCC(O)=O","caprate (10:0)","caprate (10:0)","334-48-5",2863,"HMDB0000511","C01571",2969,NA,NA,NA,1642,1642,1642,209,209,209,125736,125736,125736,"Neg","Neg","Neg",125736,1642,209,"Neg",TRUE
0.0189347173008541,0.0107997172636329,0.365922210262787,0.714637389821434,0.950246695548124,-5.81599570485129,100009142,"100009142","Lipid","Phosphatidylcholine (PC)",2383,"NAMED","GLPAGCOJQYNMCC-NEEAVLKMSA-N","O=C(CCCCCCCCCCCCCCCCC)OC[C@]([H])(COP(OCC[N+](C)(C)C)([O-])=O)OC(CC/C=C\C/C=C\C/C=C\C/C=C\C/C=C\CCCCC)=O","1-stearoyl-2-docosapentaenoyl-GPC (18:0/22:5n6)*","1-stearoyl-2-docosapentaenoyl-GPC (18:0/22:5n6)*",NA,24766719,"HMDB0008055",NA,24778871,"PC 40:5","PC 18:0_22:5(4,7,10,13,16)","Unknown",52700,52700,52700,402,402,402,165473,165473,165473,"Pos Late","Pos Late","Pos Late",165473,52700,402,"Pos Late",TRUE
0.00917110245419961,0.0416494551407606,0.364389506177952,0.71578038085632,0.950246695548124,-5.81651363512549,100008904,"100008904","Lipid","Phosphatidylcholine (PC)",2367,"NAMED","ATHVAWFAEPLPPQ-VRDBWYNSSA-N","O=C(CCCCCCCCCCCCCCCCC)OC[C@]([H])(COP(OCC[N+](C)(C)C)([O-])=O)OC(CCCCCCC/C=C\CCCCCCCC)=O","1-stearoyl-2-oleoyl-GPC (18:0/18:1)","1-stearoyl-2-oleoyl-GPC (18:0/18:1)","56421-10-4",24766704,"HMDB0008038",NA,24778825,"PC 36:1","PC 18:0_18:1","Unknown",52438,52438,52438,402,402,402,164562,164562,164562,"Pos Late","Pos Late","Pos Late",164562,52438,402,"Pos Late",TRUE
-0.0351962790375053,0.00364540069672056,-0.362070469788243,0.71751115474704,0.950246695548124,-5.81729302640942,100002796,"100002796","Lipid","Medium Chain Fatty Acid",1540,"NAMED","XKZKQTCECFWKBN-SREVYHEPSA-N","OC(CC\C=C/CCCCC)=O","cis-4-decenoate (10:1n6)*","cis-4-decenoate (10:1n6)*","505-90-8",4471776,"HMDB0004980",NA,5282726,NA,NA,NA,62873,62873,62873,209,209,209,220667,220667,220667,"Neg","Neg","Neg",220667,62873,209,"Neg",TRUE
0.0224207418018628,-0.071056834155697,0.360014572626462,0.71904669761142,0.950246695548124,-5.81797986725985,100006361,"100006361","Amino Acid","Tyrosine Metabolism",230,"NAMED","NZKRYJGNYPYXJZ-UHFFFAOYSA-N","NCCC1=CC(OS(=O)(O)=O)=C(O)C=C1","dopamine 3-O-sulfate","dopamine 3-O-sulfate",NA,108936,"HMDB0006275","C13690",122136,NA,NA,NA,48407,48407,48407,209,209,209,155061,155061,155061,"Neg","Neg","Neg",155061,48407,209,"Neg",FALSE
0.0510220181482224,-0.520338879423171,0.355960662682233,0.722077883631961,0.950246695548124,-5.81932275997811,100001108,"100001108","Xenobiotics","Xanthine Metabolism",4806,"NAMED","GMSNIKWWOQHZGF-UHFFFAOYSA-N","O=C1N(C)C2=C(N=CN2)C(N1)=O","3-methylxanthine","3-methylxanthine","1076-22-8",63805,"HMDB0001886","C16357",70639,NA,NA,NA,32445,32445,32445,209,209,209,125834,125834,125834,"Neg","Neg","Neg",125834,32445,209,"Neg",TRUE
-0.0312905173547799,-0.318586414243191,-0.355232600431929,0.722622735748844,0.950246695548124,-5.81956232730283,100015744,"100015744","Lipid","Ceramides",3114,"NAMED","QMVWGDBKESWTON-OQKRWUNJSA-N","CCCCCCCCCCCCC/C=C/C(O)C(NC(CCC/C=C/CC/C=C/CCCCCCCCCCCCCC)=O)CO","ceramide (d18:2/24:1, d18:1/24:2)*","ceramide (d18:2/24:1, d18:1/24:2)*",NA,NA,"HMDB0240679,HMDB0240680",NA,NA,"CER 42:3;O2","Unknown","Unknown",57443,57443,57443,402,402,402,211097,211097,211097,"Pos Late","Pos Late","Pos Late",211097,57443,402,"Pos Late",TRUE
-0.0105397354191351,0.00731050207140109,-0.351845520981934,0.725159309343357,0.950246695548124,-5.82067041753947,100009014,"100009014","Lipid","Plasmalogen",2868,"NAMED","IOYKZPNDXIIXLN-LOQSCQKMSA-N","[H][C@](OC(CCC/C=C\C/C=C\C/C=C\C/C=C\CCCCC)=O)(COP(OCC[N+](C)(C)C)([O-])=O)CO/C=C\CCCCCCCCCCCCCC","1-(1-enyl-palmitoyl)-2-arachidonoyl-GPC (P-16:0/20:4)*","1-(1-enyl-palmitoyl)-2-arachidonoyl-GPC (P-16:0/20:4)*",NA,24767495,"HMDB0011220",NA,NA,"PC O-36:5","PC P-16:0_20:4","PC P-16:0/20:4",52689,52689,52689,402,402,402,165459,165459,165459,"Pos Late","Pos Late","Pos Late",165459,52689,402,"Pos Late",TRUE
-0.00525909422755315,-0.00333523786136624,-0.348675556922945,0.727536030192598,0.950246695548124,-5.82169786997383,1242,"1242","Nucleotide","Purine Metabolism, Adenine containing",4356,"NAMED","GFYLSDSUCHVORB-IOSLPCCCSA-N","N=C1C2=C(N([C@@]3([H])[C@@](O)([H])[C@@](O)([H])[C@](CO)([H])O3)C=N2)N=CN1C","N1-methyladenosine","1-methyladenosine","15763-06-1",4573813,"HMDB0003331","C02494",27476,NA,NA,NA,15650,15650,15650,400,400,400,155564,155564,155564,"Pos Early","Pos Early","Pos Early",155564,15650,400,"Pos Early",TRUE
-0.00623938312666705,-0.033121307594908,-0.341490032644198,0.732933266872225,0.950246695548124,-5.82399239281924,1256,"1256","Lipid","Phospholipid Metabolism",2277,"NAMED","CRBHXDCYXIISFC-UHFFFAOYSA-N","[O-]CC[N+](C)(C)C","choline","choline","67-48-1",149278,"HMDB0000097","C00114",305,NA,NA,NA,15506,15506,15506,400,400,400,155556,155556,155556,"Pos Early","Pos Early","Pos Early",155556,15506,400,"Pos Early",FALSE
0.0143243145871549,-0.0665575090985002,0.34128247580698,0.733089430381628,0.950246695548124,-5.82405791701944,100021103,"100021103","Lipid","Pregnenolone Steroids",3329,"NAMED","HIYOTPJZDPVBTL-HXOPQMAFSA-N","O[C@H]1C2=C[C@@H](OS(=O)(O)=O)CC[C@]2(C)C3CC[C@@]4(C)C(CCC4[C@H](O)C)C3C1","pregnenetriol sulfate*","pregnenetriol sulfate*",NA,NA,NA,NA,129671303,NA,NA,NA,62922,62922,62922,209,209,209,220778,220778,220778,"Neg","Neg","Neg",220778,62922,209,"Neg",TRUE
0.0187682138085305,-0.0363574946008136,0.32883231636742,0.742473050328005,0.950246695548124,-5.82791815313089,100001392,"100001392","Lipid","Fatty Acid Metabolism (Acyl Carnitine, Medium Chain)",1906,"NAMED","FUJLYHJROOYKRA-UHFFFAOYSA-N","[O-]C(CC(C[N+](C)(C)C)OC(CCCCCCCCCCC)=O)=O","laurylcarnitine (C12)","laurylcarnitine (C12)","25518-54-1",8602997,"HMDB0002250",NA,168381,NA,NA,NA,34534,34534,34534,402,402,402,158670,158670,158670,"Pos Late","Pos Late","Pos Late",158670,34534,402,"Pos Late",TRUE
0.012140577476442,-0.0415079015133373,0.326169067526053,0.74448538173223,0.950246695548124,-5.82872529568705,100009347,"100009347","Lipid","Phosphatidylcholine (PC)",2315,"NAMED","ZEWLMKXMNQOCOQ-QZQOTICOSA-N","CCCCCCCCCCCCCCC(OCC(OC(CCCCCCC/C=C/CCCCCCCC)=O)COP([O-])(OCC[N+](C)(C)C)=O)=O","phosphatidylcholine (15:0/18:1, 17:0/16:1, 16:0/17:1)*","phosphatidylcholine (15:0/18:1, 17:0/16:1, 16:0/17:1)*",NA,NA,"HMDB0007939",NA,NA,"PC 33:1","Unknown","Unknown",53178,53178,53178,402,402,402,166607,166607,166607,"Pos Late","Pos Late","Pos Late",166607,53178,402,"Pos Late",TRUE
-0.0614920557040777,-0.43573630043306,-0.324178476410693,0.745990603436084,0.950246695548124,-5.82932429429718,1668,"1668","Lipid","Secondary Bile Acid Metabolism",3559,"NAMED","AWDRATDZQPNJFN-RZGBOAIJSA-N","C[C@@]12[C@@]([H])(CC[C@]2([H])[C@@H](CCC(NCCS(O)(=O)=O)=O)C)[C@@](CC[C@@]3([H])[C@@]4(CC[C@@H](O)C3)C)([H])[C@@]4([H])C[C@@H]1O","taurodeoxycholate","taurodeoxycholate","207737-97-1",2015539,"HMDB0000896","C05463",2733768,NA,NA,NA,12261,12261,12261,209,209,209,124839,124839,124839,"Neg","Neg","Neg",124839,12261,209,"Neg",TRUE
-0.0171277890843246,-0.106280167046718,-0.322982637368058,0.746895327580365,0.950246695548124,-5.82968237814387,356,"356","Lipid","Corticosteroids",3373,"NAMED","JYGXADMDTFJGBT-VWUMJDOOSA-N","O[C@@]1([C@@](CO)=O)[C@]2(C)[C@](CC1)([H])[C@@](CCC3=CC4=O)([H])[C@]([C@@]3(C)CC4)([H])[C@@H](O)C2","cortisol","cortisol","50-23-7",NA,"HMDB0000063","C00735",5754,NA,NA,NA,1712,1712,1712,209,209,209,124815,124815,124815,"Neg","Neg","Neg",124815,1712,209,"Neg",TRUE
-0.0203661344941953,-0.100283306335033,-0.316289063014957,0.75196585544049,0.950246695548124,-5.83166229261705,100001993,"100001993","Lipid","Pregnenolone Steroids",3328,"NAMED","RKYCGXFEFAPXIP-BWUXAKENSA-N","C[C@@]12C(CCC3C2CC[C@@]4(C)C3CCC4C(OS(=O)(O)=O)C)=CC(OS(=O)(O)=O)CC1","pregnenediol disulfate (C21H34O8S2)*","pregnen-diol disulfate*",NA,NA,NA,NA,NA,NA,NA,NA,32562,32562,32562,209,209,209,149820,149820,149820,"Neg","Neg","Neg",149820,32562,209,"Neg",TRUE
-0.0511934861074335,-0.44053346268449,-0.314905731875584,0.753015108827312,0.950246695548124,-5.8320663060048,100001403,"100001403","Xenobiotics","Xanthine Metabolism",4808,"NAMED","POQOTWQIYYNXAT-UHFFFAOYSA-N","O=C(NC(N)=C1NC(C)=O)N(C)C1=O","5-acetylamino-6-amino-3-methyluracil","5-acetylamino-6-amino-3-methyluracil","1196153-01-1",79659,"HMDB0004400","C16366",88299,NA,NA,NA,34424,34424,34424,305,305,305,165245,165245,165245,"Polar","Polar","Polar",165245,34424,305,"Polar",TRUE
-0.0384473353861687,-0.587510205576832,-0.312992777890882,0.75446678983772,0.950246695548124,-5.8326221136081,100006005,"100006005","Lipid","Androgenic Steroids",3447,"NAMED","LERFMBCTNMFXCT-ILBJSTGGSA-N","C[C@@]12[C@](CCC3C2CC[C@@]4(C)C3CC[C@@H]4O)([H])C[C@H](OS(=O)(O)=O)CC1","5alpha-androstan-3alpha,17beta-diol monosulfate (2)","5alpha-androstan-3alpha,17beta-diol monosulfate (2)",NA,NA,NA,NA,121596225,NA,NA,NA,37185,37185,37185,209,209,209,144272,144272,144272,"Neg","Neg","Neg",144272,37185,209,"Neg",TRUE
-0.0131176850261674,-0.0419920256257986,-0.312627654055148,0.754744023441711,0.950246695548124,-5.83272778045963,100015625,"100015625","Lipid","Hexosylceramides (HCER)",3131,"NAMED","BZVOAOVDSULRAB-NUBHLNQHSA-N","[H][C@](NC(CCCCCCCCCCCCCCCCCCCCC)=O)(CO[C@H]1[C@H](O)[C@@H](O)[C@@H](O)[C@@H](CO)O1)[C@@](O)([H])/C=C/CCCCCCCC/C=C\CCC","glycosyl-N-behenoyl-sphingadienine (d18:2/22:0)*","glycosyl-N-behenoyl-sphingadienine (d18:2/22:0)*",NA,NA,NA,NA,NA,"HexCer 40:2;O2","HexCer 18:2;O2_22:0","HexCer 18:2;O2/22:0",57421,57421,57421,402,402,402,211074,211074,211074,"Pos Late","Pos Late","Pos Late",211074,57421,402,"Pos Late",TRUE
0.018776984135465,-0.0150195317485075,0.312027376812832,0.755199801169232,0.950246695548124,-5.83290128105698,100002027,"100002027","Lipid","Androgenic Steroids",3436,"NAMED","VPDALJSLCNNODJ-IUIQAQCZSA-N","O[C@@H]1CCC2C3CCC4=CC(OS(=O)(O)=O)CC[C@]4(C)C3CC[C@@]21C","androstenediol (3alpha, 17alpha) monosulfate (3)","androstenediol (3alpha, 17alpha) monosulfate (3)",NA,NA,NA,NA,NA,NA,NA,NA,37209,37209,37209,209,209,209,144214,144214,144214,"Neg","Neg","Neg",144214,37209,209,"Neg",TRUE
-0.0145451779936249,0.0861653704953542,-0.311481181515488,0.755614590001874,0.950246695548124,-5.83305886054762,100001182,"100001182","Lipid","Long Chain Polyunsaturated Fatty Acid (n3 and n6)",1622,"NAMED","HVGRZDASOHMCSK-AVQMFFATSA-N","CCCCC/C=C/C/C=C/CCCCCCCCCCCC(O)=O","docosadienoate (22:2n6)","docosadienoate (22:2n6)","7370-49-2",4445934,"HMDB0061714","C16533",5282807,NA,NA,NA,32415,32415,32415,209,209,209,125824,125824,125824,"Neg","Neg","Neg",125824,32415,209,"Neg",TRUE
-0.0193001184832655,-0.194138677967822,-0.30966002972963,0.756998105175296,0.950246695548124,-5.83358227962991,926,"926","Lipid","Medium Chain Fatty Acid",1534,"NAMED","FUZZWVXGSFPDMH-UHFFFAOYSA-N","CCCCCC(O)=O","caproate (6:0)","caproate (6:0)","142-62-1",8552,"HMDB0000535","C01585",8892,NA,NA,NA,32489,32489,32489,209,209,209,125850,125850,125850,"Neg","Neg","Neg",125850,32489,209,"Neg",TRUE
0.0635132843852204,-0.605914410379743,0.308698121862488,0.75772918320331,0.950246695548124,-5.8338574994085,849,"849","Xenobiotics","Xanthine Metabolism",4795,"NAMED","RYYVLZVUVIJVGH-UHFFFAOYSA-N","O=C(N(C)C1=C2N(C)C=N1)N(C)C2=O","caffeine","caffeine","58-08-2",2424,"HMDB0001847","C07481",2519,NA,NA,NA,569,569,569,400,400,400,155325,155325,155325,"Pos Early","Pos Early","Pos Early",155325,569,400,"Pos Early",TRUE
-0.0160416621649952,-0.0285908065144999,-0.303759470257233,0.761486090102523,0.951261018935033,-5.83525708074621,1087,"1087","Lipid","Long Chain Monounsaturated Fatty Acid",1592,"NAMED","DPUOLQHDNGRHBS-KTKRTIGZSA-N","OC(CCCCCCCCCCC\C=C/CCCCCCCC)=O","erucate (22:1n9)","erucate (22:1n9)","112-86-7",7924,"HMDB0002068","C08316",82165281116,NA,NA,NA,1552,1552,1552,209,209,209,125983,125983,125983,"Neg","Neg","Neg",125983,1552,209,"Neg",TRUE
-0.0182329169592638,-0.000656728766451761,-0.299846594245179,0.764466692800529,0.951261018935033,-5.83634994670477,100006051,"100006051","Lipid","Fatty Acid Metabolism (Acyl Carnitine, Monounsaturated)",1929,"NAMED","ABVVZYXTZLEOHP-OLHLWXQYSA-N","O=C(CCCCCCC/C=C\CCCC)O[C@H](CC([O-])=O)C[N+](C)(C)C","myristoleoylcarnitine/physeteroylcarnitine (C14:1)*","myristoleoylcarnitine/physeteroylcarnitine (C14:1)*","889848-55-9",34999520,"HMDB0240588",NA,129691961,NA,NA,NA,48182,48182,48182,402,402,402,160274,160274,160274,"Pos Late","Pos Late","Pos Late",160274,48182,402,"Pos Late",TRUE
0.0294980189496856,-0.00336341579403252,0.297900490610458,0.765950430830806,0.951261018935033,-5.83688822011885,361,"361","Nucleotide","Purine Metabolism, (Hypo)Xanthine/Inosine containing",4322,"NAMED","UGQMRVRMYYASKQ-KQYNXXCUSA-N","O[C@H]1[C@H](N2C(N=CN=C3O)=C3N=C2)O[C@H](CO)[C@H]1O","inosine","inosine","58-63-9",21241953,"HMDB0000195","C00294",6021,NA,NA,NA,1123,1123,1123,209,209,209,123191,123191,123191,"Neg","Neg","Neg",123191,1123,209,"Neg",TRUE
-0.0148341156346959,0.0222393844187199,-0.281785485027695,0.778269413491538,0.963452489370553,-5.84121086496027,182,"182","Cofactors and Vitamins","Nicotinate and Nicotinamide Metabolism",4503,"NAMED","GJAWHXHKYYXBSV-UHFFFAOYSA-N","OC(C(C=CC=N1)=C1C(O)=O)=O","quinolinate","quinolinate","89-00-9",1037,"HMDB0000232","C03722",1066,NA,NA,NA,1899,1899,1899,400,305,400,155456,146452,155456,"Pos Early","Polar","Pos Early",155456,1899,400,"Pos Early",TRUE
0.0358822187853471,-0.385354915145866,0.27607033641722,0.782651966691274,0.965018021073222,-5.84268617707842,100001400,"100001400","Xenobiotics","Xanthine Metabolism",4799,"NAMED","QFDRTQONISXGJA-UHFFFAOYSA-N","CN1C(NC(N2)=C(C1=O)NC2=O)=O","1-methylurate","1-methylurate","708-79-2",62926,"HMDB0003099","C16359",69726,NA,NA,NA,34395,34395,34395,400,400,400,156098,156098,156098,"Pos Early","Pos Early","Pos Early",156098,34395,400,"Pos Early",TRUE
0.00859395906755755,-0.0468271080696262,0.256489336203382,0.797719073814682,0.965018021073222,-5.84751172215808,100015620,"100015620","Lipid","Lactosylceramides (LCER)",3154,"NAMED","MKOKWBRPIBQYJJ-WZBOJYASSA-N","[H][C@](NC(CCCCCCCCCCCCC/C=C\CCCCCCCC)=O)(CO[C@H]1[C@H](O)[C@@H](O)[C@H](O[C@H]2[C@H](O)[C@@H](O)[C@@H](O)[C@H](O2)CO)[C@H](O1)CO)[C@@](O)([H])/C=C/CCCCCCCCCCCCC","lactosyl-N-nervonoyl-sphingosine (d18:1/24:1)*","lactosyl-N-nervonoyl-sphingosine (d18:1/24:1)*",NA,24846896,"HMDB0004872",NA,NA,"LacCer 42:1;O2","LacCer 18:1;O2_24:1","LacCer 18:1;O2/24:1",57370,57370,57370,402,402,402,210897,210897,210897,"Pos Late","Pos Late","Pos Late",210897,57370,402,"Pos Late",TRUE
0.0173933723659146,-0.111822063683107,0.253096868700684,0.800337377617496,0.965018021073222,-5.84831171197237,100001651,"100001651","Lipid","Lysophospholipid",2725,"NAMED","NOVZJYYJYIFXJC-MZMPXXGTSA-N","OC[C@@H](OC(CCCCCCC\C=C/CCCCCCCC)=O)COP(OCC[NH3+])([O-])=O","2-oleoyl-GPE (18:1)*","2-oleoyl-GPE (18:1)*",NA,NA,"HMDB0011476",NA,NA,"LPE 18:1","LPE 18:1","LPE 0:0/18:1",45455,45455,45455,209,209,209,142789,142789,142789,"Neg","Neg","Neg",142789,45455,209,"Neg",TRUE
-0.0266660934148713,0.210260106954951,-0.25092726575135,0.802013059475588,0.965018021073222,-5.84881775159242,342,"342","Lipid","Primary Bile Acid Metabolism",3522,"NAMED","RFDAIACWWDREDC-FRVQLJSFSA-N","O=C(CNC(CC[C@H]([C@@H]1[C@@]2(C)[C@@H](O)C[C@]3([H])[C@@]4(C)CC[C@@H](O)C[C@@]4([H])C[C@@H](O)[C@@]3([H])[C@]2([H])CC1)C)=O)O","glycocholate","glycocholate","475-31-0,863-57-0",9734,"HMDB0000138","C01921",10140,NA,NA,NA,18476,18476,18476,209,209,209,126842,126842,126842,"Neg","Neg","Neg",126842,18476,209,"Neg",TRUE
-0.0163597621245257,-0.0950057515647066,-0.24338053598162,0.807848816086982,0.965018021073222,-5.85054403586331,100001287,"100001287","Lipid","Androgenic Steroids",3410,"NAMED","ZMITXKRGXGRMKS-FMLJXKFRSA-N","O=C1CCC2C3CC[C@@]4([H])C[C@@H](OS(=O)(O)=O)CC[C@]4(C)C3CC[C@@]21C","epiandrosterone sulfate","epiandrosterone sulfate","22229-22-7",21403101,"HMDB0062657","C04555",9929317,NA,NA,NA,33973,33973,33973,209,209,209,126133,126133,126133,"Neg","Neg","Neg",126133,33973,209,"Neg",TRUE
0.00732974059345282,-0.0180471910035391,0.239318762935731,0.810994188072564,0.965018021073222,-5.85145133825385,100005985,"100005985","Lipid","Sphingomyelins",3178,"NAMED","SOWIKWJDPCEPOJ-IOBWIPHESA-N","CCCC/C=C/CCCCCCCC(N[C@@](COP([O-])(OCC[N+](C)(C)C)=O)([C@](O)(/C=C/CCCCCCCCCCCCC)[H])[H])=O","sphingomyelin (d18:2/14:0, d18:1/14:1)*","sphingomyelin (d18:2/14:0, d18:1/14:1)*",NA,NA,"HMDB0240637,HMDB0240612",NA,NA,"SM 32:2;O2","Unknown","Unknown",47154,47154,47154,402,402,402,164532,164532,164532,"Pos Late","Pos Late","Pos Late",164532,47154,402,"Pos Late",TRUE
-0.0253947833972963,-0.307970621966316,-0.226498869492357,0.820941592634275,0.965018021073222,-5.85421487477808,100001398,"100001398","Xenobiotics","Xanthine Metabolism",4803,"NAMED","HMLZLHKHNBLLJD-UHFFFAOYSA-N","CN1C(NC(C(N2C)=C1NC2=O)=O)=O","3,7-dimethylurate","3,7-dimethylurate","13087-49-5",74994,"HMDB0001982","C16360",83126,NA,NA,NA,34399,34399,34399,209,209,209,126922,126922,126922,"Neg","Neg","Neg",126922,34399,209,"Neg",TRUE
0.0120860686520394,0.0430488056910869,0.223682346704237,0.823130971411101,0.965018021073222,-5.85480164787908,100001856,"100001856","Lipid","Phosphatidylethanolamine (PE)",2470,"NAMED","JQKOHRZNEOQNJE-AYBNWLFXSA-N","O=C(CCCCCCC/C=C/CCCCCCCC)O[C@@H](COP(OCCN)(O)=O)COC(CCCCCCCCCCCCCCCCC)=O","1-stearoyl-2-oleoyl-GPE (18:0/18:1)","1-stearoyl-2-oleoyl-GPE (18:0/18:1)",NA,NA,"HMDB0008993",NA,9546742,"PE 36:1","PE 18:0_18:1","Unknown",42448,42448,42448,402,402,402,164202,164202,164202,"Pos Late","Pos Late","Pos Late",164202,42448,402,"Pos Late",TRUE
-0.011740702918262,-0.181052276948418,-0.221683962505933,0.824685183226453,0.965018021073222,-5.85521354418623,100001554,"100001554","Lipid","Lysophospholipid",2683,"NAMED","IGJKYDBBINVMLH-JXRLJXCWSA-N","OC[C@](OC(CCC\C=C/C\C=C/C/C=C\C/C=C\CCCCC)=O)([H])COP(OCC[N+](C)(C)C)([O-])=O","2-arachidonoyl-GPC (20:4)*","2-arachidonoyl-GPC (20:4)*",NA,21403158,"HMDB0061699",NA,52924038,"LPC 20:4","LPC 20:4","LPC 0:0/20:4",33387,33387,33387,209,209,209,142527,142527,142527,"Neg","Neg","Neg",142527,33387,209,"Neg",TRUE
0.0203027453992946,-0.000877659190688703,0.215523161783294,0.829481132194175,0.965018021073222,-5.85646004010322,100002018,"100002018","Lipid","Androgenic Steroids",3446,"NAMED","LERFMBCTNMFXCT-ILBJSTGGSA-N","C[C@@]12[C@](CCC3C2CC[C@@]4(C)C3CC[C@@H]4O)([H])C[C@H](OS(=O)(O)=O)CC1","5alpha-androstan-3alpha,17beta-diol monosulfate (1)","5alpha-androstan-3alpha,17beta-diol monosulfate (1)",NA,NA,"HMDB0247995",NA,121596226121596000,NA,NA,NA,37186,37186,37186,209,209,209,144270,144270,144270,"Neg","Neg","Neg",144270,37186,209,"Neg",TRUE
0.00750461377985298,-0.0860898752916975,0.212889134000283,0.831533527023985,0.965018021073222,-5.85698228359974,100001556,"100001556","Lipid","Lysophospholipid",2664,"NAMED","SULIDBRAXVDKBU-AYZYJWAHSA-N","OC[C@H](OC(CCCCCCC/C=C\CCCCCCCC)=O)COP(OCC[N+](C)(C)C)([O-])=O","2-oleoyl-GPC (18:1)*","2-oleoyl-GPC (18:1)*",NA,21403159,"HMDB0061701",NA,24779494,"LPC 18:1","LPC 18:1","LPC 0:0/18:1",48259,48259,48259,209,209,209,154240,154240,154240,"Neg","Neg","Neg",154240,48259,209,"Neg",TRUE
0.00624799789757033,-0.0810320692425261,0.207276964250453,0.83591036060743,0.965018021073222,-5.85807354664388,100001551,"100001551","Lipid","Lysophospholipid",2685,"NAMED","LAXQYRRMGGEGOH-JXRLJXCWSA-N","C[N+](C)(C)CCOP(OC[C@@](O)([H])COC(CCC\C=C/C\C=C/C/C=C\C/C=C\CCCCC)=O)([O-])=O","1-arachidonoyl-GPC (20:4n6)*","1-arachidonoyl-GPC (20:4n6)*",NA,21403155,"HMDB0010395","C05208",24779476,"LPC 20:4","LPC 20:4(5,8,11,14)","LPC 20:4/0:0",33228,33228,33228,402,402,402,158552,158552,158552,"Pos Late","Pos Late","Pos Late",158552,33228,402,"Pos Late",TRUE
-0.00816017972367422,-0.0618276232813365,-0.203545947625347,0.83882298704555,0.965018021073222,-5.85878288243724,100015835,"100015835","Lipid","Fatty Acid Metabolism (Acyl Carnitine, Long Chain Saturated)",1915,"NAMED","KOCKWDDTAHPJSX-UHFFFAOYSA-N","[O-]C(CC(C[N+](C)(C)C)OC(CCCCCCCCCCCCCCCCCCCCCCCCC)=O)=O","cerotoylcarnitine (C26)*","cerotoylcarnitine (C26)*",NA,35015992,"HMDB0006347",NA,53477828,NA,NA,NA,57516,57516,57516,402,402,402,211217,211217,211217,"Pos Late","Pos Late","Pos Late",211217,57516,402,"Pos Late",TRUE
0.0123675884047732,-0.00171485211372322,0.203294315545268,0.839019501970596,0.965018021073222,-5.85883025986945,100003901,"100003901","Lipid","Lysophospholipid",2723,"NAMED","KIHAGWUUUHJRMS-JOCHJYFZSA-N","OC[C@@H](OC(CCCCCCCCCCCCCCCCC)=O)COP(OCC[NH3+])([O-])=O","2-stearoyl-GPE (18:0)*","2-stearoyl-GPE (18:0)*",NA,24769218,"HMDB0011129",NA,9065845353480660,"LPE 18:0","LPE 18:0","LPE 0:0/18:0",41220,41220,41220,209,209,209,142786,142786,142786,"Neg","Neg","Neg",142786,41220,209,"Neg",TRUE
-0.00769163971881444,-0.0591155769042253,-0.203111440407103,0.839162326707902,0.965018021073222,-5.85886465494096,100000580,"100000580","Carbohydrate","Glycolysis, Gluconeogenesis, and Pyruvate Metabolism",1259,"NAMED","MPCAJMNYNOGXPB-SLPGGIOYSA-N","O[C@@H]1[C@@H](CO)OC[C@H](O)[C@H]1O","1,5-anhydroglucitol (1,5-AG)","1,5-anhydroglucitol (1,5-AG)","154-58-5",NA,"HMDB0002712","C07326",64960,NA,NA,NA,20675,20675,20675,209,209,209,123293,123293,123293,"Neg","Neg","Neg",123293,20675,209,"Neg",TRUE
-0.00837585177662237,-0.0358833061232841,-0.203062175453821,0.839200803345243,0.965018021073222,-5.85887391537931,100009126,"100009126","Lipid","Phosphatidylcholine (PC)",2419,"NAMED","UAVRPIXHIHJERN-CBTSKTMBSA-N","O=C(CCCCCCCCCCCCCCCCCCC)OC[C@]([H])(COP(OCC[N+](C)(C)C)([O-])=O)OC(CCC/C=C\C/C=C\C/C=C\C/C=C\CCCCC)=O","1-arachidoyl-2-arachidonoyl-GPC (20:0/20:4)*","1-arachidoyl-2-arachidonoyl-GPC (20:0/20:4)*",NA,24766940,"HMDB0008279",NA,24779048,"PC 40:4","PC 20:0_20:4","Unknown",55062,55062,55062,402,402,402,208176,208176,208176,"Pos Late","Pos Late","Pos Late",208176,55062,402,"Pos Late",TRUE
0.0206006327413863,-0.124959777992157,0.198195019599692,0.84300401021361,0.965018021073222,-5.85977773366525,100001279,"100001279","Lipid","Secondary Bile Acid Metabolism",3595,"NAMED","DKPMWHFRUGMUKF-OAEKOJLISA-N","C[C@]12CC[C@@H](O)C[C@@]1([H])[C@@H](O)[C@@H](O)C3C2CC[C@@]4(C)C3CCC4C(CCC(O)=O)C","hyocholate (gamma-muricholate)","hyocholate","547-75-1",21403098,"HMDB0000760","C17649",92805,NA,NA,NA,34093,34093,34093,209,209,209,126896,126896,126896,"Neg","Neg","Neg",126896,34093,209,"Neg",TRUE
0.0114946474561677,-0.170630388546086,0.195034098596946,0.845475937825103,0.965018021073222,-5.86035296749386,100001999,"100001999","Lipid","Pregnenolone Steroids",3321,"NAMED","CBOVWLYQUCVTFA-WGKOQXAXSA-N","C[C@@]1([C@H]2[C@@](COS(=O)(O)=O)=O)[C@](CC2)([H])[C@@](CC=C3[C@@]4(CC[C@H](OS(=O)(O)=O)C3)C)([H])[C@@]4([H])CC1","21-hydroxypregnenolone disulfate","21-hydroxypregnenolone disulfate","1164-98-3",118625,"HMDB0242133",NA,134595,NA,NA,NA,46115,46115,46115,209,209,209,143743,143743,143743,"Neg","Neg","Neg",143743,46115,209,"Neg",TRUE
-0.00603470990284227,-0.0230112295739669,-0.190387136786578,0.849112758847778,0.965018021073222,-5.86118184778596,100009021,"100009021","Lipid","Plasmalogen",2849,"NAMED","DUUSFCFZBREELS-WWBBCYQPSA-N","[H][C@](OC(CCC/C=C\C/C=C\C/C=C\C/C=C\CCCCC)=O)(COP(OCC[N+](C)(C)C)([O-])=O)COCCCCCCCCCCCCCCCC","1-palmityl-2-arachidonoyl-GPC (O-16:0/20:4)*","1-palmityl-2-arachidonoyl-GPC (O-16:0/20:4)*",NA,4947173,"HMDB0243975",NA,10747814,"PC O-36:4","PC O-16:0_20:4","PC O-16:0/20:4",52718,52718,52718,402,402,402,165497,165497,165497,"Pos Late","Pos Late","Pos Late",165497,52718,402,"Pos Late",TRUE
0.0125682780418114,0.0506674301020345,0.189647030237675,0.849692283469587,0.965018021073222,-5.86131201610722,100009343,"100009343","Lipid","Phosphatidylcholine (PC)",2405,"NAMED","HZGAVPNEGHQJID-UNBCHYIMSA-N","O=C(CCCCCCC/C=C\C/C=C\CCCCC)OC[C@]([H])(COP(OCC[N+](C)(C)C)([O-])=O)OC(CCCCCCC/C=C\C/C=C\C/C=C\CC)=O","1-linoleoyl-2-linolenoyl-GPC (18:2/18:3)*","1-linoleoyl-2-linolenoyl-GPC (18:2/18:3)*",NA,24766802,"HMDB0008141",NA,52922731,"PC 36:5","PC 18:2_18:3","Unknown",53176,53176,53176,402,402,402,166602,166602,166602,"Pos Late","Pos Late","Pos Late",166602,53176,402,"Pos Late",TRUE
-0.012840649239927,-0.0827612219202371,-0.189434990380343,0.849858331794922,0.965018021073222,-5.86134921579862,100016069,"100016069","Lipid","Fatty Acid Metabolism (Acyl Carnitine, Monounsaturated)",1927,"NAMED","PETYOUXDCHQKTQ-QXPKXGMISA-N","CCCCCC/C=C\CCCC(O[C@@H](C[N+](C)(C)C)CC([O-])=O)=O","5-dodecenoylcarnitine (C12:1)","5-dodecenoylcarnitine (C12:1)",NA,NA,"HMDB0241212",NA,91825571,NA,NA,NA,61769,61769,61769,402,402,402,218137,218137,218137,"Pos Late","Pos Late","Pos Late",218137,61769,402,"Pos Late",TRUE
0.00772510085546418,-0.099468767719475,0.1872266913543,0.851588029627231,0.965018021073222,-5.86173416754473,100001409,"100001409","Nucleotide","Purine Metabolism, (Hypo)Xanthine/Inosine containing",4329,"NAMED","WJNGQIYEQLPJMN-UHFFFAOYSA-N","OC(C1O)C(OC1CO)N(C=N2)C(N=CN3C)=C2C3=O","N1-methylinosine","N1-methylinosine","20245-33-4",513976,"HMDB0002721",NA,650095,NA,NA,NA,48351,48351,48351,400,400,400,179271,179271,179271,"Pos Early","Pos Early","Pos Early",179271,48351,400,"Pos Early",TRUE
0.00884926692517563,-0.0142239645381703,0.186323407269153,0.852295776612217,0.965018021073222,-5.86189031831941,100015623,"100015623","Lipid","Lactosylceramides (LCER)",3153,"NAMED","QYWVASPEUXEHSY-NNRNTGNWSA-N","[H][C@](NC(CCCCCCCCCCCCCCCCCCCCC)=O)(CO[C@H]1[C@H](O)[C@@H](O)[C@H](O[C@H]2[C@H](O)[C@@H](O)[C@@H](O)[C@H](O2)CO)[C@H](O1)CO)[C@@](O)([H])/C=C/CCCCCCCCCCCCC","lactosyl-N-behenoyl-sphingosine (d18:1/22:0)*","lactosyl-N-behenoyl-sphingosine (d18:1/22:0)*",NA,24846893,"HMDB0011594",NA,44260143,"LacCer 40:1;O2","LacCer 18:1;O2_22:0","LacCer 18:1;O2/22:0",57422,57422,57422,402,402,402,211075,211075,211075,"Pos Late","Pos Late","Pos Late",211075,57422,402,"Pos Late",TRUE
0.0110549537466358,0.0394502132816072,0.185996924368868,0.852551608096026,0.965018021073222,-5.86194657414268,100001247,"100001247","Lipid","Fatty Acid Metabolism (Acyl Carnitine, Medium Chain)",1897,"NAMED","CXTATJFJDMJMIY-UHFFFAOYSA-N","[O-]C(CC(C[N+](C)(C)C)OC(CCCCCCC)=O)=O","octanoylcarnitine (C8)","octanoylcarnitine (C8)","3671-77-0",110274,"HMDB0000791","C02838",12370111953814,NA,NA,NA,33936,33936,33936,402,402,402,158581,158581,158581,"Pos Late","Pos Late","Pos Late",158581,33936,402,"Pos Late",TRUE
-0.00351311129707937,-0.0120446232070948,-0.181005165379007,0.856465034274234,0.965018021073222,-5.86279442689482,100006290,"100006290","Lipid","Sphingomyelins",3185,"NAMED","AADLTHQNYQJHQV-SVLGDMRNSA-N","CCCCCCCCCCCCC/C=C/[C@@H](O)[C@@H](NC(CCCCCCCCCCCCCCCCCCC)=O)COP([O-])(OCC[N+](C)(C)C)=O","sphingomyelin (d18:1/20:0, d16:1/22:0)*","sphingomyelin (d18:1/20:0, d16:1/22:0)*",NA,23113477,"HMDB0012102",NA,44260124,"SM 38:1;O2","Unknown","Unknown",48490,48490,48490,402,402,402,164042,164042,164042,"Pos Late","Pos Late","Pos Late",164042,48490,402,"Pos Late",TRUE
-0.0230217191268323,-0.223253852423315,-0.179448181679272,0.857686446991161,0.965018021073222,-5.86305414621734,100001872,"100001872","Lipid","Phosphatidylserine (PS)",2552,"NAMED","SVOUGFFDROZBJI-DNALCEECSA-N","O=C(CCCCCCCCCCCCCCCCC)OC[C@]([H])(COP(O)(OC[C@]([NH3+])(C([O-])=O)[H])=O)OC(CCC/C=C\C/C=C\C/C=C\C/C=C\CCCCC)=O","1-stearoyl-2-arachidonoyl-GPS (18:0/20:4)","1-stearoyl-2-arachidonoyl-GPS (18:0/20:4)",NA,NA,"HMDB0012383",NA,24779545,"PS 38:4","PS 18:0_20:4","Unknown",52235,52235,52235,402,402,402,164206,164206,164206,"Pos Late","Pos Late","Pos Late",164206,52235,402,"Pos Late",TRUE
-0.00646297236116752,-0.142728442918765,-0.176649613980978,0.859882618183172,0.965018021073222,-5.86351536927805,100016019,"100016019","Lipid","Phosphatidylcholine (PC)",2322,"NAMED","NPGWXTIWUUFYAB-DIPNUNPCSA-N","O=C(CCCCCCCCCCCCCCC)OC[C@]([H])(COP(OCC[N+](C)(C)C)([O-])=O)OC(CCCCCCCCCCCCCC)=O","1-palmitoyl-2-pentadecanoyl-GPC (16:0/15:0)*","1-palmitoyl-2-pentadecanoyl-GPC (16:0/15:0)*",NA,24766642,"HMDB0007967",NA,24778680,"PC 31:0","PC 15:0_16:0","Unknown",57757,57757,57757,402,402,402,213377,213377,213377,"Pos Late","Pos Late","Pos Late",213377,57757,402,"Pos Late",TRUE
0.006302075987067,0.0352532311287247,0.175333879167159,0.860915562649884,0.965018021073222,-5.86372968811276,100008977,"100008977","Lipid","Phosphatidylethanolamine (PE)",2483,"NAMED","ANRKEHNWXKCXDB-BHFWLYLHSA-N","O=C(CCCCCCCCCCCCCCCCC)OC[C@]([H])(COP(OCCN)(O)=O)OC(CCC/C=C\C/C=C\C/C=C\C/C=C\CCCCC)=O","1-stearoyl-2-arachidonoyl-GPE (18:0/20:4)","1-stearoyl-2-arachidonoyl-GPE (18:0/20:4)",NA,4451158,"HMDB0009003","C05210",5289133,"PE 38:4","PE 18:0_20:4","Unknown",52447,52447,52447,402,402,402,165110,165110,165110,"Pos Late","Pos Late","Pos Late",165110,52447,402,"Pos Late",TRUE
0.00651301169511342,-0.0374253846817956,0.173402571432614,0.86243216108471,0.965018021073222,-5.86404139372308,267,"267","Lipid","Phospholipid Metabolism",2278,"NAMED","YHHSONZFOIEMCP-UHFFFAOYSA-N","C[N+](C)(CCOP(O)([O-])=O)C","choline phosphate","phosphocholine","72556-74-2",119298,"HMDB0001565","C00588",1014,NA,NA,NA,34396,34396,34396,400,400,400,156099,156099,156099,"Pos Early","Pos Early","Pos Early",156099,34396,400,"Pos Early",FALSE
-0.0119402057881537,0.0327136553437686,-0.172896182922081,0.862829897405902,0.965018021073222,-5.86412255168245,100001193,"100001193","Lipid","Long Chain Polyunsaturated Fatty Acid (n3 and n6)",1620,"NAMED","TWSWSIQAPQLDBP-CGRWFSSPSA-N","O=C(CCCCC/C=C/C/C=C/C/C=C/C/C=C/CCCCC)O","adrenate (22:4n6)","adrenate (22:4n6)","2091-25-0",4445971,"HMDB0002226","C16527",52828445497181,NA,NA,NA,32980,32980,32980,209,209,209,125866,125866,125866,"Neg","Neg","Neg",125866,32980,209,"Neg",TRUE
-0.00644061546913491,-0.0215081455442407,-0.167419651819524,0.867133578190766,0.965018021073222,-5.86498510387185,100015745,"100015745","Lipid","Hexosylceramides (HCER)",3145,"NAMED","WYTRSDHGWSSQLK-PCKKJQKNSA-N","OC(/C=C/CCCCCCCC/C=C\CCC)C(COC1C(O)C(O)C(O)C(CO)O1)NC(CCCCCCCCCCCCC/C=C\CCCCCCCC)=O","glycosyl ceramide (d18:2/24:1, d18:1/24:2)*","glycosyl ceramide (d18:2/24:1, d18:1/24:2)*",NA,NA,NA,NA,NA,"HexCer 42:3;O2","Unknown","Unknown",57453,57453,57453,402,402,402,211107,211107,211107,"Pos Late","Pos Late","Pos Late",211107,57453,402,"Pos Late",TRUE
0.00938675985388848,-0.0903674649232813,0.167409491108745,0.867141566608125,0.965018021073222,-5.86498667838469,100020541,"100020541","Lipid","Androgenic Steroids",3469,"NAMED","BRPLOVMHAFXVOQ-HXVIYJDASA-N","C[C@]12CC[C@@H](OC3C(O)C(O)C(O)C(C(O)=O)O3)C[C@]1([H])CC[C@]4([H])[C@]2([H])[C@@H](O)C[C@@]5(C)[C@@]4([H])CCC5=O","11beta-hydroxyandrosterone glucuronide","11beta-hydroxyandrosterone glucuronide",NA,NA,"HMDB0010351",NA,NA,NA,NA,NA,63251,63251,63251,209,209,209,222126,222126,222126,"Neg","Neg","Neg",222126,63251,209,"Neg",TRUE
0.00541709005233301,-0.0908123545010108,0.162352860812224,0.871118767575531,0.965018021073222,-5.86575841339389,100006293,"100006293","Lipid","Sphingomyelins",3187,"NAMED","YVTVVJRJLRHYSJ-COUPUTHFSA-N","CCCCCCCCCCCCC/C=C/[C@@H](O)[C@@H](NC(CCCCCCCCC/C=C/C/C=C/CCCCC)=O)COP([O-])(OCC[N+](C)(C)C)=O","sphingomyelin (d18:1/20:2, d18:2/20:1, d16:1/22:2)*","sphingomyelin (d18:1/20:2, d18:2/20:1, d16:1/22:2)*",NA,NA,"HMDB0013465",NA,NA,"SM 38:3;O2","Unknown","Unknown",57481,57481,57481,402,402,402,211144,211144,211144,"Pos Late","Pos Late","Pos Late",211144,57481,402,"Pos Late",TRUE
-0.0040764731027173,-0.0267312870641584,-0.161903463787367,0.871472395260865,0.965018021073222,-5.86582585368055,100001869,"100001869","Lipid","Phosphatidylcholine (PC)",2378,"NAMED","PSVRFUPOQYJOOZ-QNPWAGBNSA-N","C[N+](C)(CCOP([O-])(OC[C@@]([H])(COC(CCCCCCCCCCCCCCCCC)=O)OC(CCC/C=C\C/C=C\C/C=C\C/C=C\CCCCC)=O)=O)C","1-stearoyl-2-arachidonoyl-GPC (18:0/20:4)","1-stearoyl-2-arachidonoyl-GPC (18:0/20:4)","35418-59-8",17347139,"HMDB0008048",NA,16219824,"PC 38:4","PC 18:0_20:4","Unknown",42450,42450,42450,402,402,402,164205,164205,164205,"Pos Late","Pos Late","Pos Late",164205,42450,402,"Pos Late",TRUE
-0.00376055193059729,-0.0371947414492825,-0.153071889571445,0.878427052773077,0.965018021073222,-5.8671132650749,100008920,"100008920","Lipid","Sphingomyelins",3182,"NAMED","YMQZQHIESOAPQH-JXGHDCMNSA-N","O=C(N[C@@]([C@]([H])(O)/C=C/CCCCCCCCCCCCC)([H])COP([O-])(OCC[N+](C)(C)C)=O)CCCCCCCCCCCCCCCC","sphingomyelin (d18:1/17:0, d17:1/18:0, d19:1/16:0)","sphingomyelin (d18:1/17:0, d17:1/18:0, d19:1/16:0)","121999-64-2",NA,"HMDB0240620,HMDB0240609,HMDB0240622",NA,46891763,"SM 35:1;O2","Unknown","Unknown",52615,52615,52615,402,402,402,165347,165347,165347,"Pos Late","Pos Late","Pos Late",165347,52615,402,"Pos Late",TRUE
-0.0242668171302145,-0.642612245026508,-0.151749424876874,0.879469314789742,0.965018021073222,-5.86729982249049,100000437,"100000437","Xenobiotics","Xanthine Metabolism",4798,"NAMED","ZFXYFBGIUFBOJW-UHFFFAOYSA-N","O=C(N1C)C(N=CN2)=C2N(C)C1=O","theophylline","theophylline","58-55-9",2068,"HMDB0001889","C07130",2153,NA,NA,NA,18394,18394,18394,209,209,400,125760,125760,155669,"Neg","Neg","Pos Early",155669,18394,400,"Pos Early",TRUE
-0.0088505657648649,-0.12776254209489,-0.150774501346377,0.880237786643124,0.965018021073222,-5.86743632348693,100009406,"100009406","Lipid","Fatty Acid Metabolism (Acyl Carnitine, Monounsaturated)",1930,"NAMED","JFAGPSOZZSTLRF-KHPPLWFESA-N","O=C(OC(CC([O-])=O)C[N+](C)(C)C)CCCCCCC/C=C\CCCCCC","palmitoleoylcarnitine (C16:1)*","palmitoleoylcarnitine (C16:1)*",NA,28639183,"HMDB0013207",NA,71464547,NA,NA,NA,53223,53223,53223,402,402,402,178791,178791,178791,"Pos Late","Pos Late","Pos Late",178791,53223,402,"Pos Late",TRUE
-0.016264818489909,-0.326039286326623,-0.146100483998198,0.883923585856967,0.965018021073222,-5.86807852386362,100002007,"100002007","Lipid","Androgenic Steroids",3427,"NAMED","JHFAETDERBWUOO-SKIFDASYSA-N","O=S(O[C@H]1C2(C)C(CC1)C(CCC3C4(C)CC[C@@H](OS(=O)(O)=O)C3)C4CC2)(O)=O","5alpha-androstan-3alpha,17alpha-diol disulfate","5alpha-androstan-3alpha,17alpha-diol disulfate",NA,NA,NA,NA,NA,NA,NA,NA,37182,37182,37182,209,209,209,144256,144256,144256,"Neg","Neg","Neg",144256,37182,209,"Neg",TRUE
0.0137163327550322,0.0292586486988914,0.139622054574915,0.889036451791099,0.965018021073222,-5.86893521240773,100006641,"100006641","Lipid","Primary Bile Acid Metabolism",3542,"NAMED","DKXXSIJHWWVNMO-ISIKUUMTSA-N","OS(OC1C[C@]2([H])C(CC1)(C)[C@@H]3[C@@]([C@@](CC4)([H])[C@@](CC3)(C)[C@H]4[C@H](C)CCC(NCC(O)=O)=O)([H])[C@H](O)C2)(=O)=O","glycochenodeoxycholate 3-sulfate","glycochenodeoxycholate 3-sulfate",NA,NA,"HMDB0002497",NA,2.111691721125e+23,NA,NA,NA,52974,52974,52974,209,209,209,166124,166124,166124,"Neg","Neg","Neg",166124,52974,209,"Neg",TRUE
0.0088664888638709,-0.0720925769355879,0.138819876623546,0.88966986879037,0.965018021073222,-5.8690385873854,100001251,"100001251","Lipid","Fatty Acid Metabolism (Acyl Carnitine, Medium Chain)",1905,"NAMED","LZOSYCMHQXPBFU-UHFFFAOYSA-N","[O-]C(CC(C[N+](C)(C)C)OC(CCCCCCCCC)=O)=O","decanoylcarnitine (C10)","decanoylcarnitine (C10)","1492-27-9",8420677,"HMDB0000651",NA,10245190,NA,NA,NA,33941,33941,33941,402,402,402,158585,158585,158585,"Pos Late","Pos Late","Pos Late",158585,33941,402,"Pos Late",TRUE
-0.00689802995967488,-0.122172784667052,-0.135067587025352,0.892633690241459,0.965018021073222,-5.86951422849601,100001270,"100001270","Lipid","Fatty Acid Metabolism (Acyl Carnitine, Long Chain Saturated)",1907,"NAMED","PSHXNVGSVNEJBD-UHFFFAOYSA-N","O=C(CCCCCCCCCCCCC)OC(CC([O-])=O)C[N+](C)(C)C","myristoylcarnitine (C14)","myristoylcarnitine (C14)","18822-89-4",4932274,"HMDB0005066",NA,6426854,NA,NA,NA,33952,33952,33952,402,402,402,158596,158596,158596,"Pos Late","Pos Late","Pos Late",158596,33952,402,"Pos Late",TRUE
-0.0127268296785508,-0.0122467312314668,-0.134436326529234,0.893132453214606,0.965018021073222,-5.86959296667105,100009209,"100009209","Lipid","Phosphatidylethanolamine (PE)",2462,"NAMED","KHLRCNXJXSYNCK-ZIEHFRHMSA-N","O=C(CCCCCCCCCCCCCCC)OC[C@]([H])(COP(OCCN)(O)=O)OC(CCC/C=C\C/C=C\C/C=C\C/C=C\C/C=C\CC)=O","1-palmitoyl-2-eicosapentaenoyl-GPE (16:0/20:5)*","1-palmitoyl-2-eicosapentaenoyl-GPE (16:0/20:5)*",NA,24768431,"HMDB0008939",NA,52924919,"PE 36:5","PE 16:0_20:5","Unknown",53190,53190,53190,402,402,402,166620,166620,166620,"Pos Late","Pos Late","Pos Late",166620,53190,402,"Pos Late",TRUE
0.00887399881998646,-0.158523318195535,0.133503570324831,0.893869507519196,0.965018021073222,-5.86970863579883,100020864,"100020864","Lipid","Lysophospholipid",2658,"NAMED","SRRQPVVYXBTRQK-UHFFFAOYSA-N","OC(COP(OCC[N+](C)(C)C)([O-])=O)COC(CCCCCCCCCCCCCCCC)=O","1-(14 or 15)-methylpalmitoyl-GPC (a17:0 or i17:0)*","1-(14 or 15)-methylpalmitoyl-GPC (a17:0 or i17:0)*",NA,NA,NA,NA,NA,"LPC 17:0","LPC 16:0(Me)","LPC 16:0(Me)/0:0",62782,62782,62782,209,209,209,220396,220396,220396,"Neg","Neg","Neg",220396,62782,209,"Neg",TRUE
0.0111425869868002,-0.403587923429057,0.131513709449386,0.895442158419632,0.965018021073222,-5.86995270994913,100002003,"100002003","Lipid","Pregnenolone Steroids",3318,"NAMED","YNTXPDSHGMGJJG-WGKOQXAXSA-N","C[C@@]1([C@H]2[C@@](COS(=O)(O)=O)=O)[C@](CC2)([H])[C@@](CC=C3[C@@]4(CC[C@H](O)C3)C)([H])[C@@]4([H])CC1","21-hydroxypregnenolone monosulfate (1)","21-hydroxypregnenolone monosulfate (1)","88378-34-1",152343,NA,NA,174681,NA,NA,NA,37174,37174,37174,209,209,209,144212,144212,144212,"Neg","Neg","Neg",144212,37174,209,"Neg",TRUE
0.0046366301945242,-0.0309667070196494,0.130764951980469,0.896034064867655,0.965018021073222,-5.87004359314579,100003594,"100003594","Peptide","Dipeptide",957,"NAMED","JMCOUWKXLXDERB-UHFFFAOYSA-N","OC(C(CC1=CNC2=C1C=CC=C2)NC(C(CC3=CC=CC=C3)N)=O)=O","phenylalanyltryptophan","phenylalanyltryptophan","24587-41-5",10443429,"HMDB0029006",NA,134906,NA,NA,NA,41377,41377,41377,209,209,209,145131,145131,145131,"Neg","Neg","Neg",145131,41377,209,"Neg",TRUE
-0.0046718140646993,-0.0669438740651102,-0.129484957457739,0.897046018325156,0.965018021073222,-5.87019776743026,100001501,"100001501","Lipid","Fatty Acid Metabolism (Acyl Carnitine, Monounsaturated)",1931,"NAMED","IPOLTUVFXFHAHI-WHIOSMTNSA-N","[O-]C(C[C@@H](OC(CCCCCCC/C=C\CCCCCCCC)=O)C[N+](C)(C)C)=O","oleoylcarnitine (C18:1)","oleoylcarnitine (C18:1)","38677-66-6",21403150,"HMDB0005065",NA,6441392,NA,NA,NA,35160,35160,35160,402,402,402,158710,158710,158710,"Pos Late","Pos Late","Pos Late",158710,35160,402,"Pos Late",TRUE
0.0029208628993054,-0.0482855743202519,0.12911130655201,0.897341432582373,0.965018021073222,-5.87024249417706,100004328,"100004328","Lipid","Sphingomyelins",3177,"NAMED","KYICBZWZQPCUMO-PSALXKTOSA-N","CCCCCCCCCCCCCC(N[C@@](COP([O-])(OCC[N+](C)(C)C)=O)([C@](O)(/C=C/CCCCCCCCCCCCC)[H])[H])=O","sphingomyelin (d18:1/14:0, d16:1/16:0)*","sphingomyelin (d18:1/14:0, d16:1/16:0)*",NA,9608732,"HMDB0012097",NA,11433862,"SM 32:1;O2","Unknown","Unknown",42463,42463,42463,402,402,402,164531,164531,164531,"Pos Late","Pos Late","Pos Late",164531,42463,402,"Pos Late",TRUE
-0.00406349805716799,-0.0238065721109212,-0.125314419768228,0.900344370391398,0.965550369361249,-5.87068958558886,1489,"1489","Lipid","Endocannabinoid",2207,"NAMED","HXYVTAGFYLMHSO-UHFFFAOYSA-N","CCCCCCCCCCCCCCCC(NCCO)=O","palmitoyl ethanolamide (16:0)","palmitoyl ethanolamide (16:0)","544-31-0",4509,"HMDB0002100","C16512",4671,NA,NA,NA,38165,38165,38165,209,209,402,127721,127721,159012,"Neg","Neg","Pos Late",159012,38165,402,"Pos Late",TRUE
0.0051172847730952,0.0594401861470142,0.12051621697475,0.904141259135347,0.966928846575302,-5.87123550709604,100008990,"100008990","Lipid","Phosphatidylethanolamine (PE)",2461,"NAMED","DRIVXEVMDWCWLI-CAQMIEAISA-N","O=C(CCCCCCCCCCCCCCC)OC[C@]([H])(COP(OCCN)(O)=O)OC(CCC/C=C\C/C=C\C/C=C\C/C=C\CCCCC)=O","1-palmitoyl-2-arachidonoyl-GPE (16:0/20:4)*","1-palmitoyl-2-arachidonoyl-GPE (16:0/20:4)*",NA,7825750,"HMDB0005323","C05210",9546800,"PE 36:4","PE 16:0_20:4","Unknown",52464,52464,52464,402,402,402,165131,165131,165131,"Pos Late","Pos Late","Pos Late",165131,52464,402,"Pos Late",TRUE
0.00821362723030489,-0.244452019041228,0.112907377581497,0.91016672655059,0.970022033525739,-5.872057523875,100002874,"100002874","Lipid","Lysophospholipid",2702,"NAMED","GDXMCRNTFPQYOQ-RPUPUBLZSA-N","CCCCCCCC/C=C\CCCCCCCCCCCCCC(OC[C@H](COP([O-])(OCC[N+](C)(C)C)=O)O)=O","1-nervonoyl-GPC (24:1n9)*","1-nervonoyl-GPC (24:1n9)*",NA,NA,"HMDB0010406",NA,53480477,"LPC 24:1","LPC 24:1(15)","LPC 24:1/0:0",55071,55071,55071,402,402,402,208194,208194,208194,"Pos Late","Pos Late","Pos Late",208194,55071,402,"Pos Late",TRUE
0.00430583191371953,-0.077532290129623,0.107386374704704,0.91454209944127,0.970022033525739,-5.87262043470479,273,"273","Lipid","Corticosteroids",3383,"NAMED","MFYSYFVPBJMHGN-ZPOLXVRWSA-N","O[C@@]1([C@@](CO)=O)[C@](C2)(C)[C@](CC1)([H])[C@@](CCC3=CC4=O)([H])[C@]([C@@]3(C)CC4)([H])C2=O","cortisone","cortisone","53-06-5",361685,"HMDB0002802","C00762",222786,NA,NA,NA,1769,1769,1769,209,209,209,124819,124819,124819,"Neg","Neg","Neg",124819,1769,209,"Neg",TRUE
-0.00820383493888688,-0.0759146723844254,-0.107323171509846,0.914592203038554,0.970022033525739,-5.87262671544216,100001655,"100001655","Lipid","Lysophospholipid",2772,"NAMED","UOXRPRZMAROFPH-AQFLIPHUSA-N","[H]C(C(O)(C(O)([C@](O)1[H])[H])[H])([C@@](OP(O)(OC[C@@]([H])(COC(CCCCCCCCCCCCCCC)=O)O)=O)([C@]1(O)[H])[H])O","1-palmitoyl-GPI (16:0)","1-palmitoyl-GPI (16:0)",NA,NA,"HMDB0061695",NA,71296207,"LPI 16:0","LPI 16:0","LPI 16:0/0:0",35305,35305,35305,209,209,209,146820,146820,146820,"Neg","Neg","Neg",146820,35305,209,"Neg",TRUE
0.00486284923246007,-0.0975568969584467,0.103433052461223,0.917676697944223,0.970341301701108,-5.87300617376895,100005673,"100005673","Lipid","Lysophospholipid",2695,"NAMED","YBUXFQUGNPBZPS-TYBLUDCLSA-N","O=C(OC[C@@](O)([H])COP(OCC[N+](C)(C)C)([O-])=O)CC/C=C/C/C=C\C/C=C\C/C=C\C/C=C\CCCCC","1-docosapentaenoyl-GPC (22:5n6)*","1-docosapentaenoyl-GPC (22:5n6)*",NA,NA,"HMDB0010402",NA,NA,"LPC 22:5","LPC 22:5(4,7,10,13,16)","LPC 22:5(4,7,10,13,16)/0:0",45675,45675,45675,402,402,402,159648,159648,159648,"Pos Late","Pos Late","Pos Late",159648,45675,402,"Pos Late",TRUE
-0.00573450604607262,0.0532181542600802,-0.0973938165705758,0.922467687671358,0.970341301701108,-5.87356751366958,432,"432","Cofactors and Vitamins","Nicotinate and Nicotinamide Metabolism",4507,"NAMED","DFPAKSUCGFBDDF-UHFFFAOYSA-N","NC(C1=CN=CC=C1)=O","nicotinamide","nicotinamide","98-92-0",911,"HMDB0001406","C00153",936,NA,NA,NA,594,594,594,400,400,400,155332,155332,155332,"Pos Early","Pos Early","Pos Early",155332,594,400,"Pos Early",TRUE
0.00557975582335068,-0.0119920671171133,0.0936457161450403,0.92544252790338,0.970341301701108,-5.87389891772413,100000781,"100000781","Lipid","Fatty Acid Metabolism (Acyl Carnitine, Medium Chain)",1889,"NAMED","VVPRQWTYSNDTEA-UHFFFAOYSA-N","O=C(CCCCC)OC(CC([O-])=O)C[N+](C)(C)C","hexanoylcarnitine (C6)","hexanoylcarnitine (C6)","6920-35-0",4932273,"HMDB0000756",NA,6426853,NA,NA,NA,32328,32328,32328,400,400,400,155906,155906,155906,"Pos Early","Pos Early","Pos Early",155906,32328,400,"Pos Early",TRUE
-0.00669651765999271,-0.0996515907502887,-0.0905779705952944,0.927878156576266,0.970341301701108,-5.87416048835826,100001777,"100001777","Lipid","Lysophospholipid",2778,"NAMED","UGDOFRYHDCDVHD-JCASDCETSA-N","[H]C(C(O)(C(O)([C@](O)1[H])[H])[H])([C@@](OP(O)(OC[C@@]([H])(COC(CCCCCCC/C=C\CCCCCCCC)=O)O)=O)([C@]1(O)[H])[H])O","1-oleoyl-GPI (18:1)","1-oleoyl-GPI (18:1)",NA,NA,"HMDB0061693",NA,86289645,"LPI 18:1","LPI 18:1","LPI 18:1/0:0",36602,36602,36602,209,209,209,146821,146821,146821,"Neg","Neg","Neg",146821,36602,209,"Neg",TRUE
-0.00710690427192867,-0.198275869977073,-0.0903973072804325,0.928021615135432,0.970341301701108,-5.8741756209667,100002008,"100002008","Lipid","Androgenic Steroids",3426,"NAMED","LERFMBCTNMFXCT-SKIFDASYSA-N","O[C@H]1C2(C)C(CC1)C(CCC3C4(C)CC[C@@H](OS(=O)(O)=O)C3)C4CC2","5alpha-androstan-3alpha,17alpha-diol monosulfate","5alpha-androstan-3alpha,17alpha-diol monosulfate",NA,NA,"HMDB0000412",NA,NA,NA,NA,NA,37183,37183,37183,209,209,209,144260,144260,144260,"Neg","Neg","Neg",144260,37183,209,"Neg",TRUE
0.0017589360034016,0.00655708921045876,0.087886698270031,0.93001542942262,0.970341301701108,-5.87438278908898,1134,"1134","Nucleotide","Purine Metabolism, (Hypo)Xanthine/Inosine containing",4334,"NAMED","LEHOTFFKMJEONL-UHFFFAOYSA-N","O=C1NC(NC(NC2=O)=O)=C2N1","urate","urate","120K5305,69-93-2",NA,"HMDB0000289","C00366",1175,NA,NA,NA,1604,1604,1604,209,209,209,124593,124593,124593,"Neg","Neg","Neg",124593,1604,209,"Neg",TRUE
0.0126219684360809,-0.564862845130536,0.0810591379467703,0.935439827869418,0.973129282346747,-5.8749166601741,100000453,"100000453","Xenobiotics","Xanthine Metabolism",4796,"NAMED","QUNWUDVFRNGTCO-UHFFFAOYSA-N","O=C(N2C)NC1=C(N(C)C=N1)C2=O","paraxanthine","paraxanthine","611-59-6",4525,"HMDB0001860","C13747",4687,NA,NA,NA,18254,18254,18254,209,209,209,124653,124653,124653,"Neg","Neg","Neg",124653,18254,209,"Neg",TRUE
-0.00896852391382218,-0.0637572364904713,-0.0714905612973706,0.943046912855938,0.973129282346747,-5.87559225498332,100021502,"100021502","Lipid","Medium Chain Fatty Acid",1543,"NAMED","WXBXVVIUZANZAU-CMDGGOBGSA-N","CCCCCCC/C=C/C(O)=O","(2 or 3)-decenoate (10:1n7 or n8)","(2 or 3)-decenoate (10:1n7 or n8)",NA,NA,"HMDB0340520,HMDB0340524",NA,NA,NA,NA,NA,63436,63436,63436,209,209,209,222605,222605,222605,"Neg","Neg","Neg",222605,63436,209,"Neg",TRUE
-0.00171483314649234,-0.0416150707547514,-0.0710367061643308,0.943407853431331,0.973129282346747,-5.87562219648744,100009131,"100009131","Lipid","Phosphatidylcholine (PC)",2410,"NAMED","ZZSZQATYGVHNLZ-PUMLCSCDSA-N","O=C(CCCCCCC/C=C\C/C=C\CCCCC)OC[C@]([H])(COP(OCC[N+](C)(C)C)([O-])=O)OC(CCC/C=C\C/C=C\C/C=C\C/C=C\CCCCC)=O","1-linoleoyl-2-arachidonoyl-GPC (18:2/20:4n6)*","1-linoleoyl-2-arachidonoyl-GPC (18:2/20:4n6)*",NA,24766809,"HMDB0008147","C05208",24778979,"PC 38:6","PC 18:2_20:4(5,8,11,14)","Unknown",52710,52710,52710,402,402,402,165488,165488,165488,"Pos Late","Pos Late","Pos Late",165488,52710,402,"Pos Late",TRUE
-0.00538465112083597,-0.0904634516372012,-0.0707942644144911,0.943600685846808,0.973129282346747,-5.87563810945084,100001073,"100001073","Lipid","Androgenic Steroids",3418,"NAMED","ZMITXKRGXGRMKS-HLUDHZFRSA-N","C[C@]1([C@](CC2)([H])[C@]3([H])CC[C@@]4([H])C[C@H](OS(=O)(O)=O)CC[C@]4(C)[C@@]3([H])CC1)C2=O","androsterone sulfate","androsterone sulfate","2479-86-9",19988780,"HMDB0002759",NA,159663,NA,NA,NA,31591,31591,31591,209,209,209,126075,126075,126075,"Neg","Neg","Neg",126075,31591,209,"Neg",TRUE
0.0102250581746361,-0.557353020669675,0.0670289664449345,0.946595738437885,0.973129282346747,-5.87587829716794,100001399,"100001399","Xenobiotics","Xanthine Metabolism",4802,"NAMED","NOFNCLGCUJJPKU-UHFFFAOYSA-N","CN1C(NC(N2)=C(C1=O)N(C)C2=O)=O","1,7-dimethylurate","1,7-dimethylurate","33868-03-0",82720,"HMDB0011103","C16356",91611,NA,NA,NA,34400,34400,34400,209,209,209,126924,126924,126924,"Neg","Neg","Neg",126924,34400,209,"Neg",TRUE
-0.00185587570024311,-0.028537920007021,-0.0647824619354957,0.948383052215316,0.973129282346747,-5.87601535059716,100009019,"100009019","Lipid","Plasmalogen",2850,"NAMED","GBNPCIWXLWZJGA-ADTCAWDJSA-N","CCCCCCCCCCCCCCCCCCOCC(OC(CCC/C=C/C/C=C/C/C=C/C/C=C/CCCCC)=O)COP([O-])(OCC[N+](C)(C)C)=O","1-stearyl-2-arachidonoyl-GPC (O-18:0/20:4)*","1-stearyl-2-arachidonoyl-GPC (O-18:0/20:4)*",NA,NA,"HMDB0013420",NA,NA,"PC O-38:4","PC O-18:0_20:4","PC O-18:0/20:4",57333,57333,57333,402,402,402,210831,210831,210831,"Pos Late","Pos Late","Pos Late",210831,57333,402,"Pos Late",TRUE
-0.00149730608378573,-0.0539830017175055,-0.0622718259549165,0.950380805616563,0.973129282346747,-5.87616299183135,100006379,"100006379","Amino Acid","Tryptophan Metabolism",268,"NAMED","CPXSBHKDEPPWIX-RAYCSJGISA-N","N[C@H](C(O)=O)CC1=C([C@H]([C@H]([C@@H](O)[C@@H]2O)O)O[C@@H]2CO)NC3=CC=CC=C13","C-glycosyltryptophan","C-glycosyltryptophan","180509-18-6",9157171,"HMDB0240296",NA,10981970,NA,NA,NA,48782,48782,48782,400,209,400,157831,155139,157831,"Pos Early","Neg","Pos Early",157831,48782,400,"Pos Early",TRUE
-0.00171003634778889,-0.0895519528564155,-0.055093454896822,0.956094468603215,0.976382945390551,-5.87655293010113,100005352,"100005352","Lipid","Lysophospholipid",2677,"NAMED","YYSFWGQAKJTHRE-OUKQBFOZSA-N","C[N+](CCOP(OCC(O)COC(CCCCCCCCC/C=C/CCCCCCCC)=O)([O-])=O)(C)C","1-eicosenoyl-GPC (20:1)*","1-eicosenoyl-GPC (20:1)*",NA,NA,"HMDB0010391",NA,52924051,"LPC 20:1","LPC 20:1","LPC 20:1/0:0",44560,44560,44560,402,402,402,159608,159608,159608,"Pos Late","Pos Late","Pos Late",159608,44560,402,"Pos Late",TRUE
-0.00156597126167318,-0.0504211519874345,-0.0360208211419008,0.97128565992971,0.989111864367161,-5.8773572499693,100000792,"100000792","Lipid","Androgenic Steroids",3405,"NAMED","CZWCKYRVOZZJNM-DYIPZHMLSA-N","[H][C@@]1(CC[C@]2(C)[C@]3(CCC2=O)[H])[C@@]4(C)C(C[C@H](OS(=O)(O)=O)CC4)=CC[C@]13[H]","dehydroepiandrosterone sulfate (DHEA-S)","dehydroepiandrosterone sulfate (DHEA-S)","651-48-9",12074,"HMDB0001032","C04555",12594,NA,NA,NA,32425,32425,32425,209,209,209,124935,124935,124935,"Neg","Neg","Neg",124935,32425,209,"Neg",TRUE
0.00114707069210279,0.110450330379677,0.0290125353437932,0.976870614973641,0.989111864367161,-5.87756820139642,100009002,"100009002","Lipid","Plasmalogen",2859,"NAMED","UUYSKERSKRMYME-MAIXUNBTSA-N","[H][C@](OC(CCC/C=C\C/C=C\C/C=C\C/C=C\CCCCC)=O)(COP(OCCN)(O)=O)CO/C=C\CCCCCCCCCCCCCC","1-(1-enyl-palmitoyl)-2-arachidonoyl-GPE (P-16:0/20:4)*","1-(1-enyl-palmitoyl)-2-arachidonoyl-GPE (P-16:0/20:4)*",NA,24769238,"HMDB0011352",NA,52925126,"PE O-36:5","PE P-16:0_20:4","PE P-16:0/20:4",52673,52673,52673,402,402,402,165435,165435,165435,"Pos Late","Pos Late","Pos Late",165435,52673,402,"Pos Late",TRUE
-0.0010461162590959,-0.00398963973321666,-0.0250133017454484,0.980058169978897,0.989111864367161,-5.87766820393098,93,"93","Energy","TCA Cycle",1485,"NAMED","KPGXRSRHYNQIFN-UHFFFAOYSA-N","O=C(C(O)=O)CCC(O)=O","alpha-ketoglutarate","alpha-ketoglutarate","328-50-7,22202-68-2,305-72-6",50,"HMDB0000208","C00026",51,NA,NA,NA,528,528,528,305,305,305,146398,146398,146398,"Polar","Polar","Polar",146398,528,305,"Polar",TRUE
-0.00105923287532131,0.0148411583067241,-0.0246388407617919,0.980356647592753,0.989111864367161,-5.87767680948712,100002873,"100002873","Lipid","Lysophospholipid",2700,"NAMED","SKJMUADLQLZAGH-WJOKGBTCSA-N","CCCCCCCCCCCCCCCCCCCCCCCC(OC[C@H](COP([O-])(OCC[N+](C)(C)C)=O)O)=O","1-lignoceroyl-GPC (24:0)","1-lignoceroyl-GPC (24:0)","325171-59-3",24766539,"HMDB0010405",NA,24779481,"LPC 24:0","LPC 24:0","LPC 24:0/0:0",49617,49617,49617,402,402,402,161405,161405,161405,"Pos Late","Pos Late","Pos Late",161405,49617,402,"Pos Late",TRUE
0.00101663284078671,-0.042197517530779,0.0211896738658662,0.983106054759273,0.989111864367161,-5.8777499713035,100001384,"100001384","Lipid","Lysophospholipid",2674,"NAMED","UATOAILWGVYRQS-HHHXNRCGSA-N","CCCCCCCCCCCCCCCCCCCC(OC[C@](O)([H])COP(OCC[N+](C)(C)C)([O-])=O)=O","1-arachidoyl-GPC (20:0)","1-arachidoyl-GPC (20:0)","108341-80-6",21403128,"HMDB0010390","C04230",24779473,"LPC 20:0","LPC 20:0","LPC 20:0/0:0",45456,45456,45456,402,402,402,159647,159647,159647,"Pos Late","Pos Late","Pos Late",159647,45456,402,"Pos Late",TRUE
0.000608386545716204,-0.0650914340919278,0.0201013508536174,0.983973620915903,0.989111864367161,-5.87777077073847,100009035,"100009035","Lipid","Phosphatidylcholine (PC)",2316,"NAMED","DGBYUHHIADYUMU-UESLNCBNSA-N","O=C(CCCCCCCCCCCCCC)OC[C@]([H])(COP(OCC[N+](C)(C)C)([O-])=O)OC(CCCCCCC/C=C\C/C=C\CCCCC)=O","1-pentadecanoyl-2-linoleoyl-GPC (15:0/18:2)*","1-pentadecanoyl-2-linoleoyl-GPC (15:0/18:2)*",NA,24766615,"HMDB0007940",NA,24778664,"PC 33:2","PC 15:0_18:2","Unknown",52497,52497,52497,402,402,402,165189,165189,165189,"Pos Late","Pos Late","Pos Late",165189,52497,402,"Pos Late",TRUE
-0.00088442443335273,-0.186692840809322,-0.0109961715042436,0.991232573635774,0.99381390846295,-5.87790182422498,100005716,"100005716","Lipid","Lysophospholipid",2768,"NAMED","FQQQKGAFQIIGLQ-VYFUBJQISA-N","O[C@H](COC(CCCCCCC/C=C\CCCCCCCC)=O)COP(OCC(O)CO)(O)=O","1-oleoyl-GPG (18:1)*","1-oleoyl-GPG (18:1)*",NA,34999689,"HMDB0240602",NA,NA,"LPG 18:1","LPG 18:1","LPG 18:1/0:0",45968,45968,45968,209,209,209,144192,144192,144192,"Neg","Neg","Neg",144192,45968,209,"Neg",TRUE
0.000100996810962678,-0.0833029272296902,0.0033263396268907,0.997347806043316,0.997347806043316,-5.87795266827514,100015791,"100015791","Lipid","Sphingomyelins",3174,"NAMED","FEKSRDMVIULIDJ-SQPFVDNVSA-N","CCC/C=C/CCCCCCCC/C=C/[C@@H](O)[C@@H](NC(CCCCCCCCCCCCCCCCC/C=C/CCC)=O)COP([O-])(OCC[N+](C)(C)C)=O","sphingomyelin (d18:2/23:1)*","sphingomyelin (d18:2/23:1)*",NA,NA,"HMDB0240668",NA,NA,"SM 41:3;O2","SM 18:2;O2_23:1","SM 18:2;O2/23:1",57482,57482,57482,402,402,402,211145,211145,211145,"Pos Late","Pos Late","Pos Late",211145,57482,402,"Pos Late",TRUE
