"logFC","AveExpr","t","P.Value","adj.P.Val","B","CHEM_ID","Original_ID","SUPER_PATHWAY","SUB_PATHWAY","PATHWAY_SORTORDER","TYPE","INCHIKEY","SMILES","CHEMICAL_NAME","PLOT_NAME","CAS","CHEMSPIDER","HMDB","KEGG","PUBCHEM","LIPID SPECIES LEVEL","LIPID MOLECULAR SPECIES LEVEL","LIPID SN POSITION LEVEL","COMP_ID_1","COMP_ID_2","COMP_ID_3","LIB_ID_1","LIB_ID_2","LIB_ID_3","CHRO_LIB_ENTRY_ID_1","CHRO_LIB_ENTRY_ID_2","CHRO_LIB_ENTRY_ID_3","PLATFORM_1","PLATFORM_2","PLATFORM_3","CHRO_LIB_ENTRY_ID","COMP_ID","LIB_ID","PLATFORM","PTSDBioPriority_v8"
0.066297498491352,-0.0146723214684486,3.40844775257434,0.000741629923236033,0.180317859843758,-0.648700129661587,100000657,"100000657","Lipid","Phosphatidylcholine (PC)",2323,"NAMED","KILNVBDSWZSGLL-KXQOOQHDSA-N","CCCCCCCCCCCCCCCC(OC[C@]([H])(COP([O-])(OCC[N+](C)(C)C)=O)OC(CCCCCCCCCCCCCCC)=O)=O","1,2-dipalmitoyl-GPC (16:0/16:0)","1,2-dipalmitoyl-GPC (16:0/16:0)","63-89-8",398235,"HMDB0245715","D03585",452110,"PC 32:0","PC 16:0_16:0","PC 16:0/16:0",19130,19130,19130,402,402,402,164201,164201,164201,"Pos Late","Pos Late","Pos Late",164201,19130,402,"Pos Late",TRUE
0.418811559514959,-0.0810738553519989,3.341755738111,0.00093671615503251,0.180317859843758,-0.837540635367,100020550,"100020550","Lipid","Secondary Bile Acid Metabolism",3554,"NAMED",NA,"O[C@H]1C[C@]2([H])[C@@]3(C)CC[C@@H](OC4C(O)C(O)C(O)C(C(O)=O)O4)CC3CC[C@@]2([H])[C@]5([H])CC[C@H]([C@H](C)CCC(O)=O)[C@@]15C","deoxycholic acid glucuronide","deoxycholic acid glucuronide",NA,NA,"HMDB0002596",NA,NA,NA,NA,NA,63610,63610,63610,209,209,209,222934,222934,222934,"Neg","Neg","Neg",222934,63610,209,"Neg",TRUE
0.127090792413718,0.0245469991557702,3.1062105090786,0.00207423467902155,0.266193450474432,-1.47680196490114,482,"482","Carbohydrate","Glycolysis, Gluconeogenesis, and Pyruvate Metabolism",1279,"NAMED","JVTAAEKCZFNVCJ-UHFFFAOYSA-N","CC(O)C(O)=O","lactate","lactate","79-33-4",592,"HMDB0000190","C00186",612,NA,NA,NA,527,527,527,209,305,305,123163,146396,146396,"Neg","Polar","Polar",146396,527,305,"Polar",TRUE
0.282537671330737,-0.136257241333919,2.74016579492983,0.00650469659273949,0.626077047051176,-2.38353209018048,100004182,"100004182","Lipid","Secondary Bile Acid Metabolism",3609,"NAMED","HIAJCGFYHIANNA-QIZZZRFXSA-N","O[C@@H]1CC2=CC[C@@]([C@@]3([H])[C@@]2(C)CC1)([H])[C@@]4([H])[C@@](CC3)(C)[C@]([C@H](C)CCC(O)=O)([H])CC4","3beta-hydroxy-5-cholenoate","3beta-hydroxy-5-cholenoate","5255-17-4",83950,"HMDB0000308",NA,92997,NA,NA,NA,43507,43507,43507,209,209,209,144005,144005,144005,"Neg","Neg","Neg",144005,43507,209,"Neg",TRUE
0.0540942164928445,-0.0257533063530749,2.33830023366465,0.0200210605803477,0.791419560070747,-3.25483946587819,100008914,"100008914","Lipid","Phosphatidylcholine (PC)",2342,"NAMED","IIZPXYDJLKNOIY-JXPKJXOSSA-N","CCCCCCCCCCCCCCCC(OC[C@@]([H])(OC(CCC/C=C\C/C=C\C/C=C\C/C=C\CCCCC)=O)COP([O-])(OCC[N+](C)(C)C)=O)=O","1-palmitoyl-2-arachidonoyl-GPC (16:0/20:4n6)","1-palmitoyl-2-arachidonoyl-GPC (16:0/20:4n6)","35418-58-7",8923140,"HMDB0007982","C05208",10747814,"PC 36:4","PC 16:0_20:4(5,8,11,14)","Unknown",52462,52462,52462,402,402,402,165128,165128,165128,"Pos Late","Pos Late","Pos Late",165128,52462,402,"Pos Late",TRUE
0.0583156178432487,0.0232660284315627,2.30904444053379,0.0216127723080193,0.791419560070747,-3.31311762890038,100005986,"100005986","Lipid","Sphingomyelins",3193,"NAMED","WKZHECFHXLTOLJ-QYKFWSDSSA-N","O[C@H](/C=C/CCCCCCCCCCCCC)[C@H](CO[P](OCC[N+](C)(C)C)([O-])=O)NC(CCCCCCCCCCCCC/C=C\CCCCCCCC)=O","sphingomyelin (d18:1/24:1, d18:2/24:0)*","sphingomyelin (d18:1/24:1, d18:2/24:0)*","94359-13-4",24846874,"HMDB0012107",NA,44260126,"SM 42:2;O2","Unknown","Unknown",47153,47153,47153,402,402,402,164529,164529,164529,"Pos Late","Pos Late","Pos Late",164529,47153,402,"Pos Late",TRUE
0.07948533862562,-0.014337602679442,2.27853266543813,0.0233899119124985,0.791419560070747,-3.37315087514657,1518,"1518","Lipid","Ceramides",3083,"NAMED","YDNKGFDKKRUKPY-TURZORIXSA-N","OC[C@@H]([C@H](O)/C=C/CCCCCCCCCCCCC)NC(CCCCCCCCCCCCCCC)=O","N-palmitoyl-sphingosine (d18:1/16:0)","N-palmitoyl-sphingosine (d18:1/16:0)","24696-26-2",4446677,"HMDB0004949",NA,5283564,"CER 34:1;O2","CER 18:1; O2_16:0","CER 18:1; O2/16:0",44877,44877,44877,402,402,402,164219,164219,164219,"Pos Late","Pos Late","Pos Late",164219,44877,402,"Pos Late",TRUE
0.0836259807814429,-0.0678487588474068,2.23633259860579,0.0260566392334572,0.791419560070747,-3.45490419273443,100001551,"100001551","Lipid","Lysophospholipid",2685,"NAMED","LAXQYRRMGGEGOH-JXRLJXCWSA-N","C[N+](C)(C)CCOP(OC[C@@](O)([H])COC(CCC\C=C/C\C=C/C/C=C\C/C=C\CCCCC)=O)([O-])=O","1-arachidonoyl-GPC (20:4n6)*","1-arachidonoyl-GPC (20:4n6)*",NA,21403155,"HMDB0010395","C05208",24779476,"LPC 20:4","LPC 20:4(5,8,11,14)","LPC 20:4/0:0",33228,33228,33228,402,402,402,158552,158552,158552,"Pos Late","Pos Late","Pos Late",158552,33228,402,"Pos Late",TRUE
0.161934153921844,0.0350078299486408,2.22433905189756,0.0268614962213351,0.791419560070747,-3.47787565546798,100003901,"100003901","Lipid","Lysophospholipid",2723,"NAMED","KIHAGWUUUHJRMS-JOCHJYFZSA-N","OC[C@@H](OC(CCCCCCCCCCCCCCCCC)=O)COP(OCC[NH3+])([O-])=O","2-stearoyl-GPE (18:0)*","2-stearoyl-GPE (18:0)*",NA,24769218,"HMDB0011129",NA,9065845353480660,"LPE 18:0","LPE 18:0","LPE 0:0/18:0",41220,41220,41220,209,209,209,142786,142786,142786,"Neg","Neg","Neg",142786,41220,209,"Neg",TRUE
-0.0477861360899157,0.00441950890728383,-2.21683921365226,0.0273752898836777,0.791419560070747,-3.49217327505108,355,"355","Amino Acid","Histidine Metabolism",73,"NAMED","HNDVDQJCIGZPNO-UHFFFAOYSA-N","NC(C(O)=O)CC1=CN=CN1","histidine","histidine","5934-29-2",752,"HMDB0000177","C00135",6274,NA,NA,NA,59,59,59,209,209,209,123153,123153,123153,"Neg","Neg","Neg",123153,59,209,"Neg",FALSE
0.082867086977185,1.05454065358778,2.2155872912578,0.027462159327525,0.791419560070747,-3.49455996053277,NA,"Glycolytic_Ratio",NA,NA,NA,NA,NA,NA,"Glycolytic_Ratio",NA,NA,NA,NA,NA,NA,NA,NA,NA,NA,NA,NA,NA,NA,NA,NA,NA,NA,NA,NA,NA,NA,NA,NA,NA,NA
-0.036248321131179,-0.0190397912145589,-2.20930451818571,0.0279002760387315,0.791419560070747,-3.5064944561881,563,"563","Amino Acid","Glutamate Metabolism",47,"NAMED","ZDXPYRJPNDTMRX-VKHMYHEASA-N","OC([C@@H](N)CCC(N)=O)=O","glutamine","glutamine","56-85-9",5746,"HMDB0000641","C00064",5961,NA,NA,NA,53,53,53,400,400,400,155293,155293,155293,"Pos Early","Pos Early","Pos Early",155293,53,400,"Pos Early",FALSE
0.158050042975992,-0.0861814465957226,2.20085249897194,0.0284997788265526,0.791419560070747,-3.52250701317661,100000672,"100000672","Lipid","Phosphatidylcholine (PC)",2307,"NAMED","RFVFQQWKPSOBED-PSXMRANNSA-N","CCCCCCCCCCCCCCCC(O[C@](COC(CCCCCCCCCCCCC)=O)(COP([O-])(OCC[N+](C)(C)C)=O)[H])=O","1-myristoyl-2-palmitoyl-GPC (14:0/16:0)","1-myristoyl-2-palmitoyl-GPC (14:0/16:0)","69525-80-0",114798,"HMDB0007869",NA,129657,"PC 30:0","PC 14:0_16:0","Unknown",19258,19258,19258,402,402,402,164196,164196,164196,"Pos Late","Pos Late","Pos Late",164196,19258,402,"Pos Late",TRUE
0.136396350476147,-0.0780012171139734,2.19696827618859,0.0287788930934817,0.791419560070747,-3.52984415243813,100022013,"100022013","Lipid","Corticosteroids",3378,"NAMED","OZINUFSVVJAFHD-LUPKFNMHSA-N","[H][C@@]12[C@@]3(C)CC[C@@H](OC4OC(C(O)=O)C(O)C(O)C4O)C[C@@]3([H])CC[C@@]1([H])[C@]5([H])CC[C@@](C(CO)=O)(O)[C@@]5(C)C[C@@H]2O","tetrahydrocortisol glucuronide","tetrahydrocortisol glucuronide",NA,NA,NA,NA,NA,NA,NA,NA,64411,64411,64411,209,209,209,237545,237545,237545,"Neg","Neg","Neg",237545,64411,209,"Neg",TRUE
0.3475142198668,0.0294349807246982,2.13524874445536,0.0335416739831898,0.817776289861402,-3.64475064093161,100021502,"100021502","Lipid","Medium Chain Fatty Acid",1543,"NAMED","WXBXVVIUZANZAU-CMDGGOBGSA-N","CCCCCCC/C=C/C(O)=O","(2 or 3)-decenoate (10:1n7 or n8)","(2 or 3)-decenoate (10:1n7 or n8)",NA,NA,"HMDB0340520,HMDB0340524",NA,NA,NA,NA,NA,63436,63436,63436,209,209,209,222605,222605,222605,"Neg","Neg","Neg",222605,63436,209,"Neg",TRUE
0.0815447710116395,-0.0230437885115823,2.12988964956235,0.0339855081500842,0.817776289861402,-3.65457869547218,100001567,"100001567","Lipid","Lysophospholipid",2715,"NAMED","YVYMBNSKXOXSKW-HXUWFJFHSA-N","O=P(OCC[NH3+])([O-])OC[C@H](O)COC(CCCCCCCCCCCCCCC)=O","1-palmitoyl-GPE (16:0)","1-palmitoyl-GPE (16:0)","53862-35-4",7826019,"HMDB0011503",NA,9547069,"LPE 16:0","LPE 16:0","LPE 16:0/0:0",35631,35631,35631,402,402,402,158748,158748,158748,"Pos Late","Pos Late","Pos Late",158748,35631,402,"Pos Late",TRUE
0.338272241518104,-0.39508067866423,2.07705012927771,0.038638368661117,0.875045407913533,-3.75020196724165,100001106,"100001106","Xenobiotics","Xanthine Metabolism",4801,"NAMED","OTSBKHHWSQYEHK-UHFFFAOYSA-N","CN1C(N(C(N2)=C(C1=O)NC2=O)C)=O","1,3-dimethylurate","1,3-dimethylurate","944-73-0",63527,"HMDB0001857",NA,70346,NA,NA,NA,32391,32391,32391,209,209,209,125804,125804,125804,"Neg","Neg","Neg",125804,32391,209,"Neg",TRUE
0.07345659081222,-0.020974267003773,2.03109844115567,0.0431168054298732,0.886203651243121,-3.83146890671253,100000626,"100000626","Lipid","Sphingosines",3225,"NAMED","DUYSYHSSBDVJSM-KRWOKUGFSA-N","OP([O-])(OC[C@@]([H])([C@](O)(/C=C/CCCCCCCCCCCCC)[H])[NH3+])=O","sphingosine 1-phosphate","sphingosine 1-phosphate","26993-30-6",4446673,"HMDB0000277","C06124",5283560,NA,NA,NA,34445,34445,34445,402,402,402,158668,158668,158668,"Pos Late","Pos Late","Pos Late",158668,34445,402,"Pos Late",TRUE
0.369840197997017,-0.527443071293578,1.95289247200009,0.0517517733154726,0.886203651243121,-3.96572187458607,100001405,"100001405","Xenobiotics","Xanthine Metabolism",4805,"NAMED","MVOYJPOZRLFTCP-UHFFFAOYSA-N","O=C(N1C)NC2=C(NC=N2)C1=O","1-methylxanthine","1-methylxanthine","6136-37-4",72464,"HMDB0010738","C16358",80220,NA,NA,NA,34389,34389,34389,209,209,209,126906,126906,126906,"Neg","Neg","Neg",126906,34389,209,"Neg",TRUE
0.354168982617958,-0.569792387941302,1.91547782393639,0.056371709435993,0.886203651243121,-4.0281384250345,100000437,"100000437","Xenobiotics","Xanthine Metabolism",4798,"NAMED","ZFXYFBGIUFBOJW-UHFFFAOYSA-N","O=C(N1C)C(N=CN2)=C2N(C)C1=O","theophylline","theophylline","58-55-9",2068,"HMDB0001889","C07130",2153,NA,NA,NA,18394,18394,18394,209,209,400,125760,125760,155669,"Neg","Neg","Pos Early",155669,18394,400,"Pos Early",TRUE
0.0540708107433922,-0.0616939918406039,1.89904373780757,0.0585071361102407,0.886203651243121,-4.05518139357798,100001272,"100001272","Lipid","Lysophospholipid",2663,"NAMED","YAMUFBLWGFFICM-PTGWMXDISA-N","O[C@H](COC(CCCCCCC/C=C\CCCCCCCC)=O)COP(OCC[N+](C)(C)C)([O-])=O","1-oleoyl-GPC (18:1)","1-oleoyl-GPC (18:1)","19420-56-5",17240641,"HMDB0002815","C03916",16081932,"LPC 18:1","LPC 18:1","LPC 18:1/0:0",48258,48258,48258,402,402,402,160285,160285,160285,"Pos Late","Pos Late","Pos Late",160285,48258,402,"Pos Late",TRUE
0.247959494287334,-0.0412554196516378,1.86268473160792,0.0634732543827475,0.886203651243121,-4.11421061792565,100002488,"100002488","Lipid","Secondary Bile Acid Metabolism",3579,"NAMED","RUDATBOHQWOJDD-DNMBCGTGSA-N","O=C(O)CC[C@@H](C)[C@H]1CC[C@@]2([H])[C@]3([H])[C@@H](O)C[C@]4([H])C[C@@H](O)CC[C@]4(C)[C@@]3([H])CC[C@@]21C","isoursodeoxycholate","isoursodeoxycholate","78919-26-3",113205,"HMDB0000686","C17662",127601,NA,NA,NA,57577,57577,57577,209,209,209,212130,212130,212130,"Neg","Neg","Neg",212130,57577,209,"Neg",TRUE
0.336800126080105,-0.481988213424129,1.85203825338393,0.0649918863324212,0.886203651243121,-4.13128435531298,100001399,"100001399","Xenobiotics","Xanthine Metabolism",4802,"NAMED","NOFNCLGCUJJPKU-UHFFFAOYSA-N","CN1C(NC(N2)=C(C1=O)N(C)C2=O)=O","1,7-dimethylurate","1,7-dimethylurate","33868-03-0",82720,"HMDB0011103","C16356",91611,NA,NA,NA,34400,34400,34400,209,209,209,126924,126924,126924,"Neg","Neg","Neg",126924,34400,209,"Neg",TRUE
0.128283418024304,-0.00218958316225054,1.83852983155357,0.0669619838490982,0.886203651243121,-4.15281046372212,100001468,"100001468","Cofactors and Vitamins","Nicotinate and Nicotinamide Metabolism",4527,"NAMED","JLQSXXWTCJPCBC-UHFFFAOYSA-N","O=C(C1=C([H])N(C(C([H])=C1[H])=O)C([H])([H])[H])N([H])[H]","N1-methyl-2-pyridone-5-carboxamide","N1-methyl-2-pyridone-5-carboxamide","701-44-0",62899,"HMDB0004193","C05842",69698,NA,NA,NA,40469,40469,40469,400,209,209,156740,143005,143005,"Pos Early","Neg","Neg",156740,40469,400,"Pos Early",TRUE
0.286667387997405,-0.32901238725315,1.81998129232307,0.0697473977920839,0.886203651243121,-4.18211777170162,100001400,"100001400","Xenobiotics","Xanthine Metabolism",4799,"NAMED","QFDRTQONISXGJA-UHFFFAOYSA-N","CN1C(NC(N2)=C(C1=O)NC2=O)=O","1-methylurate","1-methylurate","708-79-2",62926,"HMDB0003099","C16359",69726,NA,NA,NA,34395,34395,34395,400,400,400,156098,156098,156098,"Pos Early","Pos Early","Pos Early",156098,34395,400,"Pos Early",TRUE
0.107578436607705,-0.0915814320026178,1.80751890694828,0.0716720234826355,0.886203651243121,-4.2016459127048,100001563,"100001563","Lipid","Lysophospholipid",2646,"NAMED","IGZPHNNYPPAPLA-OAQYLSRUSA-N","OC[C@](OC(CCCCCCCCCCCCC)=O)([H])COP(OCC[N+](C)(C)C)([O-])=O","2-myristoyl-GPC (14:0)*","2-myristoyl-GPC (14:0)*",NA,21403166,"HMDB0010379",NA,460604,"LPC 14:0","LPC 14:0","LPC 0:0/14:0",35626,35626,35626,402,402,402,158743,158743,158743,"Pos Late","Pos Late","Pos Late",158743,35626,402,"Pos Late",TRUE
0.135089142263612,-0.121832449706038,1.80413681788243,0.0722018146906754,0.886203651243121,-4.20692294321115,100022127,"100022127","Lipid","Corticosteroids",3391,"NAMED","QUOCEDQXFGCYTL-QMELEVSMSA-N","[H][C@@]12C[C@H](OC3C(O)C(O)C(O)C(C(O)=O)O3)CC[C@]1(C)[C@@]([C@@]4([H])CC2)([H])C(C[C@@]5(C)[C@@]4([H])CC[C@]5(O)C(CO)=O)=O","tetrahydrocortisone glucuronide (5)","tetrahydrocortisone glucuronide (5)",NA,NA,NA,NA,NA,NA,NA,NA,64591,64591,64591,209,209,209,238327,238327,238327,"Neg","Neg","Neg",238327,64591,209,"Neg",TRUE
0.225234029009586,-0.140920648254376,1.7638036854032,0.0787717297953002,0.886203651243121,-4.26911038713376,100009346,"100009346","Lipid","Phosphatidylcholine (PC)",2304,"NAMED","CITHEXJVPOWHKC-UHFFFAOYSA-N","CCCCCCCCCCCCCC(OCC(OC(CCCCCCCCCCCCC)=O)COP([O-])(OCC[N+](C)(C)C)=O)=O","phosphatidylcholine (14:0/14:0, 16:0/12:0)","phosphatidylcholine (14:0/14:0, 16:0/12:0)",NA,NA,"HMDB0007866",NA,NA,"PC 28:0","Unknown","Unknown",53177,53177,53177,402,402,402,166606,166606,166606,"Pos Late","Pos Late","Pos Late",166606,53177,402,"Pos Late",TRUE
0.078607293805448,-0.116114051717326,1.76207351043707,0.0790638287894502,0.886203651243121,-4.27174627205359,100016019,"100016019","Lipid","Phosphatidylcholine (PC)",2322,"NAMED","NPGWXTIWUUFYAB-DIPNUNPCSA-N","O=C(CCCCCCCCCCCCCCC)OC[C@]([H])(COP(OCC[N+](C)(C)C)([O-])=O)OC(CCCCCCCCCCCCCC)=O","1-palmitoyl-2-pentadecanoyl-GPC (16:0/15:0)*","1-palmitoyl-2-pentadecanoyl-GPC (16:0/15:0)*",NA,24766642,"HMDB0007967",NA,24778680,"PC 31:0","PC 15:0_16:0","Unknown",57757,57757,57757,402,402,402,213377,213377,213377,"Pos Late","Pos Late","Pos Late",213377,57757,402,"Pos Late",TRUE
-0.24446224193359,-0.392307989094655,-1.76023062792861,0.0793765972742241,0.886203651243121,-4.27455326417012,100001398,"100001398","Xenobiotics","Xanthine Metabolism",4803,"NAMED","HMLZLHKHNBLLJD-UHFFFAOYSA-N","CN1C(NC(C(N2C)=C1NC2=O)=O)=O","3,7-dimethylurate","3,7-dimethylurate","13087-49-5",74994,"HMDB0001982","C16360",83126,NA,NA,NA,34399,34399,34399,209,209,209,126922,126922,126922,"Neg","Neg","Neg",126922,34399,209,"Neg",TRUE
0.0773471834121208,-0.00748154238242801,1.75722362549156,0.0798885760222358,0.886203651243121,-4.27912550582117,100002871,"100002871","Lipid","Lysophospholipid",2692,"NAMED","ZOJBSSVHFSBHMP-JJJSWPRASA-N","CCCCC/C=C\C/C=C\C/C=C\C/C=C\CCCCCC(OC[C@H](COP([O-])(OCC[N+](C)(C)C)=O)O)=O","1-adrenoyl-GPC (22:4)*","1-adrenoyl-GPC (22:4)*",NA,NA,"HMDB0010401",NA,52924039,"LPC 22:4","LPC 22:4","LPC 22:4/0:0",52698,52698,52698,402,402,402,165471,165471,165471,"Pos Late","Pos Late","Pos Late",165471,52698,402,"Pos Late",TRUE
0.0800873531180147,0.0318105858508489,1.74832183332709,0.0814200430643756,0.886203651243121,-4.292616173304,100001876,"100001876","Lipid","Sphingolipid Synthesis",3063,"NAMED","YHEDRJPUIRMZMP-UHFFFAOYSA-N","OP(O)(OCC(C(CCCCCCCCCCCCCCC)O)N)=O","sphinganine-1-phosphate","sphinganine-1-phosphate","19794-97-9",505,"HMDB0001383",NA,520,NA,NA,NA,52605,52605,52605,402,402,402,165336,165336,165336,"Pos Late","Pos Late","Pos Late",165336,52605,402,"Pos Late",TRUE
0.0376842124238375,-0.0212338981174837,1.73683799382052,0.0834306793245468,0.886203651243121,-4.30992004040358,100001263,"100001263","Lipid","Lysophospholipid",2650,"NAMED","ASWBNKHCZGQVJV-UHFFFAOYSA-N","O=P(OCC[N+](C)(C)C)([O-])OCC(O)COC(CCCCCCCCCCCCCCC)=O","1-palmitoyl-GPC (16:0)","1-palmitoyl-GPC (16:0)","17364-16-8",78064,"HMDB0010382","C04102",86554,"LPC 16:0","LPC 16:0","LPC 16:0/0:0",33955,33955,33955,402,402,402,158599,158599,158599,"Pos Late","Pos Late","Pos Late",158599,33955,402,"Pos Late",TRUE
0.131219828066616,-0.229216512457317,1.72222990858566,0.086046957796838,0.886203651243121,-4.33177164669748,100002026,"100002026","Lipid","Androgenic Steroids",3435,"NAMED","VPDALJSLCNNODJ-BVKUPEMCSA-N","O[C@@H]1CCC2C3CCC4=C[C@H](OS(=O)(O)=O)CC[C@]4(C)C3CC[C@@]21C","androstenediol (3alpha, 17alpha) monosulfate (2)","androstenediol (3alpha, 17alpha) monosulfate (2)",NA,NA,NA,NA,NA,NA,NA,NA,37207,37207,37207,209,209,209,144213,144213,144213,"Neg","Neg","Neg",144213,37207,209,"Neg",TRUE
0.0438213054418818,0.0245491743831916,1.70301327303888,0.0895896505332889,0.886203651243121,-4.36024200231045,1539,"1539","Lipid","Phosphatidylcholine (PC)",2328,"NAMED","WTJKGGKOPKCXLL-PFDVCBLKSA-N","O=C(CCCCCCC/C=C\CCCCCCCC)O[C@@H](COC(CCCCCCCCCCCCCCC)=O)COP(OCC[N+](C)(C)C)([O-])=O","1-palmitoyl-2-oleoyl-GPC (16:0/18:1)","1-palmitoyl-2-oleoyl-GPC (16:0/18:1)","26853-31-6,26853-31-6",4940699,"HMDB0007972","C13875",6436017,"PC 34:1","PC 16:0_18:1","Unknown",52461,52461,52461,402,402,402,165127,165127,165127,"Pos Late","Pos Late","Pos Late",165127,52461,402,"Pos Late",TRUE
0.129423100943237,-0.00673996990101626,1.7029997879456,0.0895925054119911,0.886203651243121,-4.36026270671186,55,"55","Cofactors and Vitamins","Nicotinate and Nicotinamide Metabolism",4519,"NAMED","LDHMAVIPBRSVRG-UHFFFAOYSA-N","C[N+]1=CC(C([NH-])=O)=CC=C1","1-methylnicotinamide","1-methylnicotinamide","1005-24-9",8305504,"HMDB0000699","C02918",457,NA,NA,NA,27665,27665,27665,400,400,400,155829,155829,155829,"Pos Early","Pos Early","Pos Early",155829,27665,400,"Pos Early",TRUE
0.0969493499604628,-0.106385937498744,1.68152832661674,0.0936896266485372,0.886203651243121,-4.39170352239327,100001383,"100001383","Lipid","Lysophospholipid",2645,"NAMED","VXUOFDJKYGDUJI-OAQYLSRUSA-N","CCCCCCCCCCCCCC(OC[C@](O)([H])COP(OCC[N+](C)(C)C)([O-])=O)=O","1-myristoyl-GPC (14:0)","1-myristoyl-GPC (14:0)","20559-16-4",405289,"HMDB0010379","C04230",460604,"LPC 14:0","LPC 14:0","LPC 14:0/0:0",45453,45453,45453,402,402,402,159645,159645,159645,"Pos Late","Pos Late","Pos Late",159645,45453,402,"Pos Late",TRUE
0.0828472600969163,-0.0568557465856966,1.67933530088693,0.0941164606860194,0.886203651243121,-4.39489280355493,273,"273","Lipid","Corticosteroids",3383,"NAMED","MFYSYFVPBJMHGN-ZPOLXVRWSA-N","O[C@@]1([C@@](CO)=O)[C@](C2)(C)[C@](CC1)([H])[C@@](CCC3=CC4=O)([H])[C@]([C@@]3(C)CC4)([H])C2=O","cortisone","cortisone","53-06-5",361685,"HMDB0002802","C00762",222786,NA,NA,NA,1769,1769,1769,209,209,209,124819,124819,124819,"Neg","Neg","Neg",124819,1769,209,"Neg",TRUE
0.0984525623302076,-0.0824521683190436,1.67011136778591,0.0959289205807874,0.886203651243121,-4.40826239256771,100001994,"100001994","Lipid","Androgenic Steroids",3432,"NAMED","UWPTUYJASNIIJM-QJIZPQHZSA-N","C[C@]12C(CCC3C1CC[C@]4(C3CC[C@@H]4OS(=O)(O)=O)C)=C[C@H](CC2)OS(=O)(O)=O","androstenediol (3beta,17beta) disulfate (2)","androstenediol (3beta,17beta) disulfate (2)",NA,NA,"HMDB0240313",NA,87120982,NA,NA,NA,37203,37203,37203,209,209,209,144269,144269,144269,"Neg","Neg","Neg",144269,37203,209,"Neg",TRUE
0.0276026716984783,0.00201777752875709,1.6579861651243,0.0983537313557291,0.886203651243121,-4.4257268029071,1537,"1537","Lipid","Phosphatidylcholine (PC)",2331,"NAMED","JLPULHDHAOZNQI-ZTIMHPMXSA-N","O=P([O-])(OC[C@@H](COC(CCCCCCCCCCCCCCC)=O)OC(CCCCCCC/C=C\C/C=C\CCCCC)=O)OCC[N+](C)(C)C","1-palmitoyl-2-linoleoyl-GPC (16:0/18:2)","1-palmitoyl-2-linoleoyl-GPC (16:0/18:2)","40811-94-7",4450224,"HMDB0007973",NA,5287971,"PC 34:2","PC 16:0_18:2","Unknown",42446,42446,42446,402,402,402,165129,165129,165129,"Pos Late","Pos Late","Pos Late",165129,42446,402,"Pos Late",TRUE
0.21192362846406,-0.0743277093451818,1.65684241895835,0.0985853384074242,0.886203651243121,-4.42736850171543,100001279,"100001279","Lipid","Secondary Bile Acid Metabolism",3595,"NAMED","DKPMWHFRUGMUKF-OAEKOJLISA-N","C[C@]12CC[C@@H](O)C[C@@]1([H])[C@@H](O)[C@@H](O)C3C2CC[C@@]4(C)C3CCC4C(CCC(O)=O)C","hyocholate (gamma-muricholate)","hyocholate","547-75-1",21403098,"HMDB0000760","C17649",92805,NA,NA,NA,34093,34093,34093,209,209,209,126896,126896,126896,"Neg","Neg","Neg",126896,34093,209,"Neg",TRUE
0.168708561285941,-0.354684949205425,1.64716543930705,0.10055929150417,0.886203651243121,-4.44120768283203,100002003,"100002003","Lipid","Pregnenolone Steroids",3318,"NAMED","YNTXPDSHGMGJJG-WGKOQXAXSA-N","C[C@@]1([C@H]2[C@@](COS(=O)(O)=O)=O)[C@](CC2)([H])[C@@](CC=C3[C@@]4(CC[C@H](O)C3)C)([H])[C@@]4([H])CC1","21-hydroxypregnenolone monosulfate (1)","21-hydroxypregnenolone monosulfate (1)","88378-34-1",152343,NA,NA,174681,NA,NA,NA,37174,37174,37174,209,209,209,144212,144212,144212,"Neg","Neg","Neg",144212,37174,209,"Neg",TRUE
0.106216428217232,-0.153325294162535,1.64205081117371,0.101615711475334,0.886203651243121,-4.44849087200553,100001554,"100001554","Lipid","Lysophospholipid",2683,"NAMED","IGJKYDBBINVMLH-JXRLJXCWSA-N","OC[C@](OC(CCC\C=C/C\C=C/C/C=C\C/C=C\CCCCC)=O)([H])COP(OCC[N+](C)(C)C)([O-])=O","2-arachidonoyl-GPC (20:4)*","2-arachidonoyl-GPC (20:4)*",NA,21403158,"HMDB0061699",NA,52924038,"LPC 20:4","LPC 20:4","LPC 0:0/20:4",33387,33387,33387,209,209,209,142527,142527,142527,"Neg","Neg","Neg",142527,33387,209,"Neg",TRUE
0.0934405729131808,-0.0746586489843235,1.63526006198936,0.103031849557892,0.886203651243121,-4.45812617590284,100005673,"100005673","Lipid","Lysophospholipid",2695,"NAMED","YBUXFQUGNPBZPS-TYBLUDCLSA-N","O=C(OC[C@@](O)([H])COP(OCC[N+](C)(C)C)([O-])=O)CC/C=C/C/C=C\C/C=C\C/C=C\C/C=C\CCCCC","1-docosapentaenoyl-GPC (22:5n6)*","1-docosapentaenoyl-GPC (22:5n6)*",NA,NA,"HMDB0010402",NA,NA,"LPC 22:5","LPC 22:5(4,7,10,13,16)","LPC 22:5(4,7,10,13,16)/0:0",45675,45675,45675,402,402,402,159648,159648,159648,"Pos Late","Pos Late","Pos Late",159648,45675,402,"Pos Late",TRUE
0.314671640273728,-0.36134249406104,1.61354358554315,0.107666319906465,0.886203651243121,-4.4886759207973,100001403,"100001403","Xenobiotics","Xanthine Metabolism",4808,"NAMED","POQOTWQIYYNXAT-UHFFFAOYSA-N","O=C(NC(N)=C1NC(C)=O)N(C)C1=O","5-acetylamino-6-amino-3-methyluracil","5-acetylamino-6-amino-3-methyluracil","1196153-01-1",79659,"HMDB0004400","C16366",88299,NA,NA,NA,34424,34424,34424,305,305,305,165245,165245,165245,"Polar","Polar","Polar",165245,34424,305,"Polar",TRUE
0.285276714107057,-0.487002439637165,1.59465333261185,0.111831213094321,0.886203651243121,-4.5149240701305,798,"798","Nucleotide","Purine Metabolism, Adenine containing",4349,"NAMED","OIRDTQYFTABQOQ-KQYNXXCUSA-N","NC1=NC=NC2=C1N=CN2[C@@]3([H])[C@@](O)([H])[C@@](O)([H])[C@](CO)([H])O3","adenosine","adenosine","58-61-7",54923,"HMDB0000050","C00212",60961,NA,NA,NA,555,555,555,209,209,209,124777,124777,124777,"Neg","Neg","Neg",124777,555,209,"Neg",TRUE
-0.185827824537514,-0.114764069997397,-1.58980333734601,0.112920882630613,0.886203651243121,-4.52161424585658,100009220,"100009220","Lipid","Phosphatidylethanolamine (PE)",2495,"NAMED","JZSZAGWWWKKXLO-RMEBTJIYSA-N","O=C(CCCCCCC/C=C\CCCCCCCC)OC[C@]([H])(COP(OCCN)(O)=O)OC(CC/C=C\C/C=C\C/C=C\C/C=C\C/C=C\C/C=C\CC)=O","1-oleoyl-2-docosahexaenoyl-GPE (18:1/22:6)*","1-oleoyl-2-docosahexaenoyl-GPE (18:1/22:6)*",NA,24768542,"HMDB0009078",NA,52922113,"PE 40:7","PE 18:1_22:6","Unknown",53209,53209,53209,402,402,402,166647,166647,166647,"Pos Late","Pos Late","Pos Late",166647,53209,402,"Pos Late",TRUE
0.131410547784849,-0.0695230713969423,1.58483962320398,0.114044791774443,0.886203651243121,-4.52844057989904,100001992,"100001992","Lipid","Androgenic Steroids",3431,"NAMED","UWPTUYJASNIIJM-QJIZPQHZSA-N","C[C@@]12C(CCC3C2CC[C@@]4(C)C3CC[C@@H]4OS(=O)(O)=O)=C[C@@H](OS(=O)(O)=O)CC1","androstenediol (3beta,17beta) disulfate (1)","androstenediol (3beta,17beta) disulfate (1)",NA,NA,"HMDB0240313","C04295",87120982,NA,NA,NA,37202,37202,37202,209,209,209,144229,144229,144229,"Neg","Neg","Neg",144229,37202,209,"Neg",TRUE
0.124952536773175,-0.00935948730639467,1.58375143816383,0.114292363031853,0.886203651243121,-4.52993430344948,171,"171","Nucleotide","Purine Metabolism, (Hypo)Xanthine/Inosine containing",4323,"NAMED","FDGQSTZJBFJUBT-UHFFFAOYSA-N","O=C1C(N=CN2)=C2N=CN1","hypoxanthine","hypoxanthine","68-94-0",768,"HMDB0000157","C00262",790135398638,NA,NA,NA,3127,3127,3127,209,400,209,124615,155485,124615,"Neg","Pos Early","Neg",155485,3127,400,"Pos Early",TRUE
0.0595455545312194,-0.0765059260164958,1.57701523423146,0.115834046319152,0.886203651243121,-4.53915805091873,100000776,"100000776","Lipid","Fatty Acid Metabolism (Acyl Carnitine, Long Chain Saturated)",1909,"NAMED","XOMRRQXKHMYMOC-UHFFFAOYSA-N","[O-]C(CC(OC(CCCCCCCCCCCCCCC)=O)C[N+](C)(C)C)=O","palmitoylcarnitine (C16)","palmitoylcarnitine (C16)","6865-14-1",448,"HMDB0000222","C02990",461,NA,NA,NA,44681,44681,44681,402,402,402,159624,159624,159624,"Pos Late","Pos Late","Pos Late",159624,44681,402,"Pos Late",TRUE
0.0773130990750747,-0.0745411538736188,1.57027719714359,0.117393210943894,0.886203651243121,-4.54834660466545,100001566,"100001566","Lipid","Lysophospholipid",2696,"NAMED","LSOWKZULVQWMLY-FQPBCZPISA-N","C[N+](C)(C)CCOP(OC[C@](O)([H])COC(CC\C=C/C/C=C\C/C=C\C/C=C\C/C=C\C/C=C\CC)=O)([O-])=O","1-docosahexaenoyl-GPC (22:6)*","1-docosahexaenoyl-GPC (22:6)*",NA,21403169,"HMDB0010404",NA,10415542,"LPC 22:6","LPC 22:6","LPC 22:6/0:0",33822,33822,33822,402,402,402,158576,158576,158576,"Pos Late","Pos Late","Pos Late",158576,33822,402,"Pos Late",TRUE
0.0904345274011626,0.119154106982212,1.53454200274716,0.12593846216868,0.927842519168439,-4.5964295078617,100001182,"100001182","Lipid","Long Chain Polyunsaturated Fatty Acid (n3 and n6)",1622,"NAMED","HVGRZDASOHMCSK-AVQMFFATSA-N","CCCCC/C=C/C/C=C/CCCCCCCCCCCC(O)=O","docosadienoate (22:2n6)","docosadienoate (22:2n6)","7370-49-2",4445934,"HMDB0061714","C16533",5282807,NA,NA,NA,32415,32415,32415,209,209,209,125824,125824,125824,"Neg","Neg","Neg",125824,32415,209,"Neg",TRUE
0.111777657082014,-0.146192613072139,1.52729825094988,0.12772897017124,0.927842519168439,-4.60604405787824,100001999,"100001999","Lipid","Pregnenolone Steroids",3321,"NAMED","CBOVWLYQUCVTFA-WGKOQXAXSA-N","C[C@@]1([C@H]2[C@@](COS(=O)(O)=O)=O)[C@](CC2)([H])[C@@](CC=C3[C@@]4(CC[C@H](OS(=O)(O)=O)C3)C)([H])[C@@]4([H])CC1","21-hydroxypregnenolone disulfate","21-hydroxypregnenolone disulfate","1164-98-3",118625,"HMDB0242133",NA,134595,NA,NA,NA,46115,46115,46115,209,209,209,143743,143743,143743,"Neg","Neg","Neg",143743,46115,209,"Neg",TRUE
-0.0717558598625957,-0.957919642486924,-1.50825911345944,0.132528770179201,0.940120757188883,-4.63110011885479,NA,"GABR",NA,NA,NA,NA,NA,NA,"GABR",NA,NA,NA,NA,NA,NA,NA,NA,NA,NA,NA,NA,NA,NA,NA,NA,NA,NA,NA,NA,NA,NA,NA,NA,NA,NA
-0.142448839722572,-0.175796048395651,-1.50135918569137,0.134302965312698,0.940120757188883,-4.6401047353143,100000015,"100000015","Amino Acid","Tryptophan Metabolism",285,"NAMED","FBZONXHGGPHHIY-UHFFFAOYSA-N","OC1=C2C(C(O)=CC(C(O)=O)=N2)=CC=C1","xanthurenate","xanthurenate","59-007",5497,"HMDB0000881","C02470",5699,NA,NA,NA,15679,15679,15679,400,400,209,155571,155571,123267,"Pos Early","Pos Early","Neg",155571,15679,400,"Pos Early",TRUE
0.260045468144433,0.190296291807174,1.47430458519312,0.141436737630714,0.943646072523577,-4.67501888175897,1648,"1648","Lipid","Primary Bile Acid Metabolism",3523,"NAMED","WBWWGRHZICKQGZ-HGVCTONRSA-N","C[C@@]12[C@@]([H])(CC[C@]2([H])[C@@H](CCC(NCCS(O)(=O)=O)=O)C)[C@@]([C@H](O)C[C@@]3([H])[C@@]4(CC[C@@H](O)C3)C)([H])[C@@]4([H])C[C@@H]1O","taurocholate","taurocholate","145-42-6",NA,"HMDB0000036","C05122",667546783527,NA,NA,NA,18497,18497,18497,209,209,209,125762,125762,125762,"Neg","Neg","Neg",125762,18497,209,"Neg",TRUE
-0.113773600698792,-0.0411374159831465,-1.46822939181901,0.14307817921241,0.943646072523577,-4.68277308172907,100009125,"100009125","Lipid","Phosphatidylcholine (PC)",2364,"NAMED","KSRURLYJRNYEOH-SHHFQLSYSA-N","O=C(CCCCCCCCCCCCCCCC)OC[C@]([H])(COP(OCC[N+](C)(C)C)([O-])=O)OC(CC/C=C\C/C=C\C/C=C\C/C=C\C/C=C\C/C=C\CC)=O","1-margaroyl-2-docosahexaenoyl-GPC (17:0/22:6)*","1-margaroyl-2-docosahexaenoyl-GPC (17:0/22:6)*",NA,24822432,NA,NA,NA,"PC 39:6","PC 17:0_22:6","Unknown",53198,53198,53198,402,402,402,166628,166628,166628,"Pos Late","Pos Late","Pos Late",166628,53198,402,"Pos Late",TRUE
-0.106339482465504,-0.103806548470256,-1.45279024856533,0.147315732648175,0.943646072523577,-4.70233735083287,330,"330","Energy","TCA Cycle",1489,"NAMED","VZCYOOQTPOCHFL-OWOJBTEDSA-N","OC(/C=C/C(O)=O)=O","fumarate","fumarate","100-17-8",10197150,"HMDB0000134","C00122",444972,NA,NA,NA,1643,1643,1643,305,305,305,146876,146876,146876,"Polar","Polar","Polar",146876,1643,305,"Polar",TRUE
0.159063860821744,-0.267711575051607,1.4469152695913,0.148953320009793,0.943646072523577,-4.7097285693711,100015744,"100015744","Lipid","Ceramides",3114,"NAMED","QMVWGDBKESWTON-OQKRWUNJSA-N","CCCCCCCCCCCCC/C=C/C(O)C(NC(CCC/C=C/CC/C=C/CCCCCCCCCCCCCC)=O)CO","ceramide (d18:2/24:1, d18:1/24:2)*","ceramide (d18:2/24:1, d18:1/24:2)*",NA,NA,"HMDB0240679,HMDB0240680",NA,NA,"CER 42:3;O2","Unknown","Unknown",57443,57443,57443,402,402,402,211097,211097,211097,"Pos Late","Pos Late","Pos Late",211097,57443,402,"Pos Late",TRUE
0.0863194107925132,-0.0231359167992803,1.43912857635383,0.151145253513165,0.943646072523577,-4.71947944328027,100009027,"100009027","Lipid","Dihydrosphingomyelins",3164,"NAMED","JCELSEVNSMXGKA-IOLBBIBUSA-N","[H][C@](NC(CCCCCCCCCCCCCCCCC)=O)(COP(OCC[N+](C)(C)C)([O-])=O)[C@@](O)([H])CCCCCCCCCCCCCCC","sphingomyelin (d18:0/18:0, d19:0/17:0)*","sphingomyelin (d18:0/18:0, d19:0/17:0)*",NA,24846878,"HMDB0012087",NA,44260130,"SM 36:0;O2","Unknown","Unknown",57473,57473,57473,402,402,402,211136,211136,211136,"Pos Late","Pos Late","Pos Late",211136,57473,402,"Pos Late",TRUE
0.267552573455719,-0.518892748202625,1.43738775123867,0.151638652585448,0.943646072523577,-4.7216523025536,100000453,"100000453","Xenobiotics","Xanthine Metabolism",4796,"NAMED","QUNWUDVFRNGTCO-UHFFFAOYSA-N","O=C(N2C)NC1=C(N(C)C=N1)C2=O","paraxanthine","paraxanthine","611-59-6",4525,"HMDB0001860","C13747",4687,NA,NA,NA,18254,18254,18254,209,209,209,124653,124653,124653,"Neg","Neg","Neg",124653,18254,209,"Neg",TRUE
0.0579611763122303,-0.0918966485927178,1.41726135109869,0.157432569391128,0.943646072523577,-4.74658541512604,100002063,"100002063","Lipid","Lysophospholipid",2693,"NAMED","BIEOSECQPGGZMF-AQWHIBQFSA-N","O=C(OC[C@@](O)([H])COP(OCC[N+](C)(C)C)([O-])=O)CCCCC/C=C\C/C=C\C/C=C\C/C=C\C/C=C\CC","1-docosapentaenoyl-GPC (22:5n3)*","1-docosapentaenoyl-GPC (22:5n3)*",NA,NA,"HMDB0010403",NA,NA,"LPC 22:5","LPC 22:5(7,10,13,16,19)","LPC 22:5(7,10,13,16,19)/0:0",37231,37231,37231,402,402,402,158890,158890,158890,"Pos Late","Pos Late","Pos Late",158890,37231,402,"Pos Late",TRUE
0.110982592801343,0.120990852840803,1.41630198609619,0.157713245130208,0.943646072523577,-4.74776538058443,100001198,"100001198","Lipid","Long Chain Monounsaturated Fatty Acid",1571,"NAMED","YWWVWXASSLXJHU-WAYWQWQTSA-N","O=C(CCCCCCC/C=C\CCCC)O","myristoleate (14:1n5)","myristoleate (14:1n5)","544-64-9",4444564,"HMDB0002000","C08322",5281119,NA,NA,NA,32418,32418,32418,209,209,209,125828,125828,125828,"Neg","Neg","Neg",125828,32418,209,"Neg",TRUE
0.0422053004778,-0.0150632251939607,1.4109043586727,0.159297327347961,0.943646072523577,-4.75438870542589,100000616,"100000616","Lipid","Phosphatidylinositol (PI)",2601,"NAMED","KRTOMQDUKGRFDJ-YKOKTLGVSA-N","CCCCCCCCCCCCCCCCCC(OC[C@]([H])(COP(O)(O[C@](C(O)(C(O)(C(O)([C@](O)1[H])[H])[H])[H])([C@]1(O)[H])[H])=O)OC(CCC/C=C\C/C=C\C/C=C\C/C=C\CCCCC)=O)=O","1-stearoyl-2-arachidonoyl-GPI (18:0/20:4)","1-stearoyl-2-arachidonoyl-GPI (18:0/20:4)","383907-33-3",21403055,"HMDB0009815",NA,NA,"PI 38:4","PI 18:0_20:4","Unknown",52449,52449,52449,402,402,402,208070,208070,208070,"Pos Late","Pos Late","Pos Late",208070,52449,402,"Pos Late",TRUE
0.0919078511687966,-0.0489895997984021,1.40061593769163,0.162351127649596,0.943646072523577,-4.76694471329529,888,"888","Lipid","Medium Chain Fatty Acid",1539,"NAMED","GHVNFZFCNZKVNT-UHFFFAOYSA-N","CCCCCCCCCC(O)=O","caprate (10:0)","caprate (10:0)","334-48-5",2863,"HMDB0000511","C01571",2969,NA,NA,NA,1642,1642,1642,209,209,209,125736,125736,125736,"Neg","Neg","Neg",125736,1642,209,"Neg",TRUE
0.112701908529074,-0.0225580522928065,1.39767052112294,0.16323341504222,0.943646072523577,-4.77052260136801,100021104,"100021104","Lipid","Pregnenolone Steroids",3330,"NAMED","KANYWSIUKWPEOE-HXOPQMAFSA-N","C[C@]12CC[C@H](OS(=O)(O)=O)C=C1[C@H](OS(=O)(O)=O)CC3C2CC[C@@]4(C)C3CCC4[C@H](O)C","pregnenetriol disulfate*","pregnenetriol disulfate*",NA,NA,NA,NA,NA,NA,NA,NA,62921,62921,62921,209,209,209,220777,220777,220777,"Neg","Neg","Neg",220777,62921,209,"Neg",TRUE
0.051675160970039,-0.0342894360612275,1.39439472892909,0.1642189269067,0.943646072523577,-4.77449308789419,100001461,"100001461","Lipid","Lysophospholipid",2722,"NAMED","BBYWOYAFBUOUFP-JOCHJYFZSA-N","O=P(OCC[NH3+])([O-])OC[C@H](O)COC(CCCCCCCCCCCCCCCCC)=O","1-stearoyl-GPE (18:0)","1-stearoyl-GPE (18:0)","69747-55-3",7826018,"HMDB0011130",NA,9547068,"LPE 18:0","LPE 18:0","LPE 18:0/0:0",42398,42398,42398,402,402,402,159466,159466,159466,"Pos Late","Pos Late","Pos Late",159466,42398,402,"Pos Late",TRUE
0.0926895228227686,-0.0702880262482726,1.3634615978292,0.173748213147984,0.980204159929643,-4.81153327829564,356,"356","Lipid","Corticosteroids",3373,"NAMED","JYGXADMDTFJGBT-VWUMJDOOSA-N","O[C@@]1([C@@](CO)=O)[C@]2(C)[C@](CC1)([H])[C@@](CCC3=CC4=O)([H])[C@]([C@@]3(C)CC4)([H])[C@@H](O)C2","cortisol","cortisol","50-23-7",NA,"HMDB0000063","C00735",5754,NA,NA,NA,1712,1712,1712,209,209,209,124815,124815,124815,"Neg","Neg","Neg",124815,1712,209,"Neg",TRUE
0.0507827009555858,-0.00466039712933099,1.35322753706657,0.17699063944183,0.980204159929643,-4.82360742622152,100009132,"100009132","Lipid","Phosphatidylcholine (PC)",2414,"NAMED","FCTKCFNDGVBOBD-YZXVGOFNSA-N","O=C(CCCCCCC/C=C\C/C=C\CCCCC)OC[C@]([H])(COP(OCC[N+](C)(C)C)([O-])=O)OC(CC/C=C\C/C=C\C/C=C\C/C=C\C/C=C\C/C=C\CC)=O","1-linoleoyl-2-docosahexaenoyl-GPC (18:2/22:6)*","1-linoleoyl-2-docosahexaenoyl-GPC (18:2/22:6)*",NA,24766818,"HMDB0008156",NA,24778983,"PC 40:8","PC 18:2_22:6","Unknown",53199,53199,53199,402,402,402,166629,166629,166629,"Pos Late","Pos Late","Pos Late",166629,53199,402,"Pos Late",TRUE
0.0795207068285541,-0.0339100662945349,1.34908030124975,0.178317418502841,0.980204159929643,-4.82847478599136,100005350,"100005350","Lipid","Lysophospholipid",2668,"NAMED","WKQNRCYKYCKESD-YHTMAJSVSA-N","C[N+](CCOP(OCC(O)COC(CCCCCCC/C=C/C/C=C/C/C=C/CC)=O)([O-])=O)(C)C","1-linolenoyl-GPC (18:3)*","1-linolenoyl-GPC (18:3)*",NA,NA,"HMDB0010388","C04100",NA,"LPC 18:3","LPC 18:3","LPC 18:3/0:0",45951,45951,45951,402,402,402,159653,159653,159653,"Pos Late","Pos Late","Pos Late",159653,45951,402,"Pos Late",TRUE
0.0567314371248525,-0.0717843179201147,1.34148915790003,0.180764923000012,0.980204159929643,-4.8373458600585,100001556,"100001556","Lipid","Lysophospholipid",2664,"NAMED","SULIDBRAXVDKBU-AYZYJWAHSA-N","OC[C@H](OC(CCCCCCC/C=C\CCCCCCCC)=O)COP(OCC[N+](C)(C)C)([O-])=O","2-oleoyl-GPC (18:1)*","2-oleoyl-GPC (18:1)*",NA,21403159,"HMDB0061701",NA,24779494,"LPC 18:1","LPC 18:1","LPC 0:0/18:1",48259,48259,48259,209,209,209,154240,154240,154240,"Neg","Neg","Neg",154240,48259,209,"Neg",TRUE
0.0522496143144559,-0.0603966152133318,1.30288015781804,0.193603834737827,0.992965231627029,-4.88170004944026,100001553,"100001553","Lipid","Lysophospholipid",2679,"NAMED","YYQVCMMXPIJVHY-ZOIJLGJPSA-N","C[N+](C)(C)CCOP(OC[C@@](O)([H])COC(CCCCCCCCC/C=C\C/C=C\CCCCC)=O)([O-])=O","1-dihomo-linoleoyl-GPC (20:2)*","1-eicosadienoyl-GPC* (20:2)*",NA,21403157,"HMDB0010392",NA,NA,"LPC 20:2","LPC 20:2","LPC 20:2/0:0",33871,33871,33871,402,402,402,158577,158577,158577,"Pos Late","Pos Late","Pos Late",158577,33871,402,"Pos Late",TRUE
0.255666673996348,-0.403468031181134,1.30212607328657,0.193861232398428,0.992965231627029,-4.88255360221983,100001397,"100001397","Xenobiotics","Xanthine Metabolism",4804,"NAMED","BYXCFUMGEBZDDI-UHFFFAOYSA-N","CN(C(N1C)=O)C(NC2=O)=C(N2C)C1=O","1,3,7-trimethylurate","1,3,7-trimethylurate","5415-44-1",71754,"HMDB0002123","C16361",79437,NA,NA,NA,34404,34404,34404,209,209,209,126930,126930,126930,"Neg","Neg","Neg",126930,34404,209,"Neg",TRUE
-0.166486316455903,-0.315753655346862,-1.29902048435571,0.19492350601931,0.992965231627029,-4.88606374080296,100021136,"100021136","Lipid","Fatty Acid Metabolism (Acyl Carnitine, Monounsaturated)",1924,"NAMED","YMJNFVUJNDWLND-ZHACJKMWSA-N","O=C(C/C([H])=C(CCCCCC)\[H])OC(CC([O-])=O)C[N+](C)(C)C","3-decenoylcarnitine","3-decenoylcarnitine",NA,NA,"HMDB0241067",NA,NA,NA,NA,NA,63361,63361,63361,402,402,402,222432,222432,222432,"Pos Late","Pos Late","Pos Late",222432,63361,402,"Pos Late",TRUE
0.0466875075618986,-0.0722388733402595,1.2958248251478,0.196020745823057,0.992965231627029,-4.8896670832872,100005352,"100005352","Lipid","Lysophospholipid",2677,"NAMED","YYSFWGQAKJTHRE-OUKQBFOZSA-N","C[N+](CCOP(OCC(O)COC(CCCCCCCCC/C=C/CCCCCCCC)=O)([O-])=O)(C)C","1-eicosenoyl-GPC (20:1)*","1-eicosenoyl-GPC (20:1)*",NA,NA,"HMDB0010391",NA,52924051,"LPC 20:1","LPC 20:1","LPC 20:1/0:0",44560,44560,44560,402,402,402,159608,159608,159608,"Pos Late","Pos Late","Pos Late",159608,44560,402,"Pos Late",TRUE
0.0936978306335925,-0.113143097395641,1.27378273284756,0.203715634126246,0.992965231627029,-4.91428207605174,207,"207","Nucleotide","Purine Metabolism, Adenine containing",4345,"NAMED","IVOMOUWHDPKRLL-UHFFFAOYSA-N","NC1=NC=NC2=C1N=CN2C3OC(CO4)C(OP4(O)=O)C3O","adenosine 3',5'-cyclic monophosphate (cAMP)","adenosine 3',5'-cyclic monophosphate (cAMP)","60-92-4",268,"HMDB0000058","C00575",6076,NA,NA,NA,2831,2831,2831,209,209,209,123233,123233,123233,"Neg","Neg","Neg",123233,2831,209,"Neg",TRUE
0.0782225517701042,-0.101869856766081,1.26385950246268,0.207250918713185,0.992965231627029,-4.92522743651046,100001270,"100001270","Lipid","Fatty Acid Metabolism (Acyl Carnitine, Long Chain Saturated)",1907,"NAMED","PSHXNVGSVNEJBD-UHFFFAOYSA-N","O=C(CCCCCCCCCCCCC)OC(CC([O-])=O)C[N+](C)(C)C","myristoylcarnitine (C14)","myristoylcarnitine (C14)","18822-89-4",4932274,"HMDB0005066",NA,6426854,NA,NA,NA,33952,33952,33952,402,402,402,158596,158596,158596,"Pos Late","Pos Late","Pos Late",158596,33952,402,"Pos Late",TRUE
-0.123936008241309,0.0305417375663064,-1.25635627347683,0.20995359782511,0.992965231627029,-4.93344736379466,100002009,"100002009","Lipid","Progestin Steroids",3339,"NAMED","NOGKXXMAHGCQBS-VNCHAANSSA-N","O[C@H]1CC[C@@]2(C)[C@](CCC3C2CC[C@@]4(C)C3CCC4C(C)OS(=O)(O)=O)([H])C1","5alpha-pregnan-3beta,20beta-diol monosulfate (1)","5alpha-pregnan-3beta,20beta-diol monosulfate (1)",NA,NA,"HMDB0240580",NA,NA,NA,NA,NA,37196,37196,37196,209,209,209,144279,144279,144279,"Neg","Neg","Neg",144279,37196,209,"Neg",TRUE
0.0309097943013,-0.00888923675108757,1.25434005786539,0.210683885368849,0.992965231627029,-4.9356480016962,100008921,"100008921","Lipid","Phosphatidylcholine (PC)",2326,"NAMED","PZNPLUBHRSSFHT-RRHRGVEJSA-N","O=C(CCCCCCCCCCCCCCC)OC[C@]([H])(COP(OCC[N+](C)(C)C)([O-])=O)OC(CCCCCCCCCCCCCCCCC)=O","1-palmitoyl-2-stearoyl-GPC (16:0/18:0)","1-palmitoyl-2-stearoyl-GPC (16:0/18:0)","59403-51-9",24766643,"HMDB0007970","C03889",24778686,"PC 34:0","PC 16:0_18:0","Unknown",52616,52616,52616,402,402,402,165348,165348,165348,"Pos Late","Pos Late","Pos Late",165348,52616,402,"Pos Late",TRUE
0.039905269584877,-0.0732384008380884,1.25366246398323,0.210929833094206,0.992965231627029,-4.93638676371203,100001395,"100001395","Lipid","Lysophospholipid",2666,"NAMED","SPJFYYJXNPEZDW-UTJQPWESSA-N","O=P(OCC(O)COC(CCCCCCC/C=C\C/C=C\CCCCC)=O)([O-])OCC[N+](C)(C)C","1-linoleoyl-GPC (18:2)","1-linoleoyl-GPC (18:2)",NA,10160888,"HMDB0010386","C04100",11988421,"LPC 18:2","LPC 18:2","LPC 18:2/0:0",34419,34419,34419,402,402,402,158662,158662,158662,"Pos Late","Pos Late","Pos Late",158662,34419,402,"Pos Late",TRUE
0.0322231940102956,0.00501316634541453,1.25056703424625,0.2120560423507,0.992965231627029,-4.9397566076365,100008954,"100008954","Lipid","Dihydrosphingomyelins",3162,"NAMED","QHZIGNLCLJPLCU-QPPIDDCLSA-N","[H][C@](NC(CCCCCCCCCCCCCCC)=O)(COP(OCC[N+](C)(C)C)([O-])=O)[C@@](O)([H])CCCCCCCCCCCCCCC","palmitoyl dihydrosphingomyelin (d18:0/16:0)*","palmitoyl dihydrosphingomyelin (d18:0/16:0)*",NA,8115586,"HMDB0010168",NA,9939965,"SM 34:0;O2","SM 18:0;O2_16:0","SM 18:0;O2/16:0",52434,52434,52434,402,402,402,164558,164558,164558,"Pos Late","Pos Late","Pos Late",164558,52434,402,"Pos Late",TRUE
0.306087618473563,-0.574215234565382,1.24968127708001,0.212379417384479,0.992965231627029,-4.94071928748714,849,"849","Xenobiotics","Xanthine Metabolism",4795,"NAMED","RYYVLZVUVIJVGH-UHFFFAOYSA-N","O=C(N(C)C1=C2N(C)C=N1)N(C)C2=O","caffeine","caffeine","58-08-2",2424,"HMDB0001847","C07481",2519,NA,NA,NA,569,569,569,400,400,400,155325,155325,155325,"Pos Early","Pos Early","Pos Early",155325,569,400,"Pos Early",TRUE
0.0913258528310605,-0.0600248628367246,1.23892280482761,0.216331964494602,0.992965231627029,-4.95235926377093,100005351,"100005351","Lipid","Lysophospholipid",2686,"NAMED","PDIGSOAOQOXRDU-GUTOPQIJSA-N","C[N+](CCOP(OCC(O)COC(CCC/C=C/C/C=C/C/C=C/C/C=C/C/C=C/CC)=O)([O-])=O)(C)C","1-eicosapentaenoyl-GPC (20:5)*","1-eicosapentaenoyl-GPC (20:5)*",NA,NA,"HMDB0010397",NA,NA,"LPC 20:5","LPC 20:5","LPC 20:5/0:0",44563,44563,44563,402,402,402,159609,159609,159609,"Pos Late","Pos Late","Pos Late",159609,44563,402,"Pos Late",TRUE
0.0373747544189512,0.026929586834223,1.23230010504026,0.218791077811598,0.992965231627029,-4.9594752234445,100008915,"100008915","Lipid","Phosphatidylcholine (PC)",2348,"NAMED","IESVDEZGAHUQJU-ZLBXKVHBSA-N","CCCCCCCCCCCCCCCC(OC[C@](OC(CC/C=C\C/C=C\C/C=C\C/C=C\C/C=C\C/C=C\CC)=O)([H])COP([O-])(OCC[N+](C)(C)C)=O)=O","1-palmitoyl-2-docosahexaenoyl-GPC (16:0/22:6)","1-palmitoyl-2-docosahexaenoyl-GPC (16:0/22:6)","59403-54-2",4946007,"HMDB0007991",NA,6441886,"PC 38:6","PC 16:0_22:6","Unknown",52610,52610,52610,402,402,402,165342,165342,165342,"Pos Late","Pos Late","Pos Late",165342,52610,402,"Pos Late",TRUE
-0.0644681684424054,-0.0325835181535748,-1.22154053259144,0.22282999971476,0.992965231627029,-4.97095549984091,100009227,"100009227","Lipid","Lysophospholipid",2770,"NAMED","VEEHTGYBVMTAAF-RFFZIGDUSA-N","[H][C@@](CO)(O)COP(OC[C@]([H])(O)COC(CCCCCCC/C=C\C/C=C\CCCCC)=O)(O)=O","1-linoleoyl-GPG (18:2)*","1-linoleoyl-GPG (18:2)*",NA,NA,"HMDB0240600",NA,NA,"LPG 18:2","LPG 18:2","LPG 18:2/0:0",54885,54885,54885,209,209,209,207774,207774,207774,"Neg","Neg","Neg",207774,54885,209,"Neg",TRUE
0.115587109963099,-0.131775464645634,1.21429670078631,0.225579010989296,0.992965231627029,-4.9786285283727,100002128,"100002128","Lipid","Pregnenolone Steroids",3315,"NAMED","OMOKWYAQVYBHMG-QUPIPBJSSA-N","O=[C@@](C)[C@@]1(O)CC[C@@]2([H])[C@]3([H])CC=C4CC(OS(=O)(O)=O)CC[C@]4(C)[C@@]3([H])CC[C@]12C","17alpha-hydroxypregnenolone 3-sulfate","17alpha-hydroxypregnenolone 3-sulfate","28901-70-4",134824,"HMDB0000416",NA,152971,NA,NA,NA,37482,37482,37482,209,209,209,151073,151073,151073,"Neg","Neg","Neg",151073,37482,209,"Neg",TRUE
0.0688266230449153,0.0031376118007204,1.20962798511362,0.227363620414091,0.992965231627029,-4.98354994385676,100015786,"100015786","Lipid","Dihydrosphingomyelins",3165,"NAMED","UGRZESKDAPEULH-ACEXITHZSA-N","CCCCCCCCCCCCCCC[C@@H](O)[C@@H](NC(CCCCCCCCCCCCCCCCCCC)=O)COP([O-])(OCC[N+](C)(C)C)=O","sphingomyelin (d18:0/20:0, d16:0/22:0)*","sphingomyelin (d18:0/20:0, d16:0/22:0)*",NA,NA,"HMDB0012090",NA,NA,"SM 38:0;O2","Unknown","Unknown",57476,57476,57476,402,402,402,211139,211139,211139,"Pos Late","Pos Late","Pos Late",211139,57476,402,"Pos Late",TRUE
0.281367784244143,-0.384276084044828,1.20918502611698,0.227533464678843,0.992965231627029,-4.98401590453669,1668,"1668","Lipid","Secondary Bile Acid Metabolism",3559,"NAMED","AWDRATDZQPNJFN-RZGBOAIJSA-N","C[C@@]12[C@@]([H])(CC[C@]2([H])[C@@H](CCC(NCCS(O)(=O)=O)=O)C)[C@@](CC[C@@]3([H])[C@@]4(CC[C@@H](O)C3)C)([H])[C@@]4([H])C[C@@H]1O","taurodeoxycholate","taurodeoxycholate","207737-97-1",2015539,"HMDB0000896","C05463",2733768,NA,NA,NA,12261,12261,12261,209,209,209,124839,124839,124839,"Neg","Neg","Neg",124839,12261,209,"Neg",TRUE
0.123991556479136,-0.0654753862352883,1.18969673024537,0.235096033522738,0.992965231627029,-5.0043490524269,100004561,"100004561","Amino Acid","Tryptophan Metabolism",281,"NAMED","LLLPDUXGHXIXIW-UHFFFAOYSA-N","OC(C1=CC=CC=C1N([H])C=O)=O","N-formylanthranilic acid","N-formylanthranilic acid","3342-77-6",91624,"HMDB0004089","C05653",101399,NA,NA,NA,43549,43549,43549,209,209,209,212072,212072,212072,"Neg","Neg","Neg",212072,43549,209,"Neg",TRUE
0.0493816109097793,-0.0617374572204452,1.1858364726448,0.236614958639311,0.992965231627029,-5.00833789568817,100009038,"100009038","Lipid","Dihydrosphingomyelins",3161,"NAMED","MJAFYELZQYPMQG-MPQUPPDSSA-N","[H][C@](NC(CCCCCCCCCCCCC)=O)(COP(OCC[N+](C)(C)C)([O-])=O)[C@@](O)([H])CCCCCCCCCCCCCCC","myristoyl dihydrosphingomyelin (d18:0/14:0)*","myristoyl dihydrosphingomyelin (d18:0/14:0)*",NA,24846886,"HMDB0012085",NA,44260138,"SM 32:0;O2","SM 18:0;O2_14:0","SM 18:0;O2/14:0",57365,57365,57365,402,402,402,210891,210891,210891,"Pos Late","Pos Late","Pos Late",210891,57365,402,"Pos Late",TRUE
0.107193610739995,-0.0897355355379828,1.17767360485888,0.239849966292088,0.992965231627029,-5.01673034519754,100002106,"100002106","Lipid","Sphingomyelins",3183,"NAMED","NBEADXWAAWCCDG-QDDWGVBQSA-N","O=C(CCCCCCC/C=C\CCCCCCCC)N[C@@](COP([O-])(OCC[N+](C)(C)C)=O)([C@](O)(/C=C/CCCCCCCCCCCCC)[H])[H]","sphingomyelin (d18:1/18:1, d18:2/18:0)","sphingomyelin (d18:1/18:1, d18:2/18:0)","108392-10-5",4947837,"HMDB0012101",NA,6443882,"SM 36:2;O2","Unknown","Unknown",37529,37529,37529,402,402,402,164200,164200,164200,"Pos Late","Pos Late","Pos Late",164200,37529,402,"Pos Late",TRUE
-0.0530795974464708,-0.00129976467004647,-1.1727878611629,0.241801115642573,0.992965231627029,-5.02172606840595,893,"893","Lipid","Long Chain Saturated Fatty Acid",1562,"NAMED","VKOBVWXKNCXXDE-UHFFFAOYSA-N","CCCCCCCCCCCCCCCCCCCC(O)=O","arachidate (20:0)","arachidate (20:0)","506-30-9",10035,"HMDB0002212","C06425",10467,NA,NA,NA,1118,1118,1118,209,209,209,125716,125716,125716,"Neg","Neg","Neg",125716,1118,209,"Neg",TRUE
0.0727846193859243,-0.0473594447534981,1.1492160465249,0.251372306258233,0.992965231627029,-5.04553959918449,100009139,"100009139","Lipid","Phosphatidylcholine (PC)",2311,"NAMED","SRQSAJRUMDQMMS-NLDJLLEISA-N","O=C(CCCCCCCCCCCCC)OC[C@]([H])(COP(OCC[N+](C)(C)C)([O-])=O)OC(CCC/C=C\C/C=C\C/C=C\C/C=C\CCCCC)=O","1-myristoyl-2-arachidonoyl-GPC (14:0/20:4)*","1-myristoyl-2-arachidonoyl-GPC (14:0/20:4)*",NA,24766559,"HMDB0007883",NA,24778634,"PC 34:4","PC 14:0_20:4","Unknown",53195,53195,53195,402,402,402,166625,166625,166625,"Pos Late","Pos Late","Pos Late",166625,53195,402,"Pos Late",TRUE
0.0469051784420809,-0.0475447002955638,1.14673063737518,0.252396760480567,0.992965231627029,-5.04802259592994,100001552,"100001552","Lipid","Lysophospholipid",2680,"NAMED","BBNHCUBQEQJHIG-FZZJNMCHSA-N","C[N+](C)(C)CCOP(OC[C@@](O)([H])COC(CCCCCC\C=C/C/C=C\C/C=C\CCCCC)=O)([O-])=O","1-dihomo-linolenoyl-GPC (20:3n3 or n6)*","1-dihomo-linolenoyl-GPC (20:3n3 or n6)*",NA,21403156,"HMDB0010394",NA,52924055,"LPC 20:3","LPC 20:3","LPC 20:3/0:0",33821,33821,33821,402,402,402,158575,158575,158575,"Pos Late","Pos Late","Pos Late",158575,33821,402,"Pos Late",TRUE
-0.0551186964227517,0.0659702365811539,-1.12064515977738,0.263325443417822,0.992965231627029,-5.07376155300834,1004,"1004","Nucleotide","Purine Metabolism, (Hypo)Xanthine/Inosine containing",4324,"NAMED","LRFVTYWOQMYALW-UHFFFAOYSA-N","O=C(N1)C(N=CN2)=C2NC1=O","xanthine","xanthine","69-89-6",1151,"HMDB0000292","C00385",1188,NA,NA,NA,3147,3147,3147,305,305,305,147146,147146,147146,"Polar","Polar","Polar",147146,3147,305,"Polar",TRUE
0.0602954729042066,-0.0292018052570128,1.11208432880341,0.266982555546794,0.992965231627029,-5.08208079309469,100000792,"100000792","Lipid","Androgenic Steroids",3405,"NAMED","CZWCKYRVOZZJNM-DYIPZHMLSA-N","[H][C@@]1(CC[C@]2(C)[C@]3(CCC2=O)[H])[C@@]4(C)C(C[C@H](OS(=O)(O)=O)CC4)=CC[C@]13[H]","dehydroepiandrosterone sulfate (DHEA-S)","dehydroepiandrosterone sulfate (DHEA-S)","651-48-9",12074,"HMDB0001032","C04555",12594,NA,NA,NA,32425,32425,32425,209,209,209,124935,124935,124935,"Neg","Neg","Neg",124935,32425,209,"Neg",TRUE
0.0494296449648134,0.00747588614841811,1.09435643634858,0.274666971382072,0.992965231627029,-5.09910739083304,100009143,"100009143","Lipid","Phosphatidylcholine (PC)",2344,"NAMED","IRWRFKUTKSUFST-MDYGELLQSA-N","O=C(CCCCCCCCCCCCCCC)OC[C@]([H])(COP(OCC[N+](C)(C)C)([O-])=O)OC(CCCCC/C=C\C/C=C\C/C=C\C/C=C\CCCCC)=O","1-palmitoyl-2-adrenoyl-GPC (16:0/22:4)*","1-palmitoyl-2-adrenoyl-GPC (16:0/22:4)*",NA,24766658,"HMDB0007988",NA,24778732,"PC 38:4","PC 16:0_22:4","Unknown",52706,52706,52706,402,402,402,165479,165479,165479,"Pos Late","Pos Late","Pos Late",165479,52706,402,"Pos Late",TRUE
-0.0900068277970192,-0.232250897774311,-1.08948774666348,0.276803592646382,0.992965231627029,-5.1037360797644,926,"926","Lipid","Medium Chain Fatty Acid",1534,"NAMED","FUZZWVXGSFPDMH-UHFFFAOYSA-N","CCCCCC(O)=O","caproate (6:0)","caproate (6:0)","142-62-1",8552,"HMDB0000535","C01585",8892,NA,NA,NA,32489,32489,32489,209,209,209,125850,125850,125850,"Neg","Neg","Neg",125850,32489,209,"Neg",TRUE
0.0700407361954991,0.0247971862086319,1.08404607092541,0.279205307812262,0.992965231627029,-5.10888517045688,519,"519","Lipid","Long Chain Saturated Fatty Acid",1552,"NAMED","TUNFSRHWOTWDNC-UHFFFAOYSA-N","OC(CCCCCCCCCCCCC)=O","myristate (14:0)","myristate (14:0)","544-63-8",10539,"HMDB0000806","C06424",11005,NA,NA,NA,1365,1365,1365,209,209,209,125728,125728,125728,"Neg","Neg","Neg",125728,1365,209,"Neg",TRUE
0.062927205430206,-0.0768967453915297,1.06885730930265,0.285983870209911,0.992965231627029,-5.1231221994276,100015792,"100015792","Lipid","Sphingomyelins",3195,"NAMED","JONXXLXMISNQNG-BXMSAMRLSA-N","[H][C@](NC(CCCCCCCCCCCCCCCCCCCCCCCC)=O)(COP(OCC[N+](C)(C)C)([O-])=O)[C@@](O)([H])/C=C/CCCCCCCCCCCCC","sphingomyelin (d18:1/25:0, d19:0/24:1, d20:1/23:0, d19:1/24:0)*","sphingomyelin (d18:1/25:0, d19:0/24:1, d20:1/23:0, d19:1/24:0)*",NA,24846885,"HMDB0240675,HMDB0240674,HMDB0240673,HMDB0240671",NA,NA,"SM 43:1;O2","Unknown","Unknown",57478,57478,57478,402,402,402,211141,211141,211141,"Pos Late","Pos Late","Pos Late",211141,57478,402,"Pos Late",TRUE
-0.0859538077522529,-0.179967310396619,-1.05498147272237,0.292273411307191,0.992965231627029,-5.13595446200324,100020864,"100020864","Lipid","Lysophospholipid",2658,"NAMED","SRRQPVVYXBTRQK-UHFFFAOYSA-N","OC(COP(OCC[N+](C)(C)C)([O-])=O)COC(CCCCCCCCCCCCCCCC)=O","1-(14 or 15)-methylpalmitoyl-GPC (a17:0 or i17:0)*","1-(14 or 15)-methylpalmitoyl-GPC (a17:0 or i17:0)*",NA,NA,NA,NA,NA,"LPC 17:0","LPC 16:0(Me)","LPC 16:0(Me)/0:0",62782,62782,62782,209,209,209,220396,220396,220396,"Neg","Neg","Neg",220396,62782,209,"Neg",TRUE
0.136939928097282,-0.0302393391090628,1.04632934239462,0.296242106900691,0.992965231627029,-5.14387170962248,100002911,"100002911","Lipid","Secondary Bile Acid Metabolism",3584,"NAMED","GHCZAUBVMUEKKP-XROMFQGDSA-N","[H][C@]1([C@H](C)CCC(NCC(O)=O)=O)CC[C@@]2([H])[C@]3([H])[C@@H](O)C[C@]4([H])C[C@H](O)CC[C@]4(C)[C@@]3([H])CC[C@@]21C","glycoursodeoxycholate","glycoursodeoxycholate","64480-66-6",19973534,"HMDB0000708",NA,12310288,NA,NA,NA,39379,39379,39379,209,209,209,143714,143714,143714,"Neg","Neg","Neg",143714,39379,209,"Neg",TRUE
0.0846621431181071,-0.0576733792087128,1.04321043557774,0.297681581970498,0.992965231627029,-5.1467098495836,100001251,"100001251","Lipid","Fatty Acid Metabolism (Acyl Carnitine, Medium Chain)",1905,"NAMED","LZOSYCMHQXPBFU-UHFFFAOYSA-N","[O-]C(CC(C[N+](C)(C)C)OC(CCCCCCCCC)=O)=O","decanoylcarnitine (C10)","decanoylcarnitine (C10)","1492-27-9",8420677,"HMDB0000651",NA,10245190,NA,NA,NA,33941,33941,33941,402,402,402,158585,158585,158585,"Pos Late","Pos Late","Pos Late",158585,33941,402,"Pos Late",TRUE
0.199972690164733,-0.472964022101051,1.02780250692814,0.304861669394834,0.992965231627029,-5.16060741670691,100000436,"100000436","Lipid","Secondary Bile Acid Metabolism",3557,"NAMED","WVULKSPCQVQLCU-BUXLTGKBSA-N","O=C(NCC(O)=O)CC[C@@H](C)[C@@H]1[C@@]2(C)[C@@H](O)C[C@]3([H])[C@@]4(C)CC[C@@H](O)C[C@@]4([H])CC[C@@]3([H])[C@@]2(CC1)[H]","glycodeoxycholate","glycodeoxycholate","360-65-6",NA,"HMDB0000631","C05464",3035026,NA,NA,NA,18477,18477,18477,209,209,209,123291,123291,123291,"Neg","Neg","Neg",123291,18477,209,"Neg",TRUE
0.130037174078998,-0.348447856366095,1.01468099035686,0.311066629401243,0.992965231627029,-5.17228092984238,100002017,"100002017","Lipid","Androgenic Steroids",3448,"NAMED","JHFAETDERBWUOO-ILBJSTGGSA-N","C[C@@]12[C@](CCC3C2CC[C@@]4(C)C3CC[C@@H]4OS(=O)(O)=O)([H])C[C@H](OS(=O)(O)=O)CC1","5alpha-androstan-3alpha,17beta-diol disulfate","5alpha-androstan-3alpha,17beta-diol disulfate",NA,NA,"HMDB0094682",NA,56639109,NA,NA,NA,37184,37184,37184,209,209,209,144264,144264,144264,"Neg","Neg","Neg",144264,37184,209,"Neg",TRUE
-0.0572928059234629,-0.0242560087733031,-1.01061360074944,0.313006916186851,0.992965231627029,-5.17586924997263,100001674,"100001674","Lipid","Lysophospholipid",2740,"NAMED","YWOCITMXHHTBAW-XSQXPFHXSA-N","OC[C@](OC(CCC\C=C/C\C=C/C/C=C\C/C=C\CCCCC)=O)([H])COP(OCCN)(O)=O","2-arachidonoyl-GPE (20:4)*","2-arachidonoyl-GPE (20:4)*",NA,NA,"HMDB0011487",NA,53480936,"LPE 20:4","LPE 20:4","LPE 0:0/20:4",32815,32815,32815,209,209,209,142522,142522,142522,"Neg","Neg","Neg",142522,32815,209,"Neg",TRUE
0.0762489017683399,0.0724797451843964,1.0079095731781,0.314301254047324,0.992965231627029,-5.1782468734987,181,"181","Lipid","Medium Chain Fatty Acid",1547,"NAMED","POULHZVOKOAJMA-UHFFFAOYSA-N","O=C(O)CCCCCCCCCCC","laurate (12:0)","laurate (12:0)","143-07-7",3756,"HMDB0000638","C02679",3893,NA,NA,NA,1645,1645,1645,209,209,209,125740,125740,125740,"Neg","Neg","Neg",125740,1645,209,"Neg",TRUE
-0.109336554916089,-0.0743368190359614,-1.00340551147301,0.316465056900659,0.992965231627029,-5.18219321230768,100015914,"100015914","Lipid","Phosphatidylcholine (PC)",2423,"NAMED","NXJAJKMUHFSWDW-LIOZOAIASA-N","O=C(CCCCCCCCCCCCCCCCCCCCCCC)OCC(COP(OCC[N+](C)(C)C)([O-])=O)OC(CCC/C=C\C/C=C\C/C=C\C/C=C\CCCCC)=O","1-lignoceroyl-2-arachidonoyl-GPC (24:0/20:4)*","1-lignoceroyl-2-arachidonoyl-GPC (24:0/20:4)*",NA,NA,"HMDB0008772",NA,NA,"PC 44:4","PC 20:4_24:0","Unknown",57602,57602,57602,402,402,402,212153,212153,212153,"Pos Late","Pos Late","Pos Late",212153,57602,402,"Pos Late",TRUE
0.169605806545536,-0.389946215200297,0.997398515284588,0.319366139064066,0.992965231627029,-5.18742908178107,100001743,"100001743","Amino Acid","Tryptophan Metabolism",271,"NAMED","AOHCBEAZXHZMOR-ZDUSSCGKSA-N","O=C([O-])[C@@H]([N@+](C)(C)C)CC1=CNC2=C1C=CC=C2","tryptophan betaine","tryptophan betaine","20671-76-5",390633,"HMDB0061115","C09213",442106,NA,NA,NA,37097,37097,37097,400,400,400,156317,156317,156317,"Pos Early","Pos Early","Pos Early",156317,37097,400,"Pos Early",TRUE
0.0237346880244299,-0.0250925010318389,0.996615467370855,0.319745342736386,0.992965231627029,-5.18810950995179,100001271,"100001271","Lipid","Lysophospholipid",2661,"NAMED","IHNKQIMGVNPMTC-RUZDIDTESA-N","O[C@H](COC(CCCCCCCCCCCCCCCCC)=O)COP(OCC[N+](C)(C)C)([O-])=O","1-stearoyl-GPC (18:0)","1-stearoyl-GPC (18:0)","19420-57-6",435389,"HMDB0010384",NA,497300,"LPC 18:0","LPC 18:0","LPC 18:0/0:0",33961,33961,33961,402,402,402,158603,158603,158603,"Pos Late","Pos Late","Pos Late",158603,33961,402,"Pos Late",TRUE
0.0738540259205482,0.000772658386037728,0.992345899943446,0.321819801583672,0.992965231627029,-5.19180892142786,100002027,"100002027","Lipid","Androgenic Steroids",3436,"NAMED","VPDALJSLCNNODJ-IUIQAQCZSA-N","O[C@@H]1CCC2C3CCC4=CC(OS(=O)(O)=O)CC[C@]4(C)C3CC[C@@]21C","androstenediol (3alpha, 17alpha) monosulfate (3)","androstenediol (3alpha, 17alpha) monosulfate (3)",NA,NA,NA,NA,NA,NA,NA,NA,37209,37209,37209,209,209,209,144214,144214,144214,"Neg","Neg","Neg",144214,37209,209,"Neg",TRUE
-0.100916781096332,-0.0832864142073382,-0.987194757604017,0.324334008129825,0.992965231627029,-5.19625143708668,100002014,"100002014","Lipid","Progestin Steroids",3342,"NAMED","ZIVKBPVUJZDVBI-MHACIFFSSA-N","C[C@@]12[C@](CCC3C2CC[C@@]4(C)C3CCC4[C@](C)([H])O)([H])C[C@@H](OS(=O)(O)=O)CC1","5alpha-pregnan-3beta,20alpha-diol monosulfate (2)","5alpha-pregnan-3beta,20alpha-diol monosulfate (2)",NA,NA,NA,NA,NA,NA,NA,NA,37200,37200,37200,209,209,209,144283,144283,144283,"Neg","Neg","Neg",144283,37200,209,"Neg",TRUE
0.160935428579523,-0.466127087637958,0.958709988209368,0.338468431789641,0.992965231627029,-5.22040316116929,100020542,"100020542","Lipid","Androgenic Steroids",3425,"NAMED","BRPLOVMHAFXVOQ-KXVRARTKSA-N","O[C@@H]1[C@@]2([H])[C@](CCC3[C@]2(C)CC[C@H](O[C@@H]4O[C@H](C(O)=O)[C@@H](O)[C@H](O)[C@H]4O)C3)([H])[C@@]5([H])[C@](C(CC5)=O)(C)C1","11beta-hydroxyetiocholanolone glucuronide*","11beta-hydroxyetiocholanolone glucuronide*","17181-15-6",NA,NA,NA,NA,NA,NA,NA,64418,64418,64418,209,209,209,237607,237607,237607,"Neg","Neg","Neg",237607,64418,209,"Neg",TRUE
-0.152788072939998,-0.412847283269115,-0.94850811312024,0.343625941745883,0.992965231627029,-5.22888235456744,100000445,"100000445","Xenobiotics","Xanthine Metabolism",4797,"NAMED","YAPQBXQYLJRXSA-UHFFFAOYSA-N","CN1C=NC(N(C(N2)=O)C)=C1C2=O","theobromine","theobromine","83-67-0",5236,"HMDB0002825","C07480",5429,NA,NA,NA,18392,18392,18392,400,400,400,155668,155668,155668,"Pos Early","Pos Early","Pos Early",155668,18392,400,"Pos Early",TRUE
0.0871102761639673,-0.175943759737587,0.945015204773044,0.345403295801014,0.992965231627029,-5.2317647464825,100001987,"100001987","Lipid","Androgenic Steroids",3454,"NAMED","JHFAETDERBWUOO-ARKAXQQOSA-N","C[C@@]12[C@](CCC3C2CC[C@@]4(C)C3CC[C@@H]4OS(=O)(O)=O)([H])C[C@@H](OS(=O)(O)=O)CC1","5alpha-androstan-3beta,17beta-diol disulfate","5alpha-androstan-3beta,17beta-diol disulfate","571-20-0",NA,"HMDB00493","C12525",90186325,NA,NA,NA,37190,37190,37190,209,209,209,144226,144226,144226,"Neg","Neg","Neg",144226,37190,209,"Neg",TRUE
0.0385386408314954,0.0298548969828529,0.94312222473793,0.34636898836205,0.992965231627029,-5.23332244363726,100002060,"100002060","Lipid","Lysophospholipid",2751,"NAMED","XEVRBOQZSXWGQO-FJXNLOIUSA-N","NCCOP(OC[C@](O)([H])COC(CC\C=C/C/C=C\C/C=C\C/C=C\C/C=C\C/C=C\CC)=O)(O)=O","1-docosahexaenoyl-GPE (22:6)*","1-docosahexaenoyl-GPE (22:6)*",NA,NA,"HMDB0011526",NA,NA,"LPE 22:6","LPE 22:6","LPE 22:6/0:0",44633,44633,44633,402,402,402,159616,159616,159616,"Pos Late","Pos Late","Pos Late",159616,44633,402,"Pos Late",TRUE
0.0245242633263286,0.0199525410216176,0.921997362933162,0.357262506633991,0.992965231627029,-5.25049534641276,100006294,"100006294","Lipid","Sphingomyelins",3170,"NAMED","FJJANLYCZUNFSE-TWKUQIQBSA-N","CCCCCCCCCCCCC/C=C/[C@@H](O)[C@@H](NC(CCCCCCCCCCCCCCCCCCCCC)=O)COP([O-])(OCC[N+](C)(C)C)=O","behenoyl sphingomyelin (d18:1/22:0)*","behenoyl sphingomyelin (d18:1/22:0)*",NA,24846873,"HMDB0012103",NA,44260125,"SM 40:1;O2","SM 18:1;O2_22:0","SM 18:1;O2/22:0",48492,48492,48492,402,402,402,164533,164533,164533,"Pos Late","Pos Late","Pos Late",164533,48492,402,"Pos Late",TRUE
0.0432687374981511,-0.0070765291042507,0.918500270048061,0.359086834999829,0.992965231627029,-5.25330068929251,100001654,"100001654","Lipid","Lysophospholipid",2786,"NAMED","LXUGKKVCSTYZFK-OSKOXSHBSA-N","[H]C(C(O)(C(O)([C@](O)1[H])[H])[H])([C@@](OP(O)(OC[C@@]([H])(COC(CCC/C=C\C/C=C\C/C=C\C/C=C\CCCCC)=O)O)=O)([C@]1(O)[H])[H])O","1-arachidonoyl-GPI (20:4)*","1-arachidonoyl-GPI (20:4)*",NA,NA,"HMDB0061690",NA,121596217,"LPI 20:4","LPI 20:4","LPI 20:4/0:0",34214,34214,34214,209,209,209,142524,142524,142524,"Neg","Neg","Neg",142524,34214,209,"Neg",TRUE
0.077788333850976,0.0427615961813837,0.91566746238263,0.360568740442749,0.992965231627029,-5.2555655445915,100015593,"100015593","Lipid","Phosphatidylethanolamine (PE)",2486,"NAMED","DPRXQVIZBLENFV-UFHXWEBOSA-N","CCCCCCCCCCCCCCCCCC(OCC(OC(CC/C=C/C/C=C/C/C=C/C/C=C/C/C=C/CCCCC)=O)COP(O)(OCCN)=O)=O","1-stearoyl-2-docosapentaenoyl-GPE (18:0/22:5n6)*","1-stearoyl-2-docosapentaenoyl-GPE (18:0/22:5n6)*",NA,NA,"HMDB0009010",NA,53479611,"PE 40:5","PE 18:0_22:5(4,7,10,13,16)","Unknown",57338,57338,57338,402,402,402,210839,210839,210839,"Pos Late","Pos Late","Pos Late",210839,57338,402,"Pos Late",TRUE
0.0386970000726773,0.0511483124234907,0.902884293665981,0.367303565825077,0.992965231627029,-5.26569950628179,892,"892","Lipid","Long Chain Saturated Fatty Acid",1561,"NAMED","ISYWECDDZWTKFF-UHFFFAOYSA-N","CCCCCCCCCCCCCCCCCCC(O)=O","nonadecanoate (19:0)","nonadecanoate (19:0)","646-30-0",12071,"HMDB0000772","C16535",12591,NA,NA,NA,1356,1356,1356,209,209,209,125722,125722,125722,"Neg","Neg","Neg",125722,1356,209,"Neg",TRUE
-0.0328958234379128,-0.0407261034606734,-0.900045803262586,0.368809901852648,0.992965231627029,-5.26793030739622,100009019,"100009019","Lipid","Plasmalogen",2850,"NAMED","GBNPCIWXLWZJGA-ADTCAWDJSA-N","CCCCCCCCCCCCCCCCCCOCC(OC(CCC/C=C/C/C=C/C/C=C/C/C=C/CCCCC)=O)COP([O-])(OCC[N+](C)(C)C)=O","1-stearyl-2-arachidonoyl-GPC (O-18:0/20:4)*","1-stearyl-2-arachidonoyl-GPC (O-18:0/20:4)*",NA,NA,"HMDB0013420",NA,NA,"PC O-38:4","PC O-18:0_20:4","PC O-18:0/20:4",57333,57333,57333,402,402,402,210831,210831,210831,"Pos Late","Pos Late","Pos Late",210831,57333,402,"Pos Late",TRUE
0.133496168155497,-0.04540095667761,0.899055082608974,0.36933649493735,0.992965231627029,-5.26870734563989,100003926,"100003926","Lipid","Fatty Acid Metabolism (Acyl Carnitine, Hydroxy)",1964,"NAMED","UEFRDQSMQXDWTO-UHFFFAOYSA-N","CC(CC(OC(C[N+](C)(C)C)CC([O-])=O)=O)O","(R)-3-hydroxybutyrylcarnitine","(R)-3-hydroxybutyrylcarnitine",NA,NA,"HMDB0062735",NA,53481617,NA,NA,NA,43264,43264,43264,400,400,400,156990,156990,156990,"Pos Early","Pos Early","Pos Early",156990,43264,400,"Pos Early",TRUE
-0.0758669138036231,-0.174678052208751,-0.89771133404395,0.370051481599638,0.992965231627029,-5.26975991003953,100001103,"100001103","Amino Acid","Glutamate Metabolism",56,"NAMED","ZGEYCCHDTIDZAE-UHFFFAOYSA-N","O=C(CCC(C(O)=O)N)OC","glutamate, gamma-methyl ester","glutamate, gamma-methyl ester","1499-55-4,1499-55-4",66546,"HMDB0061715",NA,68662,NA,NA,NA,33487,33487,33487,400,400,400,156024,156024,156024,"Pos Early","Pos Early","Pos Early",156024,33487,400,"Pos Early",FALSE
0.0325105780936291,-0.019089557744093,0.89522937101961,0.37137436396392,0.992965231627029,-5.27169992825702,100005985,"100005985","Lipid","Sphingomyelins",3178,"NAMED","SOWIKWJDPCEPOJ-IOBWIPHESA-N","CCCC/C=C/CCCCCCCC(N[C@@](COP([O-])(OCC[N+](C)(C)C)=O)([C@](O)(/C=C/CCCCCCCCCCCCC)[H])[H])=O","sphingomyelin (d18:2/14:0, d18:1/14:1)*","sphingomyelin (d18:2/14:0, d18:1/14:1)*",NA,NA,"HMDB0240637,HMDB0240612",NA,NA,"SM 32:2;O2","Unknown","Unknown",47154,47154,47154,402,402,402,164532,164532,164532,"Pos Late","Pos Late","Pos Late",164532,47154,402,"Pos Late",TRUE
-0.123167686711631,-0.22724757047187,-0.889702822820881,0.374330581028897,0.992965231627029,-5.27600055542955,100006173,"100006173","Lipid","Progestin Steroids",3356,"NAMED","MENQCIVHHONJLU-GQCBXAOTSA-N","C[C@]12C(C3CC[C@@]4(C[C@@H](CC[C@@]4(C3CC2)C)OS(=O)(O)=O)[H])CCC1C(C)=O","pregnanolone/allopregnanolone sulfate","pregnanolone/allopregnanolone sulfate",NA,NA,"HMDB0240591,HMDB0062782","C05480",31402129699967,NA,NA,NA,48394,48394,48394,209,209,209,154288,154288,154288,"Neg","Neg","Neg",154288,48394,209,"Neg",TRUE
0.0244371440712731,-0.0368468196187209,0.88609603826001,0.376267533409688,0.992965231627029,-5.2787931919764,1538,"1538","Lipid","Sphingomyelins",3169,"NAMED","LKQLRGMMMAHREN-YJFXYUILSA-N","CCCCCCCCCCCCCCCCCC(N[C@@](COP([O-])(OCC[N+](C)(C)C)=O)([C@](O)(/C=C/CCCCCCCCCCCCC)[H])[H])=O","stearoyl sphingomyelin (d18:1/18:0)","stearoyl sphingomyelin (d18:1/18:0)","85187-10-6,85187-10-6",4956085,"HMDB0001348","C00550",6453725,"SM 36:1;O2","SM 18:1;O2_18:0","SM 18:1;O2/18:0",19503,19503,19503,402,402,402,164530,164530,164530,"Pos Late","Pos Late","Pos Late",164530,19503,402,"Pos Late",TRUE
0.0472029048398659,-0.0327518754194976,0.879814326616401,0.379656430455511,0.992965231627029,-5.28362947768187,100015689,"100015689","Lipid","Phosphatidylcholine (PC)",2332,"NAMED","QAPGDFJIZLYEBT-DYMXKLMASA-N","O=C(CCCCCCCCCCCCCCC)OCC(COP(OCC[N+](C)(C)C)([O-])=O)OC(C(O)CCCCCC/C=C\C/C=C\CCCCC)=O","1-palmitoyl-2-(hydroxylinoleoyl)-GPC (16:0/18:2(OH))*","1-palmitoyl-2-(hydroxylinoleoyl)-GPC (16:0/18:2(OH))*",NA,NA,NA,NA,NA,"PC 34:2;O","PC 16:0_18:2;O","Unknown",57415,57415,57415,402,402,402,211066,211066,211066,"Pos Late","Pos Late","Pos Late",211066,57415,402,"Pos Late",TRUE
-0.0296390821395008,-0.0298654824993958,-0.876240513743124,0.38159271524571,0.992965231627029,-5.28636579970197,1002,"1002","Nucleotide","Purine Metabolism, (Hypo)Xanthine/Inosine containing",4336,"NAMED","POJWUDADGALRAB-UHFFFAOYSA-N","O=C(N1)C(NC(N)=O)NC1=O","allantoin","allantoin","97-59-6",199,"HMDB0000462","C02348,C01551,C02350",439714204439713,NA,NA,NA,1107,1107,1107,305,305,305,146424,146424,146424,"Polar","Polar","Polar",146424,1107,305,"Polar",TRUE
-0.132409013988396,-0.62812412737511,-0.875152958889846,0.382182935168007,0.992965231627029,-5.28719649777954,100006005,"100006005","Lipid","Androgenic Steroids",3447,"NAMED","LERFMBCTNMFXCT-ILBJSTGGSA-N","C[C@@]12[C@](CCC3C2CC[C@@]4(C)C3CC[C@@H]4O)([H])C[C@H](OS(=O)(O)=O)CC1","5alpha-androstan-3alpha,17beta-diol monosulfate (2)","5alpha-androstan-3alpha,17beta-diol monosulfate (2)",NA,NA,NA,NA,121596225,NA,NA,NA,37185,37185,37185,209,209,209,144272,144272,144272,"Neg","Neg","Neg",144272,37185,209,"Neg",TRUE
0.147477239986236,-0.355940230852846,0.854124823350497,0.393709902167882,0.992965231627029,-5.30305254099316,100020259,"100020259","Partially Characterized Molecules","Partially Characterized Molecules",6709,"NAMED",NA,NA,"glutamine conjugate of C7H12O2*","glutamine conjugate of C7H12O2*",NA,NA,NA,NA,NA,NA,NA,NA,63658,63658,63658,209,209,209,223041,223041,223041,"Neg","Neg","Neg",223041,63658,209,"Neg",FALSE
-0.065839457768047,-0.0923261636780484,-0.85185172841972,0.394968464218817,0.992965231627029,-5.30474359635791,100001776,"100001776","Lipid","Lysophospholipid",2727,"NAMED","SVRBKLJIDJHADS-HZJYTTRNSA-N","O=P(OCC(OC(CCCCCCC/C=C\C/C=C\CCCCC)=O)CO)(O)OCCN","2-linoleoyl-GPE (18:2)*","2-linoleoyl-GPE (18:2)*",NA,NA,"HMDB0011477",NA,NA,"LPE 18:2","LPE 18:2","LPE 0:0/18:2",36593,36593,36593,209,209,209,142534,142534,142534,"Neg","Neg","Neg",142534,36593,209,"Neg",TRUE
-0.0363050877544729,-0.02533763874692,-0.851618992334172,0.395097462827347,0.992965231627029,-5.30491648602562,100001948,"100001948","Energy","TCA Cycle",1487,"NAMED","HAEVNYBCYZZDFL-UHFFFAOYSA-N","[O-]C(CC(C[N+](C)(C)C)OC(CCC(O)=O)=O)=O","succinylcarnitine (C4-DC)","succinylcarnitine (C4-DC)","256928-74-2",28639166,"HMDB0061717",NA,71464481,NA,NA,NA,37058,37058,37058,400,400,400,156287,156287,156287,"Pos Early","Pos Early","Pos Early",156287,37058,400,"Pos Early",TRUE
0.0183779349126409,0.00804094253370859,0.844747383245057,0.398917501052399,0.992965231627029,-5.31000013058082,100008957,"100008957","Lipid","Sphingomyelins",3194,"NAMED","TXFLWJQVQCDUDZ-BRUGZULGSA-N","[H][C@](NC(CCCCCCCCCCCCC/C=C\CCCCCCCC)=O)(COP(OCC[N+](C)(C)C)([O-])=O)[C@@](O)([H])/C=C/CCCCCCCC/C=C\CCC","sphingomyelin (d18:2/24:1, d18:1/24:2)*","sphingomyelin (d18:2/24:1, d18:1/24:2)*",NA,NA,"HMDB0240636,HMDB0240615",NA,85336023,"SM 42:3;O2","Unknown","Unknown",52437,52437,52437,402,402,402,164561,164561,164561,"Pos Late","Pos Late","Pos Late",164561,52437,402,"Pos Late",TRUE
0.050224912621372,-0.105113492004053,0.838687064866687,0.402305406238428,0.992965231627029,-5.31444921374592,100001882,"100001882","Lipid","Hexosylceramides (HCER)",3121,"NAMED","YMYQEDCYNANIPI-OQRGLTFYSA-N","OC1C(CO)OC(OC[C@H](NC(CCCCCCCCCCCCCCCCC)=O)[C@H](O)/C=C/CCCCCCCCCCCCC)C(O)C1O","glycosyl-N-stearoyl-sphingosine (d18:1/18:0)","glycosyl-N-stearoyl-sphingosine (d18:1/18:0)",NA,NA,NA,NA,NA,"HexCer 36:1;O2","HexCer 18:1;O2_18:0","HexCer 18:1;O2/18:0",52234,52234,52234,402,402,402,164199,164199,164199,"Pos Late","Pos Late","Pos Late",164199,52234,402,"Pos Late",TRUE
0.0305089778387166,0.0349423019717163,0.837862480971007,0.402767470297638,0.992965231627029,-5.31505232681493,823,"823","Carbohydrate","Glycolysis, Gluconeogenesis, and Pyruvate Metabolism",1278,"NAMED","LCTONWCANYUPML-UHFFFAOYSA-N","CC(C(O)=O)=O","pyruvate","pyruvate","127-17-3",96901,"HMDB0000243","C00022",1060,NA,NA,NA,48990,48990,48990,305,305,305,160586,160586,160586,"Polar","Polar","Polar",160586,48990,305,"Polar",TRUE
0.0483983879979137,-0.00680126809720223,0.835443162923817,0.404125835838266,0.992965231627029,-5.31681768181977,100008993,"100008993","Lipid","Phosphatidylinositol (PI)",2584,"NAMED","KIQYUSYSJTUGFZ-LSLODQAYSA-N","O=C(CCCCCCCCCCCCCCC)OC[C@@]([H])(OC(CCC/C=C\C/C=C\C/C=C\C/C=C\CCCCC)=O)COP(O[C@H]1[C@H](O)[C@@H](O)[C@H](O)[C@@H](O)[C@H]1O)(O)=O","1-palmitoyl-2-arachidonoyl-GPI (16:0/20:4)*","1-palmitoyl-2-arachidonoyl-GPI (16:0/20:4)*",NA,24767674,"HMDB0009789",NA,NA,"PI 36:4","PI 16:0_20:4","Unknown",52467,52467,52467,402,402,402,208085,208085,208085,"Pos Late","Pos Late","Pos Late",208085,52467,402,"Pos Late",TRUE
-0.0933243939023727,-0.339608670215382,-0.834079412422784,0.404892629178547,0.992965231627029,-5.31781066984572,100020360,"100020360","Amino Acid","Tryptophan Metabolism",286,"NAMED","BXZSKDOPGDPDEG-UHFFFAOYSA-N","OC1=CC(C(O)=O)=NC(C1=CC=C2)=C2OC","8-methoxykynurenate","8-methoxykynurenate","2929-14-8",68710,"HMDB0060426","C05830",76230,NA,NA,NA,62955,62955,62955,209,209,209,220839,220839,220839,"Neg","Neg","Neg",220839,62955,209,"Neg",TRUE
0.0191797795084458,-0.0489169931033591,0.828256767655038,0.408176129931855,0.992965231627029,-5.32203235113637,565,"565","Amino Acid","Tryptophan Metabolism",261,"NAMED","QIVBCDIJIAJPQS-VIFPVBQESA-N","O=C(O)[C@@H](N)CC1=CNC2=C1C=CC=C2","tryptophan","tryptophan","73-22-3",6066,"HMDB0000929","C00078",6305,NA,NA,NA,54,54,54,400,400,400,155294,155294,155294,"Pos Early","Pos Early","Pos Early",155294,54,400,"Pos Early",TRUE
0.0145240696344297,0.00496989477423987,0.828141576786519,0.408241252830509,0.992965231627029,-5.32211556910782,100008980,"100008980","Lipid","Phosphatidylcholine (PC)",2370,"NAMED","FORFDCPQKJHEBF-JEFUZMEDSA-N","CCCCCCCCCCCCCCCCCC(OCC(OC(CCCCCCC/C=C/C/C=C/CCCCC)=O)COP([O-])(OCC[N+](C)(C)C)=O)=O","1-stearoyl-2-linoleoyl-GPC (18:0/18:2)*","1-stearoyl-2-linoleoyl-GPC (18:0/18:2)*",NA,NA,"HMDB0008039",NA,6441487,"PC 36:2","PC 18:0_18:2","Unknown",52452,52452,52452,402,402,402,165115,165115,165115,"Pos Late","Pos Late","Pos Late",165115,52452,402,"Pos Late",TRUE
0.0428305254415544,-0.0692735775856579,0.82423169527606,0.41045558910957,0.992965231627029,-5.32493318478149,100001569,"100001569","Lipid","Lysophospholipid",2724,"NAMED","PYVRVRFVLRNJLY-MZMPXXGTSA-N","O=P(OCC[NH3+])([O-])OC[C@H](O)COC(CCCCCCC\C=C/CCCCCCCC)=O","1-oleoyl-GPE (18:1)","1-oleoyl-GPE (18:1)","89576-29-4",7826021,"HMDB0011506",NA,9547071,"LPE 18:1","LPE 18:1","LPE 18:1/0:0",35628,35628,35628,402,402,402,158745,158745,158745,"Pos Late","Pos Late","Pos Late",158745,35628,402,"Pos Late",TRUE
-0.0394064720983326,0.0465731315291738,-0.823572810802915,0.410829413686667,0.992965231627029,-5.32540672927711,100008916,"100008916","Lipid","Phosphatidylcholine (PC)",2384,"NAMED","FAUYAENFVCNTAL-PFFNLMTBSA-N","O=C(CC/C=C\C/C=C\C/C=C\C/C=C\C/C=C\C/C=C\CC)O[C@H](COC(CCCCCCCCCCCCCCCCC)=O)CO[P](OCC[N+](C)(C)C)([O-])=O","1-stearoyl-2-docosahexaenoyl-GPC (18:0/22:6)","1-stearoyl-2-docosahexaenoyl-GPC (18:0/22:6)","59403-52-0",NA,"HMDB0008057",NA,24778876,"PC 40:6","PC 18:0_22:6","Unknown",52611,52611,52611,402,402,402,165343,165343,165343,"Pos Late","Pos Late","Pos Late",165343,52611,402,"Pos Late",TRUE
0.031090178891271,-0.0226680196890548,0.818004550184821,0.413996727677466,0.992965231627029,-5.32939362600007,100015787,"100015787","Lipid","Sphingomyelins",3184,"NAMED","HAFQHLHNPJDAGB-MAJDXUCPSA-N","CCCCCCCCCCCCCCCCCCC(N[C@H]([C@H](O)/C=C/CCCCCCCCCCCCC)COP([O-])(OCC[N+](C)(C)C)=O)=O","sphingomyelin (d18:1/19:0, d19:1/18:0)*","sphingomyelin (d18:1/19:0, d19:1/18:0)*",NA,NA,NA,NA,NA,"SM 37:1;O2","Unknown","Unknown",57475,57475,57475,402,402,402,211138,211138,211138,"Pos Late","Pos Late","Pos Late",211138,57475,402,"Pos Late",TRUE
0.120061543851131,0.0779777933488752,0.817404074447594,0.41433915293816,0.992965231627029,-5.32982196141796,1629,"1629","Lipid","Primary Bile Acid Metabolism",3530,"NAMED","BHTRKEVKTKCXOH-BJLOMENOSA-N","C[C@@]12[C@@]([H])(CC[C@@]2([C@@H](CCC(NCCS(O)(=O)=O)=O)C)[H])[C@@]([C@@H](C[C@]3([H])C[C@H](O)CC4)O)([H])[C@]([C@]34C)([H])CC1","taurochenodeoxycholate","taurochenodeoxycholate","6009-98-9",343282,"HMDB0000951","C05465",387316,NA,NA,NA,18494,18494,18494,209,209,209,124667,124667,124667,"Neg","Neg","Neg",124667,18494,209,"Neg",TRUE
0.034772560171331,-0.0612385708118922,0.812086698274051,0.417378760990455,0.992965231627029,-5.33360133050744,1111,"1111","Amino Acid","Tyrosine Metabolism",208,"NAMED","CGQCWMIAEPEHNQ-UHFFFAOYSA-N","OC(C(O)=O)C1=CC=C(O)C(OC)=C1","vanillylmandelate (VMA)","vanillylmandelate (VMA)","55-10-7",1207,"HMDB0000291","C05584",1245,NA,NA,NA,1567,1567,1567,209,209,209,124579,124579,124579,"Neg","Neg","Neg",124579,1567,209,"Neg",FALSE
0.0401273058663248,-0.00268089180676102,0.811950735261023,0.417456655242577,0.992965231627029,-5.33369764552212,100020276,"100020276","Lipid","Sphingomyelins",3176,"NAMED","VDFACZRLDXDTEB-WSYRTZMQSA-N","CCCCCCCCCCC/C=C/[C@@H](O)[C@@H](NC(CCCCCCCCCCCCCC)=O)COP(OCC[N+](C)(C)C)([O-])=O","sphingomyelin (d17:1/14:0, d16:1/15:0)*","sphingomyelin (d17:1/14:0, d16:1/15:0)*",NA,NA,NA,NA,NA,"SM 31:1;O2","Unknown","Unknown",62152,62152,62152,402,402,402,219058,219058,219058,"Pos Late","Pos Late","Pos Late",219058,62152,402,"Pos Late",TRUE
0.0355184252158454,-0.0711016364057427,0.80622921322652,0.420742319692368,0.992965231627029,-5.33773620948009,100001511,"100001511","Lipid","Lysophospholipid",2652,"NAMED","LFUDDCMNKWEORN-KHPPLWFESA-N","O=P(OCC[N+](C)(C)C)([O-])OCC(O)COC(CCCCCCC/C=C\CCCCCC)=O","1-palmitoleoyl-GPC (16:1)*","1-palmitoleoyl-GPC (16:1)*",NA,21403152,"HMDB0010383",NA,24779461,"LPC 16:1","LPC 16:1","LPC 16:1/0:0",33230,33230,33230,402,402,402,158553,158553,158553,"Pos Late","Pos Late","Pos Late",158553,33230,402,"Pos Late",TRUE
-0.0720310269506629,-0.0814004549969211,-0.803447751976709,0.422345164721987,0.992965231627029,-5.33968919885004,100009078,"100009078","Lipid","Phosphatidylethanolamine (PE)",2489,"NAMED","GKAFCSRKMWFPSJ-RJXNKANHSA-N","O=C(CCCCCCC/C=C\CCCCCCCC)OC[C@]([H])(COP(OCCN)(O)=O)OC(CCCCCCC/C=C\C/C=C\CCCCC)=O","1-oleoyl-2-linoleoyl-GPE (18:1/18:2)*","1-oleoyl-2-linoleoyl-GPE (18:1/18:2)*",NA,7825703,"HMDB0005349",NA,9546753,"PE 36:3","PE 18:1_18:2","Unknown",52687,52687,52687,402,402,402,165457,165457,165457,"Pos Late","Pos Late","Pos Late",165457,52687,402,"Pos Late",TRUE
0.0646458976069062,-0.0835986857476525,0.802346215889572,0.422980913852193,0.992965231627029,-5.34046079399124,100001993,"100001993","Lipid","Pregnenolone Steroids",3328,"NAMED","RKYCGXFEFAPXIP-BWUXAKENSA-N","C[C@@]12C(CCC3C2CC[C@@]4(C)C3CCC4C(OS(=O)(O)=O)C)=CC(OS(=O)(O)=O)CC1","pregnenediol disulfate (C21H34O8S2)*","pregnen-diol disulfate*",NA,NA,NA,NA,NA,NA,NA,NA,32562,32562,32562,209,209,209,149820,149820,149820,"Neg","Neg","Neg",149820,32562,209,"Neg",TRUE
0.0423183887004785,-0.0583094115397513,0.79996562836804,0.424356786763727,0.992965231627029,-5.34212473003686,100021103,"100021103","Lipid","Pregnenolone Steroids",3329,"NAMED","HIYOTPJZDPVBTL-HXOPQMAFSA-N","O[C@H]1C2=C[C@@H](OS(=O)(O)=O)CC[C@]2(C)C3CC[C@@]4(C)C(CCC4[C@H](O)C)C3C1","pregnenetriol sulfate*","pregnenetriol sulfate*",NA,NA,NA,NA,129671303,NA,NA,NA,62922,62922,62922,209,209,209,220778,220778,220778,"Neg","Neg","Neg",220778,62922,209,"Neg",TRUE
-0.0838652572148668,-0.0817089066608006,-0.797347171122498,0.425873170076231,0.992965231627029,-5.34394924462712,100010937,"100010937","Lipid","Diacylglycerol",3002,"NAMED","LWXLWRXRJKMNLM-XBUMEPTLSA-N","CCCCCCCC/C=C/CCCCCCCC(OCC(OC(CCC/C=C/C/C=C/C/C=C/C/C=C/CCCCC)=O)CO)=O","oleoyl-arachidonoyl-glycerol (18:1/20:4) [2]*","oleoyl-arachidonoyl-glycerol (18:1/20:4) [2]*",NA,NA,"HMDB0007508",NA,9543786,"DG 38:5","DG 18:1_20:4","Unknown",54961,54961,54961,402,402,402,208046,208046,208046,"Pos Late","Pos Late","Pos Late",208046,54961,402,"Pos Late",TRUE
0.144282007759157,-0.19758137121213,0.791445539649024,0.429302512462242,0.992965231627029,-5.34803961034226,100021712,"100021712","Lipid","Secondary Bile Acid Metabolism",3552,"NAMED","GMRIQHBJNVMHJA-LLQZFEROSA-N","O[C@H]1C[C@]2([H])[C@]([C@@]3([H])C[C@H](OS(O)(=O)=O)[C@@]4(C)[C@](CC[C@@]4([C@H](C)CCC(O)=O)[H])([H])[C@]3([H])CC2)(C)CC1","deoxycholic acid 12-sulfate*","deoxycholic acid 12-sulfate*",NA,NA,NA,NA,NA,NA,NA,NA,63688,63688,63688,209,209,209,223114,223114,223114,"Neg","Neg","Neg",223114,63688,209,"Neg",TRUE
0.0524248091554453,0.029721198882991,0.7908376153524,0.42965668139523,0.992965231627029,-5.34845923872548,100008984,"100008984","Lipid","Phosphatidylcholine (PC)",2324,"NAMED","QIBZFHLFHCIUOT-HTXNQAPBSA-N","CCCCCCCCCCCCCCCC(OCC(OC(CCCCCCC/C=C/CCCCCC)=O)COP([O-])(OCC[N+](C)(C)C)=O)=O","1-palmitoyl-2-palmitoleoyl-GPC (16:0/16:1)*","1-palmitoyl-2-palmitoleoyl-GPC (16:0/16:1)*",NA,NA,"HMDB0007969",NA,6443788,"PC 32:1","PC 16:0_16:1","Unknown",52470,52470,52470,402,402,402,165143,165143,165143,"Pos Late","Pos Late","Pos Late",165143,52470,402,"Pos Late",TRUE
-0.0652841803187366,0.0463754332639067,-0.788465801900904,0.431040099661276,0.992965231627029,-5.35009334782708,100009343,"100009343","Lipid","Phosphatidylcholine (PC)",2405,"NAMED","HZGAVPNEGHQJID-UNBCHYIMSA-N","O=C(CCCCCCC/C=C\C/C=C\CCCCC)OC[C@]([H])(COP(OCC[N+](C)(C)C)([O-])=O)OC(CCCCCCC/C=C\C/C=C\C/C=C\CC)=O","1-linoleoyl-2-linolenoyl-GPC (18:2/18:3)*","1-linoleoyl-2-linolenoyl-GPC (18:2/18:3)*",NA,24766802,"HMDB0008141",NA,52922731,"PC 36:5","PC 18:2_18:3","Unknown",53176,53176,53176,402,402,402,166602,166602,166602,"Pos Late","Pos Late","Pos Late",166602,53176,402,"Pos Late",TRUE
-0.0225794608281495,-0.0434622868915922,-0.78237354640318,0.434605237588162,0.992965231627029,-5.35426852302433,252,"252","Energy","TCA Cycle",1488,"NAMED","KDYFGRWQOYBRFD-UHFFFAOYSA-N","OC(CCC(O)=O)=O","succinate","succinate","110-15-6",1078,"HMDB0000254","C00042",1110,NA,NA,NA,1437,1437,1437,305,209,305,147106,125975,147106,"Polar","Neg","Polar",147106,1437,305,"Polar",TRUE
0.0155388797621799,-0.0148440423194728,0.775807396718636,0.438467003294011,0.992965231627029,-5.35873217343101,100006295,"100006295","Lipid","Sphingomyelins",3190,"NAMED","VBFKEZGCUWHGSK-ADSSWVSQSA-N","CCCCCCCCCCCCC/C=C/[C@@H](O)[C@@H](NC(CCCCCCCCCCC/C=C\CCCCCCCC)=O)COP([O-])(OCC[N+](C)(C)C)=O","sphingomyelin (d18:1/22:1, d18:2/22:0, d16:1/24:1)*","sphingomyelin (d18:1/22:1, d18:2/22:0, d16:1/24:1)*",NA,29368329,"HMDB0012104",NA,NA,"SM 40:2;O2","Unknown","Unknown",48493,48493,48493,402,402,402,164535,164535,164535,"Pos Late","Pos Late","Pos Late",164535,48493,402,"Pos Late",TRUE
0.0257531478596877,-0.0193277769744547,0.775387646680027,0.438714737495575,0.992965231627029,-5.35901606233754,100009272,"100009272","Lipid","Hexosylceramides (HCER)",3120,"NAMED","VJLLLMIZEJJZTE-NNTBDIJYSA-N","[H][C@](O)([C@@](NC(CCCCCCCCCCCCCCC)=O)(CO[C@@H]1O[C@H](CO)[C@@H](O)[C@H](O)[C@H]1O)[H])/C=C/CCCCCCCCCCCCC","glycosyl-N-palmitoyl-sphingosine (d18:1/16:0)","glycosyl-N-palmitoyl-sphingosine (d18:1/16:0)",NA,NA,"HMDB0004971,HMDB0010708",NA,NA,"HexCer 34:1;O2","HexCer 18:1;O2_16:0","HexCer 18:1;O2/16:0",53013,53013,53013,402,402,402,166346,166346,166346,"Pos Late","Pos Late","Pos Late",166346,53013,402,"Pos Late",TRUE
0.0482920352966432,-0.0693576473296292,0.774847300409323,0.439033516708067,0.992965231627029,-5.35938152356326,100001612,"100001612","Amino Acid","Glutamate Metabolism",57,"NAMED","OPVPGKGADVGKTG-UHFFFAOYSA-N","CC(NC(C(NC(CCC(O)=O)C(O)=O)=O)CC(O)=O)=O","N-acetyl-aspartyl-glutamate (NAAG)","N-acetyl-aspartyl-glutamate (NAAG)","3106-85-2",5065,"HMDB0001067","C12270",188803,NA,NA,NA,35665,35665,35665,400,400,400,156223,156223,156223,"Pos Early","Pos Early","Pos Early",156223,35665,400,"Pos Early",FALSE
-0.0436935809220038,0.0118189492261699,-0.766968019026986,0.443697093857366,0.992965231627029,-5.36468183102936,100008976,"100008976","Lipid","Phosphatidylethanolamine (PE)",2474,"NAMED","YDTWOEYVDRKKCR-KNERPIHHSA-N","O=C(CCCCCCCCCCCCCCCCC)OC[C@]([H])(COP(OCCN)(O)=O)OC(CCCCCCC/C=C\C/C=C\CCCCC)=O","1-stearoyl-2-linoleoyl-GPE (18:0/18:2)*","1-stearoyl-2-linoleoyl-GPE (18:0/18:2)*",NA,7825699,"HMDB0008994",NA,9546749,"PE 36:2","PE 18:0_18:2","Unknown",52446,52446,52446,402,402,402,165108,165108,165108,"Pos Late","Pos Late","Pos Late",165108,52446,402,"Pos Late",TRUE
-0.0597959536390533,-0.0377214107838042,-0.760151911208899,0.447754240604743,0.992965231627029,-5.36922344151181,100000781,"100000781","Lipid","Fatty Acid Metabolism (Acyl Carnitine, Medium Chain)",1889,"NAMED","VVPRQWTYSNDTEA-UHFFFAOYSA-N","O=C(CCCCC)OC(CC([O-])=O)C[N+](C)(C)C","hexanoylcarnitine (C6)","hexanoylcarnitine (C6)","6920-35-0",4932273,"HMDB0000756",NA,6426853,NA,NA,NA,32328,32328,32328,400,400,400,155906,155906,155906,"Pos Early","Pos Early","Pos Early",155906,32328,400,"Pos Early",TRUE
0.0276726770298311,-0.0485105622875453,0.75434154644443,0.451229371760971,0.992965231627029,-5.37306307951954,100001562,"100001562","Lipid","Lysophospholipid",2651,"NAMED","NEGQHKSYEYVFTD-HSZRJFAPSA-N","OC[C@](OC(CCCCCCCCCCCCCCC)=O)([H])COP(OCC[N+](C)(C)C)([O-])=O","2-palmitoyl-GPC (16:0)*","2-palmitoyl-GPC (16:0)*",NA,21403165,"HMDB0240262",NA,15061532,"LPC 16:0","LPC 16:0","LPC 0:0/16:0",35253,35253,35253,209,209,209,126137,126137,126137,"Neg","Neg","Neg",126137,35253,209,"Neg",TRUE
0.0360810764546969,-0.0344402403166961,0.746968218314318,0.4556613782167,0.992965231627029,-5.37789325296615,100001557,"100001557","Lipid","Lysophospholipid",2667,"NAMED","LSUXCWJOIAWGOU-YMVLYFQPSA-N","OC[C@H](OC(CCCCCCC/C=C\C/C=C\CCCCC)=O)COP(OCC[N+](C)(C)C)([O-])=O","2-linoleoyl-GPC (18:2)*","2-linoleoyl-GPC (18:2)*",NA,21403160,"HMDB0061700",NA,71768169,"LPC 18:2","LPC 18:2","LPC 0:0/18:2",35257,35257,35257,209,209,209,126982,126982,126982,"Neg","Neg","Neg",126982,35257,209,"Neg",TRUE
-0.0513071672647094,0.127156574692294,-0.741999207820576,0.458661991648284,0.992965231627029,-5.38112176051259,180,"180","Lipid","Long Chain Polyunsaturated Fatty Acid (n3 and n6)",1612,"NAMED","OYHQOLUKZRVURQ-HZJYTTRNSA-N","OC(CCCCCCC/C=C\C/C=C\CCCCC)=O","linoleate (18:2n6)","linoleate (18:2n6)","60-33-3",4444105,"HMDB0006270,HMDB0000673","C01595",5280450,NA,NA,NA,1105,1105,1105,209,209,209,125969,125969,125969,"Neg","Neg","Neg",125969,1105,209,"Neg",TRUE
0.0989248724355296,0.00890983540826705,0.740198663243963,0.459752019740707,0.992965231627029,-5.38228632857933,100002021,"100002021","Lipid","Androgenic Steroids",3457,"NAMED","JHFAETDERBWUOO-ILSMVHKQSA-N","O=S(O[C@@H]1CCC2C3CC[C@@]4([H])C[C@@H](OS(=O)(O)=O)CC[C@]4(C)C3CC[C@@]21C)(O)=O","5alpha-androstan-3beta,17alpha-diol disulfate","5alpha-androstan-3beta,17alpha-diol disulfate",NA,NA,"HMDB0240625",NA,56639109,NA,NA,NA,37187,37187,37187,209,209,209,144291,144291,144291,"Neg","Neg","Neg",144291,37187,209,"Neg",TRUE
0.0382389952456509,-0.0956842392501394,0.739221891987421,0.460343920790142,0.992965231627029,-5.38291694420411,100001409,"100001409","Nucleotide","Purine Metabolism, (Hypo)Xanthine/Inosine containing",4329,"NAMED","WJNGQIYEQLPJMN-UHFFFAOYSA-N","OC(C1O)C(OC1CO)N(C=N2)C(N=CN3C)=C2C3=O","N1-methylinosine","N1-methylinosine","20245-33-4",513976,"HMDB0002721",NA,650095,NA,NA,NA,48351,48351,48351,400,400,400,179271,179271,179271,"Pos Early","Pos Early","Pos Early",179271,48351,400,"Pos Early",TRUE
0.134740905240307,-0.284339257742567,0.733465983622985,0.463840790290883,0.992965231627029,-5.38661596653646,1135,"1135","Lipid","Secondary Bile Acid Metabolism",3574,"NAMED","RUDATBOHQWOJDD-UZVSRGJWSA-N","O[C@@H]1[C@@]2([H])[C@]3([H])CC[C@@]([C@@H](CCC(O)=O)C)([H])[C@@]3(C)CC[C@]2([H])[C@@]4(C)CC[C@@H](O)C[C@@]4([H])C1","ursodeoxycholate","ursodeoxycholate","128-13-2",29131,"HMDB0000946","C07880",31401,NA,NA,NA,1605,1605,1605,209,209,209,125991,125991,125991,"Neg","Neg","Neg",125991,1605,209,"Neg",TRUE
0.0346411058715786,0.00531097889342133,0.730745086926682,0.465498953103245,0.992965231627029,-5.38835453550285,100009138,"100009138","Lipid","Phosphatidylcholine (PC)",2310,"NAMED","IWXJKHSPEQSQMD-GMGFYYQASA-N","O=C(CCCCCCCCCCCCC)OC[C@]([H])(COP(OCC[N+](C)(C)C)([O-])=O)OC(CCCCCCC/C=C\C/C=C\CCCCC)=O","1-myristoyl-2-linoleoyl-GPC (14:0/18:2)*","1-myristoyl-2-linoleoyl-GPC (14:0/18:2)*",NA,24766550,"HMDB0007874",NA,24778624,"PC 32:2","PC 14:0_18:2","Unknown",52707,52707,52707,402,402,402,165481,165481,165481,"Pos Late","Pos Late","Pos Late",165481,52707,402,"Pos Late",TRUE
0.037028283969091,0.00101216685017837,0.72843460632276,0.466909596282242,0.992965231627029,-5.38982580835078,100015971,"100015971","Lipid","Corticosteroids",3394,"NAMED","INMJYSGZRBTEOR-RXCXIKFNSA-N","O[C@H]([C@]([C@]([C@]1([H])[C@@](CC2)([H])[C@@]3([H])[C@]([C@@]2([H])C[C@@H]4OC5C(O)C(O)C(O)C(C(O)=O)O5)(CC4)C)(CC3=O)C)(CC1)O)CO","cortolone glucuronide (1)","cortolone glucuronide (1)",NA,NA,"HMDB0010320",NA,NA,NA,NA,NA,57699,57699,57699,209,209,209,212775,212775,212775,"Neg","Neg","Neg",212775,57699,209,"Neg",TRUE
0.0490506722970564,-0.0726272669914614,0.721277611885023,0.47129432272588,0.992965231627029,-5.39435380067987,100002761,"100002761","Lipid","Androgenic Steroids",3408,"NAMED","VFUIRAVTUVCQTF-BSOWLZGZSA-N","O[C@H]1[C@H](O)[C@@H]([C@](O)=O)O[C@@H](O[C@@H]2CC[C@@]3(C)[C@](CC[C@]4([H])[C@]3([H])CC[C@@]5(C)[C@@]4([H])CCC5=O)([H])C2)[C@@H]1O","androsterone glucuronide","androsterone glucuronide","1852-43-3",102793,"HMDB0002829","C11135",114833,NA,NA,NA,61846,61846,61846,209,209,209,218457,218457,218457,"Neg","Neg","Neg",218457,61846,209,"Neg",TRUE
0.0711593378434736,-0.0910580480685213,0.718996792614657,0.472696445681713,0.992965231627029,-5.39578744143332,100002024,"100002024","Lipid","Androgenic Steroids",3453,"NAMED","KWYNDVHEQWYGIL-ARKAXQQOSA-N","O[C@H]1CC[C@@]2(C)[C@](CCC3C2CC[C@@]4(C)C3CC[C@@H]4OS(=O)(O)=O)([H])C1","5alpha-androstan-3beta,17beta-diol monosulfate (2)","5alpha-androstan-3beta,17beta-diol monosulfate (2)",NA,NA,NA,NA,NA,NA,NA,NA,37192,37192,37192,209,209,209,144276,144276,144276,"Neg","Neg","Neg",144276,37192,209,"Neg",TRUE
0.0508067935786691,-0.0546376475002584,0.718584723902833,0.472950008918165,0.992965231627029,-5.39604597055412,1547,"1547","Lipid","Ceramides",3087,"NAMED","VODZWWMEJITOND-NXCSZAMKSA-N","OC[C@H](NC(CCCCCCCCCCCCCCCCC)=O)[C@H](O)/C=C/CCCCCCCCCCCCC","N-stearoyl-sphingosine (d18:1/18:0)*","N-stearoyl-sphingosine (d18:1/18:0)*","104404-17-3",4446678,"HMDB0004950",NA,5283565,"CER 36:1;O2","CER 18:1; O2_18:0","CER 18:1; O2/18:0",54979,54979,54979,402,402,402,208064,208064,208064,"Pos Late","Pos Late","Pos Late",208064,54979,402,"Pos Late",TRUE
0.0291416721451572,-0.0170343571763888,0.718416946392353,0.473053271035014,0.992965231627029,-5.39615119073401,1489,"1489","Lipid","Endocannabinoid",2207,"NAMED","HXYVTAGFYLMHSO-UHFFFAOYSA-N","CCCCCCCCCCCCCCCC(NCCO)=O","palmitoyl ethanolamide (16:0)","palmitoyl ethanolamide (16:0)","544-31-0",4509,"HMDB0002100","C16512",4671,NA,NA,NA,38165,38165,38165,209,209,402,127721,127721,159012,"Neg","Neg","Pos Late",159012,38165,402,"Pos Late",TRUE
-0.0264656095721483,-0.0652654651362331,-0.7182418121828,0.473160897349288,0.992965231627029,-5.39626116648251,100009035,"100009035","Lipid","Phosphatidylcholine (PC)",2316,"NAMED","DGBYUHHIADYUMU-UESLNCBNSA-N","O=C(CCCCCCCCCCCCCC)OC[C@]([H])(COP(OCC[N+](C)(C)C)([O-])=O)OC(CCCCCCC/C=C\C/C=C\CCCCC)=O","1-pentadecanoyl-2-linoleoyl-GPC (15:0/18:2)*","1-pentadecanoyl-2-linoleoyl-GPC (15:0/18:2)*",NA,24766615,"HMDB0007940",NA,24778664,"PC 33:2","PC 15:0_18:2","Unknown",52497,52497,52497,402,402,402,165189,165189,165189,"Pos Late","Pos Late","Pos Late",165189,52497,402,"Pos Late",TRUE
-0.0256466825348574,0.00921945179463025,-0.716730352808865,0.474092012076228,0.992965231627029,-5.39720756324101,100009130,"100009130","Lipid","Phosphatidylcholine (PC)",2403,"NAMED","FPEVDFOXMCHLKL-KFDYCXSYSA-N","O=C(CCCCCCC/C=C\CCCCCCCC)OC[C@]([H])(COP(OCC[N+](C)(C)C)([O-])=O)OC(CC/C=C\C/C=C\C/C=C\C/C=C\C/C=C\C/C=C\CC)=O","1-oleoyl-2-docosahexaenoyl-GPC (18:1/22:6)*","1-oleoyl-2-docosahexaenoyl-GPC (18:1/22:6)*",NA,24766785,"HMDB0008123",NA,24778955,"PC 40:7","PC 18:1_22:6","Unknown",52697,52697,52697,402,402,402,165470,165470,165470,"Pos Late","Pos Late","Pos Late",165470,52697,402,"Pos Late",TRUE
0.0196279559653353,0.0300193726543332,0.70403940299231,0.481948214778195,0.992965231627029,-5.40507717932341,100021000,"100021000","Lipid","Sphingomyelins",3168,"NAMED","FAVAZPKFPKOYCT-VTAPXIELSA-N","CCCCCCCCCCCCCCC(O)C(N[C@@H](COP([O-])(OCC[N+](C)(C)C)=O)[C@@H](/C=C/CCCCCCCCCCCCC)O)=O","hydroxypalmitoyl sphingomyelin (d18:1/16:0(OH))**","hydroxypalmitoyl sphingomyelin (d18:1/16:0(OH))**",NA,NA,NA,NA,NA,"SM 34:1;O3","SM 18:1;O2_16:0;O","SM 18:1;O2/16:0;O",62851,62851,62851,402,402,402,220620,220620,220620,"Pos Late","Pos Late","Pos Late",220620,62851,402,"Pos Late",TRUE
0.0439241836697775,0.0254330276911437,0.699451224122777,0.484806131513137,0.992965231627029,-5.40788759729839,100015594,"100015594","Lipid","Phosphatidylethanolamine (PE)",2484,"NAMED","HNFSZKRUPTYBOQ-ZDYOIFAYSA-N","O=C(CCCCCCCCCCCCCCCCC)OC[C@]([H])(COP(OCCN)(O)=O)OC(CCCCC/C=C\C/C=C\C/C=C\C/C=C\CCCCC)=O","1-stearoyl-2-adrenoyl-GPE (18:0/22:4)*","1-stearoyl-2-adrenoyl-GPE (18:0/22:4)*","131350-53-3",24768484,"HMDB0009009",NA,52924901,"PE 40:4","PE 18:0_22:4","Unknown",57339,57339,57339,402,402,402,210840,210840,210840,"Pos Late","Pos Late","Pos Late",210840,57339,402,"Pos Late",TRUE
0.0307341910369967,-0.151102944793141,0.698779484267345,0.48522512574407,0.992965231627029,-5.40829771114615,100001391,"100001391","Lipid","Fatty Acid Metabolism (Acyl Carnitine, Long Chain Saturated)",1911,"NAMED","FNPHNLNTJNMAEE-HSZRJFAPSA-N","[O-]C(C[C@@H](OC(CCCCCCCCCCCCCCCCC)=O)C[N+](C)(C)C)=O","stearoylcarnitine (C18)","stearoylcarnitine (C18)","18822-91-8",21233653,"HMDB0000848",NA,3006797,NA,NA,NA,34409,34409,34409,402,402,402,158657,158657,158657,"Pos Late","Pos Late","Pos Late",158657,34409,402,"Pos Late",TRUE
0.0973528049758388,-0.117095219931706,0.698387531844387,0.485469966443787,0.992965231627029,-5.40853656917902,100001658,"100001658","Lipid","Secondary Bile Acid Metabolism",3572,"NAMED","HSNPMXROZIQAQD-VUIPEFFGSA-N","C[C@@]([C@]([C@@](CC1)([H])[C@@]2([H])[C@](CC3)(C)[C@]1([H])C[C@@H]3OS(=O)(O)=O)(CC4)[H])(CC2)[C@]4([H])[C@H](C)CCC(NCCS(O)(=O)=O)=O","taurolithocholate 3-sulfate","taurolithocholate 3-sulfate","64936-83-0",389078,"HMDB0002580","C03642",440071,NA,NA,NA,36850,36850,36850,209,209,209,128309,128309,128309,"Neg","Neg","Neg",128309,36850,209,"Neg",TRUE
-0.0425462411175305,-0.107397493508394,-0.695295882970258,0.487402223740738,0.992965231627029,-5.41041723558413,100015836,"100015836","Lipid","Fatty Acid Metabolism (Acyl Carnitine, Monounsaturated)",1935,"NAMED","ONGUASHYQLGIFC-OCOZRVBESA-N","O=C(OC(C[N+](C)(C)C)CC([O-])=O)CCC/C=C/CCCCCCCCCCCCCCCCCCCC","ximenoylcarnitine (C26:1)*","ximenoylcarnitine (C26:1)*",NA,NA,NA,NA,NA,NA,NA,NA,57517,57517,57517,402,402,402,211218,211218,211218,"Pos Late","Pos Late","Pos Late",211218,57517,402,"Pos Late",TRUE
-0.0966969635261974,-0.305258255393703,-0.692235838735286,0.48931882990067,0.992965231627029,-5.41227048979913,100001396,"100001396","Xenobiotics","Xanthine Metabolism",4807,"NAMED","PFWLFWPASULGAN-UHFFFAOYSA-N","OC1=C(N2C)C(N=C2)=NC(O)=N1","7-methylxanthine","7-methylxanthine","552-62-5",61660,"HMDB0001991","C16353",68374,NA,NA,NA,34390,34390,34390,400,400,400,156093,156093,156093,"Pos Early","Pos Early","Pos Early",156093,34390,400,"Pos Early",TRUE
0.0217226122461053,-0.0443680013640774,0.68959255794957,0.490977512256728,0.992965231627029,-5.41386494270122,100000007,"100000007","Lipid","Carnitine Metabolism",1977,"NAMED","PHIQHXFUZVPYII-ZCFIWIBFSA-N","[O-]C(C[C@@H](O)C[N+](C)(C)C)=O","carnitine","carnitine","461-05-2",10455,"HMDB0000062","C00487,C00308",288,NA,NA,NA,15500,15500,15500,400,400,400,155554,155554,155554,"Pos Early","Pos Early","Pos Early",155554,15500,400,"Pos Early",TRUE
-0.0317569358091466,-0.0791630799470061,-0.689576822994953,0.49098750779203,0.992965231627029,-5.41387430928681,100015835,"100015835","Lipid","Fatty Acid Metabolism (Acyl Carnitine, Long Chain Saturated)",1915,"NAMED","KOCKWDDTAHPJSX-UHFFFAOYSA-N","[O-]C(CC(C[N+](C)(C)C)OC(CCCCCCCCCCCCCCCCCCCCCCCCC)=O)=O","cerotoylcarnitine (C26)*","cerotoylcarnitine (C26)*",NA,35015992,"HMDB0006347",NA,53477828,NA,NA,NA,57516,57516,57516,402,402,402,211217,211217,211217,"Pos Late","Pos Late","Pos Late",211217,57516,402,"Pos Late",TRUE
-0.0288859640244891,-0.0666786200228837,-0.684768105858046,0.494013131315125,0.992965231627029,-5.41675903123432,100015882,"100015882","Lipid","Hexosylceramides (HCER)",3141,"NAMED","FXNTXJCUSRJUFN-QOSDPKFLSA-N","OCC(NC(CCCCCCCCCCCCCCCCCCC)=O)C(OC1OC(CO)C(O)C(O)C1O)/C=C/CCCCCCCCCCCCC","glycosyl ceramide (d18:1/20:0, d16:1/22:0)*","glycosyl ceramide (d18:1/20:0, d16:1/22:0)*",NA,NA,NA,NA,NA,"HexCer 38:1;O2","Unknown","Unknown",57595,57595,57595,402,402,402,212143,212143,212143,"Pos Late","Pos Late","Pos Late",212143,57595,402,"Pos Late",TRUE
0.0144208052771722,-0.0159174995883812,0.667037030400352,0.505255436388573,0.992965231627029,-5.42722205042562,100001456,"100001456","Nucleotide","Purine Metabolism, Guanine containing",4389,"NAMED","FZWGECJQACGGTI-UHFFFAOYSA-N","O=C1C(N2C)=C(N=C2)N=C(N)N1","7-methylguanine","7-methylguanine","578-76-7",10883,"HMDB0000897","C02242",135398679,NA,NA,NA,35114,35114,35114,400,400,400,156140,156140,156140,"Pos Early","Pos Early","Pos Early",156140,35114,400,"Pos Early",TRUE
0.0531975305292338,0.0406209950019564,0.666073242697406,0.505870547009091,0.992965231627029,-5.42778277938582,2050,"2050","Lipid","Long Chain Polyunsaturated Fatty Acid (n3 and n6)",1605,"NAMED","JAZBEHYOTPTENJ-JLNKQSITSA-N","O=C(O)CCC\C=C/C/C=C\C/C=C\C/C=C\C/C=C\CC","eicosapentaenoate (EPA; 20:5n3)","eicosapentaenoate (EPA; 20:5n3)","10-2005-9,10417-94-4",393682,"HMDB0001999","C06428",446284,NA,NA,NA,18467,18467,18467,209,209,209,126840,126840,126840,"Neg","Neg","Neg",126840,18467,209,"Neg",TRUE
0.0185548149908448,-0.0380852561902592,0.66137484435966,0.508873876195752,0.992965231627029,-5.43050561666344,100009131,"100009131","Lipid","Phosphatidylcholine (PC)",2410,"NAMED","ZZSZQATYGVHNLZ-PUMLCSCDSA-N","O=C(CCCCCCC/C=C\C/C=C\CCCCC)OC[C@]([H])(COP(OCC[N+](C)(C)C)([O-])=O)OC(CCC/C=C\C/C=C\C/C=C\C/C=C\CCCCC)=O","1-linoleoyl-2-arachidonoyl-GPC (18:2/20:4n6)*","1-linoleoyl-2-arachidonoyl-GPC (18:2/20:4n6)*",NA,24766809,"HMDB0008147","C05208",24778979,"PC 38:6","PC 18:2_20:4(5,8,11,14)","Unknown",52710,52710,52710,402,402,402,165488,165488,165488,"Pos Late","Pos Late","Pos Late",165488,52710,402,"Pos Late",TRUE
0.105132632964267,0.0168130697277258,0.657396311775313,0.511424670669782,0.992965231627029,-5.43279597315548,100021093,"100021093","Lipid","Secondary Bile Acid Metabolism",3611,"NAMED","IJHJZQKOSUFQCX-WZJRQFJBSA-N","[H][C@@](CCC(NCCS(O)(=O)=O)=O)([C@]1(CC[C@]2([C@@]3([C@@H](C[C@@]4(C[C@H](S(O)(=O)=O)CC[C@@]4([C@]3(C[C@H]([C@]12C)O)[H])C)[H])O)[H])[H])[H])C","taurochenodeoxycholic acid 3-sulfate","taurochenodeoxycholic acid 3-sulfate",NA,24850141,"HMDB0002486",NA,52931550,NA,NA,NA,62890,62890,62890,209,209,209,220741,220741,220741,"Neg","Neg","Neg",220741,62890,209,"Neg",TRUE
0.0326312101281889,-0.0402499411481718,0.650758463072043,0.515695075572193,0.992965231627029,-5.43658682792248,100008989,"100008989","Lipid","Phosphatidylcholine (PC)",2343,"NAMED","KLTHQSWIRFFBRI-RWSHWRRPSA-N","CCCCCCCCCCCCCCCC(OCC(OC(CCC/C=C/C/C=C/C/C=C/C/C=C/C/C=C/CC)=O)COP([O-])(OCC[N+](C)(C)C)=O)=O","1-palmitoyl-2-eicosapentaenoyl-GPC (16:0/20:5)*","1-palmitoyl-2-eicosapentaenoyl-GPC (16:0/20:5)*",NA,NA,"HMDB0007984",NA,24778723,"PC 36:5","PC 16:0_20:5","Unknown",52463,52463,52463,402,402,402,165130,165130,165130,"Pos Late","Pos Late","Pos Late",165130,52463,402,"Pos Late",TRUE
0.0603734788921108,0.0556472627572635,0.642452273746588,0.521064870079387,0.992965231627029,-5.44127644589836,100001990,"100001990","Lipid","Secondary Bile Acid Metabolism",3606,"NAMED","OEDITLKCLMKBOM-UHFFFAOYSA-N","O=S(OC1CCC2(C)C(CCC3C2CCC4(C)C3CCC4C(CCC(NCCS(=O)(O)=O)=O)C)=C1)(O)=O","taurocholenate sulfate*","taurocholenate sulfate*",NA,NA,NA,NA,NA,NA,NA,NA,32807,32807,32807,209,209,209,142566,142566,142566,"Neg","Neg","Neg",142566,32807,209,"Neg",TRUE
0.0474397075012029,-0.117378716758505,0.639983653862546,0.522666345209137,0.992965231627029,-5.44265863498026,100009406,"100009406","Lipid","Fatty Acid Metabolism (Acyl Carnitine, Monounsaturated)",1930,"NAMED","JFAGPSOZZSTLRF-KHPPLWFESA-N","O=C(OC(CC([O-])=O)C[N+](C)(C)C)CCCCCCC/C=C\CCCCCC","palmitoleoylcarnitine (C16:1)*","palmitoleoylcarnitine (C16:1)*",NA,28639183,"HMDB0013207",NA,71464547,NA,NA,NA,53223,53223,53223,402,402,402,178791,178791,178791,"Pos Late","Pos Late","Pos Late",178791,53223,402,"Pos Late",TRUE
0.0108969514772858,-0.00734853680911022,0.631708445074925,0.528053067466453,0.992965231627029,-5.44725339640892,100002107,"100002107","Lipid","Sphingomyelins",3167,"NAMED","RWKUXQNLWDTSLO-GWQJGLRPSA-N","CCCCCCCCCCCCCCCC(N[C@@](COP([O-])(OCC[N+](C)(C)C)=O)([C@](O)(/C=C/CCCCCCCCCCCCC)[H])[H])=O","palmitoyl sphingomyelin (d18:1/16:0)","palmitoyl sphingomyelin (d18:1/16:0)","6254-89-3",8115562,"HMDB0010169",NA,9939941,"SM 34:1;O2","SM 18:1;O2_16:0","SM 18:1;O2/16:0",37506,37506,37506,402,402,402,164195,164195,164195,"Pos Late","Pos Late","Pos Late",164195,37506,402,"Pos Late",TRUE
0.022940804481184,0.0100738962492053,0.628024789540975,0.530460264511173,0.992965231627029,-5.44927934295104,100009014,"100009014","Lipid","Plasmalogen",2868,"NAMED","IOYKZPNDXIIXLN-LOQSCQKMSA-N","[H][C@](OC(CCC/C=C\C/C=C\C/C=C\C/C=C\CCCCC)=O)(COP(OCC[N+](C)(C)C)([O-])=O)CO/C=C\CCCCCCCCCCCCCC","1-(1-enyl-palmitoyl)-2-arachidonoyl-GPC (P-16:0/20:4)*","1-(1-enyl-palmitoyl)-2-arachidonoyl-GPC (P-16:0/20:4)*",NA,24767495,"HMDB0011220",NA,NA,"PC O-36:5","PC P-16:0_20:4","PC P-16:0/20:4",52689,52689,52689,402,402,402,165459,165459,165459,"Pos Late","Pos Late","Pos Late",165459,52689,402,"Pos Late",TRUE
0.0279172629945292,-0.0603413808092113,0.627612048446425,0.530730314084175,0.992965231627029,-5.44950562325912,100001501,"100001501","Lipid","Fatty Acid Metabolism (Acyl Carnitine, Monounsaturated)",1931,"NAMED","IPOLTUVFXFHAHI-WHIOSMTNSA-N","[O-]C(C[C@@H](OC(CCCCCCC/C=C\CCCCCCCC)=O)C[N+](C)(C)C)=O","oleoylcarnitine (C18:1)","oleoylcarnitine (C18:1)","38677-66-6",21403150,"HMDB0005065",NA,6441392,NA,NA,NA,35160,35160,35160,402,402,402,158710,158710,158710,"Pos Late","Pos Late","Pos Late",158710,35160,402,"Pos Late",TRUE
0.0158793680388859,0.00319959713115624,0.625302428958662,0.532242601807631,0.992965231627029,-5.45076924691591,1134,"1134","Nucleotide","Purine Metabolism, (Hypo)Xanthine/Inosine containing",4334,"NAMED","LEHOTFFKMJEONL-UHFFFAOYSA-N","O=C1NC(NC(NC2=O)=O)=C2N1","urate","urate","120K5305,69-93-2",NA,"HMDB0000289","C00366",1175,NA,NA,NA,1604,1604,1604,209,209,209,124593,124593,124593,"Neg","Neg","Neg",124593,1604,209,"Neg",TRUE
0.0560168403641284,-0.0614135725104258,0.624635631611659,0.532679807530429,0.992965231627029,-5.4511330161514,100001073,"100001073","Lipid","Androgenic Steroids",3418,"NAMED","ZMITXKRGXGRMKS-HLUDHZFRSA-N","C[C@]1([C@](CC2)([H])[C@]3([H])CC[C@@]4([H])C[C@H](OS(=O)(O)=O)CC[C@]4(C)[C@@]3([H])CC1)C2=O","androsterone sulfate","androsterone sulfate","2479-86-9",19988780,"HMDB0002759",NA,159663,NA,NA,NA,31591,31591,31591,209,209,209,126075,126075,126075,"Neg","Neg","Neg",126075,31591,209,"Neg",TRUE
0.039118716381209,0.0117477789065135,0.620685530448593,0.535272656314027,0.992965231627029,-5.45328087130271,100009142,"100009142","Lipid","Phosphatidylcholine (PC)",2383,"NAMED","GLPAGCOJQYNMCC-NEEAVLKMSA-N","O=C(CCCCCCCCCCCCCCCCC)OC[C@]([H])(COP(OCC[N+](C)(C)C)([O-])=O)OC(CC/C=C\C/C=C\C/C=C\C/C=C\C/C=C\CCCCC)=O","1-stearoyl-2-docosapentaenoyl-GPC (18:0/22:5n6)*","1-stearoyl-2-docosapentaenoyl-GPC (18:0/22:5n6)*",NA,24766719,"HMDB0008055",NA,24778871,"PC 40:5","PC 18:0_22:5(4,7,10,13,16)","Unknown",52700,52700,52700,402,402,402,165473,165473,165473,"Pos Late","Pos Late","Pos Late",165473,52700,402,"Pos Late",TRUE
0.0169818528231235,-0.0458114894902303,0.610145966075748,0.54222182914883,0.992965231627029,-5.45894536976536,100004328,"100004328","Lipid","Sphingomyelins",3177,"NAMED","KYICBZWZQPCUMO-PSALXKTOSA-N","CCCCCCCCCCCCCC(N[C@@](COP([O-])(OCC[N+](C)(C)C)=O)([C@](O)(/C=C/CCCCCCCCCCCCC)[H])[H])=O","sphingomyelin (d18:1/14:0, d16:1/16:0)*","sphingomyelin (d18:1/14:0, d16:1/16:0)*",NA,9608732,"HMDB0012097",NA,11433862,"SM 32:1;O2","Unknown","Unknown",42463,42463,42463,402,402,402,164531,164531,164531,"Pos Late","Pos Late","Pos Late",164531,42463,402,"Pos Late",TRUE
0.0672192996713569,-0.00087943924330515,0.605902303023636,0.545032771029382,0.992965231627029,-5.46119862366918,100009264,"100009264","Lipid","Primary Bile Acid Metabolism",3540,"NAMED","ABFZMYIIUREPLL-ASWJIRIHSA-N","O[C@H]1[C@@]2([C@@]([H])([C@]3(CC[C@H](C[C@]3(C1)[H])O[C@H]4[C@@H]([C@H]([C@@H]([C@H](O4)C(O)=O)O)O)O)C)CC[C@]5([C@]2(CC[C@@H]5[C@@H](CCC(NCC(O)=O)=O)C)[H])C)[H]","glycochenodeoxycholate glucuronide (1)","glycochenodeoxycholate glucuronide (1)",NA,NA,"HMDB0002579",NA,44263370,NA,NA,NA,52983,52983,52983,209,209,209,166140,166140,166140,"Neg","Neg","Neg",166140,52983,209,"Neg",TRUE
0.026494235526694,-0.0839855652325298,0.604667929906997,0.54585157781565,0.992965231627029,-5.46185126570006,100002173,"100002173","Lipid","Lysophospholipid",2649,"NAMED","RJZVWDTYEWCUAR-QFIPXVFZSA-N","O=P(OCC[N+](C)(C)C)([O-])OC[C@@H](O)COC(CCCCCCCCCCCCCC)=O","1-pentadecanoyl-GPC (15:0)*","1-pentadecanoyl-GPC (15:0)*",NA,NA,"HMDB0010381",NA,24779458,"LPC 15:0","LPC 15:0","LPC 15:0/0:0",37418,37418,37418,402,402,402,158898,158898,158898,"Pos Late","Pos Late","Pos Late",158898,37418,402,"Pos Late",TRUE
0.0465035571635102,0.0253690272244779,0.59703764553171,0.550927646166344,0.992965231627029,-5.46585516163724,100001277,"100001277","Lipid","Long Chain Monounsaturated Fatty Acid",1585,"NAMED","BBOWBNGUEWHNQZ-KTKRTIGZSA-N","O=C(O)CCCCCCCC/C=C\CCCCCCCC","nonadecenoate (19:1)","nonadecenoate (19:1)","73033-09-7",4471938,"HMDB0013622",NA,5312513,NA,NA,NA,33972,33972,33972,209,209,209,126131,126131,126131,"Neg","Neg","Neg",126131,33972,209,"Neg",TRUE
0.0178646301228144,-0.0417596215072881,0.594826397933602,0.552402850124957,0.992965231627029,-5.46700617713693,100000265,"100000265","Amino Acid","Tryptophan Metabolism",274,"NAMED","YGPSJZOEDVAXAB-QMMMGPOBSA-N","N[C@H](C(O)=O)CC(C1=CC=CC=C1N)=O","kynurenine","kynurenine","2922-83-0",141580,"HMDB0000684","C00328",161166,NA,NA,NA,15140,15140,15140,400,400,400,155539,155539,155539,"Pos Early","Pos Early","Pos Early",155539,15140,400,"Pos Early",TRUE
0.0264185036890767,-0.0516807154925333,0.585133288666653,0.558893140053366,0.992965231627029,-5.47200074928224,267,"267","Lipid","Phospholipid Metabolism",2278,"NAMED","YHHSONZFOIEMCP-UHFFFAOYSA-N","C[N+](C)(CCOP(O)([O-])=O)C","choline phosphate","phosphocholine","72556-74-2",119298,"HMDB0001565","C00588",1014,NA,NA,NA,34396,34396,34396,400,400,400,156099,156099,156099,"Pos Early","Pos Early","Pos Early",156099,34396,400,"Pos Early",FALSE
-0.125904903458506,-0.433086132509975,-0.574453743453751,0.566086587167962,0.992965231627029,-5.47740897315486,100020823,"100020823","Lipid","Secondary Bile Acid Metabolism",3567,"NAMED","AXDXVEYHEODSPN-HVATVPOCSA-N","[H][C@@]12[C@@]3(C)CC[C@@H](OS(=O)(O)=O)C[C@@]3([H])CC[C@@]1([H])[C@]4([H])CC[C@]([H])([C@H](C)CCC(O)=O)[C@@]4(C)CC2","lithocholate sulfate (1)","lithocholate sulfate (1)",NA,NA,"HMDB0000907",NA,451489,NA,NA,NA,62526,62526,62526,209,209,209,219859,219859,219859,"Neg","Neg","Neg",219859,62526,209,"Neg",TRUE
0.0160066611566583,-0.00338492558945875,0.573868926078033,0.566481654140274,0.992965231627029,-5.47770238371462,100006298,"100006298","Lipid","Sphingomyelins",3172,"NAMED","QEDPUVGSSDPBMD-XTAIVQBESA-N","CCCCCCCCCCCCC/C=C/[C@@H](O)[C@@H](NC(CCCCCCCCCCCCCCCCCCCCCCC)=O)COP([O-])(OCC[N+](C)(C)C)=O","lignoceroyl sphingomyelin (d18:1/24:0)","lignoceroyl sphingomyelin (d18:1/24:0)","60037-60-7",24846875,"HMDB0011697",NA,NA,"SM 42:1;O2","SM 18:1;O2_24:0","SM 18:1;O2/24:0",57330,57330,57330,402,402,402,210828,210828,210828,"Pos Late","Pos Late","Pos Late",210828,57330,402,"Pos Late",TRUE
0.0378946764153208,-0.106075616097256,0.567914292785068,0.570513316170646,0.992965231627029,-5.48067155853532,100009140,"100009140","Lipid","Phosphatidylcholine (PC)",2313,"NAMED","HAIPHKFLSXSDAN-BLOCXYQCSA-N","O=C(CCCCCCCCCCCCC)OC[C@]([H])(COP(OCC[N+](C)(C)C)([O-])=O)OC(CC/C=C\C/C=C\C/C=C\C/C=C\C/C=C\C/C=C\CC)=O","1-myristoyl-2-docosahexaenoyl-GPC (14:0/22:6)*","1-myristoyl-2-docosahexaenoyl-GPC (14:0/22:6)*",NA,24766568,"HMDB0007892",NA,24778639,"PC 36:6","PC 14:0_22:6","Unknown",53196,53196,53196,402,402,402,166626,166626,166626,"Pos Late","Pos Late","Pos Late",166626,53196,402,"Pos Late",TRUE
0.0497206222839285,-0.0819532399514253,0.563716929627522,0.573363329640132,0.992965231627029,-5.48274602254551,100002152,"100002152","Lipid","Androgenic Steroids",3461,"NAMED","UNURIUSTYBXRLV-UHFFFAOYSA-N","CC12CCC(O)CC1=CCC3C2CCC4(C)C3CC(OS(=O)(O)=O)C4=O","andro steroid monosulfate C19H28O6S (1)*","andro steroid monosulfate C19H28O6S (1)*",NA,NA,NA,NA,NA,NA,NA,NA,32827,32827,32827,209,209,209,149822,149822,149822,"Neg","Neg","Neg",149822,32827,209,"Neg",TRUE
-0.0344693860913093,0.0116513713646247,-0.562721992417963,0.574039886282053,0.992965231627029,-5.48323549977878,182,"182","Cofactors and Vitamins","Nicotinate and Nicotinamide Metabolism",4503,"NAMED","GJAWHXHKYYXBSV-UHFFFAOYSA-N","OC(C(C=CC=N1)=C1C(O)=O)=O","quinolinate","quinolinate","89-00-9",1037,"HMDB0000232","C03722",1066,NA,NA,NA,1899,1899,1899,400,305,400,155456,146452,155456,"Pos Early","Polar","Pos Early",155456,1899,400,"Pos Early",TRUE
0.02532549676001,-0.0512393541825771,0.558367452798497,0.577005432378313,0.992965231627029,-5.48536764376328,100000580,"100000580","Carbohydrate","Glycolysis, Gluconeogenesis, and Pyruvate Metabolism",1259,"NAMED","MPCAJMNYNOGXPB-SLPGGIOYSA-N","O[C@@H]1[C@@H](CO)OC[C@H](O)[C@H]1O","1,5-anhydroglucitol (1,5-AG)","1,5-anhydroglucitol (1,5-AG)","154-58-5",NA,"HMDB0002712","C07326",64960,NA,NA,NA,20675,20675,20675,209,209,209,123293,123293,123293,"Neg","Neg","Neg",123293,20675,209,"Neg",TRUE
0.0110832214448169,-0.0161200097778448,0.552316156546184,0.581138386011513,0.992965231627029,-5.48830326036464,100004329,"100004329","Lipid","Sphingomyelins",3181,"NAMED","IWHLTJGDYLJQSH-FLPFCPAFSA-N","CCCCC/C=C/CCCCCCCCC(N[C@@](COP([O-])(OCC[N+](C)(C)C)=O)([C@](O)(/C=C/CCCCCCCCCCCCC)[H])[H])=O","sphingomyelin (d18:2/16:0, d18:1/16:1)*","sphingomyelin (d18:2/16:0, d18:1/16:1)*",NA,NA,"HMDB0240638,HMDB0240613",NA,NA,"SM 34:2;O2","Unknown","Unknown",42459,42459,42459,402,402,402,161023,161023,161023,"Pos Late","Pos Late","Pos Late",161023,42459,402,"Pos Late",TRUE
-0.0163452527012633,-0.00271804086435443,-0.551825630194352,0.581474028650319,0.992965231627029,-5.48853981754511,100009037,"100009037","Lipid","Phosphatidylcholine (PC)",2362,"NAMED","ZSKWZJYUVZYDQU-WESJWMGVSA-N","O=C(CCCCCCCCCCCCCCCC)OC[C@]([H])(COP(OCC[N+](C)(C)C)([O-])=O)OC(CCCCCCC/C=C\C/C=C\CCCCC)=O","1-margaroyl-2-linoleoyl-GPC (17:0/18:2)*","1-margaroyl-2-linoleoyl-GPC (17:0/18:2)*",NA,NA,NA,NA,52922491,"PC 35:2","PC 17:0_18:2","Unknown",52500,52500,52500,402,402,402,165192,165192,165192,"Pos Late","Pos Late","Pos Late",165192,52500,402,"Pos Late",TRUE
0.0168247017725369,-0.0548164549034256,0.547734583530239,0.584276869047066,0.992965231627029,-5.49050456376669,100001359,"100001359","Energy","TCA Cycle",1481,"NAMED",NA,NA,"aconitate [cis or trans]","aconitate [cis or trans]",NA,NA,"HMDB0000958,HMDB000072","C004174,C02341",444212643757,NA,NA,NA,46173,46173,46173,209,209,209,144239,144239,144239,"Neg","Neg","Neg",144239,46173,209,"Neg",TRUE
0.050890613139608,0.115791614799215,0.538614563730027,0.590547900078562,0.992965231627029,-5.49483188017686,452,"452","Lipid","Long Chain Monounsaturated Fatty Acid",1574,"NAMED","SECPZKHBENQXJG-FPLPWBNLSA-N","CCCCCC\C=C/CCCCCCCC(O)=O","palmitoleate (16:1n7)","palmitoleate (16:1n7)","373-49-9",393216,"HMDB0003229","C08362",445638,NA,NA,NA,33447,33447,33447,209,209,209,126083,126083,126083,"Neg","Neg","Neg",126083,33447,209,"Neg",TRUE
0.0330205838700299,0.074949094430691,0.537931435397322,0.591018867999458,0.992965231627029,-5.49515310449722,1526,"1526","Lipid","Phosphatidylethanolamine (PE)",2453,"NAMED","FHQVHHIBKUMWTI-OTMQOFQLSA-N","CCCCCCCC\C=C/CCCCCCCC(O[C@](COC(CCCCCCCCCCCCCCC)=O)(COP([O-])(OCC[N+]([H])([H])[H])=O)[H])=O","1-palmitoyl-2-oleoyl-GPE (16:0/18:1)","1-palmitoyl-2-oleoyl-GPE (16:0/18:1)","26662-94-2",4446615,"HMDB0005320",NA,5283496,"PE 34:1","PE 16:0_18:1","Unknown",19263,19263,19263,402,402,402,164198,164198,164198,"Pos Late","Pos Late","Pos Late",164198,19263,402,"Pos Late",TRUE
0.0843785497901375,-0.162037837876452,0.537147829191628,0.591559321851366,0.992965231627029,-5.49552107512639,100006644,"100006644","Lipid","Secondary Bile Acid Metabolism",3560,"NAMED","UCVGCHGIKFWAGH-WQVRBXQRSA-N","C[C@@]12[C@@](CCC3C2C[C@H](O)[C@@]4(C)C3CC[C@@H]4[C@@H](CCC(NCCS(O)(=O)=O)=O)C)([H])C[C@H](OS(O)(=O)=O)CC1","taurodeoxycholic acid 3-sulfate","taurodeoxycholic acid 3-sulfate",NA,NA,NA,NA,NA,NA,NA,NA,62889,62889,62889,209,209,209,220740,220740,220740,"Neg","Neg","Neg",220740,62889,209,"Neg",TRUE
-0.0323779115846311,-0.135769770460025,-0.531510101834561,0.595454352694265,0.992965231627029,-5.4981527149791,100005353,"100005353","Lipid","Lysophospholipid",2671,"NAMED","WYIMORDZGCUBAA-UHFFFAOYSA-N","C[N+](CCOP(OCC(O)COC(CCCCCCCCCCCCCCCCCC)=O)([O-])=O)(C)C","1-nonadecanoyl-GPC (19:0)","1-nonadecanoyl-GPC (19:0)","108273-88-7",24823014,NA,NA,NA,"LPC 19:0","LPC 19:0","LPC 19:0/0:0",47087,47087,47087,402,402,402,159895,159895,159895,"Pos Late","Pos Late","Pos Late",159895,47087,402,"Pos Late",TRUE
-0.0259473265278292,-0.0459555875815445,-0.531263291212902,0.595625163210752,0.992965231627029,-5.49826726984311,100003594,"100003594","Peptide","Dipeptide",957,"NAMED","JMCOUWKXLXDERB-UHFFFAOYSA-N","OC(C(CC1=CNC2=C1C=CC=C2)NC(C(CC3=CC=CC=C3)N)=O)=O","phenylalanyltryptophan","phenylalanyltryptophan","24587-41-5",10443429,"HMDB0029006",NA,134906,NA,NA,NA,41377,41377,41377,209,209,209,145131,145131,145131,"Neg","Neg","Neg",145131,41377,209,"Neg",TRUE
0.038518774685999,0.0034020507133914,0.530900064221996,0.595876549132342,0.992965231627029,-5.4984357913642,100002028,"100002028","Lipid","Androgenic Steroids",3428,"NAMED","VPDALJSLCNNODJ-QJIZPQHZSA-N","O[C@H]1CCC2C3CCC4=C[C@@H](OS(=O)(O)=O)CC[C@]4(C)C3CC[C@@]21C","androstenediol (3beta,17beta) monosulfate (1)","androstenediol (3beta,17beta) monosulfate (1)","521-17-5",NA,"HMDB0240429",NA,12967063113847300,NA,NA,NA,37211,37211,37211,209,209,209,144263,144263,144263,"Neg","Neg","Neg",144263,37211,209,"Neg",TRUE
-0.0330732897922398,-0.111887950633575,-0.524403625548894,0.600380856569621,0.992965231627029,-5.50143043113452,100002067,"100002067","Lipid","Pregnenolone Steroids",3327,"NAMED","MENQCIVHHONJLU-UHFFFAOYSA-N","CC(C1CCC2C3CCC4CC(OS(O)(=O)=O)CCC4(C3CCC12C)C)=O","pregnenediol sulfate (C21H34O5S)*","pregnenediol sulfate (C21H34O5S)*","1247-64-9",13465233,NA,NA,NA,NA,NA,NA,32619,32619,32619,209,209,209,149838,149838,149838,"Neg","Neg","Neg",149838,32619,209,"Neg",TRUE
-0.016398441556584,-0.049163408152954,-0.523199273462042,0.601217469238764,0.992965231627029,-5.5019816604899,461,"461","Energy","Oxidative Phosphorylation",1508,"NAMED","NBIIXXVUZAFLBC-UHFFFAOYSA-N","O=P(O)(O)O","phosphate","phosphate","7664-38-2",1032,"HMDB0001429","C00009",1061,NA,NA,NA,42109,42109,42109,400,400,400,156915,156915,156915,"Pos Early","Pos Early","Pos Early",156915,42109,400,"Pos Early",TRUE
0.0151845245927742,-0.0103017843237773,0.521871815904984,0.602140345668107,0.992965231627029,-5.50258765214033,100008955,"100008955","Lipid","Sphingomyelins",3171,"NAMED","SXZWBNWTCVLZJN-NMIJJABPSA-N","[H][C@](NC(CCCCCCCCCCCCCCCCCCCCCC)=O)(COP(OCC[N+](C)(C)C)([O-])=O)[C@@](O)([H])/C=C/CCCCCCCCCCCCC","tricosanoyl sphingomyelin (d18:1/23:0)*","tricosanoyl sphingomyelin (d18:1/23:0)*",NA,NA,"HMDB0012105",NA,NA,"SM 41:1;O2","SM 18:1;O2_23:0","SM 18:1;O2/23:0",52436,52436,52436,402,402,402,164560,164560,164560,"Pos Late","Pos Late","Pos Late",164560,52436,402,"Pos Late",TRUE
-0.0204976958720126,-0.0370492798788243,-0.51461116411486,0.607199535049089,0.992965231627029,-5.50587489248199,1052,"1052","Carbohydrate","Glycolysis, Gluconeogenesis, and Pyruvate Metabolism",1282,"NAMED","RBNPOMFGQQGHHO-UHFFFAOYSA-N","O=C(O)C(O)CO","glycerate","glycerate","600-19-1",732,"HMDB0000139,HMDB0006372","C00258",439194752,NA,NA,NA,1572,1572,1572,305,305,305,146444,146444,146444,"Polar","Polar","Polar",146444,1572,305,"Polar",TRUE
-0.0537418936353174,-0.10022690200161,-0.513180472302066,0.608198655745323,0.992965231627029,-5.50651723416442,100021990,"100021990","Lipid","Fatty Acid Metabolism (Acyl Carnitine, Hydroxy)",1969,"NAMED","RCXSFDNDEVSQNG-UHFFFAOYSA-N","[O-]C(CC(OC(C(O)CCCCCC)=O)C[N+](C)(C)C)=O","3-hydroxyoctanoylcarnitine (1)","3-hydroxyoctanoylcarnitine (1)",NA,NA,NA,NA,NA,NA,NA,NA,64393,64393,64393,400,400,400,237477,237477,237477,"Pos Early","Pos Early","Pos Early",237477,64393,400,"Pos Early",TRUE
0.0551395476773455,0.00347048623078723,0.512481370397729,0.608687139769655,0.992965231627029,-5.50683046274571,100002018,"100002018","Lipid","Androgenic Steroids",3446,"NAMED","LERFMBCTNMFXCT-ILBJSTGGSA-N","C[C@@]12[C@](CCC3C2CC[C@@]4(C)C3CC[C@@H]4O)([H])C[C@H](OS(=O)(O)=O)CC1","5alpha-androstan-3alpha,17beta-diol monosulfate (1)","5alpha-androstan-3alpha,17beta-diol monosulfate (1)",NA,NA,"HMDB0247995",NA,121596226121596000,NA,NA,NA,37186,37186,37186,209,209,209,144270,144270,144270,"Neg","Neg","Neg",144270,37186,209,"Neg",TRUE
0.0270335439124509,0.0707180455476938,0.511784591650928,0.60917417512785,0.992965231627029,-5.50714222640493,424,"424","Lipid","Long Chain Saturated Fatty Acid",1555,"NAMED","IPCSVZSSVZVIGE-UHFFFAOYSA-N","OC(CCCCCCCCCCCCCCC)=O","palmitate (16:0)","palmitate (16:0)","57-10-3",960,"HMDB0000220","C00249",985,NA,NA,NA,1336,1336,1336,209,209,209,125720,125720,125720,"Neg","Neg","Neg",125720,1336,209,"Neg",TRUE
0.0151870838832949,-0.0258190977626141,0.507905027960281,0.611888990039649,0.992965231627029,-5.50887043248949,100009030,"100009030","Lipid","Lactosylceramides (LCER)",3150,"NAMED","HLIJNIKSBCIDGO-QKLMXXKVSA-N","O=C(CCCCCCCCCCCCCCC)N[C@@]([C@]([H])(O)/C=C/CCCCCCCCCCCCC)([H])CO[C@H](O1)[C@H](O)[C@@H](O)[C@@H]([C@H]1CO)O[C@H](O2)[C@H](O)[C@@H](O)[C@H]([C@H]2CO)O","lactosyl-N-palmitoyl-sphingosine (d18:1/16:0)","lactosyl-N-palmitoyl-sphingosine (d18:1/16:0)","4201-62-1",NA,"HMDB0006750",NA,53477895,"LacCer 34:1;O2","LacCer 18:1;O2_16:0","LacCer 18:1;O2/16:0",53010,53010,53010,402,402,402,166340,166340,166340,"Pos Late","Pos Late","Pos Late",166340,53010,402,"Pos Late",TRUE
0.0246140138149987,0.0644933307150827,0.503549719785139,0.614943339221337,0.992965231627029,-5.51079473366553,100008990,"100008990","Lipid","Phosphatidylethanolamine (PE)",2461,"NAMED","DRIVXEVMDWCWLI-CAQMIEAISA-N","O=C(CCCCCCCCCCCCCCC)OC[C@]([H])(COP(OCCN)(O)=O)OC(CCC/C=C\C/C=C\C/C=C\C/C=C\CCCCC)=O","1-palmitoyl-2-arachidonoyl-GPE (16:0/20:4)*","1-palmitoyl-2-arachidonoyl-GPE (16:0/20:4)*",NA,7825750,"HMDB0005323","C05210",9546800,"PE 36:4","PE 16:0_20:4","Unknown",52464,52464,52464,402,402,402,165131,165131,165131,"Pos Late","Pos Late","Pos Late",165131,52464,402,"Pos Late",TRUE
-0.0200281460989586,0.0192334116735666,-0.496656218371189,0.619791260442966,0.992965231627029,-5.51380681567104,100015687,"100015687","Lipid","Phosphatidylethanolamine (PE)",2493,"NAMED","XWVCHGXTKMKQBL-RGNSOIIYSA-N","O=C(CCC/C=C\C/C=C\C/C=C\C/C=C\CCCCC)OC(COP(OCCN)(O)=O)CO/C=C/CCCCCC/C=C\CCCCCCCC","phosphatidylethanolamine (P-18:1/20:4, P-16:0/22:5n3)*","phosphatidylethanolamine (P-18:1/20:4, P-16:0/22:5n3)*",NA,NA,"HMDB0011360",NA,53480850,"PE O-38:6","Unknown","Unknown",57411,57411,57411,402,402,402,211060,211060,211060,"Pos Late","Pos Late","Pos Late",211060,57411,402,"Pos Late",TRUE
0.0731010139280298,-0.218506642497771,0.49431123969182,0.62144419727021,0.992965231627029,-5.51482199607738,100001872,"100001872","Lipid","Phosphatidylserine (PS)",2552,"NAMED","SVOUGFFDROZBJI-DNALCEECSA-N","O=C(CCCCCCCCCCCCCCCCC)OC[C@]([H])(COP(O)(OC[C@]([NH3+])(C([O-])=O)[H])=O)OC(CCC/C=C\C/C=C\C/C=C\C/C=C\CCCCC)=O","1-stearoyl-2-arachidonoyl-GPS (18:0/20:4)","1-stearoyl-2-arachidonoyl-GPS (18:0/20:4)",NA,NA,"HMDB0012383",NA,24779545,"PS 38:4","PS 18:0_20:4","Unknown",52235,52235,52235,402,402,402,164206,164206,164206,"Pos Late","Pos Late","Pos Late",164206,52235,402,"Pos Late",TRUE
0.0174989668733634,-0.0325872761503936,0.485908821329716,0.627382655494,0.992965231627029,-5.5184201633394,100009036,"100009036","Lipid","Phosphatidylcholine (PC)",2361,"NAMED","SXNXGNVZTLZDHE-IYEJTHTFSA-N","O=C(CCCCCCCCCCCCCCCC)OC[C@]([H])(COP(OCC[N+](C)(C)C)([O-])=O)OC(CCCCCCC/C=C\CCCCCCCC)=O","1-margaroyl-2-oleoyl-GPC (17:0/18:1)*","1-margaroyl-2-oleoyl-GPC (17:0/18:1)*",NA,24822423,"HMDB0256160",NA,NA,"PC 35:1","PC 17:0_18:1","Unknown",52499,52499,52499,402,402,402,165191,165191,165191,"Pos Late","Pos Late","Pos Late",165191,52499,402,"Pos Late",TRUE
-0.0522437479386459,-0.214901437040896,-0.482347896131751,0.629906727096956,0.992965231627029,-5.51992647993579,100002241,"100002241","Xenobiotics","Xanthine Metabolism",4800,"NAMED","YHNNPKUFPWLTOP-UHFFFAOYSA-N","CN(C1=C(N2)NC(NC1=O)=O)C2=O","7-methylurate","7-methylurate","612-37-3",62375,"HMDB0011107","C16355",69160,NA,NA,NA,39598,39598,39598,400,400,400,156601,156601,156601,"Pos Early","Pos Early","Pos Early",156601,39598,400,"Pos Early",TRUE
-0.0327967872216662,-0.0728413866965292,-0.481918682387449,0.630211258636687,0.992965231627029,-5.52010729588845,100015834,"100015834","Lipid","Fatty Acid Metabolism (Acyl Carnitine, Long Chain Saturated)",1914,"NAMED","YDUFZFUYBBPVLJ-UHFFFAOYSA-N","O=C(CCCCCCCCCCCCCCCCCCCCCCC)OC(C[N+](C)(C)C)CC([O-])=O","lignoceroylcarnitine (C24)*","lignoceroylcarnitine (C24)*",NA,NA,"HMDB0240665",NA,NA,NA,NA,NA,57515,57515,57515,402,402,402,211216,211216,211216,"Pos Late","Pos Late","Pos Late",211216,57515,402,"Pos Late",TRUE
-0.00888903515844636,-0.00343258927412165,-0.480595106643634,0.631150635751914,0.992965231627029,-5.52066396251759,1242,"1242","Nucleotide","Purine Metabolism, Adenine containing",4356,"NAMED","GFYLSDSUCHVORB-IOSLPCCCSA-N","N=C1C2=C(N([C@@]3([H])[C@@](O)([H])[C@@](O)([H])[C@](CO)([H])O3)C=N2)N=CN1C","N1-methyladenosine","1-methyladenosine","15763-06-1",4573813,"HMDB0003331","C02494",27476,NA,NA,NA,15650,15650,15650,400,400,400,155564,155564,155564,"Pos Early","Pos Early","Pos Early",155564,15650,400,"Pos Early",TRUE
-0.0253064894651547,-0.0482751447714777,-0.478949322580644,0.632319777279798,0.992965231627029,-5.52135380427399,100009126,"100009126","Lipid","Phosphatidylcholine (PC)",2419,"NAMED","UAVRPIXHIHJERN-CBTSKTMBSA-N","O=C(CCCCCCCCCCCCCCCCCCC)OC[C@]([H])(COP(OCC[N+](C)(C)C)([O-])=O)OC(CCC/C=C\C/C=C\C/C=C\C/C=C\CCCCC)=O","1-arachidoyl-2-arachidonoyl-GPC (20:0/20:4)*","1-arachidoyl-2-arachidonoyl-GPC (20:0/20:4)*",NA,24766940,"HMDB0008279",NA,24779048,"PC 40:4","PC 20:0_20:4","Unknown",55062,55062,55062,402,402,402,208176,208176,208176,"Pos Late","Pos Late","Pos Late",208176,55062,402,"Pos Late",TRUE
-0.0494796920270462,-0.0663705610119304,-0.478256368388959,0.632812271991794,0.992965231627029,-5.52164359286493,100003470,"100003470","Lipid","Progestin Steroids",3351,"NAMED","ZFFFJLDTCLJDHL-JQYCEVDMSA-N","[H][C@]12CC[C@]3([C@@]4(CC[C@]([C@@H](O)C)([C@]4(CC[C@@]3([C@]1(CC[C@@H](O[C@@H]5O[C@H]([C@](O)=O)[C@H]([C@@H]([C@H]5O)O)O)C2)C)[H])C)[H])[H])[H]","pregnanediol-3-glucuronide","pregnanediol-3-glucuronide","1852-49-9",110346,"HMDB0010318",NA,123796,NA,NA,NA,40708,40708,40708,209,209,209,143065,143065,143065,"Neg","Neg","Neg",143065,40708,209,"Neg",TRUE
0.0408373359943738,-0.0759569289631936,0.478000859103607,0.632993908235239,0.992965231627029,-5.52175033936282,100001777,"100001777","Lipid","Lysophospholipid",2778,"NAMED","UGDOFRYHDCDVHD-JCASDCETSA-N","[H]C(C(O)(C(O)([C@](O)1[H])[H])[H])([C@@](OP(O)(OC[C@@]([H])(COC(CCCCCCC/C=C\CCCCCCCC)=O)O)=O)([C@]1(O)[H])[H])O","1-oleoyl-GPI (18:1)","1-oleoyl-GPI (18:1)",NA,NA,"HMDB0061693",NA,86289645,"LPI 18:1","LPI 18:1","LPI 18:1/0:0",36602,36602,36602,209,209,209,146821,146821,146821,"Neg","Neg","Neg",146821,36602,209,"Neg",TRUE
-0.0315459617762573,0.0245174167294769,-0.475783304545925,0.634571254907846,0.992965231627029,-5.52267439589851,100001870,"100001870","Lipid","Phosphatidylethanolamine (PE)",2455,"NAMED","HBZNVZIRJWODIB-NHCUFCNUSA-N","O=C(CCCCCCC/C=C\C/C=C\CCCCC)O[C@@H](COP(OCCN)(O)=O)COC(CCCCCCCCCCCCCCC)=O","1-palmitoyl-2-linoleoyl-GPE (16:0/18:2)","1-palmitoyl-2-linoleoyl-GPE (16:0/18:2)",NA,7825697,"HMDB0005322",NA,9546747,"PE 34:2","PE 16:0_18:2","Unknown",42449,42449,42449,402,402,402,164197,164197,164197,"Pos Late","Pos Late","Pos Late",164197,42449,402,"Pos Late",TRUE
0.0134945490182059,-0.0306651827812574,0.469163543328407,0.639289689384138,0.992965231627029,-5.52540742759874,100008956,"100008956","Lipid","Sphingomyelins",3192,"NAMED","JBDGKEXQKCCQFK-JWQIMADESA-N","[H][C@](NC(CCCCCCCCCCCCCCCCCCCCCC)=O)(COP(OCC[N+](C)(C)C)([O-])=O)[C@@](O)([H])/C=C/CCCCCCCC/C=C\CCC","sphingomyelin (d18:2/23:0, d18:1/23:1, d17:1/24:1)*","sphingomyelin (d18:2/23:0, d18:1/23:1, d17:1/24:1)*",NA,NA,"HMDB0240634,HMDB0011696,HMDB0240614",NA,134757653,"SM 41:2;O2","Unknown","Unknown",52435,52435,52435,402,402,402,164559,164559,164559,"Pos Late","Pos Late","Pos Late",164559,52435,402,"Pos Late",TRUE
-0.0264279442319044,-0.0341307221416772,-0.466931527281188,0.640884095691472,0.992965231627029,-5.5263202004562,100009123,"100009123","Lipid","Phosphatidylcholine (PC)",2318,"NAMED","GEINPYKZLFHHIL-HEXXMCQTSA-N","O=C(CCCCCCCCCCCCCC)OC[C@]([H])(COP(OCC[N+](C)(C)C)([O-])=O)OC(CC/C=C\C/C=C\C/C=C\C/C=C\C/C=C\C/C=C\CC)=O","1-pentadecanoyl-2-docosahexaenoyl-GPC (15:0/22:6)*","1-pentadecanoyl-2-docosahexaenoyl-GPC (15:0/22:6)*",NA,24766633,"HMDB0007958",NA,52922342,"PC 37:6","PC 15:0_22:6","Unknown",53197,53197,53197,402,402,402,166627,166627,166627,"Pos Late","Pos Late","Pos Late",166627,53197,402,"Pos Late",TRUE
-0.028643209314694,-0.100546196466972,-0.465913379554475,0.641611898560453,0.992965231627029,-5.52673516434988,100001295,"100001295","Peptide","Gamma-glutamyl Amino Acid",664,"NAMED","CATMPQFFVNKDEY-AAEUAGOBSA-N","O=C(O)[C@@H](N)CCC(N[C@@H](CC1=CNC2=C1C=CC=C2)C(O)=O)=O","gamma-glutamyltryptophan","gamma-glutamyltryptophan","66471-20-3",2302065,"HMDB0029160",NA,3989307,NA,NA,NA,33947,33947,33947,400,209,400,156045,126107,156045,"Pos Early","Neg","Pos Early",156045,33947,400,"Pos Early",TRUE
-0.0236998131095812,-0.0020802131775085,-0.462595774968475,0.643985821919889,0.992965231627029,-5.5280810375203,98,"98","Amino Acid","Tryptophan Metabolism",279,"NAMED","HCZHHEIFKROPDY-UHFFFAOYSA-N","OC1=C(C=CC=C2)C2=NC(C(O)=O)=C1","kynurenate","kynurenate","492-27-3",3712,"HMDB0000715","C01717",3845,NA,NA,NA,1417,1417,1417,209,209,209,124553,124553,124553,"Neg","Neg","Neg",124553,1417,209,"Neg",TRUE
0.0154400207026258,0.0235754337268122,0.460301224317918,0.645629729639207,0.992965231627029,-5.52900635051469,100009364,"100009364","Lipid","Phosphatidylcholine (PC)",2373,"NAMED","QLAPQVPZKNRKSF-FYBVJDQOSA-N","CCCCCCCCCCCCCCCCCC(OCC(OC(CC/C=C/C/C=C/CCCCCCCCCCCC)=O)COP([O-])(OCC[N+](C)(C)C)=O)=O","phosphatidylcholine (18:0/20:2, 20:0/18:2)*","phosphatidylcholine (18:0/20:2, 20:0/18:2)*",NA,NA,"HMDB0008143,HMDB0008045",NA,NA,"PC 38:2","Unknown","Unknown",53192,53192,53192,402,402,402,166622,166622,166622,"Pos Late","Pos Late","Pos Late",166622,53192,402,"Pos Late",TRUE
0.0208080907130806,-0.0365994908575219,0.445605760767887,0.656199935162593,0.992965231627029,-5.5348229675464,100009347,"100009347","Lipid","Phosphatidylcholine (PC)",2315,"NAMED","ZEWLMKXMNQOCOQ-QZQOTICOSA-N","CCCCCCCCCCCCCCC(OCC(OC(CCCCCCC/C=C/CCCCCCCC)=O)COP([O-])(OCC[N+](C)(C)C)=O)=O","phosphatidylcholine (15:0/18:1, 17:0/16:1, 16:0/17:1)*","phosphatidylcholine (15:0/18:1, 17:0/16:1, 16:0/17:1)*",NA,NA,"HMDB0007939",NA,NA,"PC 33:1","Unknown","Unknown",53178,53178,53178,402,402,402,166607,166607,166607,"Pos Late","Pos Late","Pos Late",166607,53178,402,"Pos Late",TRUE
-0.0127017931942704,0.0249055930591585,-0.442881866437715,0.658166770795947,0.992965231627029,-5.53588050865411,409,"409","Energy","TCA Cycle",1491,"NAMED","BJEPYKJPYRNKOW-UHFFFAOYSA-N","OC(C(O)=O)CC(O)=O","malate","malate","6915-15-7",510,"HMDB0031518,HMDB0000156,HMDB0000744","C00149,C00711,C00497",525,NA,NA,NA,1303,1303,1303,209,209,209,123199,123199,123199,"Neg","Neg","Neg",123199,1303,209,"Neg",TRUE
0.01587513636855,-0.00743401038527575,0.439316862783249,0.660744772310571,0.992965231627029,-5.53725463994464,100015790,"100015790","Lipid","Sphingomyelins",3189,"NAMED","SDUGEKJCGFHJRC-GKPQAQNZSA-N","CCC/C=C/CCCCCCCC/C=C/[C@@H](O)[C@@H](NC(CCCCCCCCCCCCCCCCCCCC)=O)COP([O-])(OCC[N+](C)(C)C)=O","sphingomyelin (d18:2/21:0, d16:2/23:0)*","sphingomyelin (d18:2/21:0, d16:2/23:0)*",NA,NA,"HMDB0240676",NA,NA,"SM 39:2;O2","Unknown","Unknown",57480,57480,57480,402,402,402,211143,211143,211143,"Pos Late","Pos Late","Pos Late",211143,57480,402,"Pos Late",TRUE
0.0134848243614961,0.0418564534443795,0.438713460499759,0.661181401989843,0.992965231627029,-5.5374862164926,100008904,"100008904","Lipid","Phosphatidylcholine (PC)",2367,"NAMED","ATHVAWFAEPLPPQ-VRDBWYNSSA-N","O=C(CCCCCCCCCCCCCCCCC)OC[C@]([H])(COP(OCC[N+](C)(C)C)([O-])=O)OC(CCCCCCC/C=C\CCCCCCCC)=O","1-stearoyl-2-oleoyl-GPC (18:0/18:1)","1-stearoyl-2-oleoyl-GPC (18:0/18:1)","56421-10-4",24766704,"HMDB0008038",NA,24778825,"PC 36:1","PC 18:0_18:1","Unknown",52438,52438,52438,402,402,402,164562,164562,164562,"Pos Late","Pos Late","Pos Late",164562,52438,402,"Pos Late",TRUE
0.0320666833800417,-0.034924691313683,0.437807721847027,0.661837273775007,0.992965231627029,-5.53783303139183,100001392,"100001392","Lipid","Fatty Acid Metabolism (Acyl Carnitine, Medium Chain)",1906,"NAMED","FUJLYHJROOYKRA-UHFFFAOYSA-N","[O-]C(CC(C[N+](C)(C)C)OC(CCCCCCCCCCC)=O)=O","laurylcarnitine (C12)","laurylcarnitine (C12)","25518-54-1",8602997,"HMDB0002250",NA,168381,NA,NA,NA,34534,34534,34534,402,402,402,158670,158670,158670,"Pos Late","Pos Late","Pos Late",158670,34534,402,"Pos Late",TRUE
0.0158227546877427,-0.0768597754451633,0.433962047579577,0.664624414552899,0.992965231627029,-5.53929801174129,100015791,"100015791","Lipid","Sphingomyelins",3174,"NAMED","FEKSRDMVIULIDJ-SQPFVDNVSA-N","CCC/C=C/CCCCCCCC/C=C/[C@@H](O)[C@@H](NC(CCCCCCCCCCCCCCCCC/C=C/CCC)=O)COP([O-])(OCC[N+](C)(C)C)=O","sphingomyelin (d18:2/23:1)*","sphingomyelin (d18:2/23:1)*",NA,NA,"HMDB0240668",NA,NA,"SM 41:3;O2","SM 18:2;O2_23:1","SM 18:2;O2/23:1",57482,57482,57482,402,402,402,211145,211145,211145,"Pos Late","Pos Late","Pos Late",211145,57482,402,"Pos Late",TRUE
0.0539278682648289,0.0207197203107703,0.427883620569893,0.669039497509246,0.992965231627029,-5.54158702082241,100006641,"100006641","Lipid","Primary Bile Acid Metabolism",3542,"NAMED","DKXXSIJHWWVNMO-ISIKUUMTSA-N","OS(OC1C[C@]2([H])C(CC1)(C)[C@@H]3[C@@]([C@@](CC4)([H])[C@@](CC3)(C)[C@H]4[C@H](C)CCC(NCC(O)=O)=O)([H])[C@H](O)C2)(=O)=O","glycochenodeoxycholate 3-sulfate","glycochenodeoxycholate 3-sulfate",NA,NA,"HMDB0002497",NA,2.111691721125e+23,NA,NA,NA,52974,52974,52974,209,209,209,166124,166124,166124,"Neg","Neg","Neg",166124,52974,209,"Neg",TRUE
0.0712203851710292,-0.239025769314476,0.424062956998644,0.671820494551262,0.992965231627029,-5.54300934799802,100001402,"100001402","Xenobiotics","Xanthine Metabolism",4809,"NAMED","RDZNZFGKEVDNPK-UHFFFAOYSA-N","O=C(NC(NC=O)=C1NC(C)=O)N(C)C1=O","5-acetylamino-6-formylamino-3-methyluracil","5-acetylamino-6-formylamino-3-methyluracil","85438-96-6",97287,"HMDB0011105","C16365",108214,NA,NA,NA,34401,34401,34401,305,305,305,165248,165248,165248,"Polar","Polar","Polar",165248,34401,305,"Polar",TRUE
0.0214792175831582,-0.109140042399834,0.423006541902309,0.672590144847172,0.992965231627029,-5.54340044770702,100009122,"100009122","Lipid","Phosphatidylcholine (PC)",2317,"NAMED","ZSWHHKKYMMYPPD-MSZSINMWSA-N","O=C(CCCCCCCCCCCCCC)OC[C@]([H])(COP(OCC[N+](C)(C)C)([O-])=O)OC(CCC/C=C\C/C=C\C/C=C\C/C=C\CCCCC)=O","1-pentadecanoyl-2-arachidonoyl-GPC (15:0/20:4)*","1-pentadecanoyl-2-arachidonoyl-GPC (15:0/20:4)*",NA,24766624,"HMDB0007949",NA,52922330,"PC 35:4","PC 15:0_20:4","Unknown",53194,53194,53194,402,402,402,166624,166624,166624,"Pos Late","Pos Late","Pos Late",166624,53194,402,"Pos Late",TRUE
-0.0778719497532232,-0.598437355902619,-0.42202232861125,0.673307688348242,0.992965231627029,-5.54376379795114,100001108,"100001108","Xenobiotics","Xanthine Metabolism",4806,"NAMED","GMSNIKWWOQHZGF-UHFFFAOYSA-N","O=C1N(C)C2=C(N=CN2)C(N1)=O","3-methylxanthine","3-methylxanthine","1076-22-8",63805,"HMDB0001886","C16357",70639,NA,NA,NA,32445,32445,32445,209,209,209,125834,125834,125834,"Neg","Neg","Neg",125834,32445,209,"Neg",TRUE
0.0384048492482978,-0.0696724098488855,0.41838851757298,0.675959158693733,0.992965231627029,-5.54509827226213,297,"297","Lipid","Sphingosines",3223,"NAMED","WWUZIQQURGPMPG-CCEZHUSRSA-N","CCCCCCCCCCCCC/C=C/C(C(CO)N)O","sphingosine","sphingosine","123-78-4",4510275,"HMDB0000252","C00319",5280335,NA,NA,NA,17747,17747,17747,402,402,402,158164,158164,158164,"Pos Late","Pos Late","Pos Late",158164,17747,402,"Pos Late",TRUE
0.0327442640933239,-0.081075579194629,0.414243666363543,0.678988454825762,0.992965231627029,-5.54660634962249,100001287,"100001287","Lipid","Androgenic Steroids",3410,"NAMED","ZMITXKRGXGRMKS-FMLJXKFRSA-N","O=C1CCC2C3CC[C@@]4([H])C[C@@H](OS(=O)(O)=O)CC[C@]4(C)C3CC[C@@]21C","epiandrosterone sulfate","epiandrosterone sulfate","22229-22-7",21403101,"HMDB0062657","C04555",9929317,NA,NA,NA,33973,33973,33973,209,209,209,126133,126133,126133,"Neg","Neg","Neg",126133,33973,209,"Neg",TRUE
0.0172240408662782,0.0304783954889035,0.413456699752064,0.679564206325412,0.992965231627029,-5.54689098851969,100008977,"100008977","Lipid","Phosphatidylethanolamine (PE)",2483,"NAMED","ANRKEHNWXKCXDB-BHFWLYLHSA-N","O=C(CCCCCCCCCCCCCCCCC)OC[C@]([H])(COP(OCCN)(O)=O)OC(CCC/C=C\C/C=C\C/C=C\C/C=C\CCCCC)=O","1-stearoyl-2-arachidonoyl-GPE (18:0/20:4)","1-stearoyl-2-arachidonoyl-GPE (18:0/20:4)",NA,4451158,"HMDB0009003","C05210",5289133,"PE 38:4","PE 18:0_20:4","Unknown",52447,52447,52447,402,402,402,165110,165110,165110,"Pos Late","Pos Late","Pos Late",165110,52447,402,"Pos Late",TRUE
-0.0337061464243359,0.0830916464110074,-0.412922811159512,0.679954910765913,0.992965231627029,-5.54708378356041,100001337,"100001337","Lipid","Long Chain Polyunsaturated Fatty Acid (n3 and n6)",1614,"NAMED","DTOSIQBPPRVQHS-PDBXOOCHSA-N","O=C(O)CCCCCCC/C=C\C/C=C\C/C=C\CC","linolenate [alpha or gamma; (18:3n3 or 6)]","linolenate (18:3n3 or 3n6)",NA,4444437,"HMDB0003073,HMDB0001388","C06426,C06427",52809335280934,NA,NA,NA,34035,34035,34035,209,209,209,143703,143703,143703,"Neg","Neg","Neg",143703,34035,209,"Neg",TRUE
0.0283424094123794,-0.0882045026934415,0.408747554193643,0.683013373014447,0.992965231627029,-5.5485829492534,100020541,"100020541","Lipid","Androgenic Steroids",3469,"NAMED","BRPLOVMHAFXVOQ-HXVIYJDASA-N","C[C@]12CC[C@@H](OC3C(O)C(O)C(O)C(C(O)=O)O3)C[C@]1([H])CC[C@]4([H])[C@]2([H])[C@@H](O)C[C@@]5(C)[C@@]4([H])CCC5=O","11beta-hydroxyandrosterone glucuronide","11beta-hydroxyandrosterone glucuronide",NA,NA,"HMDB0010351",NA,NA,NA,NA,NA,63251,63251,63251,209,209,209,222126,222126,222126,"Neg","Neg","Neg",222126,63251,209,"Neg",TRUE
-0.00626710398908695,0.0179436179594185,-0.406730289836657,0.68449284877323,0.992965231627029,-5.5493018841245,572,"572","Carbohydrate","Glycolysis, Gluconeogenesis, and Pyruvate Metabolism",1262,"NAMED","WQZGKKKJIJFFOK-DVKNGEFBSA-N","O[C@H]1O[C@H](CO)[C@@H](O)[C@H](O)[C@H]1O","glucose","glucose","50-99-7",71358,"HMDB0000122","C00031",5793,NA,NA,NA,48152,48152,48152,305,305,305,151982,151982,151982,"Polar","Polar","Polar",151982,48152,305,"Polar",TRUE
0.0197345368222491,-0.0281313159610506,0.405837082553596,0.68514845498227,0.992965231627029,-5.54961898102285,100008918,"100008918","Lipid","Plasmalogen",2871,"NAMED","FHHVIBPVBBRLOR-IYACIECVSA-N","O=C(O[C@](COP([O-])(OCC[N+](C)(C)C)=O)([H])CO/C=C\CCCCCCCCCCCCCCCC)CCC/C=C\C/C=C\C/C=C\C/C=C\CCCCC","1-(1-enyl-stearoyl)-2-arachidonoyl-GPC (P-18:0/20:4)","1-(1-enyl-stearoyl)-2-arachidonoyl-GPC (P-18:0/20:4)","97802-56-7",24767528,"HMDB0011253",NA,24779390,"PC O-38:5","PC P-18:0_20:4","PC P-18:0/20:4",52613,52613,52613,402,402,402,165345,165345,165345,"Pos Late","Pos Late","Pos Late",165345,52613,402,"Pos Late",TRUE
-0.0585518315171181,-0.0635592451105312,-0.399827225873364,0.689565193135456,0.992965231627029,-5.55173489277038,100020214,"100020214","Lipid","Primary Bile Acid Metabolism",3537,"NAMED","ZQYUKJFJPJDMMR-PRRFOZOMSA-N","CC(C1CCC2C3[C@H]([C@H]([C@@]4(C[C@@H](CC[C@@]4(C3CC[C@]12C)C)O)[H])O)O)CCC(NCC(O)=O)=O","glyco-beta-muricholate**","glyco-beta-muricholate**",NA,NA,NA,NA,NA,NA,NA,NA,62066,62066,62066,209,209,209,218872,218872,218872,"Neg","Neg","Neg",218872,62066,209,"Neg",TRUE
0.0279384147529822,-0.0976186867658977,0.395113070818159,0.693037163553695,0.992965231627029,-5.55337255608627,100002129,"100002129","Lipid","Pregnenolone Steroids",3311,"NAMED","DIJBBUIOWGGQOP-QGVNFLHTSA-N","C[C@]12CC[C@H](OS(=O)(O)=O)CC1=CC[C@@]3([H])[C@]4([H])CC[C@H]([C@](C)=O)[C@](C)4CC[C@]23[H]","pregnenolone sulfate","pregnenolone sulfate","1247-64-9",94802,"HMDB0000774","C18044",105074,NA,NA,NA,38170,38170,38170,209,209,209,127723,127723,127723,"Neg","Neg","Neg",127723,38170,209,"Neg",TRUE
-0.0137102362557893,-0.0340988338043497,-0.392328334659352,0.695091172785489,0.992965231627029,-5.55433083811343,100001869,"100001869","Lipid","Phosphatidylcholine (PC)",2378,"NAMED","PSVRFUPOQYJOOZ-QNPWAGBNSA-N","C[N+](C)(CCOP([O-])(OC[C@@]([H])(COC(CCCCCCCCCCCCCCCCC)=O)OC(CCC/C=C\C/C=C\C/C=C\C/C=C\CCCCC)=O)=O)C","1-stearoyl-2-arachidonoyl-GPC (18:0/20:4)","1-stearoyl-2-arachidonoyl-GPC (18:0/20:4)","35418-59-8",17347139,"HMDB0008048",NA,16219824,"PC 38:4","PC 18:0_20:4","Unknown",42450,42450,42450,402,402,402,164205,164205,164205,"Pos Late","Pos Late","Pos Late",164205,42450,402,"Pos Late",TRUE
-0.0153918427691078,0.0345215207305256,-0.391978981906696,0.695348975709004,0.992965231627029,-5.55445060664637,100009141,"100009141","Lipid","Phosphatidylcholine (PC)",2382,"NAMED","MAAMGQXOTCBPFS-JPGWWKBXSA-N","O=C(CCCCCCCCCCCCCCCCC)OC[C@]([H])(COP(OCC[N+](C)(C)C)([O-])=O)OC(CCCCC/C=C\C/C=C\C/C=C\C/C=C\C/C=C\CC)=O","1-stearoyl-2-docosapentaenoyl-GPC (18:0/22:5n3)*","1-stearoyl-2-docosapentaenoyl-GPC (18:0/22:5n3)*",NA,24766720,"HMDB0008056",NA,24778873,"PC 40:5","PC 18:0_22:5(7,10,13,16,19)","Unknown",52699,52699,52699,402,402,402,165472,165472,165472,"Pos Late","Pos Late","Pos Late",165472,52699,402,"Pos Late",TRUE
0.0169775350269918,0.000871438377807728,0.387230425494346,0.698857192390573,0.992965231627029,-5.55606758676434,980,"980","Lipid","Long Chain Saturated Fatty Acid",1554,"NAMED","WQEPLUUGTLDZJY-UHFFFAOYSA-N","O=C(O)CCCCCCCCCCCCCC","pentadecanoate (15:0)","pentadecanoate (15:0)","10002-84-2,1002-84-2",13249,"HMDB0000826","C16537",13849,NA,NA,NA,1361,1361,1361,209,209,209,125726,125726,125726,"Neg","Neg","Neg",125726,1361,209,"Neg",TRUE
0.0261297282595624,-0.149966491891669,0.381240560907518,0.703291662518816,0.992965231627029,-5.55807921362711,100001652,"100001652","Lipid","Lysophospholipid",2716,"NAMED","CKPBBEOJHAPPBT-HXUWFJFHSA-N","OC[C@@H](OC(CCCCCCCCCCCCCCC)=O)COP(OCC[NH3+])([O-])=O","2-palmitoyl-GPE (16:0)*","2-palmitoyl-GPE* (16:0)*",NA,NA,"HMDB0011473",NA,NA,"LPE 16:0","LPE 16:0","LPE 0:0/16:0",45452,45452,45452,209,209,209,142731,142731,142731,"Neg","Neg","Neg",142731,45452,209,"Neg",TRUE
0.0117357833423976,-0.0346880385446046,0.38007654447046,0.70415451649562,0.992965231627029,-5.55846656089883,100006296,"100006296","Lipid","Sphingomyelins",3191,"NAMED","BBJBWENPFZYXKM-CUYAXJSGSA-N","CCCCCCCCCCCCC/C=C/[C@@H](O)[C@@H](NC(CCCCCCCCCCC/C=C/C/C=C/CCCCC)=O)COP([O-])(OCC[N+](C)(C)C)=O","sphingomyelin (d18:1/22:2, d18:2/22:1, d16:1/24:2)*","sphingomyelin (d18:1/22:2, d18:2/22:1, d16:1/24:2)*",NA,NA,"HMDB0240670,HMDB0240672,HMDB0240669",NA,NA,"SM 40:3;O2","Unknown","Unknown",57477,57477,57477,402,402,402,211140,211140,211140,"Pos Late","Pos Late","Pos Late",211140,57477,402,"Pos Late",TRUE
0.0296367477052984,0.0259905243496292,0.375154823216614,0.707807521514775,0.992965231627029,-5.56009095653811,100001278,"100001278","Lipid","Long Chain Monounsaturated Fatty Acid",1576,"NAMED","GDTXICBNEOEPAZ-FPLPWBNLSA-N","O=C(O)CCCCCCCC/C=C\CCCCCC","heptadecenoate (17:1)","heptadecenoate (17:1)","29743-97-3",4471860,"HMDB0060038",NA,5312435,NA,NA,NA,33971,33971,33971,209,209,209,126129,126129,126129,"Neg","Neg","Neg",126129,33971,209,"Neg",TRUE
0.0497900750219312,-0.327978235156094,0.374143388791976,0.708559053021568,0.992965231627029,-5.56042216935671,100002007,"100002007","Lipid","Androgenic Steroids",3427,"NAMED","JHFAETDERBWUOO-SKIFDASYSA-N","O=S(O[C@H]1C2(C)C(CC1)C(CCC3C4(C)CC[C@@H](OS(=O)(O)=O)C3)C4CC2)(O)=O","5alpha-androstan-3alpha,17alpha-diol disulfate","5alpha-androstan-3alpha,17alpha-diol disulfate",NA,NA,NA,NA,NA,NA,NA,NA,37182,37182,37182,209,209,209,144256,144256,144256,"Neg","Neg","Neg",144256,37182,209,"Neg",TRUE
0.0538217199276483,-0.21396561100943,0.374029605410954,0.708643615955621,0.992965231627029,-5.56045937392355,100006642,"100006642","Lipid","Secondary Bile Acid Metabolism",3610,"NAMED","QJZCNFGUZPMYAX-WWZCPACMSA-N","OS(OC1CC[C@@]2(C)[C@@](CC[C@]3([H])[C@]2([H])C[C@H](O)[C@@]4(C)[C@]3(CC[C@@H]4[C@H](C)CCC(NCC(O)=O)=O)[H])([H])C1)(=O)=O","glycodeoxycholate 3-sulfate","glycodeoxycholate 3-sulfate",NA,NA,"HMDB0341325",NA,101602538,NA,NA,NA,52975,52975,52975,209,209,209,166126,166126,166126,"Neg","Neg","Neg",166126,52975,209,"Neg",TRUE
-0.0128827159752391,-0.0564996427217828,-0.371358386671232,0.710629797103545,0.992965231627029,-5.56132961204002,100015788,"100015788","Lipid","Sphingomyelins",3173,"NAMED","YMTVMVYOUDDTQJ-UOMMIRHQSA-N","[H][C@](NC(CCCCCCC/C=C\CCCCCCCC)=O)(COP(OCC[N+](C)(C)C)([O-])=O)[C@@](O)([H])/C=C/CCCCCCCC/C=C\CCC","sphingomyelin (d18:2/18:1, d18:1/18:2)*","sphingomyelin (d18:2/18:1, d18:1/18:2)*",NA,NA,"HMDB0258342",NA,NA,"SM 36:2;O2","SM 18:2;O2_18:1","SM 18:2;O2/18:1",57474,57474,57474,402,402,402,211137,211137,211137,"Pos Late","Pos Late","Pos Late",211137,57474,402,"Pos Late",TRUE
0.0251083389883363,0.0776155359247713,0.367809508106124,0.713271810136839,0.992965231627029,-5.56247600330846,100001989,"100001989","Lipid","Secondary Bile Acid Metabolism",3605,"NAMED","HCXZDHWUVRQLGC-UHFFFAOYSA-N","O=S(OC1CCC2(C)C(CCC3C2CCC4(C)C3CCC4C(CCC(NCC(O)=O)=O)C)=C1)(O)=O","glycocholenate sulfate*","glycocholenate sulfate*",NA,NA,NA,NA,NA,NA,NA,NA,32599,57741,32599,209,209,209,142563,213336,142563,"Neg","Neg","Neg",213336,57741,209,"Neg",TRUE
0.0339135803559198,-0.0561421896506578,0.36232816093348,0.717359138696582,0.992965231627029,-5.56422511767605,100001655,"100001655","Lipid","Lysophospholipid",2772,"NAMED","UOXRPRZMAROFPH-AQFLIPHUSA-N","[H]C(C(O)(C(O)([C@](O)1[H])[H])[H])([C@@](OP(O)(OC[C@@]([H])(COC(CCCCCCCCCCCCCCC)=O)O)=O)([C@]1(O)[H])[H])O","1-palmitoyl-GPI (16:0)","1-palmitoyl-GPI (16:0)",NA,NA,"HMDB0061695",NA,71296207,"LPI 16:0","LPI 16:0","LPI 16:0/0:0",35305,35305,35305,209,209,209,146820,146820,146820,"Neg","Neg","Neg",146820,35305,209,"Neg",TRUE
0.0507579939967592,-0.280386920726537,0.358962033161951,0.71987323695695,0.992965231627029,-5.56528625590158,100009332,"100009332","Lipid","Fatty Acid Metabolism (Acyl Choline)",1997,"NAMED","XUWOVXDQNYUPNL-WYTUUNCASA-N","O=C(CCC/[C-]=C/C/C=C/C/C=C/C/C=C/CCCCC)OCC[N+](C)(C)C","arachidonoylcholine","arachidonoylcholine",NA,NA,"HMDB0240583",NA,122198216,NA,NA,NA,53261,53261,53261,402,402,402,179347,179347,179347,"Pos Late","Pos Late","Pos Late",179347,53261,402,"Pos Late",TRUE
-0.0411855880559123,-0.118389401418332,-0.356761119055593,0.721518708526458,0.992965231627029,-5.56597472226563,100001657,"100001657","Lipid","Secondary Bile Acid Metabolism",3570,"NAMED","FHXBAFXQVZOILS-OETIFKLTSA-N","C[C@]12[C@@]([C@@]([C@@](CC2)([H])[C@](CC3)(C)[C@@]4([H])C[C@@H]3OS(=O)(O)=O)(CC4)[H])([H])CC[C@]1([H])[C@H](C)CCC(NCC(O)=O)=O","glycolithocholate sulfate*","glycolithocholate sulfate*","15324-64-8",65188,"HMDB0002639","C11301",72222,NA,NA,NA,32620,32620,32620,209,209,209,142564,142564,142564,"Neg","Neg","Neg",142564,32620,209,"Neg",TRUE
0.0171117228759418,0.0331476847447533,0.356718000948951,0.721550957927698,0.992965231627029,-5.5659881677612,100009146,"100009146","Lipid","Phosphatidylcholine (PC)",2381,"NAMED","AXZGUCXCTZMPTR-UVGACIQRSA-N","O=C(CCCCCCCCCCCCCCCCC)OC[C@]([H])(COP(OCC[N+](C)(C)C)([O-])=O)OC(CCCCC/C=C\C/C=C\C/C=C\C/C=C\CCCCC)=O","1-stearoyl-2-adrenoyl-GPC (18:0/22:4)*","1-stearoyl-2-adrenoyl-GPC (18:0/22:4)*","137254-39-8",24766718,"HMDB0008054",NA,24778868,"PC 40:4","PC 18:0_22:4","Unknown",55061,55061,55061,402,402,402,208175,208175,208175,"Pos Late","Pos Late","Pos Late",208175,55061,402,"Pos Late",TRUE
0.0215300750082541,-0.0160549019082038,0.353019062386575,0.724319357829047,0.992965231627029,-5.56713556185989,100015623,"100015623","Lipid","Lactosylceramides (LCER)",3153,"NAMED","QYWVASPEUXEHSY-NNRNTGNWSA-N","[H][C@](NC(CCCCCCCCCCCCCCCCCCCCC)=O)(CO[C@H]1[C@H](O)[C@@H](O)[C@H](O[C@H]2[C@H](O)[C@@H](O)[C@@H](O)[C@H](O2)CO)[C@H](O1)CO)[C@@](O)([H])/C=C/CCCCCCCCCCCCC","lactosyl-N-behenoyl-sphingosine (d18:1/22:0)*","lactosyl-N-behenoyl-sphingosine (d18:1/22:0)*",NA,24846893,"HMDB0011594",NA,44260143,"LacCer 40:1;O2","LacCer 18:1;O2_22:0","LacCer 18:1;O2/22:0",57422,57422,57422,402,402,402,211075,211075,211075,"Pos Late","Pos Late","Pos Late",211075,57422,402,"Pos Late",TRUE
0.0367071697762752,0.0819048844106208,0.352219962602734,0.724917906454576,0.992965231627029,-5.56738186952838,100020261,"100020261","Partially Characterized Molecules","Partially Characterized Molecules",6707,"NAMED",NA,NA,"glutamine conjugate of C6H10O2 (1)*","glutamine conjugate of C6H10O2 (1)*",NA,NA,NA,NA,NA,NA,NA,NA,63657,63657,63657,209,209,209,223045,223045,223045,"Neg","Neg","Neg",223045,63657,209,"Neg",FALSE
0.0203449471668244,0.061201243487508,0.348147380537537,0.727971005034681,0.992965231627029,-5.56862850383423,100001778,"100001778","Lipid","Lysophospholipid",2780,"NAMED","SAHCQBPGXQFTRA-WNOZMNFTSA-N","[H]C(C(O)(C(O)([C@](O)1[H])[H])[H])([C@@](OP(O)(OC[C@@]([H])(COC(CCCCCCC/C=C\C/C=C\CCCCC)=O)O)=O)([C@]1(O)[H])[H])O","1-linoleoyl-GPI (18:2)*","1-linoleoyl-GPI* (18:2)*",NA,NA,"HMDB0240597",NA,11124828,"LPI 18:2","LPI 18:2","LPI 18:2/0:0",36594,36594,36594,209,209,209,146822,146822,146822,"Neg","Neg","Neg",146822,36594,209,"Neg",TRUE
0.0135954635004553,-0.0191569115120179,0.340358000824943,0.733822544067421,0.992965231627029,-5.57097251777507,100015793,"100015793","Lipid","Sphingomyelins",3180,"NAMED","YHBBZTIPONDTRX-TVUHHANTSA-N","[H][C@](NC(CCCCCCCCCCCCCC)=O)(COP(OCC[N+](C)(C)C)([O-])=O)[C@@](O)([H])/C=C/CCCCCCCC/C=C\CCC","sphingomyelin (d17:2/16:0, d18:2/15:0)*","sphingomyelin (d17:2/16:0, d18:2/15:0)*",NA,NA,"HMDB0240677",NA,NA,"SM 33:2;O2","Unknown","Unknown",57483,57483,57483,402,402,402,211146,211146,211146,"Pos Late","Pos Late","Pos Late",211146,57483,402,"Pos Late",TRUE
-0.0188017143382093,0.0487394094913675,-0.340294296998045,0.733870464322286,0.992965231627029,-5.57099146934442,100009026,"100009026","Lipid","Dihydrosphingomyelins",3163,"NAMED","FONAXCRWZQFJHY-JCGOJSMZSA-N","[H][C@](NC(CCCCCCCCCCCCCCCCCCCCC)=O)(COP(OCC[N+](C)(C)C)([O-])=O)[C@@](O)([H])CCCCCCCCCCCCCCC","behenoyl dihydrosphingomyelin (d18:0/22:0)*","behenoyl dihydrosphingomyelin (d18:0/22:0)*",NA,24846880,"HMDB0012091",NA,44260132,"SM 40:0;O2","SM 18:0;O2_22:0","SM 18:0;O2/22:0",57331,57331,57331,402,402,402,210829,210829,210829,"Pos Late","Pos Late","Pos Late",210829,57331,402,"Pos Late",TRUE
0.0307648273572008,-0.0882645510508566,0.336320806225622,0.736861515795629,0.992965231627029,-5.57216655748861,132,"132","Carbohydrate","Glycolysis, Gluconeogenesis, and Pyruvate Metabolism",1276,"NAMED","OSJPPGNTCRNQQC-UHFFFAOYSA-N","OC(C(O)=O)COP(O)(O)=O","3-phosphoglycerate","3-phosphoglycerate","80731-10-8",10669764,"HMDB0000807","C00597",724,NA,NA,NA,1414,1414,1414,400,400,400,155361,155361,155361,"Pos Early","Pos Early","Pos Early",155361,1414,400,"Pos Early",TRUE
-0.0279237455966256,-0.0489619371632774,-0.333863755440578,0.738713074561174,0.992965231627029,-5.57288628582417,100005714,"100005714","Lipid","Lysophospholipid",2728,"NAMED","NTBBASCGALPTDC-IUQGRGSQSA-N","[NH3+]CCOP(OCC(O)COC(CCCCCCC/C=C/C/C=C/C/C=C/CC)=O)([O-])=O","1-linolenoyl-GPE (18:3)*","1-linolenoyl-GPE (18:3)*",NA,NA,"HMDB0011509",NA,52925148,"LPE 18:3","LPE 18:3","LPE 18:3/0:0",57509,57509,57509,402,402,402,211207,211207,211207,"Pos Late","Pos Late","Pos Late",211207,57509,402,"Pos Late",TRUE
-0.0163318396718197,-0.0242892171079481,-0.33373458313125,0.73881045713745,0.992965231627029,-5.57292397755832,100015745,"100015745","Lipid","Hexosylceramides (HCER)",3145,"NAMED","WYTRSDHGWSSQLK-PCKKJQKNSA-N","OC(/C=C/CCCCCCCC/C=C\CCC)C(COC1C(O)C(O)C(O)C(CO)O1)NC(CCCCCCCCCCCCC/C=C\CCCCCCCC)=O","glycosyl ceramide (d18:2/24:1, d18:1/24:2)*","glycosyl ceramide (d18:2/24:1, d18:1/24:2)*",NA,NA,NA,NA,NA,"HexCer 42:3;O2","Unknown","Unknown",57453,57453,57453,402,402,402,211107,211107,211107,"Pos Late","Pos Late","Pos Late",211107,57453,402,"Pos Late",TRUE
-0.0136152859430443,-0.0118221993338085,-0.333056219618433,0.739321942227148,0.992965231627029,-5.57312168087925,100000802,"100000802","Lipid","Fatty Acid Metabolism (Acyl Carnitine, Short Chain)",1885,"NAMED","RDHQFKQIGNGIED-MRVPVSSYSA-N","C[N+](C)(C)C[C@H](OC(C)=O)CC([O-])=O","acetylcarnitine (C2)","acetylcarnitine (C2)","5080-50-2",5406074,"HMDB0000201","C02571",7045767,NA,NA,NA,32198,32198,32198,400,400,400,155890,155890,155890,"Pos Early","Pos Early","Pos Early",155890,32198,400,"Pos Early",TRUE
0.016453054789951,0.0311382647655791,0.328447563243394,0.742799920376195,0.992965231627029,-5.57445419362059,229,"229","Lipid","Long Chain Polyunsaturated Fatty Acid (n3 and n6)",1618,"NAMED","YZXBAPSDXZZRGB-DOFZRALJSA-N","CCCCC/C=C\C/C=C\C/C=C\C/C=C\CCCC(O)=O","arachidonate (20:4n6)","arachidonate (20:4n6)","506-32-1",392692,"HMDB0001043","C00219",444899,NA,NA,NA,1110,1110,1110,209,209,209,125971,125971,125971,"Neg","Neg","Neg",125971,1110,209,"Neg",TRUE
0.0392386088143521,0.190344752451204,0.324083407977905,0.746098254926013,0.992965231627029,-5.57569891111831,100004083,"100004083","Lipid","Secondary Bile Acid Metabolism",3596,"NAMED",NA,"C[C@@]([C@@]1([H])C[C@@H]2O)(CC2)[C@](CC3)([H])[C@]([C@H](O)[C@@H]1O)([H])[C@@](CC4)([H])[C@@]3(C)[C@H]4[C@H](C)CCC(NCC(O)=O)=O","glycohyocholate","glycohyocholate",NA,NA,"HMDB0240607",NA,71361462,NA,NA,NA,42574,42574,42574,209,209,209,143947,143947,143947,"Neg","Neg","Neg",143947,42574,209,"Neg",TRUE
0.0177934180431004,0.0143643213432005,0.322756249150946,0.747102223992508,0.992965231627029,-5.57607413632289,100001739,"100001739","Lipid","Long Chain Polyunsaturated Fatty Acid (n3 and n6)",1617,"NAMED","AHANXAKGNAKFSK-PDBXOOCHSA-N","CC\C=C/C\C=C/C\C=C/CCCCCCCCCC(O)=O","dihomo-linolenate (20:3n3 or n6)","dihomolinolenate (20:3n3 or 3n6)","17046-59-2",4471954,"HMDB0002925","C03242",5280581,NA,NA,NA,35718,35718,35718,209,209,209,143707,143707,143707,"Neg","Neg","Neg",143707,35718,209,"Neg",TRUE
0.0211178919912728,-0.0937035996259142,0.321192663852043,0.748285598365175,0.992965231627029,-5.57651423185961,100001197,"100001197","Lipid","Medium Chain Fatty Acid",1545,"NAMED","FRPZMMHWLSIFAZ-UHFFFAOYSA-N","O=C(CCCCCCCCC=C)O[H]","10-undecenoate (11:1n1)","10-undecenoate (11:1n1)","1333-28-4",10771160,"HMDB0033724","C13910",14891,NA,NA,NA,32497,32497,32497,209,209,209,125854,125854,125854,"Neg","Neg","Neg",125854,32497,209,"Neg",TRUE
0.0216821895653037,0.00111739317621053,0.320861290332761,0.748536469736161,0.992965231627029,-5.57660722786232,100001580,"100001580","Lipid","Long Chain Polyunsaturated Fatty Acid (n3 and n6)",1621,"NAMED","AVKOENOBFIYBSA-WMPRHZDHSA-N","OC(CC/C=C\C/C=C\C/C=C\C/C=C\C/C=C\CCCCC)=O","docosapentaenoate (n6 DPA; 22:5n6)","docosapentaenoate (n6 DPA; 22:5n6)","25182-74-5",4945614,"HMDB0001976","C16513",6441454,NA,NA,NA,37478,37478,37478,209,209,209,127695,127695,127695,"Neg","Neg","Neg",127695,37478,209,"Neg",TRUE
0.0249579169813033,0.165967828686399,0.317965435786026,0.75072994338368,0.992965231627029,-5.57741584099773,100020343,"100020343","Lipid","Long Chain Polyunsaturated Fatty Acid (n3 and n6)",1595,"NAMED","HXHZGHRLVRFQDR-HZJYTTRNSA-N","OC(CCC/C=C\C/C=C\CCCCC)=O","tetradecadienoate (14:2)*","tetradecadienoate (14:2)*","39039-37-7",4471834,"HMDB0000560",NA,5312409,NA,NA,NA,62850,62850,62850,209,209,209,220619,220619,220619,"Neg","Neg","Neg",220619,62850,209,"Neg",TRUE
0.0394460036526892,0.206025605108513,0.31487985339762,0.753069383419692,0.992965231627029,-5.57826935425596,342,"342","Lipid","Primary Bile Acid Metabolism",3522,"NAMED","RFDAIACWWDREDC-FRVQLJSFSA-N","O=C(CNC(CC[C@H]([C@@H]1[C@@]2(C)[C@@H](O)C[C@]3([H])[C@@]4(C)CC[C@@H](O)C[C@@]4([H])C[C@@H](O)[C@@]3([H])[C@]2([H])CC1)C)=O)O","glycocholate","glycocholate","475-31-0,863-57-0",9734,"HMDB0000138","C01921",10140,NA,NA,NA,18476,18476,18476,209,209,209,126842,126842,126842,"Neg","Neg","Neg",126842,18476,209,"Neg",TRUE
-0.0292257654196203,-0.194341710527247,-0.313821499353307,0.753872332716881,0.992965231627029,-5.57856019629161,100002008,"100002008","Lipid","Androgenic Steroids",3426,"NAMED","LERFMBCTNMFXCT-SKIFDASYSA-N","O[C@H]1C2(C)C(CC1)C(CCC3C4(C)CC[C@@H](OS(=O)(O)=O)C3)C4CC2","5alpha-androstan-3alpha,17alpha-diol monosulfate","5alpha-androstan-3alpha,17alpha-diol monosulfate",NA,NA,"HMDB0000412",NA,NA,NA,NA,NA,37183,37183,37183,209,209,209,144260,144260,144260,"Neg","Neg","Neg",144260,37183,209,"Neg",TRUE
0.0165296271369299,-0.0110108404693904,0.313050347097847,0.7544575570318,0.992965231627029,-5.57877149733111,93,"93","Energy","TCA Cycle",1485,"NAMED","KPGXRSRHYNQIFN-UHFFFAOYSA-N","O=C(C(O)=O)CCC(O)=O","alpha-ketoglutarate","alpha-ketoglutarate","328-50-7,22202-68-2,305-72-6",50,"HMDB0000208","C00026",51,NA,NA,NA,528,528,528,305,305,305,146398,146398,146398,"Polar","Polar","Polar",146398,528,305,"Polar",TRUE
-0.0262891654114721,0.0916083991982005,-0.312961675204607,0.754524858861977,0.992965231627029,-5.57879576074043,100009271,"100009271","Lipid","Fatty Acid Metabolism (Acyl Carnitine, Hydroxy)",1965,"NAMED","UEFRDQSMQXDWTO-UHFFFAOYSA-N","CC(O)CC(OC(C[N+](C)(C)C)CC([O-])=O)=O","(S)-3-hydroxybutyrylcarnitine","(S)-3-hydroxybutyrylcarnitine",NA,NA,"HMDB0013127",NA,71464477,NA,NA,NA,52984,52984,52984,400,400,400,166220,166220,166220,"Pos Early","Pos Early","Pos Early",166220,52984,400,"Pos Early",TRUE
-0.0406829394037,-0.00881652957028611,-0.310496735042651,0.756396492753982,0.992965231627029,-5.57946749627781,100002796,"100002796","Lipid","Medium Chain Fatty Acid",1540,"NAMED","XKZKQTCECFWKBN-SREVYHEPSA-N","OC(CC\C=C/CCCCC)=O","cis-4-decenoate (10:1n6)*","cis-4-decenoate (10:1n6)*","505-90-8",4471776,"HMDB0004980",NA,5282726,NA,NA,NA,62873,62873,62873,209,209,209,220667,220667,220667,"Neg","Neg","Neg",220667,62873,209,"Neg",TRUE
-0.0150359463179731,-0.058187494955992,-0.308038642298751,0.758264358697004,0.992965231627029,-5.58013208005234,100001570,"100001570","Lipid","Lysophospholipid",2726,"NAMED","DBHKHNGBVGWQJE-HZJYTTRNSA-N","O=P(OCC(O)COC(CCCCCCC/C=C\C/C=C\CCCCC)=O)(O)OCCN","1-linoleoyl-GPE (18:2)*","1-linoleoyl-GPE (18:2)*",NA,21403170,"HMDB0011507",NA,52925130,"LPE 18:2","LPE 18:2","LPE 18:2/0:0",36600,36600,36600,402,402,402,158788,158788,158788,"Pos Late","Pos Late","Pos Late",158788,36600,402,"Pos Late",TRUE
-0.0256226799168335,0.0796611902252865,-0.30053959388368,0.763971492522144,0.995745178113939,-5.58212694919715,100009394,"100009394","Lipid","Long Chain Polyunsaturated Fatty Acid (n3 and n6)",1611,"NAMED","WPJGPAAPSBVXNU-HZJYTTRNSA-N","CCCCC/C=C\C/C=C\CCCCCC(O)=O","hexadecadienoate (16:2n6)","hexadecadienoate (16:2n6)","28290-73-5",13628094,"HMDB0000477",NA,13932172,NA,NA,NA,57652,57652,57652,209,209,209,212703,212703,212703,"Neg","Neg","Neg",212703,57652,209,"Neg",TRUE
-0.0207383072209218,-0.105381498648421,-0.291562554793556,0.770820407224243,0.995745178113939,-5.5844503790762,100005371,"100005371","Lipid","Lysophospholipid",2736,"NAMED","RNWSKZCVPICGIX-DQXFYRDTSA-N","O=C(CCCCCC/C=C\C/C=C\C/C=C\CCCCC)OC[C@@](O)([H])COP(OCCN)(O)=O","1-dihomo-linolenoyl-GPE (20:3n3 or n6)*","1-dihomo-linolenoyl-GPE (20:3n3 or n6)*",NA,NA,"HMDB0011514,HMDB0011516",NA,NA,"LPE 20:3","LPE 20:3","LPE 20:3/0:0",44630,44630,44630,209,209,209,142531,142531,142531,"Neg","Neg","Neg",142531,44630,209,"Neg",TRUE
0.0112484058002741,-0.0275253677087592,0.288711247506144,0.772999566334894,0.995745178113939,-5.58517361906939,100009021,"100009021","Lipid","Plasmalogen",2849,"NAMED","DUUSFCFZBREELS-WWBBCYQPSA-N","[H][C@](OC(CCC/C=C\C/C=C\C/C=C\C/C=C\CCCCC)=O)(COP(OCC[N+](C)(C)C)([O-])=O)COCCCCCCCCCCCCCCCC","1-palmityl-2-arachidonoyl-GPC (O-16:0/20:4)*","1-palmityl-2-arachidonoyl-GPC (O-16:0/20:4)*",NA,4947173,"HMDB0243975",NA,10747814,"PC O-36:4","PC O-16:0_20:4","PC O-16:0/20:4",52718,52718,52718,402,402,402,165497,165497,165497,"Pos Late","Pos Late","Pos Late",165497,52718,402,"Pos Late",TRUE
-0.0194968951784575,0.0811721204690087,-0.285920744012912,0.775133998130246,0.995745178113939,-5.58587455842996,100009215,"100009215","Lipid","Phosphatidylethanolamine (PE)",2479,"NAMED","XJPVAWWHABLYPE-KPRICRNFSA-N","O=C(CCCCCCCCCCCCCCCCC)OC[C@]([H])(COP(OCCN)(O)=O)OC(CCCCCC/C=C\C/C=C\C/C=C\CCCCC)=O","1-stearoyl-2-dihomo-linolenoyl-GPE (18:0/20:3n3 or n6)*","1-stearoyl-2-dihomo-linolenoyl-GPE (18:0/20:3n3 or n6)*",NA,24768480,"HMDB0009002",NA,52924903,"PE 38:3","PE 18:0_20:3","Unknown",57336,57336,57336,402,402,402,210835,210835,210835,"Pos Late","Pos Late","Pos Late",210835,57336,402,"Pos Late",TRUE
0.00835448518165971,-0.0330220437972969,0.284082098146378,0.77654123513335,0.995745178113939,-5.58633272027311,100008920,"100008920","Lipid","Sphingomyelins",3182,"NAMED","YMQZQHIESOAPQH-JXGHDCMNSA-N","O=C(N[C@@]([C@]([H])(O)/C=C/CCCCCCCCCCCCC)([H])COP([O-])(OCC[N+](C)(C)C)=O)CCCCCCCCCCCCCCCC","sphingomyelin (d18:1/17:0, d17:1/18:0, d19:1/16:0)","sphingomyelin (d18:1/17:0, d17:1/18:0, d19:1/16:0)","121999-64-2",NA,"HMDB0240620,HMDB0240609,HMDB0240622",NA,46891763,"SM 35:1;O2","Unknown","Unknown",52615,52615,52615,402,402,402,165347,165347,165347,"Pos Late","Pos Late","Pos Late",165347,52615,402,"Pos Late",TRUE
0.0214187102829184,0.0447154631959403,0.278043779243435,0.781168189365297,0.995745178113939,-5.5878164440584,100001247,"100001247","Lipid","Fatty Acid Metabolism (Acyl Carnitine, Medium Chain)",1897,"NAMED","CXTATJFJDMJMIY-UHFFFAOYSA-N","[O-]C(CC(C[N+](C)(C)C)OC(CCCCCCC)=O)=O","octanoylcarnitine (C8)","octanoylcarnitine (C8)","3671-77-0",110274,"HMDB0000791","C02838",12370111953814,NA,NA,NA,33936,33936,33936,402,402,402,158581,158581,158581,"Pos Late","Pos Late","Pos Late",158581,33936,402,"Pos Late",TRUE
0.0116592937948679,-0.0476747081476784,0.276801434450283,0.782121114713358,0.995745178113939,-5.58811776623228,100015620,"100015620","Lipid","Lactosylceramides (LCER)",3154,"NAMED","MKOKWBRPIBQYJJ-WZBOJYASSA-N","[H][C@](NC(CCCCCCCCCCCCC/C=C\CCCCCCCC)=O)(CO[C@H]1[C@H](O)[C@@H](O)[C@H](O[C@H]2[C@H](O)[C@@H](O)[C@@H](O)[C@H](O2)CO)[C@H](O1)CO)[C@@](O)([H])/C=C/CCCCCCCCCCCCC","lactosyl-N-nervonoyl-sphingosine (d18:1/24:1)*","lactosyl-N-nervonoyl-sphingosine (d18:1/24:1)*",NA,24846896,"HMDB0004872",NA,NA,"LacCer 42:1;O2","LacCer 18:1;O2_24:1","LacCer 18:1;O2/24:1",57370,57370,57370,402,402,402,210897,210897,210897,"Pos Late","Pos Late","Pos Late",210897,57370,402,"Pos Late",TRUE
0.0293216549081616,0.125748358372125,0.268293832812876,0.788655528874944,0.995745178113939,-5.5901449866112,254,"254","Lipid","Ketone Bodies",1983,"NAMED","WHBMMWSBFZVSSR-UHFFFAOYSA-N","CC(O)CC(O)=O","3-hydroxybutyrate (BHBA)","3-hydroxybutyrate (BHBA)","625-72-9",428,"HMDB0000442,HMDB0000357,HMDB0000011","C03197,C01089",9431844192135,NA,NA,NA,542,542,542,305,305,305,145710,145710,145710,"Polar","Polar","Polar",145710,542,305,"Polar",TRUE
-0.0166155573978527,0.0216773172074286,-0.264583249118902,0.791510225200022,0.995745178113939,-5.59100934932101,100001856,"100001856","Lipid","Phosphatidylethanolamine (PE)",2470,"NAMED","JQKOHRZNEOQNJE-AYBNWLFXSA-N","O=C(CCCCCCC/C=C/CCCCCCCC)O[C@@H](COP(OCCN)(O)=O)COC(CCCCCCCCCCCCCCCCC)=O","1-stearoyl-2-oleoyl-GPE (18:0/18:1)","1-stearoyl-2-oleoyl-GPE (18:0/18:1)",NA,NA,"HMDB0008993",NA,9546742,"PE 36:1","PE 18:0_18:1","Unknown",42448,42448,42448,402,402,402,164202,164202,164202,"Pos Late","Pos Late","Pos Late",164202,42448,402,"Pos Late",TRUE
0.0195374201216446,0.0439958195198685,0.261523505128844,0.79386632270813,0.995745178113939,-5.59171305104175,100001335,"100001335","Lipid","Long Chain Monounsaturated Fatty Acid",1588,"NAMED","BITHHVVYSMSWAG-KTKRTIGZSA-N","O=C(O)CCCCCCCCC/C=C\CCCCCCCC","eicosenoate (20:1)","eicosenoate (20:1n9 or 1n11)",NA,4445895,"HMDB0002231,HMDB0062436","C16526",5282768528276989952,NA,NA,NA,33587,33587,33587,209,209,209,143715,143715,143715,"Neg","Neg","Neg",143715,33587,209,"Neg",TRUE
0.0165532431361446,0.0188956798022742,0.261323050661018,0.794020745104274,0.995745178113939,-5.5917588674481,100000656,"100000656","Lipid","Lysophospholipid",2776,"NAMED","MXAFDFDAIFZFET-CLBYPKMISA-N","[H]C(C(O)(C(O)([C@](O)1[H])[H])[H])([C@@](OP(O)(OC[C@@]([H])(COC(CCCCCCCCCCCCCCCCC)=O)O)=O)([C@]1(O)[H])[H])O","1-stearoyl-GPI (18:0)","1-stearoyl-GPI (18:0)","796963-93-4",21403067,"HMDB0240261",NA,7158113542607490,"LPI 18:0","LPI 18:0","LPI 18:0/0:0",19324,19324,19324,209,209,209,128173,128173,128173,"Neg","Neg","Neg",128173,19324,209,"Neg",TRUE
-0.00597923205919165,-0.0376739582022406,-0.259735164436581,0.795244221293475,0.995745178113939,-5.59212058805855,1256,"1256","Lipid","Phospholipid Metabolism",2277,"NAMED","CRBHXDCYXIISFC-UHFFFAOYSA-N","[O-]CC[N+](C)(C)C","choline","choline","67-48-1",149278,"HMDB0000097","C00114",305,NA,NA,NA,15506,15506,15506,400,400,400,155556,155556,155556,"Pos Early","Pos Early","Pos Early",155556,15506,400,"Pos Early",FALSE
0.00599428947226849,-0.0149577670780986,0.259056492754437,0.795767320902252,0.995745178113939,-5.59227450450396,100006290,"100006290","Lipid","Sphingomyelins",3185,"NAMED","AADLTHQNYQJHQV-SVLGDMRNSA-N","CCCCCCCCCCCCC/C=C/[C@@H](O)[C@@H](NC(CCCCCCCCCCCCCCCCCCC)=O)COP([O-])(OCC[N+](C)(C)C)=O","sphingomyelin (d18:1/20:0, d16:1/22:0)*","sphingomyelin (d18:1/20:0, d16:1/22:0)*",NA,23113477,"HMDB0012102",NA,44260124,"SM 38:1;O2","Unknown","Unknown",48490,48490,48490,402,402,402,164042,164042,164042,"Pos Late","Pos Late","Pos Late",164042,48490,402,"Pos Late",TRUE
0.0231142004207031,-0.156592541064751,0.257981493557598,0.796596142491151,0.995745178113939,-5.59251745118225,100004552,"100004552","Lipid","Lysophospholipid",2741,"NAMED","KCWGBXXAJHVZNN-YAWQMZOFSA-N","O=C(CCC/C=C\C/C=C\C/C=C\C/C=C\C/C=C\CC)OC[C@@](O)([H])COP(OCCN)(O)=O","1-eicosapentaenoyl-GPE (20:5)*","1-eicosapentaenoyl-GPE (20:5)*",NA,NA,"HMDB0011489",NA,53480938,"LPE 20:5","LPE 20:5","LPE 20:5/0:0",47888,47888,47888,402,402,402,178779,178779,178779,"Pos Late","Pos Late","Pos Late",178779,47888,402,"Pos Late",TRUE
-0.0273711578840101,-0.0864677050571176,-0.246814872394449,0.80521846545969,0.996782313239052,-5.59498165412887,100010922,"100010922","Lipid","Diacylglycerol",3003,"NAMED","KRECEGQUDDMNAQ-MYBRWWDOSA-N","OC[C@](OC(CCC/C=C\C/C=C\C/C=C\C/C=C\CCCCC)=O)(COC(CCCCCCC/C=C\C/C=C\CCCCC)=O)[H]","linoleoyl-arachidonoyl-glycerol (18:2/20:4) [1]*","linoleoyl-arachidonoyl-glycerol (18:2/20:4) [1]*",NA,NA,"HMDB0007257",NA,9543796,"DG 38:6","DG 18:2_20:4","Unknown",54955,54955,54955,402,402,402,208040,208040,208040,"Pos Late","Pos Late","Pos Late",208040,54955,402,"Pos Late",TRUE
0.0112391381645173,0.0568199276731956,0.24310090402497,0.808091541708677,0.996782313239052,-5.59577709292195,100003151,"100003151","Lipid","Fatty Acid Metabolism (Acyl Carnitine, Polyunsaturated)",1936,"NAMED","MJLXQSQYKZWZCB-DQFWFXSYSA-N","[O-]C(C[C@H](C[N+](C)(C)C)OC(CCCCCCC/C=C\C/C=C\CCCCC)=O)=O","linoleoylcarnitine (C18:2)*","linoleoylcarnitine (C18:2)*","36816-10-1",4952667,"HMDB0006469",NA,6450015,NA,NA,NA,46223,46223,46223,402,402,402,159669,159669,159669,"Pos Late","Pos Late","Pos Late",159669,46223,402,"Pos Late",TRUE
0.0168020405771743,0.0496217343567652,0.242929750831177,0.808224016723307,0.996782313239052,-5.59581345399952,1231,"1231","Lipid","Long Chain Polyunsaturated Fatty Acid (n3 and n6)",1615,"NAMED","XSXIVVZCUAHUJO-HZJYTTRNSA-N","O=C(O)CCCCCCCCC/C=C\C/C=C\CCCCC","dihomo-linoleate (20:2n6)","dihomolinoleate (20:2n6)","2091-39-6",4944228,"HMDB0005060","C16525",6439848,NA,NA,NA,17805,17805,17805,209,209,209,126039,126039,126039,"Neg","Neg","Neg",126039,17805,209,"Neg",TRUE
-0.0254114887198065,0.0982036497679257,-0.240470917694762,0.81012765716635,0.996782313239052,-5.59633307101045,100001988,"100001988","Lipid","Progestin Steroids",3348,"NAMED","LSQGWMYMIHQKSA-VNCHAANSSA-N","C[C@@]12[C@](CCC3C2CC[C@@]4(C)C3CCC4C(OS(=O)(O)=O)C)([H])C[C@@H](OS(=O)(O)=O)CC1","5alpha-pregnan-3beta,20alpha-diol disulfate","5alpha-pregnan-3beta,20alpha-diol disulfate",NA,NA,"HMDB0094650",NA,118703093,NA,NA,NA,37198,37198,37198,209,209,209,144254,144254,144254,"Neg","Neg","Neg",144254,37198,209,"Neg",TRUE
0.0116255641602601,0.0228764039567737,0.237014775196757,0.812805326277782,0.996782313239052,-5.59705451289545,100002873,"100002873","Lipid","Lysophospholipid",2700,"NAMED","SKJMUADLQLZAGH-WJOKGBTCSA-N","CCCCCCCCCCCCCCCCCCCCCCCC(OC[C@H](COP([O-])(OCC[N+](C)(C)C)=O)O)=O","1-lignoceroyl-GPC (24:0)","1-lignoceroyl-GPC (24:0)","325171-59-3",24766539,"HMDB0010405",NA,24779481,"LPC 24:0","LPC 24:0","LPC 24:0/0:0",49617,49617,49617,402,402,402,161405,161405,161405,"Pos Late","Pos Late","Pos Late",161405,49617,402,"Pos Late",TRUE
0.0182967052235972,0.0481847373995087,0.230611333314063,0.817772229327446,0.996782313239052,-5.59836359029044,100001193,"100001193","Lipid","Long Chain Polyunsaturated Fatty Acid (n3 and n6)",1620,"NAMED","TWSWSIQAPQLDBP-CGRWFSSPSA-N","O=C(CCCCC/C=C/C/C=C/C/C=C/C/C=C/CCCCC)O","adrenate (22:4n6)","adrenate (22:4n6)","2091-25-0",4445971,"HMDB0002226","C16527",52828445497181,NA,NA,NA,32980,32980,32980,209,209,209,125866,125866,125866,"Neg","Neg","Neg",125866,32980,209,"Neg",TRUE
0.00669696598869243,-0.0445199437686714,0.227712665708831,0.820022997459962,0.996782313239052,-5.59894441478477,100006314,"100006314","Lipid","Sphingomyelins",3179,"NAMED","LQINJRUGTUOHGS-YPDYIYJKSA-N","CCCCCCCCCCCCC/C=C/[C@@H](O)[C@@H](NC(CCCCCCCCCCCCCC)=O)COP([O-])(OCC[N+](C)(C)C)=O","sphingomyelin (d17:1/16:0, d18:1/15:0, d16:1/17:0)*","sphingomyelin (d17:1/16:0, d18:1/15:0, d16:1/17:0)*","121999-58-4",28532779,"HMDB0240617,HMDB0240608",NA,NA,"SM 33:1;O2","Unknown","Unknown",52433,52433,52433,402,402,402,164557,164557,164557,"Pos Late","Pos Late","Pos Late",164557,52433,402,"Pos Late",TRUE
-0.0361305128573454,-0.511039728594957,-0.227165069462234,0.820448423368901,0.996782313239052,-5.59905328789906,100021991,"100021991","Lipid","Fatty Acid Metabolism (Acyl Carnitine, Hydroxy)",1970,"NAMED","RCXSFDNDEVSQNG-UHFFFAOYSA-N","[O-]C(CC(OC(C(O)CCCCCC)=O)C[N+](C)(C)C)=O","3-hydroxyoctanoylcarnitine (2)","3-hydroxyoctanoylcarnitine (2)",NA,NA,NA,NA,NA,NA,NA,NA,64394,64394,64394,400,400,400,237478,237478,237478,"Pos Early","Pos Early","Pos Early",237478,64394,400,"Pos Early",TRUE
-0.0065361829126056,-0.0413160526572683,-0.223493288046667,0.823302007413513,0.996782313239052,-5.59977671880648,100008985,"100008985","Lipid","Phosphatidylcholine (PC)",2338,"NAMED","SRIGHEHXEGELQJ-YYQUKWHJSA-N","CCCCCCCCCCCCCCCC(OC[C@@H](OC(CCCCCC/C=C\C/C=C\C/C=C\CCCCC)=O)COP([O-])(OCC[N+](C)(C)C)=O)=O","1-palmitoyl-2-dihomo-linolenoyl-GPC (16:0/20:3n3 or n6)*","1-palmitoyl-2-dihomo-linolenoyl-GPC (16:0/20:3n3 or n6)*",NA,NA,NA,NA,NA,"PC 36:3","PC 16:0_20:3","Unknown",52454,52454,52454,402,402,402,165119,165119,165119,"Pos Late","Pos Late","Pos Late",165119,52454,402,"Pos Late",TRUE
-0.0134614616606197,0.0707333167637347,-0.22347259356214,0.823318145588641,0.996782313239052,-5.5997807402756,891,"891","Lipid","Long Chain Saturated Fatty Acid",1557,"NAMED","KEMQGTRYUADPNZ-UHFFFAOYSA-N","O=C(O)CCCCCCCCCCCCCCCC","margarate (17:0)","margarate (17:0)","506-12-7",10033,"HMDB0002259",NA,10465,NA,NA,NA,1121,1121,1121,209,209,209,125718,125718,125718,"Neg","Neg","Neg",125718,1121,209,"Neg",TRUE
0.00755698828516746,-0.0837889290990263,0.219642263285233,0.826297468966386,0.996782313239052,-5.60052278024247,100009166,"100009166","Lipid","Phosphatidylcholine (PC)",2346,"NAMED","ARDJUHDXABDVFH-JWTYRHBCSA-N","CCCCCCCCCCCCCCCC(OCC(OC(CCCCC/C=C/C/C=C/C/C=C/C/C=C/C/C=C/CC)=O)COP([O-])(OCC[N+](C)(C)C)=O)=O","phosphatidylcholine (16:0/22:5n3, 18:1/20:4)*","phosphatidylcholine (16:0/22:5n3, 18:1/20:4)*",NA,NA,"HMDB0008114,HMDB0007990",NA,NA,"PC 38:5","Unknown","Unknown",52719,52719,52719,402,402,402,165499,165499,165499,"Pos Late","Pos Late","Pos Late",165499,52719,402,"Pos Late",TRUE
0.00587092038361157,0.0394510115865686,0.215171631776016,0.829778068734127,0.996782313239052,-5.60137261976325,100001412,"100001412","Nucleotide","Purine Metabolism, Guanine containing",4395,"NAMED","RSPURTUNRHNVGF-IOSLPCCCSA-N","O=C1C(N=CN2[C@@]3([H])[C@@](O)([H])[C@@](O)([H])[C@](CO)([H])O3)=C2N=C(N(C)C)N1","N2,N2-dimethylguanosine","N2,N2-dimethylguanosine","2140-67-2",83878,"HMDB0004824",NA,135501639,NA,NA,NA,35137,35137,35137,400,400,400,156155,156155,156155,"Pos Early","Pos Early","Pos Early",156155,35137,400,"Pos Early",TRUE
-0.00653708925052648,-0.0601754779450386,-0.212379662362237,0.83195345882691,0.996782313239052,-5.6018944942308,100006379,"100006379","Amino Acid","Tryptophan Metabolism",268,"NAMED","CPXSBHKDEPPWIX-RAYCSJGISA-N","N[C@H](C(O)=O)CC1=C([C@H]([C@H]([C@@H](O)[C@@H]2O)O)O[C@@H]2CO)NC3=CC=CC=C13","C-glycosyltryptophan","C-glycosyltryptophan","180509-18-6",9157171,"HMDB0240296",NA,10981970,NA,NA,NA,48782,48782,48782,400,209,400,157831,155139,157831,"Pos Early","Neg","Pos Early",157831,48782,400,"Pos Early",TRUE
-0.00713911684279916,-0.00812147537581588,-0.210174645166598,0.833672480163571,0.996782313239052,-5.60230182036076,100001662,"100001662","Lipid","Carnitine Metabolism",1976,"NAMED","JHPNVNIEXXLNTR-UHFFFAOYSA-N","C[N+](C)(C)CCCC([O-])=O","deoxycarnitine","deoxycarnitine","6249-56-5",705,"HMDB0001161","C01181",22620,NA,NA,NA,36747,36747,36747,400,400,400,156251,156251,156251,"Pos Early","Pos Early","Pos Early",156251,36747,400,"Pos Early",TRUE
-0.0135623876918853,0.0403510634306954,-0.202318354537905,0.839803487573373,0.997459358600673,-5.60371861469678,432,"432","Cofactors and Vitamins","Nicotinate and Nicotinamide Metabolism",4507,"NAMED","DFPAKSUCGFBDDF-UHFFFAOYSA-N","NC(C1=CN=CC=C1)=O","nicotinamide","nicotinamide","98-92-0",911,"HMDB0001406","C00153",936,NA,NA,NA,594,594,594,400,400,400,155332,155332,155332,"Pos Early","Pos Early","Pos Early",155332,594,400,"Pos Early",TRUE
0.0211645643450032,-0.00385885946677387,0.199969145537239,0.841638714474606,0.997459358600673,-5.60413178991356,504,"504","Amino Acid","Tryptophan Metabolism",294,"NAMED","QZAYGJVTTNCVMB-UHFFFAOYSA-N","NCCC1=CNC(C=C2)=C1C=C2O","serotonin","serotonin","153-98-0",5013,"HMDB0000259","C00780",5202,NA,NA,NA,2342,2342,2342,400,400,400,155468,155468,155468,"Pos Early","Pos Early","Pos Early",155468,2342,400,"Pos Early",FALSE
0.0141328550608404,0.0524955067309199,0.196641762150724,0.844239579582845,0.997459358600673,-5.60470874950351,100000665,"100000665","Lipid","Long Chain Polyunsaturated Fatty Acid (n3 and n6)",1608,"NAMED","MBMBGCFOFBJSGT-KUBAVDMBSA-N","CC\C=C/C\C=C/C\C=C/C/C=C\C/C=C\C/C=C\CCC(O)=O","docosahexaenoate (DHA; 22:6n3)","docosahexaenoate (DHA; 22:6n3)","6217-54-5",393183,"HMDB0002183","C06429",445580,NA,NA,NA,44675,44675,44675,209,209,209,126139,126139,126139,"Neg","Neg","Neg",126139,44675,209,"Neg",TRUE
-0.012698459280502,0.0681541560895977,-0.196178341835019,0.844601950399531,0.997459358600673,-5.60478833755759,100002259,"100002259","Lipid","Fatty Acid Metabolism (Acyl Carnitine, Monounsaturated)",1925,"NAMED","OQWOHRPOYAVIOK-KTKRTIGZSA-N","O=C([O-])CC(OC(CC/C=C\CCCCC)=O)C[N+](C)(C)C","cis-4-decenoylcarnitine (C10:1)","cis-4-decenoylcarnitine (C10:1)","98930-66-6",28639171,"HMDB0013205",NA,57357170,NA,NA,NA,38178,38178,38178,402,402,402,159020,159020,159020,"Pos Late","Pos Late","Pos Late",159020,38178,402,"Pos Late",TRUE
-0.00427595844998771,-0.0182891065315324,-0.185694199199773,0.852808657116064,0.998598697283575,-5.60653873916596,1124,"1124","Energy","TCA Cycle",1479,"NAMED","KRKNYBCHXYNGOX-UHFFFAOYSA-N","OC(CC(CC(O)=O)(O)C(O)=O)=O","citrate","citrate","77-92-9",305,"HMDB0000094","C00158",311,NA,NA,NA,1564,1564,1564,209,209,209,124575,124575,124575,"Neg","Neg","Neg",124575,1564,209,"Neg",TRUE
0.00558034602653398,-0.00334020456894371,0.184542530514633,0.853711151006403,0.998598697283575,-5.60672515924616,100001415,"100001415","Nucleotide","Purine Metabolism, Adenine containing",4367,"NAMED","UNUYMBPXEFMLNW-HZPYULPISA-N","OC(C)C(C(O)=O)NC(NC1=NC=NC2=C1N=CN2[C@@H]3O[C@H](CO)[C@@H](O)[C@H]3O)=O","N6-carbamoylthreonyladenosine","N6-carbamoylthreonyladenosine","24719-82-2",141829,"HMDB0041623",NA,161466,NA,NA,NA,35157,35157,35157,209,209,209,126974,126974,126974,"Neg","Neg","Neg",126974,35157,209,"Neg",TRUE
-0.0105629784975767,0.0649872624398981,-0.180470550281046,0.856903692248759,0.998598697283575,-5.60737497679337,100008992,"100008992","Lipid","Phosphatidylethanolamine (PE)",2487,"NAMED","XYYHNDVKALDFHQ-OXHZBIAZSA-N","O=C(CCCCCCCCCCCCCCCCC)OC[C@]([H])(COP(OCCN)(O)=O)OC(CC/C=C\C/C=C\C/C=C\C/C=C\C/C=C\C/C=C\CC)=O","1-stearoyl-2-docosahexaenoyl-GPE (18:0/22:6)*","1-stearoyl-2-docosahexaenoyl-GPE (18:0/22:6)*",NA,7825748,"HMDB0009012",NA,9546798,"PE 40:6","PE 18:0_22:6","Unknown",52466,52466,52466,402,402,402,165134,165134,165134,"Pos Late","Pos Late","Pos Late",165134,52466,402,"Pos Late",TRUE
0.0136278381089392,-0.100842465112041,0.177699873580874,0.859077299070609,0.998598697283575,-5.60780885235703,100009219,"100009219","Lipid","Phosphatidylethanolamine (PE)",2492,"NAMED","PECSWFQRRFRZPW-BHPGJWMBSA-N","O=C(CCCCCCC/C=C\CCCCCCCC)OC[C@]([H])(COP(OCCN)(O)=O)OC(CCC/C=C\C/C=C\C/C=C\C/C=C\CCCCC)=O","1-oleoyl-2-arachidonoyl-GPE (18:1/20:4)*","1-oleoyl-2-arachidonoyl-GPE (18:1/20:4)*",NA,24768534,"HMDB0009069",NA,348281223,"PE 38:5","PE 18:1_20:4","Unknown",55041,55041,55041,402,402,402,210837,210837,210837,"Pos Late","Pos Late","Pos Late",210837,55041,402,"Pos Late",TRUE
0.00686647161330806,-0.0885310876440074,0.176039754584414,0.86038014689493,0.998598697283575,-5.60806561836107,100001264,"100001264","Lipid","Lysophospholipid",2656,"NAMED","SRRQPVVYXBTRQK-DEOSSOPVSA-N","O=P(OCC[N+](C)(C)C)([O-])OC[C@@H](O)COC(CCCCCCCCCCCCCCCC)=O","1-margaroyl-GPC (17:0)","1-margaroyl-GPC (17:0)","50930-23-9",NA,"HMDB0012108","C04230",24779463,"LPC 17:0","LPC 17:0","LPC 17:0/0:0",44682,44682,44682,402,402,402,159625,159625,159625,"Pos Late","Pos Late","Pos Late",159625,44682,402,"Pos Late",TRUE
0.0190697005807366,-0.0838001758644423,0.171332085395674,0.864076897561357,0.998598697283575,-5.60878058326791,100001784,"100001784","Lipid","Lysophospholipid",2717,"NAMED","DSOWUEHXZJUNID-FPLPWBNLSA-N","O=P(OCCN)(O)OCC(O)COC(CCCCCCC/C=C\CCCCCC)=O","1-palmitoleoyl-GPE (16:1)*","1-palmitoleoyl-GPE (16:1)*",NA,NA,"HMDB0011474",NA,53480923,"LPE 16:1","LPE 16:1","LPE 16:1/0:0",34565,34565,34565,402,402,402,158671,158671,158671,"Pos Late","Pos Late","Pos Late",158671,34565,402,"Pos Late",TRUE
-0.0105942104401124,0.0935216885640872,-0.168087146161922,0.866626744017433,0.998598697283575,-5.60926212941625,100021728,"100021728","Lipid","Fatty Acid Metabolism (Acyl Carnitine, Medium Chain)",1901,"NAMED","LNGSHJPPGDBEPT-VYAYZGMFSA-N","O=C(C[C@@]1([H])[C@@](C1)([H])CCC)OC(CC([O-])=O)C[N+](C)(C)C","cis-3,4-methyleneheptanoylcarnitine","cis-3,4-methyleneheptanoylcarnitine",NA,NA,NA,NA,NA,NA,NA,NA,64389,64389,64389,402,402,402,237480,237480,237480,"Pos Late","Pos Late","Pos Late",237480,64389,402,"Pos Late",TRUE
-0.0256695833901092,-0.0697342815042231,-0.167845312431845,0.866816831169451,0.998598697283575,-5.60929764874068,100001092,"100001092","Cofactors and Vitamins","Nicotinate and Nicotinamide Metabolism",4525,"NAMED","WWNNZCOKKKDOPX-UHFFFAOYSA-N","C[N+]1=CC(C([O-])=O)=CC=C1","trigonelline (N'-methylnicotinate)","trigonelline (N'-methylnicotinate)","535-83-1",5369,"HMDB0000875","C01004",5570,NA,NA,NA,32401,32401,32401,400,400,400,155930,155930,155930,"Pos Early","Pos Early","Pos Early",155930,32401,400,"Pos Early",TRUE
-0.0128204745367294,-0.182694247249135,-0.157729022581661,0.874775281510485,0.998598697283575,-5.6107376736576,100021131,"100021131","Lipid","Fatty Acid Metabolism (Acyl Carnitine, Monounsaturated)",1926,"NAMED",NA,"C=CCCCCCCCCC(OC(CC([O-])=O)C[N+](C)(C)C)=O","undecenoylcarnitine (C11:1)","undecenoylcarnitine (C11:1)","792164-86-4",NA,"HMDB0241164",NA,NA,NA,NA,NA,63613,63613,63613,402,402,402,222938,222938,222938,"Pos Late","Pos Late","Pos Late",222938,63613,402,"Pos Late",TRUE
-0.0152679363734999,-0.0507382598015866,-0.152146959199457,0.879172181077476,0.998598697283575,-5.61149395836234,100021141,"100021141","Lipid","Fatty Acid Metabolism (Acyl Carnitine, Hydroxy)",1972,"NAMED","VCRSQDIROUELAR-UHFFFAOYSA-N","OC(CCCCCCC)CC(OC(CC([O-])=O)C[N+](C)(C)C)=O","3-hydroxydecanoylcarnitine","3-hydroxydecanoylcarnitine",NA,59664325,"HMDB0061636",NA,121454166,NA,NA,NA,63358,63358,63358,402,402,402,222426,222426,222426,"Pos Late","Pos Late","Pos Late",222426,63358,402,"Pos Late",TRUE
0.00420568529353746,-0.0324162052985138,0.151821590410422,0.879428553311502,0.998598697283575,-5.61153721111676,100006292,"100006292","Lipid","Sphingomyelins",3186,"NAMED","MDRFMTLYKHBJTF-YECRPIIFSA-N","CCCCCCCCCCCCC/C=C/[C@@H](O)[C@@H](NC(CCCCCCCCC/C=C/CCCCCCCC)=O)COP([O-])(OCC[N+](C)(C)C)=O","sphingomyelin (d18:1/20:1, d18:2/20:0)*","sphingomyelin (d18:1/20:1, d18:2/20:0)*","222403-67-0",NA,"HMDB0240610,HMDB0240632",NA,NA,"SM 38:2;O2","Unknown","Unknown",48491,48491,48491,402,402,402,164534,164534,164534,"Pos Late","Pos Late","Pos Late",164534,48491,402,"Pos Late",TRUE
0.019065907342253,-0.102481241183574,0.149677697178535,0.881118381785073,0.998598697283575,-5.61181981496764,100001232,"100001232","Lipid","Medium Chain Fatty Acid",1549,"NAMED","IJBFSOLHRKELLR-FPLPWBNLSA-N","CCCCCC\C=C/CCCC(O)=O","5-dodecenoate (12:1n7)","5-dodecenoate (12:1n7)","2430-94-6",4471803,"HMDB0000529",NA,5312378,NA,NA,NA,33968,33968,33968,209,209,209,126127,126127,126127,"Neg","Neg","Neg",126127,33968,209,"Neg",TRUE
-0.00589525965340856,-0.0968165826926967,-0.145862610236759,0.884126706514076,0.998598697283575,-5.61231280237995,100006293,"100006293","Lipid","Sphingomyelins",3187,"NAMED","YVTVVJRJLRHYSJ-COUPUTHFSA-N","CCCCCCCCCCCCC/C=C/[C@@H](O)[C@@H](NC(CCCCCCCCC/C=C/C/C=C/CCCCC)=O)COP([O-])(OCC[N+](C)(C)C)=O","sphingomyelin (d18:1/20:2, d18:2/20:1, d16:1/22:2)*","sphingomyelin (d18:1/20:2, d18:2/20:1, d16:1/22:2)*",NA,NA,"HMDB0013465",NA,NA,"SM 38:3;O2","Unknown","Unknown",57481,57481,57481,402,402,402,211144,211144,211144,"Pos Late","Pos Late","Pos Late",211144,57481,402,"Pos Late",TRUE
0.0173179851982251,0.0294981391500829,0.141611473298758,0.887480913959197,0.998598697283575,-5.61284712551661,1628,"1628","Lipid","Primary Bile Acid Metabolism",3529,"NAMED","GHCZAUBVMUEKKP-AZDOMVTHSA-N","O=C(NCC(O)=O)CC[C@@H](C)[C@@H]1[C@](CC[C@H]2[C@@]3([H])[C@H](O)C[C@@]4([H])C2(C)CC[C@@H](O)C4)(C)[C@]3([H])CC1","glycochenodeoxycholate","glycochenodeoxycholate","16564-43-5",NA,"HMDB0000637","C05466",12544,NA,NA,NA,32346,32346,32346,209,209,209,124921,124921,124921,"Neg","Neg","Neg",124921,32346,209,"Neg",TRUE
0.00660862068046073,0.103514511556493,0.136832439702831,0.891253991947325,0.998598697283575,-5.61342895307,100009002,"100009002","Lipid","Plasmalogen",2859,"NAMED","UUYSKERSKRMYME-MAIXUNBTSA-N","[H][C@](OC(CCC/C=C\C/C=C\C/C=C\C/C=C\CCCCC)=O)(COP(OCCN)(O)=O)CO/C=C\CCCCCCCCCCCCCC","1-(1-enyl-palmitoyl)-2-arachidonoyl-GPE (P-16:0/20:4)*","1-(1-enyl-palmitoyl)-2-arachidonoyl-GPE (P-16:0/20:4)*",NA,24769238,"HMDB0011352",NA,52925126,"PE O-36:5","PE P-16:0_20:4","PE P-16:0/20:4",52673,52673,52673,402,402,402,165435,165435,165435,"Pos Late","Pos Late","Pos Late",165435,52673,402,"Pos Late",TRUE
0.0158673643856371,-0.0300309144013274,0.126798097706193,0.899184216320587,0.998598697283575,-5.61458558382216,361,"361","Nucleotide","Purine Metabolism, (Hypo)Xanthine/Inosine containing",4322,"NAMED","UGQMRVRMYYASKQ-KQYNXXCUSA-N","O[C@H]1[C@H](N2C(N=CN=C3O)=C3N=C2)O[C@H](CO)[C@H]1O","inosine","inosine","58-63-9",21241953,"HMDB0000195","C00294",6021,NA,NA,NA,1123,1123,1123,209,209,209,123191,123191,123191,"Neg","Neg","Neg",123191,1123,209,"Neg",TRUE
-0.00653120791198947,-0.0192143520670045,-0.12361446669231,0.901702411452644,0.998598697283575,-5.61493415778595,100001555,"100001555","Lipid","Lysophospholipid",2662,"NAMED","IQGPMZRCLCCXAG-VWLOTQADSA-N","OC[C@H](OC(CCCCCCCCCCCCCCCCC)=O)COP(OCC[N+](C)(C)C)([O-])=O","2-stearoyl-GPC (18:0)*","2-stearoyl-GPC* (18:0)*",NA,8383879,"HMDB0011128",NA,24779491,"LPC 18:0","LPC 18:0","LPC 0:0/18:0",35255,35255,35255,209,209,209,213240,213240,213240,"Neg","Neg","Neg",213240,35255,209,"Neg",TRUE
-0.0128684122810006,-0.0561175906184451,-0.123061045997209,0.902140259479841,0.998598697283575,-5.61499384733413,100010923,"100010923","Lipid","Diacylglycerol",3004,"NAMED","KRECEGQUDDMNAQ-MYBRWWDOSA-N","OC[C@](COC(CCCCCCC/C=C\C/C=C\CCCCC)=O)([H])OC(CCC/C=C\C/C=C\C/C=C\C/C=C\CCCCC)=O","linoleoyl-arachidonoyl-glycerol (18:2/20:4) [2]*","linoleoyl-arachidonoyl-glycerol (18:2/20:4) [2]*",NA,NA,"HMDB0007509",NA,9543796,"DG 38:6","DG 18:2_20:4","Unknown",54956,54956,54956,402,402,402,208041,208041,208041,"Pos Late","Pos Late","Pos Late",208041,54956,402,"Pos Late",TRUE
-0.00470685175618102,-0.0182557985766625,-0.122539883787431,0.902552613022201,0.998598697283575,-5.61504981278335,100008903,"100008903","Lipid","Phosphatidylcholine (PC)",2404,"NAMED","FVXDQWZBHIXIEJ-LNDKUQBDSA-N","CCCCC/C=C\C/C=C\CCCCCCCC(OC[C@@H](OC(CCCCCCC/C=C\C/C=C\CCCCC)=O)COP([O-])(OCC[N+](C)(C)C)=O)=O","1,2-dilinoleoyl-GPC (18:2/18:2)","1,2-dilinoleoyl-GPC (18:2/18:2)","998-06-1",4450312,"HMDB0008138",NA,5288075,"PC 36:4","PC 18:2_18:2","PC 18:2/18:2",52603,52603,52603,402,402,402,165331,165331,165331,"Pos Late","Pos Late","Pos Late",165331,52603,402,"Pos Late",TRUE
-0.00762329254169339,0.0815414907022614,-0.10494532624327,0.916488556861587,0.998598697283575,-5.61679986869146,100001181,"100001181","Lipid","Long Chain Polyunsaturated Fatty Acid (n3 and n6)",1607,"NAMED","YUFFSWGQGVEMMI-JLNKQSITSA-N","O=C(O)CCCCC/C=C\C/C=C\C/C=C\C/C=C\C/C=C\CC","docosapentaenoate (n3 DPA; 22:5n3)","docosapentaenoate (DPA; 22:5n3)","2234-74-4",NA,"HMDB0006528,HMDB0001976","C16513",6441454,NA,NA,NA,32504,32504,32504,209,209,209,125862,125862,125862,"Neg","Neg","Neg",125862,32504,209,"Neg",TRUE
0.00350850904928013,-0.0614856284030685,0.0967667027651566,0.922975553802887,0.998598697283575,-5.61752120794444,100009025,"100009025","Lipid","Sphingomyelins",3188,"NAMED","YXSZOBWVQJIWNE-QVDCKBILSA-N","[H][C@](NC(CCCCCCCCCCCCCCCCCCCC)=O)(COP(OCC[N+](C)(C)C)([O-])=O)[C@@](O)([H])/C=C/CCCCCCCCCCCCC","sphingomyelin (d18:1/21:0, d17:1/22:0, d16:1/23:0)*","sphingomyelin (d18:1/21:0, d17:1/22:0, d16:1/23:0)*",NA,NA,"HMDB0240619,HMDB0240611,HMDB0240621",NA,NA,"SM 39;1;O2","Unknown","Unknown",52495,52495,52495,402,402,402,165187,165187,165187,"Pos Late","Pos Late","Pos Late",165187,52495,402,"Pos Late",TRUE
0.00860304634893894,-0.236694221279047,0.0961568157833534,0.923459528502148,0.998598697283575,-5.61757265076332,100002874,"100002874","Lipid","Lysophospholipid",2702,"NAMED","GDXMCRNTFPQYOQ-RPUPUBLZSA-N","CCCCCCCC/C=C\CCCCCCCCCCCCCC(OC[C@H](COP([O-])(OCC[N+](C)(C)C)=O)O)=O","1-nervonoyl-GPC (24:1n9)*","1-nervonoyl-GPC (24:1n9)*",NA,NA,"HMDB0010406",NA,53480477,"LPC 24:1","LPC 24:1(15)","LPC 24:1/0:0",55071,55071,55071,402,402,402,208194,208194,208194,"Pos Late","Pos Late","Pos Late",208194,55071,402,"Pos Late",TRUE
0.0133088452458571,0.0328465576453488,0.0946829894487115,0.92462914846113,0.998598697283575,-5.61769563289021,100020262,"100020262","Partially Characterized Molecules","Partially Characterized Molecules",6708,"NAMED",NA,NA,"glutamine conjugate of C6H10O2 (2)*","glutamine conjugate of C6H10O2 (2)*",NA,NA,NA,NA,NA,NA,NA,NA,63660,63660,63660,209,209,209,223046,223046,223046,"Neg","Neg","Neg",223046,63660,209,"Neg",FALSE
-0.011368630319915,-0.26985750436099,-0.0902513308667155,0.928147063136278,0.998598697283575,-5.61805398620156,100010936,"100010936","Lipid","Diacylglycerol",3001,"NAMED","LWXLWRXRJKMNLM-XBUMEPTLSA-N","CCCCCCCC/C=C/CCCCCCCC(OCC(OC(CCC/C=C/C/C=C/C/C=C/C/C=C/CCCCC)=O)CO)=O","oleoyl-arachidonoyl-glycerol (18:1/20:4) [1]*","oleoyl-arachidonoyl-glycerol (18:1/20:4) [1]*",NA,NA,"HMDB0007228",NA,9543786,"DG 38:5","DG 18:1_20:4","Unknown",54960,54960,54960,402,402,402,208045,208045,208045,"Pos Late","Pos Late","Pos Late",208045,54960,402,"Pos Late",TRUE
-0.00483034205795876,-0.0624824803493482,-0.085926027426699,0.931581913589809,0.998598697283575,-5.61838717896744,1137,"1137","Lipid","Endocannabinoid",2204,"NAMED","BOWVQLFMWHZBEF-KTKRTIGZSA-N","O=C(NCCO)CCCCCCC/C=C\CCCCCCCC","oleoyl ethanolamide (18:1)","oleoyl ethanolamide (18:1)","111-58-0,11-58-0",4446574,"HMDB0002088",NA,5283454,NA,NA,NA,38102,38102,38102,209,209,209,127707,127707,127707,"Neg","Neg","Neg",127707,38102,209,"Neg",TRUE
-0.0109374924012647,-0.0517734516383277,-0.081987101077247,0.934711046772433,0.998598697283575,-5.61867637514802,100009345,"100009345","Lipid","Phosphatidylcholine (PC)",2355,"NAMED","MMUCLZZSNHBNFL-KBTBXKTRSA-N","O=C(CCCCCCC/C=C\CCCCCC)OC[C@]([H])(COP(OCC[N+](C)(C)C)([O-])=O)OC(CCCCCCC/C=C\C/C=C\C/C=C\CC)=O","1-palmitoleoyl-2-linolenoyl-GPC (16:1/18:3)*","1-palmitoleoyl-2-linolenoyl-GPC (16:1/18:3)*",NA,24766677,"HMDB0008008",NA,52922452,"PC 34:4","PC 16:1_18:3","Unknown",53180,53180,53180,402,402,402,166609,166609,166609,"Pos Late","Pos Late","Pos Late",166609,53180,402,"Pos Late",TRUE
0.00629268870425348,-0.0685177428875712,0.0795959767639386,0.936611084033768,0.998598697283575,-5.61884531375836,100016069,"100016069","Lipid","Fatty Acid Metabolism (Acyl Carnitine, Monounsaturated)",1927,"NAMED","PETYOUXDCHQKTQ-QXPKXGMISA-N","CCCCCC/C=C\CCCC(O[C@@H](C[N+](C)(C)C)CC([O-])=O)=O","5-dodecenoylcarnitine (C12:1)","5-dodecenoylcarnitine (C12:1)",NA,NA,"HMDB0241212",NA,91825571,NA,NA,NA,61769,61769,61769,402,402,402,218137,218137,218137,"Pos Late","Pos Late","Pos Late",218137,61769,402,"Pos Late",TRUE
-0.00608277225429552,-0.0960989216233984,-0.0775814137552555,0.938212179897155,0.998598697283575,-5.61898376676231,100006361,"100006361","Amino Acid","Tyrosine Metabolism",230,"NAMED","NZKRYJGNYPYXJZ-UHFFFAOYSA-N","NCCC1=CC(OS(=O)(O)=O)=C(O)C=C1","dopamine 3-O-sulfate","dopamine 3-O-sulfate",NA,108936,"HMDB0006275","C13690",122136,NA,NA,NA,48407,48407,48407,209,209,209,155061,155061,155061,"Neg","Neg","Neg",155061,48407,209,"Neg",FALSE
0.00558039955367878,-0.0171901848993356,0.0772972582877938,0.938438035900054,0.998598697283575,-5.61900301005468,1087,"1087","Lipid","Long Chain Monounsaturated Fatty Acid",1592,"NAMED","DPUOLQHDNGRHBS-KTKRTIGZSA-N","OC(CCCCCCCCCCC\C=C/CCCCCCCC)=O","erucate (22:1n9)","erucate (22:1n9)","112-86-7",7924,"HMDB0002068","C08316",82165281116,NA,NA,NA,1552,1552,1552,209,209,209,125983,125983,125983,"Neg","Neg","Neg",125983,1552,209,"Neg",TRUE
0.0069035162196871,-0.00795094257189776,0.0768677508183011,0.938779431840518,0.998598697283575,-5.61903196270783,100002126,"100002126","Lipid","Androgenic Steroids",3407,"NAMED","ALBNSVAJDFJRKQ-UAFBDMIJSA-N","O=C1[C@H](O)CC2C3CC=C4C[C@@H](OS(=O)(O)=O)CC[C@]4(C)C3CC[C@@]21C","16alpha-hydroxy DHEA 3-sulfate","16alpha-hydroxy DHEA 3-sulfate",NA,NA,"HMDB0062544",NA,20848950,NA,NA,NA,38168,38168,38168,209,209,209,143871,143871,143871,"Neg","Neg","Neg",143871,38168,209,"Neg",TRUE
-0.00306066882608541,-0.000502668808662362,-0.0748951173017751,0.94034753271759,0.998598697283575,-5.61916286403885,100008999,"100008999","Lipid","Plasmalogen",2873,"NAMED","URPXXNCTXCOATD-FXMFQVEGSA-N","[H][C@](OC(CCC/C=C\C/C=C\C/C=C\C/C=C\CCCCC)=O)(COP(OCCN)(O)=O)CO/C=C\CCCCCCCCCCCCCCCC","1-(1-enyl-stearoyl)-2-arachidonoyl-GPE (P-18:0/20:4)*","1-(1-enyl-stearoyl)-2-arachidonoyl-GPE (P-18:0/20:4)*",NA,7826008,"HMDB0005779",NA,9547058,"PE O-38:5","PE P-18:0_20:4","PE P-18:0/20:4",52475,52475,52475,402,402,402,165154,165154,165154,"Pos Late","Pos Late","Pos Late",165154,52475,402,"Pos Late",TRUE
-0.00852304004101612,-0.232477619313365,-0.0725948234156089,0.94217639301968,0.998598697283575,-5.61931121090333,100003008,"100003008","Lipid","Lysophospholipid",2777,"NAMED","GRWOGFDNIAYTPK-DTNGDMSLSA-N","[H]C(C(O)(C(O)([C@](O)1[H])[H])[H])([C@@](OP(O)(O[C@](COC(CCCCCCCCCCCCCCCCC)=O)(CO)[H])=O)([C@]1(O)[H])[H])O","2-stearoyl-GPI (18:0)*","2-stearoyl-GPI (18:0)*",NA,NA,"HMDB0061704",NA,131770413,"LPI 18:0","LPI 18:0","LPI 0:0/18:0",39223,39223,39223,209,209,209,149867,149867,149867,"Neg","Neg","Neg",149867,39223,209,"Neg",TRUE
-0.00454076761168443,-0.113031602968419,-0.0686794335292635,0.945290043060551,0.998598697283575,-5.61955307500425,100001254,"100001254","Amino Acid","Tryptophan Metabolism",262,"NAMED","DZTHIGRZJZPRDV-LBPRGKRZSA-N","O=C(O)[C@@H](NC(C)=O)CC1=CNC2=C1C=CC=C2","N-acetyltryptophan","N-acetyltryptophan","1218-34-4",610602,"HMDB0013713","C03137",439917700653,NA,NA,NA,33959,33959,33959,209,209,209,126119,126119,126119,"Neg","Neg","Neg",126119,33959,209,"Neg",TRUE
-0.0103283960904099,-0.330709798721909,-0.0671116968130616,0.94653699836803,0.998598697283575,-5.61964615975021,100023220,"100023220","Lipid","Secondary Bile Acid Metabolism",3622,"NAMED",NA,"C[C@@]12[C@](CC[C@]2([H])[C@H](C)CCC(O)=O)([H])[C@@]3([H])[C@@](CC1)([H])[C@@]4([C@@](C[C@H](CC4)O)([H])CC3)C","isoallolithocholic acid","isoallolithocholic acid","2276-93-9",NA,NA,NA,NA,NA,NA,NA,65706,65706,65706,209,209,209,283489,283489,283489,"Neg","Neg","Neg",283489,65706,209,"Neg",TRUE
-0.00195991253789983,-0.0347978760039878,-0.0668182052287144,0.946770437995399,0.998598697283575,-5.61966334908886,100001571,"100001571","Lipid","Lysophospholipid",2739,"NAMED","ROPRRXYVXLDXQO-XSQXPFHXSA-N","NCCOP(OC[C@@](O)([H])COC(CCC\C=C/C\C=C/C/C=C\C/C=C\CCCCC)=O)(O)=O","1-arachidonoyl-GPE (20:4n6)*","1-arachidonoyl-GPE (20:4n6)*",NA,21403171,"HMDB0011517",NA,42607465,"LPE 20:4","LPE 20:4(5,8,11,14)","LPE 20:4(5,8,11,14)/0:0",35186,35186,35186,402,402,402,158719,158719,158719,"Pos Late","Pos Late","Pos Late",158719,35186,402,"Pos Late",TRUE
-0.00281511638663212,0.014207986315702,-0.0650246268770613,0.948197227612995,0.998598697283575,-5.61976674483731,561,"561","Amino Acid","Glutamate Metabolism",46,"NAMED","WHUUTDBJXJRKMK-VKHMYHEASA-N","O=C(O)[C@@H](N)CCC(O)=O","glutamate","glutamate","56-86-0",591,"HMDB0000148","C00025,C00217",33032,NA,NA,NA,57,57,57,400,400,400,155297,155297,155297,"Pos Early","Pos Early","Pos Early",155297,57,400,"Pos Early",FALSE
0.00413954403961464,-0.118032491731706,0.0562384506306364,0.95518887821492,0.998598697283575,-5.62023261399509,100001651,"100001651","Lipid","Lysophospholipid",2725,"NAMED","NOVZJYYJYIFXJC-MZMPXXGTSA-N","OC[C@@H](OC(CCCCCCC\C=C/CCCCCCCC)=O)COP(OCC[NH3+])([O-])=O","2-oleoyl-GPE (18:1)*","2-oleoyl-GPE (18:1)*",NA,NA,"HMDB0011476",NA,NA,"LPE 18:1","LPE 18:1","LPE 0:0/18:1",45455,45455,45455,209,209,209,142789,142789,142789,"Neg","Neg","Neg",142789,45455,209,"Neg",TRUE
-0.00373258680863409,0.119028657105921,-0.0548261604389074,0.956313053824229,0.998598697283575,-5.62030120009271,100008991,"100008991","Lipid","Phosphatidylethanolamine (PE)",2463,"NAMED","MPWUZHVZZKSTPV-MADBQMNMSA-N","O=C(CCCCCCCCCCCCCCC)OC[C@]([H])(COP(OCCN)(O)=O)OC(CC/C=C\C/C=C\C/C=C\C/C=C\C/C=C\C/C=C\CC)=O","1-palmitoyl-2-docosahexaenoyl-GPE (16:0/22:6)*","1-palmitoyl-2-docosahexaenoyl-GPE (16:0/22:6)*",NA,7825749,"HMDB0008946",NA,9546799,"PE 38:6","PE 16:0_22:6","Unknown",52465,52465,52465,402,402,402,165133,165133,165133,"Pos Late","Pos Late","Pos Late",165133,52465,402,"Pos Late",TRUE
0.00640742475040912,-0.197909057657508,0.0536071434720707,0.95728345526414,0.998598697283575,-5.62035899760217,313,"313","Lipid","Sphingolipid Synthesis",3062,"NAMED","OTKJDMGTUTTYMP-UHFFFAOYSA-N","CCCCCCCCCCCCCCCC(C(CO)N)O","sphinganine","sphinganine","3102-56-5",3014,"HMDB0000269","C00836",3126,NA,NA,NA,17769,17769,17769,402,402,402,158166,158166,158166,"Pos Late","Pos Late","Pos Late",158166,17769,402,"Pos Late",TRUE
0.00441193161688774,-0.0585426429778821,0.0516580045856811,0.958835203644054,0.998598697283575,-5.62044871245478,100002868,"100002868","Lipid","Lysophospholipid",2688,"NAMED","UIINDYGXBHJQHX-GDLZYMKVSA-N","CCCCCCCCCCCCCCCCCCCCCC(OC[C@H](COP([O-])(OCC[N+](C)(C)C)=O)O)=O","1-behenoyl-GPC (22:0)","1-behenoyl-GPC (22:0)","125146-65-8",NA,"HMDB0010398",NA,24779479,"LPC 22:0","LPC 22:0","LPC 22:0/0:0",39792,39792,39792,402,402,402,159193,159193,159193,"Pos Late","Pos Late","Pos Late",159193,39792,402,"Pos Late",TRUE
-0.00752647562907134,-0.181421868704301,-0.0513668426200049,0.959067017099072,0.998598697283575,-5.62046182882809,100001229,"100001229","Lipid","Long Chain Polyunsaturated Fatty Acid (n3 and n6)",1602,"NAMED","JIWBIWFOSCKQMA-LTKCOYKYSA-N","CC\C=C/C\C=C/C\C=C/C\C=C/CCCCC(O)=O","stearidonate (18:4n3)","stearidonate (18:4n3)","111174-40-4",4471933,"HMDB0006547","C16300",5312508,NA,NA,NA,33969,33969,33969,209,209,209,126890,126890,126890,"Neg","Neg","Neg",126890,33969,209,"Neg",TRUE
-0.0018369493453152,-0.00494501794097227,-0.0469216078991576,0.962606585190677,0.998598697283575,-5.62065287340316,100009051,"100009051","Lipid","Phosphatidylcholine (PC)",2374,"NAMED","VGSUMLIRUGDCTF-NSMRCOLJSA-N","O=C(CCCCCCCCCCCCCCCCC)OC[C@]([H])(COP(OCC[N+](C)(C)C)([O-])=O)OC(CCCCCC/C=C\C/C=C\C/C=C\CCCCC)=O","1-stearoyl-2-dihomo-linolenoyl-GPC (18:0/20:3n3 or n6)*","1-stearoyl-2-dihomo-linolenoyl-GPC (18:0/20:3n3 or n6)*",NA,24766712,"HMDB0008047",NA,NA,"PC 38:3","PC 18:0_20:3","Unknown",52629,52629,52629,402,402,402,165382,165382,165382,"Pos Late","Pos Late","Pos Late",165382,52629,402,"Pos Late",TRUE
-0.00171846245065033,-0.0966682510416365,-0.0371879844323845,0.970359574338179,0.998598697283575,-5.62101085391047,100020414,"100020414","Amino Acid","Tryptophan Metabolism",334,"NAMED","OAORYCZPERQARS-UHFFFAOYSA-N","Brc1ccc2c(CC(N)C(O)=O)c[nH]c2c1","6-bromotryptophan","6-bromotryptophan",NA,NA,"HMDB0242168",NA,9856996,NA,NA,NA,62503,62503,62503,209,209,209,219798,219798,219798,"Neg","Neg","Neg",219798,62503,209,"Neg",TRUE
0.00463550929740786,0.27804200352597,0.0280842312976127,0.977613439722992,0.998598697283575,-5.62127068280423,136,"136","Lipid","Primary Bile Acid Metabolism",3521,"NAMED","BHQCQFFYRZLCQQ-OLRQUHAPSA-N","O[C@H]1[C@@]2([H])[C@]3([H])CC[C@H]([C@H](C)CCC(O)=O)[C@@]3(C)[C@@H](O)C[C@]2([H])[C@@]4(C)CC[C@@H](O)CC4C1","cholate","cholate","81-25-4",NA,"HMDB0000619","C00695",221493,NA,NA,NA,22842,22842,22842,209,209,209,124689,124689,124689,"Neg","Neg","Neg",124689,22842,209,"Neg",TRUE
-0.00111833137108497,0.0124035963883143,-0.0270472034225972,0.978439871420598,0.998598697283575,-5.62129568222407,439,"439","Lipid","Long Chain Saturated Fatty Acid",1559,"NAMED","QIQXTHQIDYTFRH-UHFFFAOYSA-N","CCCCCCCCCCCCCCCCCC(O)=O","stearate (18:0)","stearate (18:0)","57-11-4",5091,"HMDB0000827","C01530",5281,NA,NA,NA,1358,1358,1358,209,209,209,125724,125724,125724,"Neg","Neg","Neg",125724,1358,209,"Neg",TRUE
-0.000856888468481032,0.0293585217363426,-0.0269466378908647,0.978520010017144,0.998598697283575,-5.62129805684734,100015789,"100015789","Lipid","Sphingomyelins",3175,"NAMED","ZLNGRWIWHFFRNK-UKCALJHFSA-N","CCC/C=C/CCCCCCCC/C=C/[C@@H](O)[C@@H](NC(CCCCCCCCCCCCCCCC/C=C/C/C=C/CC)=O)COP([O-])(OCC[N+](C)(C)C)=O","sphingomyelin (d18:2/24:2)*","sphingomyelin (d18:2/24:2)*",NA,NA,"HMDB0240644",NA,NA,"SM 42:4;O2","SM 18:2;O2_24:2","SM 18:2;O2/24:2",57479,57479,57479,402,402,402,211142,211142,211142,"Pos Late","Pos Late","Pos Late",211142,57479,402,"Pos Late",TRUE
0.00177499465521014,-0.00933997801099814,0.0254398086063705,0.979720887473828,0.998598697283575,-5.62133257274034,100008930,"100008930","Lipid","Long Chain Monounsaturated Fatty Acid",1578,"NAMED","ZQPPMHVWECSIRJ-KTKRTIGZSA-N","OC(CCCCCCC/C=C\CCCCCCCC)=O","oleate/vaccenate (18:1)","oleate/vaccenate (18:1)",NA,NA,"HMDB0003231,HMDB0000573,HMDB0240219,HMDB0000207","C21944,C08367,C01712,C00712",5.28276163751752e+25,NA,NA,NA,52285,52285,52285,209,209,209,164313,164313,164313,"Neg","Neg","Neg",164313,52285,209,"Neg",TRUE
-0.00233021409021039,-0.0193011707439687,-0.0243632279585062,0.980578899858811,0.998598697283575,-5.6213560173401,100006726,"100006726","Lipid","Endocannabinoid",2227,"NAMED","KQXDGUVSAAQARU-HZJYTTRNSA-N","CCCCC/C=C\C/C=C\CCCCCCCC(NCCO)=O","linoleoyl ethanolamide (18:2)","linoleoyl ethanolamide (18:2)","68171-52-8",4446566,"HMDB0012252",NA,5283446,NA,NA,NA,52608,52608,52608,209,209,209,166573,166573,166573,"Neg","Neg","Neg",166573,52608,209,"Neg",TRUE
0.000943911790562189,-0.0355921946383386,0.0190984021736377,0.984775163086588,0.998598697283575,-5.62145607046922,100015625,"100015625","Lipid","Hexosylceramides (HCER)",3131,"NAMED","BZVOAOVDSULRAB-NUBHLNQHSA-N","[H][C@](NC(CCCCCCCCCCCCCCCCCCCCC)=O)(CO[C@H]1[C@H](O)[C@@H](O)[C@@H](O)[C@@H](CO)O1)[C@@](O)([H])/C=C/CCCCCCCC/C=C\CCC","glycosyl-N-behenoyl-sphingadienine (d18:2/22:0)*","glycosyl-N-behenoyl-sphingadienine (d18:2/22:0)*",NA,NA,NA,NA,NA,"HexCer 40:2;O2","HexCer 18:2;O2_22:0","HexCer 18:2;O2/22:0",57421,57421,57421,402,402,402,211074,211074,211074,"Pos Late","Pos Late","Pos Late",211074,57421,402,"Pos Late",TRUE
-0.00273536731948665,-0.267271327321609,-0.0182518931093736,0.985449905049471,0.998598697283575,-5.62146989551323,302,"302","Lipid","Secondary Bile Acid Metabolism",3549,"NAMED","KXGVEGMKQFWNSR-OHAQSFBXSA-N","CC12[C@@]([C@]3([H])CC[C@]4([H])C[C@H](O)CC[C@]4(C)[C@@]3([H])C[C@@H]2O)([H])CC[C@]1([H])[C@]([H])(C)CCC(O)=O","deoxycholate","deoxycholate","83-44-3",389318,"HMDB0000626","C04483",222528440355,NA,NA,NA,1114,1114,1114,209,209,209,125714,125714,125714,"Neg","Neg","Neg",125714,1114,209,"Neg",TRUE
-0.00204936993472171,-0.2744644689708,-0.0182215577162791,0.985474085215196,0.998598697283575,-5.62147037931488,100002171,"100002171","Lipid","Lysophospholipid",2721,"NAMED","RVNBVQKDPQVSOY-NRFANRHFSA-N","O=P(OCCN)(O)OC[C@@H](O)COC(CCCCCCCCCCCCCCCC)=O","1-margaroyl-GPE (17:0)*","1-margaroyl-GPE (17:0)*",NA,NA,"HMDB0061691",NA,52925149,"LPE 17:0","LPE 17:0","LPE 17:0/0:0",37419,37419,37419,209,209,209,144194,144194,144194,"Neg","Neg","Neg",144194,37419,209,"Neg",TRUE
0.000848451795153415,-0.0583261934840733,0.0178810886667223,0.98574547203265,0.998598697283575,-5.6214757540564,100009124,"100009124","Lipid","Phosphatidylcholine (PC)",2363,"NAMED","MHUZXLUKTLNHIX-GUNPMBPGSA-N","O=C(CCCCCCCCCCCCCCCC)OC[C@]([H])(COP(OCC[N+](C)(C)C)([O-])=O)OC(CCC/C=C\C/C=C\C/C=C\C/C=C\CCCCC)=O","1-margaroyl-2-arachidonoyl-GPC (17:0/20:4)*","1-margaroyl-2-arachidonoyl-GPC (17:0/20:4)*",NA,24822197,NA,NA,NA,"PC 37:4","PC 17:0_20:4","Unknown",53193,53193,53193,402,402,402,166623,166623,166623,"Pos Late","Pos Late","Pos Late",166623,53193,402,"Pos Late",TRUE
0.00139869110165081,-0.044447467187367,0.0167076747610218,0.986680809101085,0.998598697283575,-5.62149350114904,209,"209","Nucleotide","Purine Metabolism, Adenine containing",4342,"NAMED","UDMBCSSLTHHNCD-UHFFFAOYSA-N","NC1=NC=NC2=C1N=CN2C3OC(C(C3O)O)COP(O)(O)=O","adenosine 5'-monophosphate (AMP)","AMP","149022-20-8",10239183,"HMDB0000045","C00020",6083,NA,NA,NA,32342,32342,32342,400,400,400,155907,155907,155907,"Pos Early","Pos Early","Pos Early",155907,32342,400,"Pos Early",TRUE
-0.00116951811390903,-0.12181919974981,-0.0119410002503853,0.990480536889264,0.998598697283575,-5.62155321308208,100002061,"100002061","Lipid","Lysophospholipid",2752,"NAMED","TWBVHOYVCUOMJY-PAUXXPOVSA-N","OC[C@](OC(CC\C=C/C/C=C\C/C=C\C/C=C\C/C=C\C/C=C\CC)=O)([H])COP(OCCN)(O)=O","2-docosahexaenoyl-GPE (22:6)*","2-docosahexaenoyl-GPE (22:6)*",NA,NA,"HMDB0011496",NA,NA,"LPE 22:6","LPE 22:6","LPE 0:0/22:6",34258,34258,34258,209,209,209,144195,144195,144195,"Neg","Neg","Neg",144195,34258,209,"Neg",TRUE
-0.0011057260548446,-0.19602732645893,-0.011633508245101,0.990725660790402,0.998598697283575,-5.62155638277863,100005716,"100005716","Lipid","Lysophospholipid",2768,"NAMED","FQQQKGAFQIIGLQ-VYFUBJQISA-N","O[C@H](COC(CCCCCCC/C=C\CCCCCCCC)=O)COP(OCC(O)CO)(O)=O","1-oleoyl-GPG (18:1)*","1-oleoyl-GPG (18:1)*",NA,34999689,"HMDB0240602",NA,NA,"LPG 18:1","LPG 18:1","LPG 18:1/0:0",45968,45968,45968,209,209,209,144192,144192,144192,"Neg","Neg","Neg",144192,45968,209,"Neg",TRUE
-0.000430330113781269,-0.0437763231356359,-0.00838606353325072,0.993314480748263,0.998598697283575,-5.6215848102229,100001384,"100001384","Lipid","Lysophospholipid",2674,"NAMED","UATOAILWGVYRQS-HHHXNRCGSA-N","CCCCCCCCCCCCCCCCCCCC(OC[C@](O)([H])COP(OCC[N+](C)(C)C)([O-])=O)=O","1-arachidoyl-GPC (20:0)","1-arachidoyl-GPC (20:0)","108341-80-6",21403128,"HMDB0010390","C04230",24779473,"LPC 20:0","LPC 20:0","LPC 20:0/0:0",45456,45456,45456,402,402,402,159647,159647,159647,"Pos Late","Pos Late","Pos Late",159647,45456,402,"Pos Late",TRUE
0.000423553076864314,0.014466703562793,0.00544796197816005,0.995656758133014,0.998598697283575,-5.62160258305866,100006051,"100006051","Lipid","Fatty Acid Metabolism (Acyl Carnitine, Monounsaturated)",1929,"NAMED","ABVVZYXTZLEOHP-OLHLWXQYSA-N","O=C(CCCCCCC/C=C\CCCC)O[C@H](CC([O-])=O)C[N+](C)(C)C","myristoleoylcarnitine/physeteroylcarnitine (C14:1)*","myristoleoylcarnitine/physeteroylcarnitine (C14:1)*","889848-55-9",34999520,"HMDB0240588",NA,129691961,NA,NA,NA,48182,48182,48182,402,402,402,160274,160274,160274,"Pos Late","Pos Late","Pos Late",160274,48182,402,"Pos Late",TRUE
-0.000519602464198576,-0.0162919121236548,-0.00464531706774812,0.996296640287439,0.998598697283575,-5.62160612545486,100009209,"100009209","Lipid","Phosphatidylethanolamine (PE)",2462,"NAMED","KHLRCNXJXSYNCK-ZIEHFRHMSA-N","O=C(CCCCCCCCCCCCCCC)OC[C@]([H])(COP(OCCN)(O)=O)OC(CCC/C=C\C/C=C\C/C=C\C/C=C\C/C=C\CC)=O","1-palmitoyl-2-eicosapentaenoyl-GPE (16:0/20:5)*","1-palmitoyl-2-eicosapentaenoyl-GPE (16:0/20:5)*",NA,24768431,"HMDB0008939",NA,52924919,"PE 36:5","PE 16:0_20:5","Unknown",53190,53190,53190,402,402,402,166620,166620,166620,"Pos Late","Pos Late","Pos Late",166620,53190,402,"Pos Late",TRUE
0.000284303874984904,-0.0397368781152343,0.00175772158402891,0.998598697283575,0.998598697283575,-5.6216142101545,100002015,"100002015","Lipid","Progestin Steroids",3349,"NAMED","LSQGWMYMIHQKSA-UHFFFAOYSA-N","CC(OS(=O)(O)=O)C1CCC2C3CCC4CC(OS(=O)(O)=O)CCC4(C)C3CCC21C","5alpha-pregnan-diol disulfate","5alpha-pregnan-diol disulfate",NA,4302261,"HMDB0240581,HMDB0240582",NA,30822775127902,NA,NA,NA,46172,46172,46172,209,209,209,144285,144285,144285,"Neg","Neg","Neg",144285,46172,209,"Neg",TRUE
