"logFC","AveExpr","t","P.Value","adj.P.Val","B","CHEM_ID","Original_ID","SUPER_PATHWAY","SUB_PATHWAY","PATHWAY_SORTORDER","TYPE","INCHIKEY","SMILES","CHEMICAL_NAME","PLOT_NAME","CAS","CHEMSPIDER","HMDB","KEGG","PUBCHEM","LIPID SPECIES LEVEL","LIPID MOLECULAR SPECIES LEVEL","LIPID SN POSITION LEVEL","COMP_ID_1","COMP_ID_2","COMP_ID_3","LIB_ID_1","LIB_ID_2","LIB_ID_3","CHRO_LIB_ENTRY_ID_1","CHRO_LIB_ENTRY_ID_2","CHRO_LIB_ENTRY_ID_3","PLATFORM_1","PLATFORM_2","PLATFORM_3","CHRO_LIB_ENTRY_ID","COMP_ID","LIB_ID","PLATFORM","effect_size","hedges_g"
0.267079656761624,-0.0555256339058522,5.34393779748976,1.77952474651845e-07,6.85117027409603e-05,6.90565871355176,100001563,"100001563","Lipid","Lysophospholipid",2646,"NAMED","IGZPHNNYPPAPLA-OAQYLSRUSA-N","OC[C@](OC(CCCCCCCCCCCCC)=O)([H])COP(OCC[N+](C)(C)C)([O-])=O","2-myristoyl-GPC (14:0)*","2-myristoyl-GPC (14:0)*",NA,21403166,"HMDB0010379",NA,460604,"LPC 14:0","LPC 14:0","LPC 0:0/14:0",35626,35626,35626,402,402,402,158743,158743,158743,"Pos Late","Pos Late","Pos Late",158743,35626,402,"Pos Late",0.635839095397028,0.634932049611868
0.24291527772551,-0.0740697694825935,4.84479772560114,2.01669058432395e-06,0.000388212937482361,4.6698867922166,100001383,"100001383","Lipid","Lysophospholipid",2645,"NAMED","VXUOFDJKYGDUJI-OAQYLSRUSA-N","CCCCCCCCCCCCCC(OC[C@](O)([H])COP(OCC[N+](C)(C)C)([O-])=O)=O","1-myristoyl-GPC (14:0)","1-myristoyl-GPC (14:0)","20559-16-4",405289,"HMDB0010379","C04230",460604,"LPC 14:0","LPC 14:0","LPC 14:0/0:0",45453,45453,45453,402,402,402,159645,159645,159645,"Pos Late","Pos Late","Pos Late",159645,45453,402,"Pos Late",0.576449786648871,0.57562746170358
-0.401578208892508,-0.155554646471112,-4.66911839477244,4.53267882245974e-06,0.000457068715670687,3.9271857665361,100002014,"100002014","Lipid","Progestin Steroids",3342,"NAMED","ZIVKBPVUJZDVBI-MHACIFFSSA-N","C[C@@]12[C@](CCC3C2CC[C@@]4(C)C3CCC4[C@](C)([H])O)([H])C[C@@H](OS(=O)(O)=O)CC1","5alpha-pregnan-3beta,20alpha-diol monosulfate (2)","5alpha-pregnan-3beta,20alpha-diol monosulfate (2)",NA,NA,NA,NA,NA,NA,NA,NA,37200,37200,37200,209,209,209,144283,144283,144283,"Neg","Neg","Neg",144283,37200,209,"Neg",-0.55554688863113,-0.554754382370601
0.284708940311498,-0.0561867959052226,4.61295167584255,5.84294196319263e-06,0.000457068715670687,3.69470972140954,100000672,"100000672","Lipid","Phosphatidylcholine (PC)",2307,"NAMED","RFVFQQWKPSOBED-PSXMRANNSA-N","CCCCCCCCCCCCCCCC(O[C@](COC(CCCCCCCCCCCCC)=O)(COP([O-])(OCC[N+](C)(C)C)=O)[H])=O","1-myristoyl-2-palmitoyl-GPC (14:0/16:0)","1-myristoyl-2-palmitoyl-GPC (14:0/16:0)","69525-80-0",114798,"HMDB0007869",NA,129657,"PC 30:0","PC 14:0_16:0","Unknown",19258,19258,19258,402,402,402,164196,164196,164196,"Pos Late","Pos Late","Pos Late",164196,19258,402,"Pos Late",0.548863989782163,0.548081016900876
0.523032911977399,-0.0832867207088519,4.60944020659874,5.93595734637256e-06,0.000457068715670687,3.68025627017167,100009346,"100009346","Lipid","Phosphatidylcholine (PC)",2304,"NAMED","CITHEXJVPOWHKC-UHFFFAOYSA-N","CCCCCCCCCCCCCC(OCC(OC(CCCCCCCCCCCCC)=O)COP([O-])(OCC[N+](C)(C)C)=O)=O","phosphatidylcholine (14:0/14:0, 16:0/12:0)","phosphatidylcholine (14:0/14:0, 16:0/12:0)",NA,NA,"HMDB0007866",NA,NA,"PC 28:0","Unknown","Unknown",53177,53177,53177,402,402,402,166606,166606,166606,"Pos Late","Pos Late","Pos Late",166606,53177,402,"Pos Late",0.548446183753704,0.547663806886723
-0.404044046018345,-0.0185337130703837,-4.48818316354073,1.01812561519924e-05,0.000571268958632683,3.1870088957695,100001988,"100001988","Lipid","Progestin Steroids",3348,"NAMED","LSQGWMYMIHQKSA-VNCHAANSSA-N","C[C@@]12[C@](CCC3C2CC[C@@]4(C)C3CCC4C(OS(=O)(O)=O)C)([H])C[C@@H](OS(=O)(O)=O)CC1","5alpha-pregnan-3beta,20alpha-diol disulfate","5alpha-pregnan-3beta,20alpha-diol disulfate",NA,NA,"HMDB0094650",NA,118703093,NA,NA,NA,37198,37198,37198,209,209,209,144254,144254,144254,"Neg","Neg","Neg",144254,37198,209,"Neg",-0.534018626493449,-0.533256831020563
0.198312274929459,0.0375108003980457,4.48364302469515,1.03867083387761e-05,0.000571268958632683,3.16876251013301,100009138,"100009138","Lipid","Phosphatidylcholine (PC)",2310,"NAMED","IWXJKHSPEQSQMD-GMGFYYQASA-N","O=C(CCCCCCCCCCCCC)OC[C@]([H])(COP(OCC[N+](C)(C)C)([O-])=O)OC(CCCCCCC/C=C\C/C=C\CCCCC)=O","1-myristoyl-2-linoleoyl-GPC (14:0/18:2)*","1-myristoyl-2-linoleoyl-GPC (14:0/18:2)*",NA,24766550,"HMDB0007874",NA,24778624,"PC 32:2","PC 14:0_18:2","Unknown",52707,52707,52707,402,402,402,165481,165481,165481,"Pos Late","Pos Late","Pos Late",165481,52707,402,"Pos Late",0.533478426010969,0.53271740115218
0.611417495427997,0.13472815606355,4.19423287133968,3.58954563820468e-05,0.001727468838386,2.03912166779987,1629,"1629","Lipid","Primary Bile Acid Metabolism",3530,"NAMED","BHTRKEVKTKCXOH-BJLOMENOSA-N","C[C@@]12[C@@]([H])(CC[C@@]2([C@@H](CCC(NCCS(O)(=O)=O)=O)C)[H])[C@@]([C@@H](C[C@]3([H])C[C@H](O)CC4)O)([H])[C@]([C@]34C)([H])CC1","taurochenodeoxycholate","taurochenodeoxycholate","6009-98-9",343282,"HMDB0000951","C05465",387316,NA,NA,NA,18494,18494,18494,209,209,209,124667,124667,124667,"Neg","Neg","Neg",124667,18494,209,"Neg",0.499043464923903,0.498331562691487
0.107199580985693,-0.00680485870606134,4.1392480354087,4.50892469882597e-05,0.00192881778783111,1.832080863051,100000616,"100000616","Lipid","Phosphatidylinositol (PI)",2601,"NAMED","KRTOMQDUKGRFDJ-YKOKTLGVSA-N","CCCCCCCCCCCCCCCCCC(OC[C@]([H])(COP(O)(O[C@](C(O)(C(O)(C(O)([C@](O)1[H])[H])[H])[H])([C@]1(O)[H])[H])=O)OC(CCC/C=C\C/C=C\C/C=C\C/C=C\CCCCC)=O)=O","1-stearoyl-2-arachidonoyl-GPI (18:0/20:4)","1-stearoyl-2-arachidonoyl-GPI (18:0/20:4)","383907-33-3",21403055,"HMDB0009815",NA,NA,"PI 38:4","PI 18:0_20:4","Unknown",52449,52449,52449,402,402,402,208070,208070,208070,"Pos Late","Pos Late","Pos Late",208070,52449,402,"Pos Late",0.492501190357135,0.491798620898708
0.499801737030967,0.0844878506390943,3.91870418934153,0.000109863143462179,0.0042297310232939,1.0259251215062,1628,"1628","Lipid","Primary Bile Acid Metabolism",3529,"NAMED","GHCZAUBVMUEKKP-AZDOMVTHSA-N","O=C(NCC(O)=O)CC[C@@H](C)[C@@H]1[C@](CC[C@H]2[C@@]3([H])[C@H](O)C[C@@]4([H])C2(C)CC[C@@H](O)C4)(C)[C@]3([H])CC1","glycochenodeoxycholate","glycochenodeoxycholate","16564-43-5",NA,"HMDB0000637","C05466",12544,NA,NA,NA,32346,32346,32346,209,209,209,124921,124921,124921,"Neg","Neg","Neg",124921,32346,209,"Neg",0.466260166435674,0.465595030677563
0.242415561160216,-0.0498537730290895,3.80110446154033,0.000173818215941567,0.00608363755795484,0.612323648777566,100005371,"100005371","Lipid","Lysophospholipid",2736,"NAMED","RNWSKZCVPICGIX-DQXFYRDTSA-N","O=C(CCCCCC/C=C\C/C=C\C/C=C\CCCCC)OC[C@@](O)([H])COP(OCCN)(O)=O","1-dihomo-linolenoyl-GPE (20:3n3 or n6)*","1-dihomo-linolenoyl-GPE (20:3n3 or n6)*",NA,NA,"HMDB0011514,HMDB0011516",NA,NA,"LPE 20:3","LPE 20:3","LPE 20:3/0:0",44630,44630,44630,209,209,209,142531,142531,142531,"Neg","Neg","Neg",142531,44630,209,"Neg",0.452267768436734,0.451622593303444
0.136515741306046,1.06671027624991,3.67973763313143,0.000275793858678343,0.00884838629926351,0.197457444347728,NA,"Glycolytic_Ratio",NA,NA,NA,NA,NA,NA,"Glycolytic_Ratio",NA,NA,NA,NA,NA,NA,NA,NA,NA,NA,NA,NA,NA,NA,NA,NA,NA,NA,NA,NA,NA,NA,NA,NA,NA,0.437827148558455,0.437202573453521
0.205232257587669,-0.0319425326289591,3.54561263526745,0.000452940907776367,0.0134140191918386,-0.246725345277132,100009139,"100009139","Lipid","Phosphatidylcholine (PC)",2311,"NAMED","SRQSAJRUMDQMMS-NLDJLLEISA-N","O=C(CCCCCCCCCCCCC)OC[C@]([H])(COP(OCC[N+](C)(C)C)([O-])=O)OC(CCC/C=C\C/C=C\C/C=C\C/C=C\CCCCC)=O","1-myristoyl-2-arachidonoyl-GPC (14:0/20:4)*","1-myristoyl-2-arachidonoyl-GPC (14:0/20:4)*",NA,24766559,"HMDB0007883",NA,24778634,"PC 34:4","PC 14:0_20:4","Unknown",53195,53195,53195,402,402,402,166625,166625,166625,"Pos Late","Pos Late","Pos Late",166625,53195,402,"Pos Late",0.421868520194176,0.421266710607594
-0.0821696166784671,-0.0467712891890805,-3.49636503542411,0.000541401493835337,0.0148885410804718,-0.405998007259809,252,"252","Energy","TCA Cycle",1488,"NAMED","KDYFGRWQOYBRFD-UHFFFAOYSA-N","OC(CCC(O)=O)=O","succinate","succinate","110-15-6",1078,"HMDB0000254","C00042",1110,NA,NA,NA,1437,1437,1437,305,209,305,147106,125975,147106,"Polar","Neg","Polar",147106,1437,305,"Polar",-0.416008880632208,-0.415415430017897
0.43959717594635,-0.000155423750672797,3.46766105894399,0.000600205149875728,0.015405265513477,-0.49792541813918,100002911,"100002911","Lipid","Secondary Bile Acid Metabolism",3584,"NAMED","GHCZAUBVMUEKKP-XROMFQGDSA-N","[H][C@]1([C@H](C)CCC(NCC(O)=O)=O)CC[C@@]2([H])[C@]3([H])[C@@H](O)C[C@]4([H])C[C@H](O)CC[C@]4(C)[C@@]3([H])CC[C@@]21C","glycoursodeoxycholate","glycoursodeoxycholate","64480-66-6",19973534,"HMDB0000708",NA,12310288,NA,NA,NA,39379,39379,39379,209,209,209,143714,143714,143714,"Neg","Neg","Neg",143714,39379,209,"Neg",0.412593588177272,0.41200500959214
0.214480177648354,0.127531149511692,3.39006646303522,0.000790361626703387,0.0190180766425503,-0.742863768505586,100009215,"100009215","Lipid","Phosphatidylethanolamine (PE)",2479,"NAMED","XJPVAWWHABLYPE-KPRICRNFSA-N","O=C(CCCCCCCCCCCCCCCCC)OC[C@]([H])(COP(OCCN)(O)=O)OC(CCCCCC/C=C\C/C=C\C/C=C\CCCCC)=O","1-stearoyl-2-dihomo-linolenoyl-GPE (18:0/20:3n3 or n6)*","1-stearoyl-2-dihomo-linolenoyl-GPE (18:0/20:3n3 or n6)*",NA,24768480,"HMDB0009002",NA,52924903,"PE 38:3","PE 18:0_20:3","Unknown",57336,57336,57336,402,402,402,210835,210835,210835,"Pos Late","Pos Late","Pos Late",210835,57336,402,"Pos Late",0.403361130850859,0.402785722675608
-0.495201906328236,-0.298241536611475,-3.35093856945089,0.000906304162169084,0.0205251236726528,-0.864433579429609,100001872,"100001872","Lipid","Phosphatidylserine (PS)",2552,"NAMED","SVOUGFFDROZBJI-DNALCEECSA-N","O=C(CCCCCCCCCCCCCCCCC)OC[C@]([H])(COP(O)(OC[C@]([NH3+])(C([O-])=O)[H])=O)OC(CCC/C=C\C/C=C\C/C=C\C/C=C\CCCCC)=O","1-stearoyl-2-arachidonoyl-GPS (18:0/20:4)","1-stearoyl-2-arachidonoyl-GPS (18:0/20:4)",NA,NA,"HMDB0012383",NA,24779545,"PS 38:4","PS 18:0_20:4","Unknown",52235,52235,52235,402,402,402,164206,164206,164206,"Pos Late","Pos Late","Pos Late",164206,52235,402,"Pos Late",-0.398705566844643,-0.398136799987518
-0.418641374662208,-0.401707360235268,-3.31664106329962,0.00102076973571132,0.02183313045827,-0.969920387717764,100001398,"100001398","Xenobiotics","Xanthine Metabolism",4803,"NAMED","HMLZLHKHNBLLJD-UHFFFAOYSA-N","CN1C(NC(C(N2C)=C1NC2=O)=O)=O","3,7-dimethylurate","3,7-dimethylurate","13087-49-5",74994,"HMDB0001982","C16360",83126,NA,NA,NA,34399,34399,34399,209,209,209,126922,126922,126922,"Neg","Neg","Neg",126922,34399,209,"Neg",-0.394624738041612,-0.394061792623579
0.374968601269109,0.272882984414691,3.23881068006946,0.00133218114021703,0.0269941967886083,-1.20556043584336,342,"342","Lipid","Primary Bile Acid Metabolism",3522,"NAMED","RFDAIACWWDREDC-FRVQLJSFSA-N","O=C(CNC(CC[C@H]([C@@H]1[C@@]2(C)[C@@H](O)C[C@]3([H])[C@@]4(C)CC[C@@H](O)C[C@@]4([H])C[C@@H](O)[C@@]3([H])[C@]2([H])CC1)C)=O)O","glycocholate","glycocholate","475-31-0,863-57-0",9734,"HMDB0000138","C01921",10140,NA,NA,NA,18476,18476,18476,209,209,209,126842,126842,126842,"Neg","Neg","Neg",126842,18476,209,"Neg",0.385364225973019,0.384814490985896
0.118739836503692,-0.0473961918337595,3.20155583751963,0.00151055316336473,0.029078148394771,-1.31651088257008,100009038,"100009038","Lipid","Dihydrosphingomyelins",3161,"NAMED","MJAFYELZQYPMQG-MPQUPPDSSA-N","[H][C@](NC(CCCCCCCCCCCCC)=O)(COP(OCC[N+](C)(C)C)([O-])=O)[C@@](O)([H])CCCCCCCCCCCCCCC","myristoyl dihydrosphingomyelin (d18:0/14:0)*","myristoyl dihydrosphingomyelin (d18:0/14:0)*",NA,24846886,"HMDB0012085",NA,44260138,"SM 32:0;O2","SM 18:0;O2_14:0","SM 18:0;O2/14:0",57365,57365,57365,402,402,402,210891,210891,210891,"Pos Late","Pos Late","Pos Late",210891,57365,402,"Pos Late",0.380931523669266,0.38038811208058
0.368058936790651,-0.353504607621908,3.17442017724152,0.00165412383628195,0.0294872895000261,-1.39657160451873,100002017,"100002017","Lipid","Androgenic Steroids",3448,"NAMED","JHFAETDERBWUOO-ILBJSTGGSA-N","C[C@@]12[C@](CCC3C2CC[C@@]4(C)C3CC[C@@H]4OS(=O)(O)=O)([H])C[C@H](OS(=O)(O)=O)CC1","5alpha-androstan-3alpha,17beta-diol disulfate","5alpha-androstan-3alpha,17beta-diol disulfate",NA,NA,"HMDB0094682",NA,56639109,NA,NA,NA,37184,37184,37184,209,209,209,144264,144264,144264,"Neg","Neg","Neg",144264,37184,209,"Neg",0.377702834575553,0.377164028820096
-0.115277488677591,0.0200281662252284,-3.16033341541465,0.00173353432361607,0.0294872895000261,-1.43788223737788,100015687,"100015687","Lipid","Phosphatidylethanolamine (PE)",2493,"NAMED","XWVCHGXTKMKQBL-RGNSOIIYSA-N","O=C(CCC/C=C\C/C=C\C/C=C\C/C=C\CCCCC)OC(COP(OCCN)(O)=O)CO/C=C/CCCCCC/C=C\CCCCCCCC","phosphatidylethanolamine (P-18:1/20:4, P-16:0/22:5n3)*","phosphatidylethanolamine (P-18:1/20:4, P-16:0/22:5n3)*",NA,NA,"HMDB0011360",NA,53480850,"PE O-38:6","Unknown","Unknown",57411,57411,57411,402,402,402,211060,211060,211060,"Pos Late","Pos Late","Pos Late",211060,57411,402,"Pos Late",-0.376026745849132,-0.375490331090431
0.1403273744322,0.00431536940954557,3.15550085260539,0.00176157833376779,0.0294872895000261,-1.45201461698994,100002871,"100002871","Lipid","Lysophospholipid",2692,"NAMED","ZOJBSSVHFSBHMP-JJJSWPRASA-N","CCCCC/C=C\C/C=C\C/C=C\C/C=C\CCCCCC(OC[C@H](COP([O-])(OCC[N+](C)(C)C)=O)O)=O","1-adrenoyl-GPC (22:4)*","1-adrenoyl-GPC (22:4)*",NA,NA,"HMDB0010401",NA,52924039,"LPC 22:4","LPC 22:4","LPC 22:4/0:0",52698,52698,52698,402,402,402,165471,165471,165471,"Pos Late","Pos Late","Pos Late",165471,52698,402,"Pos Late",0.375451751812612,0.37491615730218
-0.401002055888029,-0.152351433375409,-3.13846710469128,0.0018638037236601,0.0298985180670475,-1.50166708814371,100009345,"100009345","Lipid","Phosphatidylcholine (PC)",2355,"NAMED","MMUCLZZSNHBNFL-KBTBXKTRSA-N","O=C(CCCCCCC/C=C\CCCCCC)OC[C@]([H])(COP(OCC[N+](C)(C)C)([O-])=O)OC(CCCCCCC/C=C\C/C=C\C/C=C\CC)=O","1-palmitoleoyl-2-linolenoyl-GPC (16:1/18:3)*","1-palmitoleoyl-2-linolenoyl-GPC (16:1/18:3)*",NA,24766677,"HMDB0008008",NA,52922452,"PC 34:4","PC 16:1_18:3","Unknown",53180,53180,53180,402,402,402,166609,166609,166609,"Pos Late","Pos Late","Pos Late",166609,53180,402,"Pos Late",-0.373425021099164,-0.372892317788038
-0.31192518540444,-0.485692041705371,-3.11216780492883,0.00203238749537805,0.0308223810657977,-1.57781917170596,100002003,"100002003","Lipid","Pregnenolone Steroids",3318,"NAMED","YNTXPDSHGMGJJG-WGKOQXAXSA-N","C[C@@]1([C@H]2[C@@](COS(=O)(O)=O)=O)[C@](CC2)([H])[C@@](CC=C3[C@@]4(CC[C@H](O)C3)C)([H])[C@@]4([H])CC1","21-hydroxypregnenolone monosulfate (1)","21-hydroxypregnenolone monosulfate (1)","88378-34-1",152343,NA,NA,174681,NA,NA,NA,37174,37174,37174,209,209,209,144212,144212,144212,"Neg","Neg","Neg",144212,37174,209,"Neg",-0.370295844899099,-0.369767605462724
0.0621394051341424,0.0186638801999018,3.10488496912286,0.00208151144859933,0.0308223810657977,-1.59880570831304,355,"355","Amino Acid","Histidine Metabolism",73,"NAMED","HNDVDQJCIGZPNO-UHFFFAOYSA-N","NC(C(O)=O)CC1=CN=CN1","histidine","histidine","5934-29-2",752,"HMDB0000177","C00135",6274,NA,NA,NA,59,59,59,209,209,209,123153,123153,123153,"Neg","Neg","Neg",123153,59,209,"Neg",0.369429309414167,0.368902306119711
0.494176523238107,0.240943782529967,3.08360920652236,0.0022314075579062,0.0318182188812551,-1.6598659669139,1648,"1648","Lipid","Primary Bile Acid Metabolism",3523,"NAMED","WBWWGRHZICKQGZ-HGVCTONRSA-N","C[C@@]12[C@@]([H])(CC[C@]2([H])[C@@H](CCC(NCCS(O)(=O)=O)=O)C)[C@@]([C@H](O)C[C@@]3([H])[C@@]4(CC[C@@H](O)C3)C)([H])[C@@]4([H])C[C@@H]1O","taurocholate","taurocholate","145-42-6",NA,"HMDB0000036","C05122",667546783527,NA,NA,NA,18497,18497,18497,209,209,209,125762,125762,125762,"Neg","Neg","Neg",125762,18497,209,"Neg",0.366897850000074,0.366374457917335
0.245541044713138,0.0510159565336163,3.059928273212,0.00240983667318421,0.0326250795010494,-1.72734933069806,100015593,"100015593","Lipid","Phosphatidylethanolamine (PE)",2486,"NAMED","DPRXQVIZBLENFV-UFHXWEBOSA-N","CCCCCCCCCCCCCCCCCC(OCC(OC(CC/C=C/C/C=C/C/C=C/C/C=C/C/C=C/CCCCC)=O)COP(O)(OCCN)=O)=O","1-stearoyl-2-docosapentaenoyl-GPE (18:0/22:5n6)*","1-stearoyl-2-docosapentaenoyl-GPE (18:0/22:5n6)*",NA,NA,"HMDB0009010",NA,53479611,"PE 40:5","PE 18:0_22:5(4,7,10,13,16)","Unknown",57338,57338,57338,402,402,402,210839,210839,210839,"Pos Late","Pos Late","Pos Late",210839,57338,402,"Pos Late",0.364080215554312,0.363560842921567
0.12858295101483,0.0211174342756567,3.05161587018114,0.00247551787375377,0.0326250795010494,-1.75092143431064,100009143,"100009143","Lipid","Phosphatidylcholine (PC)",2344,"NAMED","IRWRFKUTKSUFST-MDYGELLQSA-N","O=C(CCCCCCCCCCCCCCC)OC[C@]([H])(COP(OCC[N+](C)(C)C)([O-])=O)OC(CCCCC/C=C\C/C=C\C/C=C\C/C=C\CCCCC)=O","1-palmitoyl-2-adrenoyl-GPC (16:0/22:4)*","1-palmitoyl-2-adrenoyl-GPC (16:0/22:4)*",NA,24766658,"HMDB0007988",NA,24778732,"PC 38:4","PC 16:0_22:4","Unknown",52706,52706,52706,402,402,402,165479,165479,165479,"Pos Late","Pos Late","Pos Late",165479,52706,402,"Pos Late",0.363091178813241,0.362573217074563
0.0581025819812642,-0.0162066360563234,3.04337334681728,0.00254221398709475,0.0326250795010494,-1.77422198102739,100001263,"100001263","Lipid","Lysophospholipid",2650,"NAMED","ASWBNKHCZGQVJV-UHFFFAOYSA-N","O=P(OCC[N+](C)(C)C)([O-])OCC(O)COC(CCCCCCCCCCCCCCC)=O","1-palmitoyl-GPC (16:0)","1-palmitoyl-GPC (16:0)","17364-16-8",78064,"HMDB0010382","C04102",86554,"LPC 16:0","LPC 16:0","LPC 16:0/0:0",33955,33955,33955,402,402,402,158599,158599,158599,"Pos Late","Pos Late","Pos Late",158599,33955,402,"Pos Late",0.362110456582169,0.361593893876631
-0.446206048778259,-0.320714611794988,-3.00796881474389,0.00284821873095691,0.0328869213895817,-1.8737065874138,100001229,"100001229","Lipid","Long Chain Polyunsaturated Fatty Acid (n3 and n6)",1602,"NAMED","JIWBIWFOSCKQMA-LTKCOYKYSA-N","CC\C=C/C\C=C/C\C=C/C\C=C/CCCCC(O)=O","stearidonate (18:4n3)","stearidonate (18:4n3)","111174-40-4",4471933,"HMDB0006547","C16300",5312508,NA,NA,NA,33969,33969,33969,209,209,209,126890,126890,126890,"Neg","Neg","Neg",126890,33969,209,"Neg",-0.357897910235339,-0.357387356868384
0.278816414284108,-0.233000773968612,3.00743009384861,0.0028531246420503,0.0328869213895817,-1.87521170110487,100015744,"100015744","Lipid","Ceramides",3114,"NAMED","QMVWGDBKESWTON-OQKRWUNJSA-N","CCCCCCCCCCCCC/C=C/C(O)C(NC(CCC/C=C/CC/C=C/CCCCCCCCCCCCCC)=O)CO","ceramide (d18:2/24:1, d18:1/24:2)*","ceramide (d18:2/24:1, d18:1/24:2)*",NA,NA,"HMDB0240679,HMDB0240680",NA,NA,"CER 42:3;O2","Unknown","Unknown",57443,57443,57443,402,402,402,211097,211097,211097,"Pos Late","Pos Late","Pos Late",211097,57443,402,"Pos Late",0.357833811471524,0.357323349543604
0.147427416269485,0.0283866653455858,3.00642579476085,0.0028622910871671,0.0328869213895817,-1.87801690110643,100008993,"100008993","Lipid","Phosphatidylinositol (PI)",2584,"NAMED","KIQYUSYSJTUGFZ-LSLODQAYSA-N","O=C(CCCCCCCCCCCCCCC)OC[C@@]([H])(OC(CCC/C=C\C/C=C\C/C=C\C/C=C\CCCCC)=O)COP(O[C@H]1[C@H](O)[C@@H](O)[C@H](O)[C@@H](O)[C@H]1O)(O)=O","1-palmitoyl-2-arachidonoyl-GPI (16:0/20:4)*","1-palmitoyl-2-arachidonoyl-GPI (16:0/20:4)*",NA,24767674,"HMDB0009789",NA,NA,"PI 36:4","PI 16:0_20:4","Unknown",52467,52467,52467,402,402,402,208085,208085,208085,"Pos Late","Pos Late","Pos Late",208085,52467,402,"Pos Late",0.357714316700501,0.357204025235878
-0.134042792900716,0.0189189103733726,-3.00186065612681,0.00290429955128774,0.0328869213895817,-1.89075710807886,100008916,"100008916","Lipid","Phosphatidylcholine (PC)",2384,"NAMED","FAUYAENFVCNTAL-PFFNLMTBSA-N","O=C(CC/C=C\C/C=C\C/C=C\C/C=C\C/C=C\C/C=C\CC)O[C@H](COC(CCCCCCCCCCCCCCCCC)=O)CO[P](OCC[N+](C)(C)C)([O-])=O","1-stearoyl-2-docosahexaenoyl-GPC (18:0/22:6)","1-stearoyl-2-docosahexaenoyl-GPC (18:0/22:6)","59403-52-0",NA,"HMDB0008057",NA,24778876,"PC 40:6","PC 18:0_22:6","Unknown",52611,52611,52611,402,402,402,165343,165343,165343,"Pos Late","Pos Late","Pos Late",165343,52611,402,"Pos Late",-0.357171141661901,-0.35666162505468
-0.120231409968755,-0.0090638859021201,-2.93427161097168,0.00359610381796022,0.0395571419975625,-2.07724947825676,100001662,"100001662","Lipid","Carnitine Metabolism",1976,"NAMED","JHPNVNIEXXLNTR-UHFFFAOYSA-N","C[N+](C)(C)CCCC([O-])=O","deoxycarnitine","deoxycarnitine","6249-56-5",705,"HMDB0001161","C01181",22620,NA,NA,NA,36747,36747,36747,400,400,400,156251,156251,156251,"Pos Early","Pos Early","Pos Early",156251,36747,400,"Pos Early",-0.349129177298024,-0.348631132822563
0.194881503948024,-0.0328888810789836,2.88146674104069,0.00423800796180542,0.0419382358329366,-2.22016238485571,100001776,"100001776","Lipid","Lysophospholipid",2727,"NAMED","SVRBKLJIDJHADS-HZJYTTRNSA-N","O=P(OCC(OC(CCCCCCC/C=C\C/C=C\CCCCC)=O)CO)(O)OCCN","2-linoleoyl-GPE (18:2)*","2-linoleoyl-GPE (18:2)*",NA,NA,"HMDB0011477",NA,NA,"LPE 18:2","LPE 18:2","LPE 0:0/18:2",36593,36593,36593,209,209,209,142534,142534,142534,"Neg","Neg","Neg",142534,36593,209,"Neg",0.342846282174273,0.342357200459331
-0.151052329937671,-0.0814109173379298,-2.87987318863992,0.0042589100419655,0.0419382358329366,-2.22443713742611,100000580,"100000580","Carbohydrate","Glycolysis, Gluconeogenesis, and Pyruvate Metabolism",1259,"NAMED","MPCAJMNYNOGXPB-SLPGGIOYSA-N","O[C@@H]1[C@@H](CO)OC[C@H](O)[C@H]1O","1,5-anhydroglucitol (1,5-AG)","1,5-anhydroglucitol (1,5-AG)","154-58-5",NA,"HMDB0002712","C07326",64960,NA,NA,NA,20675,20675,20675,209,209,209,123293,123293,123293,"Neg","Neg","Neg",123293,20675,209,"Neg",-0.342656676128063,-0.342167864892502
0.229303561952361,-0.0729512819206077,2.8775519176995,0.00428952548746175,0.0419382358329366,-2.23066001935976,100006361,"100006361","Amino Acid","Tyrosine Metabolism",230,"NAMED","NZKRYJGNYPYXJZ-UHFFFAOYSA-N","NCCC1=CC(OS(=O)(O)=O)=C(O)C=C1","dopamine 3-O-sulfate","dopamine 3-O-sulfate",NA,108936,"HMDB0006275","C13690",122136,NA,NA,NA,48407,48407,48407,209,209,209,155061,155061,155061,"Neg","Neg","Neg",155061,48407,209,"Neg",0.342380483763769,0.341892066525875
0.104772010791118,-0.0457039893543212,2.87541166005917,0.00431793108890582,0.0419382358329366,-2.23639343821892,100001511,"100001511","Lipid","Lysophospholipid",2652,"NAMED","LFUDDCMNKWEORN-KHPPLWFESA-N","O=P(OCC[N+](C)(C)C)([O-])OCC(O)COC(CCCCCCC/C=C\CCCCCC)=O","1-palmitoleoyl-GPC (16:1)*","1-palmitoleoyl-GPC (16:1)*",NA,21403152,"HMDB0010383",NA,24779461,"LPC 16:1","LPC 16:1","LPC 16:1/0:0",33230,33230,33230,402,402,402,158553,158553,158553,"Pos Late","Pos Late","Pos Late",158553,33230,402,"Pos Late",0.342125828950499,0.341637774986233
-0.361456117141316,-0.322254268956898,-2.87247248215749,0.00435721930731809,0.0419382358329366,-2.24426047140811,100001396,"100001396","Xenobiotics","Xanthine Metabolism",4807,"NAMED","PFWLFWPASULGAN-UHFFFAOYSA-N","OC1=C(N2C)C(N=C2)=NC(O)=N1","7-methylxanthine","7-methylxanthine","552-62-5",61660,"HMDB0001991","C16353",68374,NA,NA,NA,34390,34390,34390,400,400,400,156093,156093,156093,"Pos Early","Pos Early","Pos Early",156093,34390,400,"Pos Early",-0.34177611600678,-0.341288560919751
-0.25536514305349,-0.123340917426917,-2.85464819596127,0.00460253434124889,0.0432189200336786,-2.29180621044338,100003470,"100003470","Lipid","Progestin Steroids",3351,"NAMED","ZFFFJLDTCLJDHL-JQYCEVDMSA-N","[H][C@]12CC[C@]3([C@@]4(CC[C@]([C@@H](O)C)([C@]4(CC[C@@]3([C@]1(CC[C@@H](O[C@@H]5O[C@H]([C@](O)=O)[C@H]([C@@H]([C@H]5O)O)O)C2)C)[H])C)[H])[H])[H]","pregnanediol-3-glucuronide","pregnanediol-3-glucuronide","1852-49-9",110346,"HMDB0010318",NA,123796,NA,NA,NA,40708,40708,40708,209,209,209,143065,143065,143065,"Neg","Neg","Neg",143065,40708,209,"Neg",-0.339655324478026,-0.33917079477121
0.0890102295092087,-0.0177923054857745,2.83252149269195,0.00492452411954429,0.0451414710958227,-2.35043903835947,100005985,"100005985","Lipid","Sphingomyelins",3178,"NAMED","SOWIKWJDPCEPOJ-IOBWIPHESA-N","CCCC/C=C/CCCCCCCC(N[C@@](COP([O-])(OCC[N+](C)(C)C)=O)([C@](O)(/C=C/CCCCCCCCCCCCC)[H])[H])=O","sphingomyelin (d18:2/14:0, d18:1/14:1)*","sphingomyelin (d18:2/14:0, d18:1/14:1)*",NA,NA,"HMDB0240637,HMDB0240612",NA,NA,"SM 32:2;O2","Unknown","Unknown",47154,47154,47154,402,402,402,164532,164532,164532,"Pos Late","Pos Late","Pos Late",164532,47154,402,"Pos Late",0.337022617376253,0.336541843314376
0.094429045679752,-0.0243238228497697,2.81667207456655,0.00516760840441054,0.0453523998014008,-2.39217241439084,100001567,"100001567","Lipid","Lysophospholipid",2715,"NAMED","YVYMBNSKXOXSKW-HXUWFJFHSA-N","O=P(OCC[NH3+])([O-])OC[C@H](O)COC(CCCCCCCCCCCCCCC)=O","1-palmitoyl-GPE (16:0)","1-palmitoyl-GPE (16:0)","53862-35-4",7826019,"HMDB0011503",NA,9547069,"LPE 16:0","LPE 16:0","LPE 16:0/0:0",35631,35631,35631,402,402,402,158748,158748,158748,"Pos Late","Pos Late","Pos Late",158748,35631,402,"Pos Late",0.335136802072011,0.334658718188884
0.118411504555304,-0.0372131432266185,2.81568311547862,0.00518313140587438,0.0453523998014008,-2.3947691092171,100001552,"100001552","Lipid","Lysophospholipid",2680,"NAMED","BBNHCUBQEQJHIG-FZZJNMCHSA-N","C[N+](C)(C)CCOP(OC[C@@](O)([H])COC(CCCCCC\C=C/C/C=C\C/C=C\CCCCC)=O)([O-])=O","1-dihomo-linolenoyl-GPC (20:3n3 or n6)*","1-dihomo-linolenoyl-GPC (20:3n3 or n6)*",NA,21403156,"HMDB0010394",NA,52924055,"LPC 20:3","LPC 20:3","LPC 20:3/0:0",33821,33821,33821,402,402,402,158575,158575,158575,"Pos Late","Pos Late","Pos Late",158575,33821,402,"Pos Late",0.335019132504048,0.334541216480504
-0.116283835565068,-0.0513899376023985,-2.79862868820189,0.00545756878145483,0.0466925329080024,-2.43941274386348,100000802,"100000802","Lipid","Fatty Acid Metabolism (Acyl Carnitine, Short Chain)",1885,"NAMED","RDHQFKQIGNGIED-MRVPVSSYSA-N","C[N+](C)(C)C[C@H](OC(C)=O)CC([O-])=O","acetylcarnitine (C2)","acetylcarnitine (C2)","5080-50-2",5406074,"HMDB0000201","C02571",7045767,NA,NA,NA,32198,32198,32198,400,400,400,155890,155890,155890,"Pos Early","Pos Early","Pos Early",155890,32198,400,"Pos Early",-0.332989941292795,-0.33251491997854
-0.506067572391678,-0.665474474309422,-2.78202897843329,0.00573728147252488,0.0472137922647822,-2.48261914704552,100001108,"100001108","Xenobiotics","Xanthine Metabolism",4806,"NAMED","GMSNIKWWOQHZGF-UHFFFAOYSA-N","O=C1N(C)C2=C(N=CN2)C(N1)=O","3-methylxanthine","3-methylxanthine","1076-22-8",63805,"HMDB0001886","C16357",70639,NA,NA,NA,32445,32445,32445,209,209,209,125834,125834,125834,"Neg","Neg","Neg",125834,32445,209,"Neg",-0.33101485384921,-0.330542650063405
0.154445964230695,0.0185752059543296,2.77244270291475,0.00590467112523386,0.0472137922647822,-2.50745965774484,100001674,"100001674","Lipid","Lysophospholipid",2740,"NAMED","YWOCITMXHHTBAW-XSQXPFHXSA-N","OC[C@](OC(CCC\C=C/C\C=C/C/C=C\C/C=C\CCCCC)=O)([H])COP(OCCN)(O)=O","2-arachidonoyl-GPE (20:4)*","2-arachidonoyl-GPE (20:4)*",NA,NA,"HMDB0011487",NA,53480936,"LPE 20:4","LPE 20:4","LPE 0:0/20:4",32815,32815,32815,209,209,209,142522,142522,142522,"Neg","Neg","Neg",142522,32815,209,"Neg",0.329874247617453,0.329403670944675
0.103904332516969,-0.0607643368667449,2.76914979162486,0.00596318270004492,0.0472137922647822,-2.51597366948759,100002173,"100002173","Lipid","Lysophospholipid",2649,"NAMED","RJZVWDTYEWCUAR-QFIPXVFZSA-N","O=P(OCC[N+](C)(C)C)([O-])OC[C@@H](O)COC(CCCCCCCCCCCCCC)=O","1-pentadecanoyl-GPC (15:0)*","1-pentadecanoyl-GPC (15:0)*",NA,NA,"HMDB0010381",NA,24779458,"LPC 15:0","LPC 15:0","LPC 15:0/0:0",37418,37418,37418,402,402,402,158898,158898,158898,"Pos Late","Pos Late","Pos Late",158898,37418,402,"Pos Late",0.329482446325012,0.329012428569912
-0.0608284231964402,-0.028157736624227,-2.76658497733606,0.00600902810642682,0.0472137922647822,-2.52258940314651,1124,"1124","Energy","TCA Cycle",1479,"NAMED","KRKNYBCHXYNGOX-UHFFFAOYSA-N","OC(CC(CC(O)=O)(O)C(O)=O)=O","citrate","citrate","77-92-9",305,"HMDB0000094","C00158",311,NA,NA,NA,1564,1564,1564,209,209,209,124575,124575,124575,"Neg","Neg","Neg",124575,1564,209,"Neg",-0.329177276381226,-0.328707693961282
0.157171485618765,0.0529445928165367,2.7449953877832,0.00640868369322109,0.0493468644378024,-2.57813264302009,100008984,"100008984","Lipid","Phosphatidylcholine (PC)",2324,"NAMED","QIBZFHLFHCIUOT-HTXNQAPBSA-N","CCCCCCCCCCCCCCCC(OCC(OC(CCCCCCC/C=C/CCCCCC)=O)COP([O-])(OCC[N+](C)(C)C)=O)=O","1-palmitoyl-2-palmitoleoyl-GPC (16:0/16:1)*","1-palmitoyl-2-palmitoleoyl-GPC (16:0/16:1)*",NA,NA,"HMDB0007969",NA,6443788,"PC 32:1","PC 16:0_16:1","Unknown",52470,52470,52470,402,402,402,165143,165143,165143,"Pos Late","Pos Late","Pos Late",165143,52470,402,"Pos Late",0.326608476815907,0.326142558874658
-0.219372404585405,-0.00163320119552711,-2.6953863527063,0.0074192797361247,0.0560082882040786,-2.70417355871494,100002009,"100002009","Lipid","Progestin Steroids",3339,"NAMED","NOGKXXMAHGCQBS-VNCHAANSSA-N","O[C@H]1CC[C@@]2(C)[C@](CCC3C2CC[C@@]4(C)C3CCC4C(C)OS(=O)(O)=O)([H])C1","5alpha-pregnan-3beta,20beta-diol monosulfate (1)","5alpha-pregnan-3beta,20beta-diol monosulfate (1)",NA,NA,"HMDB0240580",NA,NA,NA,NA,NA,37196,37196,37196,209,209,209,144279,144279,144279,"Neg","Neg","Neg",144279,37196,209,"Neg",-0.320705832514614,-0.320248334893338
0.142650171930609,0.0305600534595936,2.66455944143835,0.00811749462794013,0.0596863172066418,-2.78139310829325,100008976,"100008976","Lipid","Phosphatidylethanolamine (PE)",2474,"NAMED","YDTWOEYVDRKKCR-KNERPIHHSA-N","O=C(CCCCCCCCCCCCCCCCC)OC[C@]([H])(COP(OCCN)(O)=O)OC(CCCCCCC/C=C\C/C=C\CCCCC)=O","1-stearoyl-2-linoleoyl-GPE (18:0/18:2)*","1-stearoyl-2-linoleoyl-GPE (18:0/18:2)*",NA,7825699,"HMDB0008994",NA,9546749,"PE 36:2","PE 18:0_18:2","Unknown",52446,52446,52446,402,402,402,165108,165108,165108,"Pos Late","Pos Late","Pos Late",165108,52446,402,"Pos Late",0.317037946375725,0.316585681116987
-0.18274151976135,0.00364550303829634,-2.66038068338778,0.00821655795312212,0.0596863172066418,-2.79179553808491,100000665,"100000665","Lipid","Long Chain Polyunsaturated Fatty Acid (n3 and n6)",1608,"NAMED","MBMBGCFOFBJSGT-KUBAVDMBSA-N","CC\C=C/C\C=C/C\C=C/C/C=C\C/C=C\C/C=C\CCC(O)=O","docosahexaenoate (DHA; 22:6n3)","docosahexaenoate (DHA; 22:6n3)","6217-54-5",393183,"HMDB0002183","C06429",445580,NA,NA,NA,44675,44675,44675,209,209,209,126139,126139,126139,"Neg","Neg","Neg",126139,44675,209,"Neg",-0.316540744155294,-0.316089188172191
0.118785034525364,-0.0894545713996283,2.63720645264877,0.00878592754024415,0.0626404093147037,-2.84920209490893,100009122,"100009122","Lipid","Phosphatidylcholine (PC)",2317,"NAMED","ZSWHHKKYMMYPPD-MSZSINMWSA-N","O=C(CCCCCCCCCCCCCC)OC[C@]([H])(COP(OCC[N+](C)(C)C)([O-])=O)OC(CCC/C=C\C/C=C\C/C=C\C/C=C\CCCCC)=O","1-pentadecanoyl-2-arachidonoyl-GPC (15:0/20:4)*","1-pentadecanoyl-2-arachidonoyl-GPC (15:0/20:4)*",NA,24766624,"HMDB0007949",NA,52922330,"PC 35:4","PC 15:0_20:4","Unknown",53194,53194,53194,402,402,402,166624,166624,166624,"Pos Late","Pos Late","Pos Late",166624,53194,402,"Pos Late",0.313783398829057,0.313335776291497
-0.267743303672908,-0.108404549735941,-2.62559040075556,0.00908444490214914,0.063591114315044,-2.87779686920425,100021141,"100021141","Lipid","Fatty Acid Metabolism (Acyl Carnitine, Hydroxy)",1972,"NAMED","VCRSQDIROUELAR-UHFFFAOYSA-N","OC(CCCCCCC)CC(OC(CC([O-])=O)C[N+](C)(C)C)=O","3-hydroxydecanoylcarnitine","3-hydroxydecanoylcarnitine",NA,59664325,"HMDB0061636",NA,121454166,NA,NA,NA,63358,63358,63358,402,402,402,222426,222426,222426,"Pos Late","Pos Late","Pos Late",222426,63358,402,"Pos Late",-0.312401283204258,-0.311955632300971
-0.361156782507852,-0.204422799237049,-2.6175168639699,0.00929725175333986,0.0639186058042115,-2.89760024356331,100003926,"100003926","Lipid","Fatty Acid Metabolism (Acyl Carnitine, Hydroxy)",1964,"NAMED","UEFRDQSMQXDWTO-UHFFFAOYSA-N","CC(CC(OC(C[N+](C)(C)C)CC([O-])=O)=O)O","(R)-3-hydroxybutyrylcarnitine","(R)-3-hydroxybutyrylcarnitine",NA,NA,"HMDB0062735",NA,53481617,NA,NA,NA,43264,43264,43264,400,400,400,156990,156990,156990,"Pos Early","Pos Early","Pos Early",156990,43264,400,"Pos Early",-0.311440667545733,-0.310996386992886
-0.118788624824764,-0.021266416362258,-2.6014075466455,0.00973527478675258,0.065677361386447,-2.936940441793,98,"98","Amino Acid","Tryptophan Metabolism",279,"NAMED","HCZHHEIFKROPDY-UHFFFAOYSA-N","OC1=C(C=CC=C2)C2=NC(C(O)=O)=C1","kynurenate","kynurenate","492-27-3",3712,"HMDB0000715","C01717",3845,NA,NA,NA,1417,1417,1417,209,209,209,124553,124553,124553,"Neg","Neg","Neg",124553,1417,209,"Neg",-0.309523928589711,-0.309082382329241
-0.183558831788504,0.0836522810813158,-2.59572110020333,0.00989425184523097,0.065677361386447,-2.95077181595268,100020343,"100020343","Lipid","Long Chain Polyunsaturated Fatty Acid (n3 and n6)",1595,"NAMED","HXHZGHRLVRFQDR-HZJYTTRNSA-N","OC(CCC/C=C\C/C=C\CCCCC)=O","tetradecadienoate (14:2)*","tetradecadienoate (14:2)*","39039-37-7",4471834,"HMDB0000560",NA,5312409,NA,NA,NA,62850,62850,62850,209,209,209,220619,220619,220619,"Neg","Neg","Neg",220619,62850,209,"Neg",-0.308847336702075,-0.308406755622614
-0.188384567608564,-0.0474975578701497,-2.56551088651734,0.0107784546300068,0.0703339836025866,-3.0237684460636,100006051,"100006051","Lipid","Fatty Acid Metabolism (Acyl Carnitine, Monounsaturated)",1929,"NAMED","ABVVZYXTZLEOHP-OLHLWXQYSA-N","O=C(CCCCCCC/C=C\CCCC)O[C@H](CC([O-])=O)C[N+](C)(C)C","myristoleoylcarnitine/physeteroylcarnitine (C14:1)*","myristoleoylcarnitine/physeteroylcarnitine (C14:1)*","889848-55-9",34999520,"HMDB0240588",NA,129691961,NA,NA,NA,48182,48182,48182,402,402,402,160274,160274,160274,"Pos Late","Pos Late","Pos Late",160274,48182,402,"Pos Late",-0.30525282724673,-0.304817373855508
-0.407497616395615,-0.39128795908201,-2.54965682579361,0.0112701661071527,0.0723168991875628,-3.0617496065604,100000445,"100000445","Xenobiotics","Xanthine Metabolism",4797,"NAMED","YAPQBXQYLJRXSA-UHFFFAOYSA-N","CN1C=NC(N(C(N2)=O)C)=C1C2=O","theobromine","theobromine","83-67-0",5236,"HMDB0002825","C07480",5429,NA,NA,NA,18392,18392,18392,400,400,400,155668,155668,155668,"Pos Early","Pos Early","Pos Early",155668,18392,400,"Pos Early",-0.303366459551043,-0.302933697126576
0.121653217474174,-0.0583843963136949,2.52990844168247,0.0119105961470642,0.0747038201467954,-3.10874527106378,100001569,"100001569","Lipid","Lysophospholipid",2724,"NAMED","PYVRVRFVLRNJLY-MZMPXXGTSA-N","O=P(OCC[NH3+])([O-])OC[C@H](O)COC(CCCCCCC\C=C/CCCCCCCC)=O","1-oleoyl-GPE (18:1)","1-oleoyl-GPE (18:1)","89576-29-4",7826021,"HMDB0011506",NA,9547071,"LPE 18:1","LPE 18:1","LPE 18:1/0:0",35628,35628,35628,402,402,402,158745,158745,158745,"Pos Late","Pos Late","Pos Late",158745,35628,402,"Pos Late",0.30101673259601,0.300587322135816
0.0930416158817067,0.013285053616356,2.52327778844443,0.0121327849947287,0.0747038201467954,-3.12444595544296,100009051,"100009051","Lipid","Phosphatidylcholine (PC)",2374,"NAMED","VGSUMLIRUGDCTF-NSMRCOLJSA-N","O=C(CCCCCCCCCCCCCCCCC)OC[C@]([H])(COP(OCC[N+](C)(C)C)([O-])=O)OC(CCCCCC/C=C\C/C=C\C/C=C\CCCCC)=O","1-stearoyl-2-dihomo-linolenoyl-GPC (18:0/20:3n3 or n6)*","1-stearoyl-2-dihomo-linolenoyl-GPC (18:0/20:3n3 or n6)*",NA,24766712,"HMDB0008047",NA,NA,"PC 38:3","PC 18:0_20:3","Unknown",52629,52629,52629,402,402,402,165382,165382,165382,"Pos Late","Pos Late","Pos Late",165382,52629,402,"Pos Late",0.300227795913636,0.299799510898067
0.328422084430955,-0.0879215445789142,2.52057929573221,0.0122242614785665,0.0747038201467954,-3.13082440671152,100002488,"100002488","Lipid","Secondary Bile Acid Metabolism",3579,"NAMED","RUDATBOHQWOJDD-DNMBCGTGSA-N","O=C(O)CC[C@@H](C)[C@H]1CC[C@@]2([H])[C@]3([H])[C@@H](O)C[C@]4([H])C[C@@H](O)CC[C@]4(C)[C@@]3([H])CC[C@@]21C","isoursodeoxycholate","isoursodeoxycholate","78919-26-3",113205,"HMDB0000686","C17662",127601,NA,NA,NA,57577,57577,57577,209,209,209,212130,212130,212130,"Neg","Neg","Neg",212130,57577,209,"Neg",0.299906720476366,0.299478893485672
-0.259579841194877,-0.406627994975106,-2.5148199201915,0.0124215558560952,0.0747234219468226,-3.1444160356499,100020360,"100020360","Amino Acid","Tryptophan Metabolism",286,"NAMED","BXZSKDOPGDPDEG-UHFFFAOYSA-N","OC1=CC(C(O)=O)=NC(C1=CC=C2)=C2OC","8-methoxykynurenate","8-methoxykynurenate","2929-14-8",68710,"HMDB0060426","C05830",76230,NA,NA,NA,62955,62955,62955,209,209,209,220839,220839,220839,"Neg","Neg","Neg",220839,62955,209,"Neg",-0.29922145124745,-0.298794601816284
-0.0946643254444634,-0.00751965965867912,-2.50218843249097,0.0128642165227189,0.0761957440191811,-3.17412097746014,100008999,"100008999","Lipid","Plasmalogen",2873,"NAMED","URPXXNCTXCOATD-FXMFQVEGSA-N","[H][C@](OC(CCC/C=C\C/C=C\C/C=C\C/C=C\CCCCC)=O)(COP(OCCN)(O)=O)CO/C=C\CCCCCCCCCCCCCCCC","1-(1-enyl-stearoyl)-2-arachidonoyl-GPE (P-18:0/20:4)*","1-(1-enyl-stearoyl)-2-arachidonoyl-GPE (P-18:0/20:4)*",NA,7826008,"HMDB0005779",NA,9547058,"PE O-38:5","PE P-18:0_20:4","PE P-18:0/20:4",52475,52475,52475,402,402,402,165154,165154,165154,"Pos Late","Pos Late","Pos Late",165154,52475,402,"Pos Late",-0.297718515768524,-0.297293810325202
-0.347978134716486,-0.0456081366075666,-2.49495077983737,0.0131241268939767,0.0765574068815306,-3.19107688181202,100001092,"100001092","Cofactors and Vitamins","Nicotinate and Nicotinamide Metabolism",4525,"NAMED","WWNNZCOKKKDOPX-UHFFFAOYSA-N","C[N+]1=CC(C([O-])=O)=CC=C1","trigonelline (N'-methylnicotinate)","trigonelline (N'-methylnicotinate)","535-83-1",5369,"HMDB0000875","C01004",5570,NA,NA,NA,32401,32401,32401,400,400,400,155930,155930,155930,"Pos Early","Pos Early","Pos Early",155930,32401,400,"Pos Early",-0.296857356321978,-0.296433879351476
0.0988272938330623,-0.00731946052880669,2.48253536666589,0.0135808578624465,0.0780392578662969,-3.2200532713851,100009347,"100009347","Lipid","Phosphatidylcholine (PC)",2315,"NAMED","ZEWLMKXMNQOCOQ-QZQOTICOSA-N","CCCCCCCCCCCCCCC(OCC(OC(CCCCCCC/C=C/CCCCCCCC)=O)COP([O-])(OCC[N+](C)(C)C)=O)=O","phosphatidylcholine (15:0/18:1, 17:0/16:1, 16:0/17:1)*","phosphatidylcholine (15:0/18:1, 17:0/16:1, 16:0/17:1)*",NA,NA,"HMDB0007939",NA,NA,"PC 33:1","Unknown","Unknown",53178,53178,53178,402,402,402,166607,166607,166607,"Pos Late","Pos Late","Pos Late",166607,53178,402,"Pos Late",0.295380130093102,0.294958760435337
-0.182942756976,-0.0540258591309832,-2.46888846257099,0.014099122761669,0.0798259156359204,-3.2517439397255,100009125,"100009125","Lipid","Phosphatidylcholine (PC)",2364,"NAMED","KSRURLYJRNYEOH-SHHFQLSYSA-N","O=C(CCCCCCCCCCCCCCCC)OC[C@]([H])(COP(OCC[N+](C)(C)C)([O-])=O)OC(CC/C=C\C/C=C\C/C=C\C/C=C\C/C=C\C/C=C\CC)=O","1-margaroyl-2-docosahexaenoyl-GPC (17:0/22:6)*","1-margaroyl-2-docosahexaenoyl-GPC (17:0/22:6)*",NA,24822432,NA,NA,NA,"PC 39:6","PC 17:0_22:6","Unknown",53198,53198,53198,402,402,402,166628,166628,166628,"Pos Late","Pos Late","Pos Late",166628,53198,402,"Pos Late",-0.293756377069864,-0.29333732375022
-0.12901781231889,-0.129093097647404,-2.45113856147361,0.0147994091938982,0.0825764136181276,-3.29271180219861,100002067,"100002067","Lipid","Pregnenolone Steroids",3327,"NAMED","MENQCIVHHONJLU-UHFFFAOYSA-N","CC(C1CCC2C3CCC4CC(OS(O)(=O)=O)CCC4(C3CCC12C)C)=O","pregnenediol sulfate (C21H34O5S)*","pregnenediol sulfate (C21H34O5S)*","1247-64-9",13465233,NA,NA,NA,NA,NA,NA,32619,32619,32619,209,209,209,149838,149838,149838,"Neg","Neg","Neg",149838,32619,209,"Neg",-0.291644436122039,-0.291228395556958
0.0981101316004098,-0.049889305161742,2.43207006500349,0.015585875206999,0.0857223136384948,-3.33640692388187,100001553,"100001553","Lipid","Lysophospholipid",2679,"NAMED","YYQVCMMXPIJVHY-ZOIJLGJPSA-N","C[N+](C)(C)CCOP(OC[C@@](O)([H])COC(CCCCCCCCC/C=C\C/C=C\CCCCC)=O)([O-])=O","1-dihomo-linoleoyl-GPC (20:2)*","1-eicosadienoyl-GPC* (20:2)*",NA,21403157,"HMDB0010392",NA,NA,"LPC 20:2","LPC 20:2","LPC 20:2/0:0",33871,33871,33871,402,402,402,158577,158577,158577,"Pos Late","Pos Late","Pos Late",158577,33871,402,"Pos Late",0.289375604409245,0.288962800408662
0.15419465392862,-0.11562827063723,2.42646051061183,0.015824166149626,0.085807098135296,-3.34919873856872,100001652,"100001652","Lipid","Lysophospholipid",2716,"NAMED","CKPBBEOJHAPPBT-HXUWFJFHSA-N","OC[C@@H](OC(CCCCCCCCCCCCCCC)=O)COP(OCC[NH3+])([O-])=O","2-palmitoyl-GPE (16:0)*","2-palmitoyl-GPE* (16:0)*",NA,NA,"HMDB0011473",NA,NA,"LPE 16:0","LPE 16:0","LPE 0:0/16:0",45452,45452,45452,209,209,209,142731,142731,142731,"Neg","Neg","Neg",142731,45452,209,"Neg",0.2887081613878,0.288296309517061
-0.102042639765277,0.0923553075006815,-2.3596116014777,0.0189213842228183,0.097871078143642,-3.49944824534102,100009002,"100009002","Lipid","Plasmalogen",2859,"NAMED","UUYSKERSKRMYME-MAIXUNBTSA-N","[H][C@](OC(CCC/C=C\C/C=C\C/C=C\C/C=C\CCCCC)=O)(COP(OCCN)(O)=O)CO/C=C\CCCCCCCCCCCCCC","1-(1-enyl-palmitoyl)-2-arachidonoyl-GPE (P-16:0/20:4)*","1-(1-enyl-palmitoyl)-2-arachidonoyl-GPE (P-16:0/20:4)*",NA,24769238,"HMDB0011352",NA,52925126,"PE O-36:5","PE P-16:0_20:4","PE P-16:0/20:4",52673,52673,52673,402,402,402,165435,165435,165435,"Pos Late","Pos Late","Pos Late",165435,52673,402,"Pos Late",-0.280754260814315,-0.280353755449387
0.152543640826086,-0.087423753097033,2.35936688243896,0.0189338047890774,0.097871078143642,-3.49999511817711,100009219,"100009219","Lipid","Phosphatidylethanolamine (PE)",2492,"NAMED","PECSWFQRRFRZPW-BHPGJWMBSA-N","O=C(CCCCCCC/C=C\CCCCCCCC)OC[C@]([H])(COP(OCCN)(O)=O)OC(CCC/C=C\C/C=C\C/C=C\C/C=C\CCCCC)=O","1-oleoyl-2-arachidonoyl-GPE (18:1/20:4)*","1-oleoyl-2-arachidonoyl-GPE (18:1/20:4)*",NA,24768534,"HMDB0009069",NA,348281223,"PE 38:5","PE 18:1_20:4","Unknown",55041,55041,55041,402,402,402,210837,210837,210837,"Pos Late","Pos Late","Pos Late",210837,55041,402,"Pos Late",0.280725143347361,0.280324679519476
0.0936195493334081,0.0231204271198309,2.35893825461495,0.0189552857144056,0.097871078143642,-3.50094540433741,482,"482","Carbohydrate","Glycolysis, Gluconeogenesis, and Pyruvate Metabolism",1279,"NAMED","JVTAAEKCZFNVCJ-UHFFFAOYSA-N","CC(O)C(O)=O","lactate","lactate","79-33-4",592,"HMDB0000190","C00186",612,NA,NA,NA,527,527,527,209,305,305,123163,146396,146396,"Neg","Polar","Polar",146396,527,305,"Polar",0.280674143815142,0.280273752739799
0.182018132568569,-0.102024444215998,2.35673989927899,0.0190657944435666,0.097871078143642,-3.50581663954625,888,"888","Lipid","Medium Chain Fatty Acid",1539,"NAMED","GHVNFZFCNZKVNT-UHFFFAOYSA-N","CCCCCCCCCC(O)=O","caprate (10:0)","caprate (10:0)","334-48-5",2863,"HMDB0000511","C01571",2969,NA,NA,NA,1642,1642,1642,209,209,209,125736,125736,125736,"Neg","Neg","Neg",125736,1642,209,"Neg",0.280412576349137,0.280012558408553
0.123239528639538,-0.0625502322977596,2.34136891276093,0.0198544127588188,0.100578275159806,-3.53975431267344,100001612,"100001612","Amino Acid","Glutamate Metabolism",57,"NAMED","OPVPGKGADVGKTG-UHFFFAOYSA-N","CC(NC(C(NC(CCC(O)=O)C(O)=O)=O)CC(O)=O)=O","N-acetyl-aspartyl-glutamate (NAAG)","N-acetyl-aspartyl-glutamate (NAAG)","3106-85-2",5065,"HMDB0001067","C12270",188803,NA,NA,NA,35665,35665,35665,400,400,400,156223,156223,156223,"Pos Early","Pos Early","Pos Early",156223,35665,400,"Pos Early",0.278583686393196,0.278186277425445
0.105787564983947,-0.0361785848555997,2.32274573635925,0.0208481150710623,0.104240575355312,-3.58058589416202,100001570,"100001570","Lipid","Lysophospholipid",2726,"NAMED","DBHKHNGBVGWQJE-HZJYTTRNSA-N","O=P(OCC(O)COC(CCCCCCC/C=C\C/C=C\CCCCC)=O)(O)OCCN","1-linoleoyl-GPE (18:2)*","1-linoleoyl-GPE (18:2)*",NA,21403170,"HMDB0011507",NA,52925130,"LPE 18:2","LPE 18:2","LPE 18:2/0:0",36600,36600,36600,402,402,402,158788,158788,158788,"Pos Late","Pos Late","Pos Late",158788,36600,402,"Pos Late",0.27636784031014,0.27597359232111
-0.10197956427809,-0.0379963459822772,-2.31718254916196,0.0211532870813188,0.104410455465484,-3.59272230668855,100008918,"100008918","Lipid","Plasmalogen",2871,"NAMED","FHHVIBPVBBRLOR-IYACIECVSA-N","O=C(O[C@](COP([O-])(OCC[N+](C)(C)C)=O)([H])CO/C=C\CCCCCCCCCCCCCCCC)CCC/C=C\C/C=C\C/C=C\C/C=C\CCCCC","1-(1-enyl-stearoyl)-2-arachidonoyl-GPC (P-18:0/20:4)","1-(1-enyl-stearoyl)-2-arachidonoyl-GPC (P-18:0/20:4)","97802-56-7",24767528,"HMDB0011253",NA,24779390,"PC O-38:5","PC P-18:0_20:4","PC P-18:0/20:4",52613,52613,52613,402,402,402,165345,165345,165345,"Pos Late","Pos Late","Pos Late",165345,52613,402,"Pos Late",-0.275705914208247,-0.275312610478991
-0.0843845242119032,0.000599950538145006,-2.29008655883196,0.0226962156801079,0.108383793085513,-3.65143255030508,100009130,"100009130","Lipid","Phosphatidylcholine (PC)",2403,"NAMED","FPEVDFOXMCHLKL-KFDYCXSYSA-N","O=C(CCCCCCC/C=C\CCCCCCCC)OC[C@]([H])(COP(OCC[N+](C)(C)C)([O-])=O)OC(CC/C=C\C/C=C\C/C=C\C/C=C\C/C=C\C/C=C\CC)=O","1-oleoyl-2-docosahexaenoyl-GPC (18:1/22:6)*","1-oleoyl-2-docosahexaenoyl-GPC (18:1/22:6)*",NA,24766785,"HMDB0008123",NA,24778955,"PC 40:7","PC 18:1_22:6","Unknown",52697,52697,52697,402,402,402,165470,165470,165470,"Pos Late","Pos Late","Pos Late",165470,52697,402,"Pos Late",-0.27248194517395,-0.272093240544601
0.137491481957351,0.00644634558848005,2.2894174800648,0.022735527134041,0.108383793085513,-3.65287384991848,100003901,"100003901","Lipid","Lysophospholipid",2723,"NAMED","KIHAGWUUUHJRMS-JOCHJYFZSA-N","OC[C@@H](OC(CCCCCCCCCCCCCCCCC)=O)COP(OCC[NH3+])([O-])=O","2-stearoyl-GPE (18:0)*","2-stearoyl-GPE (18:0)*",NA,24769218,"HMDB0011129",NA,9065845353480660,"LPE 18:0","LPE 18:0","LPE 0:0/18:0",41220,41220,41220,209,209,209,142786,142786,142786,"Neg","Neg","Neg",142786,41220,209,"Neg",0.272402336006669,0.272013744942466
-0.143896120437775,-0.0803223911466323,-2.28827443237783,0.0228028239998093,0.108383793085513,-3.65533521218572,330,"330","Energy","TCA Cycle",1489,"NAMED","VZCYOOQTPOCHFL-OWOJBTEDSA-N","OC(/C=C/C(O)=O)=O","fumarate","fumarate","100-17-8",10197150,"HMDB0000134","C00122",444972,NA,NA,NA,1643,1643,1643,305,305,305,146876,146876,146876,"Polar","Polar","Polar",146876,1643,305,"Polar",-0.27226633247616,-0.271877935425552
0.117104132001362,-0.0972795423341148,2.28206380454625,0.0231715222900288,0.108793122947087,-3.66868803248573,100005353,"100005353","Lipid","Lysophospholipid",2671,"NAMED","WYIMORDZGCUBAA-UHFFFAOYSA-N","C[N+](CCOP(OCC(O)COC(CCCCCCCCCCCCCCCCCC)=O)([O-])=O)(C)C","1-nonadecanoyl-GPC (19:0)","1-nonadecanoyl-GPC (19:0)","108273-88-7",24823014,NA,NA,NA,"LPC 19:0","LPC 19:0","LPC 19:0/0:0",47087,47087,47087,402,402,402,159895,159895,159895,"Pos Late","Pos Late","Pos Late",159895,47087,402,"Pos Late",0.271527371782394,0.271140028883988
-0.149568464308794,-0.0215663143406162,-2.27266524985548,0.0237393652887332,0.110116332965811,-3.68882827639328,182,"182","Cofactors and Vitamins","Nicotinate and Nicotinamide Metabolism",4503,"NAMED","GJAWHXHKYYXBSV-UHFFFAOYSA-N","OC(C(C=CC=N1)=C1C(O)=O)=O","quinolinate","quinolinate","89-00-9",1037,"HMDB0000232","C03722",1066,NA,NA,NA,1899,1899,1899,400,305,400,155456,146452,155456,"Pos Early","Polar","Pos Early",155456,1899,400,"Pos Early",-0.270409101185115,-0.270023353537205
0.0771690260620067,-0.032437302769688,2.26559185752429,0.0241746909411845,0.110681704780152,-3.70393299414986,100009035,"100009035","Lipid","Phosphatidylcholine (PC)",2316,"NAMED","DGBYUHHIADYUMU-UESLNCBNSA-N","O=C(CCCCCCCCCCCCCC)OC[C@]([H])(COP(OCC[N+](C)(C)C)([O-])=O)OC(CCCCCCC/C=C\C/C=C\CCCCC)=O","1-pentadecanoyl-2-linoleoyl-GPC (15:0/18:2)*","1-pentadecanoyl-2-linoleoyl-GPC (15:0/18:2)*",NA,24766615,"HMDB0007940",NA,24778664,"PC 33:2","PC 15:0_18:2","Unknown",52497,52497,52497,402,402,402,165189,165189,165189,"Pos Late","Pos Late","Pos Late",165189,52497,402,"Pos Late",0.269567485965835,0.269182938910249
0.10241025231141,0.0765230492274,2.26139557862363,0.0244362205358776,0.110681704780152,-3.71287235971803,100008990,"100008990","Lipid","Phosphatidylethanolamine (PE)",2461,"NAMED","DRIVXEVMDWCWLI-CAQMIEAISA-N","O=C(CCCCCCCCCCCCCCC)OC[C@]([H])(COP(OCCN)(O)=O)OC(CCC/C=C\C/C=C\C/C=C\C/C=C\CCCCC)=O","1-palmitoyl-2-arachidonoyl-GPE (16:0/20:4)*","1-palmitoyl-2-arachidonoyl-GPE (16:0/20:4)*",NA,7825750,"HMDB0005323","C05210",9546800,"PE 36:4","PE 16:0_20:4","Unknown",52464,52464,52464,402,402,402,165131,165131,165131,"Pos Late","Pos Late","Pos Late",165131,52464,402,"Pos Late",0.26906819905769,0.268684364251616
0.155398831808236,0.0103440458328104,2.24352617918055,0.0255776914120358,0.111345214492991,-3.75076046605927,100002027,"100002027","Lipid","Androgenic Steroids",3436,"NAMED","VPDALJSLCNNODJ-IUIQAQCZSA-N","O[C@@H]1CCC2C3CCC4=CC(OS(=O)(O)=O)CC[C@]4(C)C3CC[C@@]21C","androstenediol (3alpha, 17alpha) monosulfate (3)","androstenediol (3alpha, 17alpha) monosulfate (3)",NA,NA,NA,NA,NA,NA,NA,NA,37209,37209,37209,209,209,209,144214,144214,144214,"Neg","Neg","Neg",144214,37209,209,"Neg",0.266942039808136,0.266561238039508
-0.402227789877108,-0.654123027593582,-2.24263816668039,0.0256356058965261,0.111345214492991,-3.75263572662726,100001405,"100001405","Xenobiotics","Xanthine Metabolism",4805,"NAMED","MVOYJPOZRLFTCP-UHFFFAOYSA-N","O=C(N1C)NC2=C(NC=N2)C1=O","1-methylxanthine","1-methylxanthine","6136-37-4",72464,"HMDB0010738","C16358",80220,NA,NA,NA,34389,34389,34389,209,209,209,126906,126906,126906,"Neg","Neg","Neg",126906,34389,209,"Neg",-0.266836381193421,-0.266455730150349
0.14949998636379,-0.0835592102496273,2.24091340008747,0.0257484176609426,0.111345214492991,-3.75627595322014,100001651,"100001651","Lipid","Lysophospholipid",2725,"NAMED","NOVZJYYJYIFXJC-MZMPXXGTSA-N","OC[C@@H](OC(CCCCCCC\C=C/CCCCCCCC)=O)COP(OCC[NH3+])([O-])=O","2-oleoyl-GPE (18:1)*","2-oleoyl-GPE (18:1)*",NA,NA,"HMDB0011476",NA,NA,"LPE 18:1","LPE 18:1","LPE 0:0/18:1",45455,45455,45455,209,209,209,142789,142789,142789,"Neg","Neg","Neg",142789,45455,209,"Neg",0.266631162855976,0.266250804563742
-0.147158811647462,7.32434071627808e-06,-2.23893345784241,0.0258784513972923,0.111345214492991,-3.76045140746469,100001247,"100001247","Lipid","Fatty Acid Metabolism (Acyl Carnitine, Medium Chain)",1897,"NAMED","CXTATJFJDMJMIY-UHFFFAOYSA-N","[O-]C(CC(C[N+](C)(C)C)OC(CCCCCCC)=O)=O","octanoylcarnitine (C8)","octanoylcarnitine (C8)","3671-77-0",110274,"HMDB0000791","C02838",12370111953814,NA,NA,NA,33936,33936,33936,402,402,402,158581,158581,158581,"Pos Late","Pos Late","Pos Late",158581,33936,402,"Pos Late",-0.266395582889714,-0.266015560660199
0.0850019467289833,-0.0919559946879643,2.23665280231321,0.0260287514399199,0.111345214492991,-3.76525337667448,100006293,"100006293","Lipid","Sphingomyelins",3187,"NAMED","YVTVVJRJLRHYSJ-COUPUTHFSA-N","CCCCCCCCCCCCC/C=C/[C@@H](O)[C@@H](NC(CCCCCCCCC/C=C/C/C=C/CCCCC)=O)COP([O-])(OCC[N+](C)(C)C)=O","sphingomyelin (d18:1/20:2, d18:2/20:1, d16:1/22:2)*","sphingomyelin (d18:1/20:2, d18:2/20:1, d16:1/22:2)*",NA,NA,"HMDB0013465",NA,NA,"SM 38:3;O2","Unknown","Unknown",57481,57481,57481,402,402,402,211144,211144,211144,"Pos Late","Pos Late","Pos Late",211144,57481,402,"Pos Late",0.266124223079111,0.265744587953463
-0.237877287292052,-0.191928826406103,-2.22788601357612,0.0266145220589387,0.112599901018587,-3.78368363035827,100021990,"100021990","Lipid","Fatty Acid Metabolism (Acyl Carnitine, Hydroxy)",1969,"NAMED","RCXSFDNDEVSQNG-UHFFFAOYSA-N","[O-]C(CC(OC(C(O)CCCCCC)=O)C[N+](C)(C)C)=O","3-hydroxyoctanoylcarnitine (1)","3-hydroxyoctanoylcarnitine (1)",NA,NA,NA,NA,NA,NA,NA,NA,64393,64393,64393,400,400,400,237477,237477,237477,"Pos Early","Pos Early","Pos Early",237477,64393,400,"Pos Early",-0.26508112204924,-0.26470297494218
0.118967234391433,0.0961372555563098,2.22304138183611,0.0269430005227564,0.112750600013709,-3.79383661207977,1526,"1526","Lipid","Phosphatidylethanolamine (PE)",2453,"NAMED","FHQVHHIBKUMWTI-OTMQOFQLSA-N","CCCCCCCC\C=C/CCCCCCCC(O[C@](COC(CCCCCCCCCCCCCCC)=O)(COP([O-])(OCC[N+]([H])([H])[H])=O)[H])=O","1-palmitoyl-2-oleoyl-GPE (16:0/18:1)","1-palmitoyl-2-oleoyl-GPE (16:0/18:1)","26662-94-2",4446615,"HMDB0005320",NA,5283496,"PE 34:1","PE 16:0_18:1","Unknown",19263,19263,19263,402,402,402,164198,164198,164198,"Pos Late","Pos Late","Pos Late",164198,19263,402,"Pos Late",0.264504692012097,0.264127367201808
-0.152326841808114,-0.129699576478283,-2.20714438591434,0.0280456839073668,0.116103100046626,-3.82700210881223,100016069,"100016069","Lipid","Fatty Acid Metabolism (Acyl Carnitine, Monounsaturated)",1927,"NAMED","PETYOUXDCHQKTQ-QXPKXGMISA-N","CCCCCC/C=C\CCCC(O[C@@H](C[N+](C)(C)C)CC([O-])=O)=O","5-dodecenoylcarnitine (C12:1)","5-dodecenoylcarnitine (C12:1)",NA,NA,"HMDB0241212",NA,91825571,NA,NA,NA,61769,61769,61769,402,402,402,218137,218137,218137,"Pos Late","Pos Late","Pos Late",218137,61769,402,"Pos Late",-0.26261321574694,-0.262238589190952
-0.127793172696992,0.033978771193262,-2.20109971167192,0.0284751116378383,0.116626787027317,-3.83955254854467,100002259,"100002259","Lipid","Fatty Acid Metabolism (Acyl Carnitine, Monounsaturated)",1925,"NAMED","OQWOHRPOYAVIOK-KTKRTIGZSA-N","O=C([O-])CC(OC(CC/C=C\CCCCC)=O)C[N+](C)(C)C","cis-4-decenoylcarnitine (C10:1)","cis-4-decenoylcarnitine (C10:1)","98930-66-6",28639171,"HMDB0013205",NA,57357170,NA,NA,NA,38178,38178,38178,402,402,402,159020,159020,159020,"Pos Late","Pos Late","Pos Late",159020,38178,402,"Pos Late",-0.261894000750823,-0.261520400179138
0.134659737417718,0.0437820758171455,2.17678750197017,0.0302602839595961,0.120011552280631,-3.88969512371557,100001870,"100001870","Lipid","Phosphatidylethanolamine (PE)",2455,"NAMED","HBZNVZIRJWODIB-NHCUFCNUSA-N","O=C(CCCCCCC/C=C\C/C=C\CCCCC)O[C@@H](COP(OCCN)(O)=O)COC(CCCCCCCCCCCCCCC)=O","1-palmitoyl-2-linoleoyl-GPE (16:0/18:2)","1-palmitoyl-2-linoleoyl-GPE (16:0/18:2)",NA,7825697,"HMDB0005322",NA,9546747,"PE 34:2","PE 16:0_18:2","Unknown",42449,42449,42449,402,402,402,164197,164197,164197,"Pos Late","Pos Late","Pos Late",164197,42449,402,"Pos Late",0.259001254987366,0.258631781014488
0.0456061473018889,-0.0333912928557408,2.17595761365858,0.0303226870835172,0.120011552280631,-3.89139441057935,100008914,"100008914","Lipid","Phosphatidylcholine (PC)",2342,"NAMED","IIZPXYDJLKNOIY-JXPKJXOSSA-N","CCCCCCCCCCCCCCCC(OC[C@@]([H])(OC(CCC/C=C\C/C=C\C/C=C\C/C=C\CCCCC)=O)COP([O-])(OCC[N+](C)(C)C)=O)=O","1-palmitoyl-2-arachidonoyl-GPC (16:0/20:4n6)","1-palmitoyl-2-arachidonoyl-GPC (16:0/20:4n6)","35418-58-7",8923140,"HMDB0007982","C05208",10747814,"PC 36:4","PC 16:0_20:4(5,8,11,14)","Unknown",52462,52462,52462,402,402,402,165128,165128,165128,"Pos Late","Pos Late","Pos Late",165128,52462,402,"Pos Late",0.258902512177603,0.258533179064654
0.0616701750567126,-0.0252131411203375,2.17481716946174,0.0304089808905151,0.120011552280631,-3.89373351498352,100001571,"100001571","Lipid","Lysophospholipid",2739,"NAMED","ROPRRXYVXLDXQO-XSQXPFHXSA-N","NCCOP(OC[C@@](O)([H])COC(CCC\C=C/C\C=C/C/C=C\C/C=C\CCCCC)=O)(O)=O","1-arachidonoyl-GPE (20:4n6)*","1-arachidonoyl-GPE (20:4n6)*",NA,21403171,"HMDB0011517",NA,42607465,"LPE 20:4","LPE 20:4(5,8,11,14)","LPE 20:4(5,8,11,14)/0:0",35186,35186,35186,402,402,402,158719,158719,158719,"Pos Late","Pos Late","Pos Late",158719,35186,402,"Pos Late",0.258766818418816,0.258397678877562
-0.181508928337197,0.0296404984716356,-2.17298051348699,0.0305483951259788,0.120011552280631,-3.89749800782866,100001337,"100001337","Lipid","Long Chain Polyunsaturated Fatty Acid (n3 and n6)",1614,"NAMED","DTOSIQBPPRVQHS-PDBXOOCHSA-N","O=C(O)CCCCCCC/C=C\C/C=C\C/C=C\CC","linolenate [alpha or gamma; (18:3n3 or 6)]","linolenate (18:3n3 or 3n6)",NA,4444437,"HMDB0003073,HMDB0001388","C06426,C06427",52809335280934,NA,NA,NA,34035,34035,34035,209,209,209,143703,143703,143703,"Neg","Neg","Neg",143703,34035,209,"Neg",-0.258548287118902,-0.258179459319874
0.126098407070752,0.0432497046931273,2.16432941987513,0.0312119218376427,0.121379696035277,-3.91518029702015,100001856,"100001856","Lipid","Phosphatidylethanolamine (PE)",2470,"NAMED","JQKOHRZNEOQNJE-AYBNWLFXSA-N","O=C(CCCCCCC/C=C/CCCCCCCC)O[C@@H](COP(OCCN)(O)=O)COC(CCCCCCCCCCCCCCCCC)=O","1-stearoyl-2-oleoyl-GPE (18:0/18:1)","1-stearoyl-2-oleoyl-GPE (18:0/18:1)",NA,NA,"HMDB0008993",NA,9546742,"PE 36:1","PE 18:0_18:1","Unknown",42448,42448,42448,402,402,402,164202,164202,164202,"Pos Late","Pos Late","Pos Late",164202,42448,402,"Pos Late",0.257518951871223,0.257151592453433
0.0735603402224039,-0.0269477263687174,2.14439671796925,0.0327881972194085,0.125870878403003,-3.95566139484801,100000626,"100000626","Lipid","Sphingosines",3225,"NAMED","DUYSYHSSBDVJSM-KRWOKUGFSA-N","OP([O-])(OC[C@@]([H])([C@](O)(/C=C/CCCCCCCCCCCCC)[H])[NH3+])=O","sphingosine 1-phosphate","sphingosine 1-phosphate","26993-30-6",4446673,"HMDB0000277","C06124",5283560,NA,NA,NA,34445,34445,34445,402,402,402,158668,158668,158668,"Pos Late","Pos Late","Pos Late",158668,34445,402,"Pos Late",0.255147294185648,0.254783318017052
0.0704526088167833,-0.030185375926441,2.14152712758156,0.033020671996632,0.125870878403003,-3.96145932991357,100001461,"100001461","Lipid","Lysophospholipid",2722,"NAMED","BBYWOYAFBUOUFP-JOCHJYFZSA-N","O=P(OCC[NH3+])([O-])OC[C@H](O)COC(CCCCCCCCCCCCCCCCC)=O","1-stearoyl-GPE (18:0)","1-stearoyl-GPE (18:0)","69747-55-3",7826018,"HMDB0011130",NA,9547068,"LPE 18:0","LPE 18:0","LPE 18:0/0:0",42398,42398,42398,402,402,402,159466,159466,159466,"Pos Late","Pos Late","Pos Late",159466,42398,402,"Pos Late",0.254805860990612,0.254442371887915
-0.320002975881137,-0.253191599780983,-2.10123901641891,0.036437216289235,0.137532630111328,-4.04206562742512,100006642,"100006642","Lipid","Secondary Bile Acid Metabolism",3610,"NAMED","QJZCNFGUZPMYAX-WWZCPACMSA-N","OS(OC1CC[C@@]2(C)[C@@](CC[C@]3([H])[C@]2([H])C[C@H](O)[C@@]4(C)[C@]3(CC[C@@H]4[C@H](C)CCC(NCC(O)=O)=O)[H])([H])C1)(=O)=O","glycodeoxycholate 3-sulfate","glycodeoxycholate 3-sulfate",NA,NA,"HMDB0341325",NA,101602538,NA,NA,NA,52975,52975,52975,209,209,209,166126,166126,166126,"Neg","Neg","Neg",166126,52975,209,"Neg",-0.250012250524385,-0.249655599667717
-0.212530821574982,0.0238359110656383,-2.05790769638869,0.0404453573539954,0.151179248362022,-4.12710224732841,254,"254","Lipid","Ketone Bodies",1983,"NAMED","WHBMMWSBFZVSSR-UHFFFAOYSA-N","CC(O)CC(O)=O","3-hydroxybutyrate (BHBA)","3-hydroxybutyrate (BHBA)","625-72-9",428,"HMDB0000442,HMDB0000357,HMDB0000011","C03197,C01089",9431844192135,NA,NA,NA,542,542,542,305,305,305,145710,145710,145710,"Polar","Polar","Polar",145710,542,305,"Polar",-0.244856549171851,-0.244507253096
-0.141595808283645,-0.0589194232617588,-2.0494149290601,0.0412734803491771,0.15279124936955,-4.14356738135137,55,"55","Cofactors and Vitamins","Nicotinate and Nicotinamide Metabolism",4519,"NAMED","LDHMAVIPBRSVRG-UHFFFAOYSA-N","C[N+]1=CC(C([NH-])=O)=CC=C1","1-methylnicotinamide","1-methylnicotinamide","1005-24-9",8305504,"HMDB0000699","C02918",457,NA,NA,NA,27665,27665,27665,400,400,400,155829,155829,155829,"Pos Early","Pos Early","Pos Early",155829,27665,400,"Pos Early",-0.243846052100167,-0.243498197532264
0.189131762897875,-0.0233880927019397,2.03491363372526,0.0427208529602686,0.156643127520985,-4.17152843812765,100010923,"100010923","Lipid","Diacylglycerol",3004,"NAMED","KRECEGQUDDMNAQ-MYBRWWDOSA-N","OC[C@](COC(CCCCCCC/C=C\C/C=C\CCCCC)=O)([H])OC(CCC/C=C\C/C=C\C/C=C\C/C=C\CCCCC)=O","linoleoyl-arachidonoyl-glycerol (18:2/20:4) [2]*","linoleoyl-arachidonoyl-glycerol (18:2/20:4) [2]*",NA,NA,"HMDB0007509",NA,9543796,"DG 38:6","DG 18:2_20:4","Unknown",54956,54956,54956,402,402,402,208041,208041,208041,"Pos Late","Pos Late","Pos Late",208041,54956,402,"Pos Late",0.242120640829077,0.241775247618194
-0.170377162435789,-0.156945684165316,-2.00676990746001,0.0456531600073854,0.165703041801841,-4.22524357133508,100002152,"100002152","Lipid","Androgenic Steroids",3461,"NAMED","UNURIUSTYBXRLV-UHFFFAOYSA-N","CC12CCC(O)CC1=CCC3C2CCC4(C)C3CC(OS(=O)(O)=O)C4=O","andro steroid monosulfate C19H28O6S (1)*","andro steroid monosulfate C19H28O6S (1)*",NA,NA,NA,NA,NA,NA,NA,NA,32827,32827,32827,209,209,209,149822,149822,149822,"Neg","Neg","Neg",149822,32827,209,"Neg",-0.238772008766406,-0.238431392491418
0.164878236206584,-0.032920070033333,2.00305620743254,0.0460525336955767,0.165703041801841,-4.23227719793564,100009078,"100009078","Lipid","Phosphatidylethanolamine (PE)",2489,"NAMED","GKAFCSRKMWFPSJ-RJXNKANHSA-N","O=C(CCCCCCC/C=C\CCCCCCCC)OC[C@]([H])(COP(OCCN)(O)=O)OC(CCCCCCC/C=C\C/C=C\CCCCC)=O","1-oleoyl-2-linoleoyl-GPE (18:1/18:2)*","1-oleoyl-2-linoleoyl-GPE (18:1/18:2)*",NA,7825703,"HMDB0005349",NA,9546753,"PE 36:3","PE 18:1_18:2","Unknown",52687,52687,52687,402,402,402,165457,165457,165457,"Pos Late","Pos Late","Pos Late",165457,52687,402,"Pos Late",0.238330140661737,0.237990154726414
0.0892368645628198,0.0193289704069291,1.9968174797203,0.0467301058197867,0.16658417352424,-4.24406460924875,100001876,"100001876","Lipid","Sphingolipid Synthesis",3063,"NAMED","YHEDRJPUIRMZMP-UHFFFAOYSA-N","OP(O)(OCC(C(CCCCCCCCCCCCCCC)O)N)=O","sphinganine-1-phosphate","sphinganine-1-phosphate","19794-97-9",505,"HMDB0001383",NA,520,NA,NA,NA,52605,52605,52605,402,402,402,165336,165336,165336,"Pos Late","Pos Late","Pos Late",165336,52605,402,"Pos Late",0.2375878365528,0.237248909539173
0.0928363226271131,-0.0026415701053459,1.98980811823935,0.047501412387965,0.167780218067583,-4.25726536460133,93,"93","Energy","TCA Cycle",1485,"NAMED","KPGXRSRHYNQIFN-UHFFFAOYSA-N","O=C(C(O)=O)CCC(O)=O","alpha-ketoglutarate","alpha-ketoglutarate","328-50-7,22202-68-2,305-72-6",50,"HMDB0000208","C00026",51,NA,NA,NA,528,528,528,305,305,305,146398,146398,146398,"Polar","Polar","Polar",146398,528,305,"Polar",0.236753839932284,0.236416102642794
-0.143925125363197,-0.138946542906648,-1.97349035513806,0.0493387634778078,0.172685672172327,-4.28782161926229,100001993,"100001993","Lipid","Pregnenolone Steroids",3328,"NAMED","RKYCGXFEFAPXIP-BWUXAKENSA-N","C[C@@]12C(CCC3C2CC[C@@]4(C)C3CCC4C(OS(=O)(O)=O)C)=CC(OS(=O)(O)=O)CC1","pregnenediol disulfate (C21H34O8S2)*","pregnen-diol disulfate*",NA,NA,NA,NA,NA,NA,NA,NA,32562,32562,32562,209,209,209,149820,149820,149820,"Neg","Neg","Neg",149820,32562,209,"Neg",-0.234812299419948,-0.234477331803087
0.0748699961589023,-0.104212631300631,1.96151077035809,0.0507252374392945,0.175938886613769,-4.31009677669509,100016019,"100016019","Lipid","Phosphatidylcholine (PC)",2322,"NAMED","NPGWXTIWUUFYAB-DIPNUNPCSA-N","O=C(CCCCCCCCCCCCCCC)OC[C@]([H])(COP(OCC[N+](C)(C)C)([O-])=O)OC(CCCCCCCCCCCCCC)=O","1-palmitoyl-2-pentadecanoyl-GPC (16:0/15:0)*","1-palmitoyl-2-pentadecanoyl-GPC (16:0/15:0)*",NA,24766642,"HMDB0007967",NA,24778680,"PC 31:0","PC 15:0_16:0","Unknown",57757,57757,57757,402,402,402,213377,213377,213377,"Pos Late","Pos Late","Pos Late",213377,57757,402,"Pos Late",0.233386929470226,0.233053995191381
-0.273752519248485,-0.0571326269360444,-1.9403535121988,0.0532547025801273,0.183063040119188,-4.34911869456256,100020214,"100020214","Lipid","Primary Bile Acid Metabolism",3537,"NAMED","ZQYUKJFJPJDMMR-PRRFOZOMSA-N","CC(C1CCC2C3[C@H]([C@H]([C@@]4(C[C@@H](CC[C@@]4(C3CC[C@]12C)C)O)[H])O)O)CCC(NCC(O)=O)=O","glyco-beta-muricholate**","glyco-beta-muricholate**",NA,NA,NA,NA,NA,NA,NA,NA,62066,62066,62066,209,209,209,218872,218872,218872,"Neg","Neg","Neg",218872,62066,209,"Neg",-0.230869570099875,-0.230540226918562
0.0689002527417567,0.0209613618451361,1.91622561049029,0.0562674103442034,0.190133026298568,-4.39311438882931,561,"561","Amino Acid","Glutamate Metabolism",46,"NAMED","WHUUTDBJXJRKMK-VKHMYHEASA-N","O=C(O)[C@@H](N)CCC(O)=O","glutamate","glutamate","56-86-0",591,"HMDB0000148","C00025,C00217",33032,NA,NA,NA,57,57,57,400,400,400,155297,155297,155297,"Pos Early","Pos Early","Pos Early",155297,57,400,"Pos Early",0.227998753900746,0.227673506034982
0.214329867562021,0.0298167639466919,1.91597739357521,0.0562991298650306,0.190133026298568,-4.3935642071747,100006641,"100006641","Lipid","Primary Bile Acid Metabolism",3542,"NAMED","DKXXSIJHWWVNMO-ISIKUUMTSA-N","OS(OC1C[C@]2([H])C(CC1)(C)[C@@H]3[C@@]([C@@](CC4)([H])[C@@](CC3)(C)[C@H]4[C@H](C)CCC(NCC(O)=O)=O)([H])[C@H](O)C2)(=O)=O","glycochenodeoxycholate 3-sulfate","glycochenodeoxycholate 3-sulfate",NA,NA,"HMDB0002497",NA,2.111691721125e+23,NA,NA,NA,52974,52974,52974,209,209,209,166124,166124,166124,"Neg","Neg","Neg",166124,52974,209,"Neg",0.227969220245092,0.227644014510078
-0.144199985979614,-0.0118917019901376,-1.90560583856912,0.0576379394857479,0.192961797408808,-4.41230872348487,2050,"2050","Lipid","Long Chain Polyunsaturated Fatty Acid (n3 and n6)",1605,"NAMED","JAZBEHYOTPTENJ-JLNKQSITSA-N","O=C(O)CCC\C=C/C/C=C\C/C=C\C/C=C\C/C=C\CC","eicosapentaenoate (EPA; 20:5n3)","eicosapentaenoate (EPA; 20:5n3)","10-2005-9,10417-94-4",393682,"HMDB0001999","C06428",446284,NA,NA,NA,18467,18467,18467,209,209,209,126840,126840,126840,"Neg","Neg","Neg",126840,18467,209,"Neg",-0.226735178906507,-0.226411733572831
-0.160501305276844,-0.0522070327273569,-1.89588352269498,0.058916993351975,0.194984404952871,-4.42978974102552,100002126,"100002126","Lipid","Androgenic Steroids",3407,"NAMED","ALBNSVAJDFJRKQ-UAFBDMIJSA-N","O=C1[C@H](O)CC2C3CC=C4C[C@@H](OS(=O)(O)=O)CC[C@]4(C)C3CC[C@@]21C","16alpha-hydroxy DHEA 3-sulfate","16alpha-hydroxy DHEA 3-sulfate",NA,NA,"HMDB0062544",NA,20848950,NA,NA,NA,38168,38168,38168,209,209,209,143871,143871,143871,"Neg","Neg","Neg",143871,38168,209,"Neg",-0.225578386150895,-0.225256591020865
0.19352307749453,0.018516570808147,1.89334371385415,0.0592550009856777,0.194984404952871,-4.43434202181511,100002018,"100002018","Lipid","Androgenic Steroids",3446,"NAMED","LERFMBCTNMFXCT-ILBJSTGGSA-N","C[C@@]12[C@](CCC3C2CC[C@@]4(C)C3CC[C@@H]4O)([H])C[C@H](OS(=O)(O)=O)CC1","5alpha-androstan-3alpha,17beta-diol monosulfate (1)","5alpha-androstan-3alpha,17beta-diol monosulfate (1)",NA,NA,"HMDB0247995",NA,121596226121596000,NA,NA,NA,37186,37186,37186,209,209,209,144270,144270,144270,"Neg","Neg","Neg",144270,37186,209,"Neg",0.225276191436616,0.224954827397477
0.185842457593684,-0.0428383743319895,1.87963678416626,0.0611072026822072,0.199375195191947,-4.45880712724946,100001784,"100001784","Lipid","Lysophospholipid",2717,"NAMED","DSOWUEHXZJUNID-FPLPWBNLSA-N","O=P(OCCN)(O)OCC(O)COC(CCCCCCC/C=C\CCCCCC)=O","1-palmitoleoyl-GPE (16:1)*","1-palmitoleoyl-GPE (16:1)*",NA,NA,"HMDB0011474",NA,53480923,"LPE 16:1","LPE 16:1","LPE 16:1/0:0",34565,34565,34565,402,402,402,158671,158671,158671,"Pos Late","Pos Late","Pos Late",158671,34565,402,"Pos Late",0.223645296373146,0.223326258860488
0.0434116165145209,-0.0212953082017309,1.8652953334809,0.0630962285652982,0.203047670881946,-4.48421785596565,100008985,"100008985","Lipid","Phosphatidylcholine (PC)",2338,"NAMED","SRIGHEHXEGELQJ-YYQUKWHJSA-N","CCCCCCCCCCCCCCCC(OC[C@@H](OC(CCCCCC/C=C\C/C=C\C/C=C\CCCCC)=O)COP([O-])(OCC[N+](C)(C)C)=O)=O","1-palmitoyl-2-dihomo-linolenoyl-GPC (16:0/20:3n3 or n6)*","1-palmitoyl-2-dihomo-linolenoyl-GPC (16:0/20:3n3 or n6)*",NA,NA,NA,NA,NA,"PC 36:3","PC 16:0_20:3","Unknown",52454,52454,52454,402,402,402,165119,165119,165119,"Pos Late","Pos Late","Pos Late",165119,52454,402,"Pos Late",0.2219389039382,0.221622300651554
0.0594066385351552,0.0424069513339839,1.86393566665271,0.0632875857294378,0.203047670881946,-4.48661721667709,823,"823","Carbohydrate","Glycolysis, Gluconeogenesis, and Pyruvate Metabolism",1278,"NAMED","LCTONWCANYUPML-UHFFFAOYSA-N","CC(C(O)=O)=O","pyruvate","pyruvate","127-17-3",96901,"HMDB0000243","C00022",1060,NA,NA,NA,48990,48990,48990,305,305,305,160586,160586,160586,"Polar","Polar","Polar",160586,48990,305,"Polar",0.221777126357913,0.22146075385241
-0.162923521402439,-0.200137441471024,-1.83863956977878,0.0669367457471944,0.211930344351759,-4.53094579509625,100000015,"100000015","Amino Acid","Tryptophan Metabolism",285,"NAMED","FBZONXHGGPHHIY-UHFFFAOYSA-N","OC1=C2C(C(O)=CC(C(O)=O)=N2)=CC=C1","xanthurenate","xanthurenate","59-007",5497,"HMDB0000881","C02470",5699,NA,NA,NA,15679,15679,15679,400,400,209,155571,155571,123267,"Pos Early","Pos Early","Neg",155571,15679,400,"Pos Early",-0.218767314499521,-0.218455235591533
-0.055917730624906,0.00727265394093012,-1.83714733698989,0.0671571480802976,0.211930344351759,-4.5335414939208,100008915,"100008915","Lipid","Phosphatidylcholine (PC)",2348,"NAMED","IESVDEZGAHUQJU-ZLBXKVHBSA-N","CCCCCCCCCCCCCCCC(OC[C@](OC(CC/C=C\C/C=C\C/C=C\C/C=C\C/C=C\C/C=C\CC)=O)([H])COP([O-])(OCC[N+](C)(C)C)=O)=O","1-palmitoyl-2-docosahexaenoyl-GPC (16:0/22:6)","1-palmitoyl-2-docosahexaenoyl-GPC (16:0/22:6)","59403-54-2",4946007,"HMDB0007991",NA,6441886,"PC 38:6","PC 16:0_22:6","Unknown",52610,52610,52610,402,402,402,165342,165342,165342,"Pos Late","Pos Late","Pos Late",165342,52610,402,"Pos Late",-0.218589763790182,-0.218277938164233
-0.0853721323846546,-0.100474448967551,-1.82841148194888,0.068460738156168,0.21416946524004,-4.54870088478668,100001566,"100001566","Lipid","Lysophospholipid",2696,"NAMED","LSOWKZULVQWMLY-FQPBCZPISA-N","C[N+](C)(C)CCOP(OC[C@](O)([H])COC(CC\C=C/C/C=C\C/C=C\C/C=C\C/C=C\C/C=C\CC)=O)([O-])=O","1-docosahexaenoyl-GPC (22:6)*","1-docosahexaenoyl-GPC (22:6)*",NA,21403169,"HMDB0010404",NA,10415542,"LPC 22:6","LPC 22:6","LPC 22:6/0:0",33822,33822,33822,402,402,402,158576,158576,158576,"Pos Late","Pos Late","Pos Late",158576,33822,402,"Pos Late",-0.217550343352054,-0.217240000494205
0.0646272972644926,-0.064970378740935,1.82497358751882,0.068979256337052,0.21416946524004,-4.55464656454336,100001264,"100001264","Lipid","Lysophospholipid",2656,"NAMED","SRRQPVVYXBTRQK-DEOSSOPVSA-N","O=P(OCC[N+](C)(C)C)([O-])OC[C@@H](O)COC(CCCCCCCCCCCCCCCC)=O","1-margaroyl-GPC (17:0)","1-margaroyl-GPC (17:0)","50930-23-9",NA,"HMDB0012108","C04230",24779463,"LPC 17:0","LPC 17:0","LPC 17:0/0:0",44682,44682,44682,402,402,402,159625,159625,159625,"Pos Late","Pos Late","Pos Late",159625,44682,402,"Pos Late",0.21714129149417,0.216831532162509
0.0615042242934488,-0.0356694158405228,1.80570548615477,0.0719465269241675,0.221595302926436,-4.58777048871985,100001562,"100001562","Lipid","Lysophospholipid",2651,"NAMED","NEGQHKSYEYVFTD-HSZRJFAPSA-N","OC[C@](OC(CCCCCCCCCCCCCCC)=O)([H])COP(OCC[N+](C)(C)C)([O-])=O","2-palmitoyl-GPC (16:0)*","2-palmitoyl-GPC (16:0)*",NA,21403165,"HMDB0240262",NA,15061532,"LPC 16:0","LPC 16:0","LPC 0:0/16:0",35253,35253,35253,209,209,209,126137,126137,126137,"Neg","Neg","Neg",126137,35253,209,"Neg",0.214848710142064,0.214542221254558
0.17376453946495,-0.0213708723454652,1.79798548967698,0.0731644665830971,0.223558092337241,-4.60094532381052,100010937,"100010937","Lipid","Diacylglycerol",3002,"NAMED","LWXLWRXRJKMNLM-XBUMEPTLSA-N","CCCCCCCC/C=C/CCCCCCCC(OCC(OC(CCC/C=C/C/C=C/C/C=C/C/C=C/CCCCC)=O)CO)=O","oleoyl-arachidonoyl-glycerol (18:1/20:4) [2]*","oleoyl-arachidonoyl-glycerol (18:1/20:4) [2]*",NA,NA,"HMDB0007508",NA,9543786,"DG 38:5","DG 18:1_20:4","Unknown",54961,54961,54961,402,402,402,208046,208046,208046,"Pos Late","Pos Late","Pos Late",208046,54961,402,"Pos Late",0.213930159858936,0.213624981314201
-0.0608225421875509,-0.064151625705334,-1.78801724100603,0.0747618745206474,0.226640328271254,-4.61787449157371,100015788,"100015788","Lipid","Sphingomyelins",3173,"NAMED","YMTVMVYOUDDTQJ-UOMMIRHQSA-N","[H][C@](NC(CCCCCCC/C=C\CCCCCCCC)=O)(COP(OCC[N+](C)(C)C)([O-])=O)[C@@](O)([H])/C=C/CCCCCCCC/C=C\CCC","sphingomyelin (d18:2/18:1, d18:1/18:2)*","sphingomyelin (d18:2/18:1, d18:1/18:2)*",NA,NA,"HMDB0258342",NA,NA,"SM 36:2;O2","SM 18:2;O2_18:1","SM 18:2;O2/18:1",57474,57474,57474,402,402,402,211137,211137,211137,"Pos Late","Pos Late","Pos Late",211137,57474,402,"Pos Late",-0.212744105219489,-0.212440618621458
0.0402047066803333,0.0355029593214078,1.78351644924946,0.0754925496474066,0.22706743448634,-4.62548839550756,1539,"1539","Lipid","Phosphatidylcholine (PC)",2328,"NAMED","WTJKGGKOPKCXLL-PFDVCBLKSA-N","O=C(CCCCCCC/C=C\CCCCCCCC)O[C@@H](COC(CCCCCCCCCCCCCCC)=O)COP(OCC[N+](C)(C)C)([O-])=O","1-palmitoyl-2-oleoyl-GPC (16:0/18:1)","1-palmitoyl-2-oleoyl-GPC (16:0/18:1)","26853-31-6,26853-31-6",4940699,"HMDB0007972","C13875",6436017,"PC 34:1","PC 16:0_18:1","Unknown",52461,52461,52461,402,402,402,165127,165127,165127,"Pos Late","Pos Late","Pos Late",165127,52461,402,"Pos Late",0.212208586381599,0.211905863719143
0.0740271921974875,-0.055506630545653,1.77033761423636,0.0776660958757594,0.231794162109825,-4.6476757067084,100001556,"100001556","Lipid","Lysophospholipid",2664,"NAMED","SULIDBRAXVDKBU-AYZYJWAHSA-N","OC[C@H](OC(CCCCCCC/C=C\CCCCCCCC)=O)COP(OCC[N+](C)(C)C)([O-])=O","2-oleoyl-GPC (18:1)*","2-oleoyl-GPC (18:1)*",NA,21403159,"HMDB0061701",NA,24779494,"LPC 18:1","LPC 18:1","LPC 0:0/18:1",48259,48259,48259,209,209,209,154240,154240,154240,"Neg","Neg","Neg",154240,48259,209,"Neg",0.210640525739678,0.210340039968295
-0.0459564549487854,-0.0426672722100977,-1.76613261906065,0.0783699495971356,0.232095619960748,-4.6547200977949,100006292,"100006292","Lipid","Sphingomyelins",3186,"NAMED","MDRFMTLYKHBJTF-YECRPIIFSA-N","CCCCCCCCCCCCC/C=C/[C@@H](O)[C@@H](NC(CCCCCCCCC/C=C/CCCCCCCC)=O)COP([O-])(OCC[N+](C)(C)C)=O","sphingomyelin (d18:1/20:1, d18:2/20:0)*","sphingomyelin (d18:1/20:1, d18:2/20:0)*","222403-67-0",NA,"HMDB0240610,HMDB0240632",NA,NA,"SM 38:2;O2","Unknown","Unknown",48491,48491,48491,402,402,402,164534,164534,164534,"Pos Late","Pos Late","Pos Late",164534,48491,402,"Pos Late",-0.210140201740786,-0.209840429698359
-0.123836473288526,-0.0828538383579616,-1.74556665177625,0.0818895121665205,0.238922976199685,-4.68894145552807,100000781,"100000781","Lipid","Fatty Acid Metabolism (Acyl Carnitine, Medium Chain)",1889,"NAMED","VVPRQWTYSNDTEA-UHFFFAOYSA-N","O=C(CCCCC)OC(CC([O-])=O)C[N+](C)(C)C","hexanoylcarnitine (C6)","hexanoylcarnitine (C6)","6920-35-0",4932273,"HMDB0000756",NA,6426853,NA,NA,NA,32328,32328,32328,400,400,400,155906,155906,155906,"Pos Early","Pos Early","Pos Early",155906,32328,400,"Pos Early",-0.20769319608136,-0.207396914774539
-0.0499890829130992,-0.0133979143703838,-1.74541132028469,0.0819164489827493,0.238922976199685,-4.6891980770783,100001415,"100001415","Nucleotide","Purine Metabolism, Adenine containing",4367,"NAMED","UNUYMBPXEFMLNW-HZPYULPISA-N","OC(C)C(C(O)=O)NC(NC1=NC=NC2=C1N=CN2[C@@H]3O[C@H](CO)[C@@H](O)[C@H]3O)=O","N6-carbamoylthreonyladenosine","N6-carbamoylthreonyladenosine","24719-82-2",141829,"HMDB0041623",NA,161466,NA,NA,NA,35157,35157,35157,209,209,209,126974,126974,126974,"Neg","Neg","Neg",126974,35157,209,"Neg",-0.207674714235421,-0.207378459293573
-0.244695902053482,-0.152734173779531,-1.73479676389405,0.0837832596557612,0.240712281952456,-4.70670530510754,100002015,"100002015","Lipid","Progestin Steroids",3349,"NAMED","LSQGWMYMIHQKSA-UHFFFAOYSA-N","CC(OS(=O)(O)=O)C1CCC2C3CCC4CC(OS(=O)(O)=O)CCC4(C)C3CCC21C","5alpha-pregnan-diol disulfate","5alpha-pregnan-diol disulfate",NA,4302261,"HMDB0240581,HMDB0240582",NA,30822775127902,NA,NA,NA,46172,46172,46172,209,209,209,144285,144285,144285,"Neg","Neg","Neg",144285,46172,209,"Neg",-0.206411759801962,-0.206117306506953
0.159888530683677,-0.188721605656934,1.73355019338354,0.0840047357558971,0.240712281952456,-4.70875444404683,100005716,"100005716","Lipid","Lysophospholipid",2768,"NAMED","FQQQKGAFQIIGLQ-VYFUBJQISA-N","O[C@H](COC(CCCCCCC/C=C\CCCCCCCC)=O)COP(OCC(O)CO)(O)=O","1-oleoyl-GPG (18:1)*","1-oleoyl-GPG (18:1)*",NA,34999689,"HMDB0240602",NA,NA,"LPG 18:1","LPG 18:1","LPG 18:1/0:0",45968,45968,45968,209,209,209,144192,144192,144192,"Neg","Neg","Neg",144192,45968,209,"Neg",0.206263438789296,0.205969197079183
0.199654952443052,0.175355936243593,1.7313006951368,0.084405605359952,0.240712281952456,-4.71244856518075,100004083,"100004083","Lipid","Secondary Bile Acid Metabolism",3596,"NAMED",NA,"C[C@@]([C@@]1([H])C[C@@H]2O)(CC2)[C@](CC3)([H])[C@]([C@H](O)[C@@H]1O)([H])[C@@](CC4)([H])[C@@]3(C)[C@H]4[C@H](C)CCC(NCC(O)=O)=O","glycohyocholate","glycohyocholate",NA,NA,"HMDB0240607",NA,71361462,NA,NA,NA,42574,42574,42574,209,209,209,143947,143947,143947,"Neg","Neg","Neg",143947,42574,209,"Neg",0.205995786173471,0.205701926278787
-0.0833566086288309,-0.0871582740387327,-1.72455246726393,0.0856175068624477,0.242373089279723,-4.7235022939625,273,"273","Lipid","Corticosteroids",3383,"NAMED","MFYSYFVPBJMHGN-ZPOLXVRWSA-N","O[C@@]1([C@@](CO)=O)[C@](C2)(C)[C@](CC1)([H])[C@@](CCC3=CC4=O)([H])[C@]([C@@]3(C)CC4)([H])C2=O","cortisone","cortisone","53-06-5",361685,"HMDB0002802","C00762",222786,NA,NA,NA,1769,1769,1769,209,209,209,124819,124819,124819,"Neg","Neg","Neg",124819,1769,209,"Neg",-0.205192860078741,-0.204900145585048
0.0759984154335388,0.0393012530006545,1.71411872884746,0.087519065075261,0.245009464972957,-4.74050969195045,100009146,"100009146","Lipid","Phosphatidylcholine (PC)",2381,"NAMED","AXZGUCXCTZMPTR-UVGACIQRSA-N","O=C(CCCCCCCCCCCCCCCCC)OC[C@]([H])(COP(OCC[N+](C)(C)C)([O-])=O)OC(CCCCC/C=C\C/C=C\C/C=C\C/C=C\CCCCC)=O","1-stearoyl-2-adrenoyl-GPC (18:0/22:4)*","1-stearoyl-2-adrenoyl-GPC (18:0/22:4)*","137254-39-8",24766718,"HMDB0008054",NA,24778868,"PC 40:4","PC 18:0_22:4","Unknown",55061,55061,55061,402,402,402,208175,208175,208175,"Pos Late","Pos Late","Pos Late",208175,55061,402,"Pos Late",0.203951419955794,0.203660476418054
-0.104667299201516,0.0640032039627433,-1.71027552126621,0.0882280646445833,0.245009464972957,-4.74674877711849,100021728,"100021728","Lipid","Fatty Acid Metabolism (Acyl Carnitine, Medium Chain)",1901,"NAMED","LNGSHJPPGDBEPT-VYAYZGMFSA-N","O=C(C[C@@]1([H])[C@@](C1)([H])CCC)OC(CC([O-])=O)C[N+](C)(C)C","cis-3,4-methyleneheptanoylcarnitine","cis-3,4-methyleneheptanoylcarnitine",NA,NA,NA,NA,NA,NA,NA,NA,64389,64389,64389,402,402,402,237480,237480,237480,"Pos Late","Pos Late","Pos Late",237480,64389,402,"Pos Late",-0.203494142621272,-0.203203851404979
0.0391270564134693,-0.0528785990512891,1.70903327079541,0.0884579626785481,0.245009464972957,-4.74876189838915,565,"565","Amino Acid","Tryptophan Metabolism",261,"NAMED","QIVBCDIJIAJPQS-VIFPVBQESA-N","O=C(O)[C@@H](N)CC1=CNC2=C1C=CC=C2","tryptophan","tryptophan","73-22-3",6066,"HMDB0000929","C00078",6305,NA,NA,NA,54,54,54,400,400,400,155294,155294,155294,"Pos Early","Pos Early","Pos Early",155294,54,400,"Pos Early",0.203346335620977,0.203056255256325
-0.1177480150317,-0.215128573004675,-1.69915480009896,0.090305711962484,0.248340707896831,-4.76472452320465,100001999,"100001999","Lipid","Pregnenolone Steroids",3321,"NAMED","CBOVWLYQUCVTFA-WGKOQXAXSA-N","C[C@@]1([C@H]2[C@@](COS(=O)(O)=O)=O)[C@](CC2)([H])[C@@](CC=C3[C@@]4(CC[C@H](OS(=O)(O)=O)C3)C)([H])[C@@]4([H])CC1","21-hydroxypregnenolone disulfate","21-hydroxypregnenolone disulfate","1164-98-3",118625,"HMDB0242133",NA,134595,NA,NA,NA,46115,46115,46115,209,209,209,143743,143743,143743,"Neg","Neg","Neg",143743,46115,209,"Neg",-0.202170963056856,-0.20188255940057
0.0645132977581605,0.0348347405190178,1.69007273807359,0.0920319769562947,0.251292986724635,-4.77932030048428,100008977,"100008977","Lipid","Phosphatidylethanolamine (PE)",2483,"NAMED","ANRKEHNWXKCXDB-BHFWLYLHSA-N","O=C(CCCCCCCCCCCCCCCCC)OC[C@]([H])(COP(OCCN)(O)=O)OC(CCC/C=C\C/C=C\C/C=C\C/C=C\CCCCC)=O","1-stearoyl-2-arachidonoyl-GPE (18:0/20:4)","1-stearoyl-2-arachidonoyl-GPE (18:0/20:4)",NA,4451158,"HMDB0009003","C05210",5289133,"PE 38:4","PE 18:0_20:4","Unknown",52447,52447,52447,402,402,402,165110,165110,165110,"Pos Late","Pos Late","Pos Late",165110,52447,402,"Pos Late",0.201090349786009,0.200803487660779
0.0434143023702118,-0.0548328488878304,1.65573960379953,0.0987989285476444,0.264986530613421,-4.83380187093945,100001272,"100001272","Lipid","Lysophospholipid",2663,"NAMED","YAMUFBLWGFFICM-PTGWMXDISA-N","O[C@H](COC(CCCCCCC/C=C\CCCCCCCC)=O)COP(OCC[N+](C)(C)C)([O-])=O","1-oleoyl-GPC (18:1)","1-oleoyl-GPC (18:1)","19420-56-5",17240641,"HMDB0002815","C03916",16081932,"LPC 18:1","LPC 18:1","LPC 18:1/0:0",48258,48258,48258,402,402,402,160285,160285,160285,"Pos Late","Pos Late","Pos Late",160285,48258,402,"Pos Late",0.197005281833081,0.196724247194233
0.115925681796253,-0.0982455556881755,1.65463256826327,0.0990238720708756,0.264986530613421,-4.83554080596796,100020864,"100020864","Lipid","Lysophospholipid",2658,"NAMED","SRRQPVVYXBTRQK-UHFFFAOYSA-N","OC(COP(OCC[N+](C)(C)C)([O-])=O)COC(CCCCCCCCCCCCCCCC)=O","1-(14 or 15)-methylpalmitoyl-GPC (a17:0 or i17:0)*","1-(14 or 15)-methylpalmitoyl-GPC (a17:0 or i17:0)*",NA,NA,NA,NA,NA,"LPC 17:0","LPC 16:0(Me)","LPC 16:0(Me)/0:0",62782,62782,62782,209,209,209,220396,220396,220396,"Neg","Neg","Neg",220396,62782,209,"Neg",0.196873563145361,0.196592716407635
0.0673741424486613,0.04392428065643,1.65159893728144,0.0996416514818209,0.264986530613421,-4.84029888466389,100009141,"100009141","Lipid","Phosphatidylcholine (PC)",2382,"NAMED","MAAMGQXOTCBPFS-JPGWWKBXSA-N","O=C(CCCCCCCCCCCCCCCCC)OC[C@]([H])(COP(OCC[N+](C)(C)C)([O-])=O)OC(CCCCC/C=C\C/C=C\C/C=C\C/C=C\C/C=C\CC)=O","1-stearoyl-2-docosapentaenoyl-GPC (18:0/22:5n3)*","1-stearoyl-2-docosapentaenoyl-GPC (18:0/22:5n3)*",NA,24766720,"HMDB0008056",NA,24778873,"PC 40:5","PC 18:0_22:5(7,10,13,16,19)","Unknown",52699,52699,52699,402,402,402,165472,165472,165472,"Pos Late","Pos Late","Pos Late",165472,52699,402,"Pos Late",0.196512611867043,0.196232280038416
-0.116476094491802,-0.137063214315248,-1.65082319254497,0.0998001219193404,0.264986530613421,-4.84151422046516,100001251,"100001251","Lipid","Fatty Acid Metabolism (Acyl Carnitine, Medium Chain)",1905,"NAMED","LZOSYCMHQXPBFU-UHFFFAOYSA-N","[O-]C(CC(C[N+](C)(C)C)OC(CCCCCCCCC)=O)=O","decanoylcarnitine (C10)","decanoylcarnitine (C10)","1492-27-9",8420677,"HMDB0000651",NA,10245190,NA,NA,NA,33941,33941,33941,402,402,402,158585,158585,158585,"Pos Late","Pos Late","Pos Late",158585,33941,402,"Pos Late",-0.1964203112359,-0.196140111077218
0.101932285023319,0.0161010046812222,1.63990179940825,0.102052672175968,0.269111498546216,-4.85856494385992,100009142,"100009142","Lipid","Phosphatidylcholine (PC)",2383,"NAMED","GLPAGCOJQYNMCC-NEEAVLKMSA-N","O=C(CCCCCCCCCCCCCCCCC)OC[C@]([H])(COP(OCC[N+](C)(C)C)([O-])=O)OC(CC/C=C\C/C=C\C/C=C\C/C=C\C/C=C\CCCCC)=O","1-stearoyl-2-docosapentaenoyl-GPC (18:0/22:5n6)*","1-stearoyl-2-docosapentaenoyl-GPC (18:0/22:5n6)*",NA,24766719,"HMDB0008055",NA,24778871,"PC 40:5","PC 18:0_22:5(4,7,10,13,16)","Unknown",52700,52700,52700,402,402,402,165473,165473,165473,"Pos Late","Pos Late","Pos Late",165473,52700,402,"Pos Late",0.195120848368688,0.194842501937349
0.0960939185466847,0.0390372567724615,1.63632974499279,0.10279817581949,0.269233317622474,-4.86411760110684,100015594,"100015594","Lipid","Phosphatidylethanolamine (PE)",2484,"NAMED","HNFSZKRUPTYBOQ-ZDYOIFAYSA-N","O=C(CCCCCCCCCCCCCCCCC)OC[C@]([H])(COP(OCCN)(O)=O)OC(CCCCC/C=C\C/C=C\C/C=C\C/C=C\CCCCC)=O","1-stearoyl-2-adrenoyl-GPE (18:0/22:4)*","1-stearoyl-2-adrenoyl-GPE (18:0/22:4)*","131350-53-3",24768484,"HMDB0009009",NA,52924901,"PE 40:4","PE 18:0_22:4","Unknown",57339,57339,57339,402,402,402,210840,210840,210840,"Pos Late","Pos Late","Pos Late",210840,57339,402,"Pos Late",0.194695833719509,0.194418093585815
0.0970166362443345,-0.0788311733196265,1.61929402306018,0.106413676446313,0.276758055123612,-4.89043556953197,100005673,"100005673","Lipid","Lysophospholipid",2695,"NAMED","YBUXFQUGNPBZPS-TYBLUDCLSA-N","O=C(OC[C@@](O)([H])COP(OCC[N+](C)(C)C)([O-])=O)CC/C=C/C/C=C\C/C=C\C/C=C\C/C=C\CCCCC","1-docosapentaenoyl-GPC (22:5n6)*","1-docosapentaenoyl-GPC (22:5n6)*",NA,NA,"HMDB0010402",NA,NA,"LPC 22:5","LPC 22:5(4,7,10,13,16)","LPC 22:5(4,7,10,13,16)/0:0",45675,45675,45675,402,402,402,159648,159648,159648,"Pos Late","Pos Late","Pos Late",159648,45675,402,"Pos Late",0.192668868130921,0.19239401953159
-0.0251061309348676,-0.0088543512433819,-1.61384903572693,0.107590128190329,0.276758055123612,-4.89878993439682,563,"563","Amino Acid","Glutamate Metabolism",47,"NAMED","ZDXPYRJPNDTMRX-VKHMYHEASA-N","OC([C@@H](N)CCC(N)=O)=O","glutamine","glutamine","56-85-9",5746,"HMDB0000641","C00064",5961,NA,NA,NA,53,53,53,400,400,400,155293,155293,155293,"Pos Early","Pos Early","Pos Early",155293,53,400,"Pos Early",-0.192021005833188,-0.191747081431144
-0.10165569615665,-0.132053649983306,-1.61275621128014,0.107827813684524,0.276758055123612,-4.90046380348519,100002129,"100002129","Lipid","Pregnenolone Steroids",3311,"NAMED","DIJBBUIOWGGQOP-QGVNFLHTSA-N","C[C@]12CC[C@H](OS(=O)(O)=O)CC1=CC[C@@]3([H])[C@]4([H])CC[C@H]([C@](C)=O)[C@](C)4CC[C@]23[H]","pregnenolone sulfate","pregnenolone sulfate","1247-64-9",94802,"HMDB0000774","C18044",105074,NA,NA,NA,38170,38170,38170,209,209,209,127723,127723,127723,"Neg","Neg","Neg",127723,38170,209,"Neg",-0.191890978027101,-0.191617239114081
0.0713642352563734,-0.0159245849569454,1.58294062472194,0.114467481972627,0.291854175890473,-4.94569192082347,100001557,"100001557","Lipid","Lysophospholipid",2667,"NAMED","LSUXCWJOIAWGOU-YMVLYFQPSA-N","OC[C@H](OC(CCCCCCC/C=C\C/C=C\CCCCC)=O)COP(OCC[N+](C)(C)C)([O-])=O","2-linoleoyl-GPC (18:2)*","2-linoleoyl-GPC (18:2)*",NA,21403160,"HMDB0061700",NA,71768169,"LPC 18:2","LPC 18:2","LPC 0:0/18:2",35257,35257,35257,209,209,209,126982,126982,126982,"Neg","Neg","Neg",126982,35257,209,"Neg",0.188343422590583,0.18807474438432
-0.0962137031648864,-0.122393361496865,-1.55559833731088,0.120836776055363,0.306066834087598,-4.98643887925356,100001254,"100001254","Amino Acid","Tryptophan Metabolism",262,"NAMED","DZTHIGRZJZPRDV-LBPRGKRZSA-N","O=C(O)[C@@H](NC(C)=O)CC1=CNC2=C1C=CC=C2","N-acetyltryptophan","N-acetyltryptophan","1218-34-4",610602,"HMDB0013713","C03137",439917700653,NA,NA,NA,33959,33959,33959,209,209,209,126119,126119,126119,"Neg","Neg","Neg",126119,33959,209,"Neg",-0.185090148328727,-0.18482611102726
-0.106957958303386,-0.113906613415532,-1.54401575386592,0.123617553589295,0.311063778639729,-5.00348931443362,100002761,"100002761","Lipid","Androgenic Steroids",3408,"NAMED","VFUIRAVTUVCQTF-BSOWLZGZSA-N","O[C@H]1[C@H](O)[C@@H]([C@](O)=O)O[C@@H](O[C@@H]2CC[C@@]3(C)[C@](CC[C@]4([H])[C@]3([H])CC[C@@]5(C)[C@@]4([H])CCC5=O)([H])C2)[C@@H]1O","androsterone glucuronide","androsterone glucuronide","1852-43-3",102793,"HMDB0002829","C11135",114833,NA,NA,NA,61846,61846,61846,209,209,209,218457,218457,218457,"Neg","Neg","Neg",218457,61846,209,"Neg",-0.183712014888726,-0.183449943540811
-0.150970766603428,0.0274596396182592,-1.53848423956875,0.124963165965994,0.312407914914986,-5.01158788746827,100020261,"100020261","Partially Characterized Molecules","Partially Characterized Molecules",6707,"NAMED",NA,NA,"glutamine conjugate of C6H10O2 (1)*","glutamine conjugate of C6H10O2 (1)*",NA,NA,NA,NA,NA,NA,NA,NA,63657,63657,63657,209,209,209,223045,223045,223045,"Neg","Neg","Neg",223045,63657,209,"Neg",-0.183053857331477,-0.182792724867381
-0.0329923241752422,-0.00534697148560823,-1.53109687908661,0.12677783052014,0.314611710074335,-5.02235874959901,100008954,"100008954","Lipid","Dihydrosphingomyelins",3162,"NAMED","QHZIGNLCLJPLCU-QPPIDDCLSA-N","[H][C@](NC(CCCCCCCCCCCCCCC)=O)(COP(OCC[N+](C)(C)C)([O-])=O)[C@@](O)([H])CCCCCCCCCCCCCCC","palmitoyl dihydrosphingomyelin (d18:0/16:0)*","palmitoyl dihydrosphingomyelin (d18:0/16:0)*",NA,8115586,"HMDB0010168",NA,9939965,"SM 34:0;O2","SM 18:0;O2_16:0","SM 18:0;O2/16:0",52434,52434,52434,402,402,402,164558,164558,164558,"Pos Late","Pos Late","Pos Late",164558,52434,402,"Pos Late",-0.182174885160704,-0.181915006579876
-0.19384543899125,-0.14810255680916,-1.528266021877,0.127479030575575,0.314611710074335,-5.0264729464731,100001657,"100001657","Lipid","Secondary Bile Acid Metabolism",3570,"NAMED","FHXBAFXQVZOILS-OETIFKLTSA-N","C[C@]12[C@@]([C@@]([C@@](CC2)([H])[C@](CC3)(C)[C@@]4([H])C[C@@H]3OS(=O)(O)=O)(CC4)[H])([H])CC[C@]1([H])[C@H](C)CCC(NCC(O)=O)=O","glycolithocholate sulfate*","glycolithocholate sulfate*","15324-64-8",65188,"HMDB0002639","C11301",72222,NA,NA,NA,32620,32620,32620,209,209,209,142564,142564,142564,"Neg","Neg","Neg",142564,32620,209,"Neg",-0.18183806056514,-0.181578662475889
0.0479762665189971,-0.0193408266810921,1.50790507728665,0.132610063274359,0.323544296828565,-5.05584198610493,100009036,"100009036","Lipid","Phosphatidylcholine (PC)",2361,"NAMED","SXNXGNVZTLZDHE-IYEJTHTFSA-N","O=C(CCCCCCCCCCCCCCCC)OC[C@]([H])(COP(OCC[N+](C)(C)C)([O-])=O)OC(CCCCCCC/C=C\CCCCCCCC)=O","1-margaroyl-2-oleoyl-GPC (17:0/18:1)*","1-margaroyl-2-oleoyl-GPC (17:0/18:1)*",NA,24822423,"HMDB0256160",NA,NA,"PC 35:1","PC 17:0_18:1","Unknown",52499,52499,52499,402,402,402,165191,165191,165191,"Pos Late","Pos Late","Pos Late",165191,52499,402,"Pos Late",0.179415449172501,0.179159507019616
-0.0906036065016159,0.0217894470634955,-1.50724436872113,0.132779217919255,0.323544296828565,-5.05678850947938,432,"432","Cofactors and Vitamins","Nicotinate and Nicotinamide Metabolism",4507,"NAMED","DFPAKSUCGFBDDF-UHFFFAOYSA-N","NC(C1=CN=CC=C1)=O","nicotinamide","nicotinamide","98-92-0",911,"HMDB0001406","C00153",936,NA,NA,NA,594,594,594,400,400,400,155332,155332,155332,"Pos Early","Pos Early","Pos Early",155332,594,400,"Pos Early",-0.179336835919027,-0.179081005910583
-0.12246279419224,0.00466175854502756,-1.48514993132979,0.138533071439236,0.332736578786292,-5.08820549291867,100009271,"100009271","Lipid","Fatty Acid Metabolism (Acyl Carnitine, Hydroxy)",1965,"NAMED","UEFRDQSMQXDWTO-UHFFFAOYSA-N","CC(O)CC(OC(C[N+](C)(C)C)CC([O-])=O)=O","(S)-3-hydroxybutyrylcarnitine","(S)-3-hydroxybutyrylcarnitine",NA,NA,"HMDB0013127",NA,71464477,NA,NA,NA,52984,52984,52984,400,400,400,166220,166220,166220,"Pos Early","Pos Early","Pos Early",166220,52984,400,"Pos Early",-0.176707967916332,-0.176455888076223
-0.252215268606456,-0.572058353027946,-1.48004990871652,0.139888254683764,0.332736578786292,-5.09539250893586,100001399,"100001399","Xenobiotics","Xanthine Metabolism",4802,"NAMED","NOFNCLGCUJJPKU-UHFFFAOYSA-N","CN1C(NC(N2)=C(C1=O)N(C)C2=O)=O","1,7-dimethylurate","1,7-dimethylurate","33868-03-0",82720,"HMDB0011103","C16356",91611,NA,NA,NA,34400,34400,34400,209,209,209,126924,126924,126924,"Neg","Neg","Neg",126924,34400,209,"Neg",-0.176101150642663,-0.175849936447738
0.130189373592379,0.00367073931317722,1.47995758759704,0.139912880471004,0.332736578786292,-5.09552238459212,100001655,"100001655","Lipid","Lysophospholipid",2772,"NAMED","UOXRPRZMAROFPH-AQFLIPHUSA-N","[H]C(C(O)(C(O)([C@](O)1[H])[H])[H])([C@@](OP(O)(OC[C@@]([H])(COC(CCCCCCCCCCCCCCC)=O)O)=O)([C@]1(O)[H])[H])O","1-palmitoyl-GPI (16:0)","1-palmitoyl-GPI (16:0)",NA,NA,"HMDB0061695",NA,71296207,"LPI 16:0","LPI 16:0","LPI 16:0/0:0",35305,35305,35305,209,209,209,146820,146820,146820,"Neg","Neg","Neg",146820,35305,209,"Neg",0.176090165975678,0.175838967450748
-0.218602824521013,-0.241995294257039,-1.47959871441555,0.14000863834644,0.332736578786292,-5.09602716498426,100006644,"100006644","Lipid","Secondary Bile Acid Metabolism",3560,"NAMED","UCVGCHGIKFWAGH-WQVRBXQRSA-N","C[C@@]12[C@@](CCC3C2C[C@H](O)[C@@]4(C)C3CC[C@@H]4[C@@H](CCC(NCCS(O)(=O)=O)=O)C)([H])C[C@H](OS(O)(=O)=O)CC1","taurodeoxycholic acid 3-sulfate","taurodeoxycholic acid 3-sulfate",NA,NA,NA,NA,NA,NA,NA,NA,62889,62889,62889,209,209,209,220740,220740,220740,"Neg","Neg","Neg",220740,62889,209,"Neg",-0.176047466077639,-0.175796328465545
0.0691850215586604,0.00427688330497105,1.46458303856364,0.144060846825894,0.338183527441163,-5.1170396642604,100001654,"100001654","Lipid","Lysophospholipid",2786,"NAMED","LXUGKKVCSTYZFK-OSKOXSHBSA-N","[H]C(C(O)(C(O)([C@](O)1[H])[H])[H])([C@@](OP(O)(OC[C@@]([H])(COC(CCC/C=C\C/C=C\C/C=C\C/C=C\CCCCC)=O)O)=O)([C@]1(O)[H])[H])O","1-arachidonoyl-GPI (20:4)*","1-arachidonoyl-GPI (20:4)*",NA,NA,"HMDB0061690",NA,121596217,"LPI 20:4","LPI 20:4","LPI 20:4/0:0",34214,34214,34214,209,209,209,142524,142524,142524,"Neg","Neg","Neg",142524,34214,209,"Neg",0.174260852140078,0.17401226319266
0.209478140692965,-0.605275280789205,1.46351219058046,0.144353247882431,0.338183527441163,-5.11853010977076,100006005,"100006005","Lipid","Androgenic Steroids",3447,"NAMED","LERFMBCTNMFXCT-ILBJSTGGSA-N","C[C@@]12[C@](CCC3C2CC[C@@]4(C)C3CC[C@@H]4O)([H])C[C@H](OS(=O)(O)=O)CC1","5alpha-androstan-3alpha,17beta-diol monosulfate (2)","5alpha-androstan-3alpha,17beta-diol monosulfate (2)",NA,NA,NA,NA,121596225,NA,NA,NA,37185,37185,37185,209,209,209,144272,144272,144272,"Neg","Neg","Neg",144272,37185,209,"Neg",0.174133439165089,0.173885031976551
0.213258260208928,-0.0138932498187426,1.46034096708422,0.145221849832902,0.338183527441163,-5.12293763321685,100021093,"100021093","Lipid","Secondary Bile Acid Metabolism",3611,"NAMED","IJHJZQKOSUFQCX-WZJRQFJBSA-N","[H][C@@](CCC(NCCS(O)(=O)=O)=O)([C@]1(CC[C@]2([C@@]3([C@@H](C[C@@]4(C[C@H](S(O)(=O)=O)CC[C@@]4([C@]3(C[C@H]([C@]12C)O)[H])C)[H])O)[H])[H])[H])C","taurochenodeoxycholic acid 3-sulfate","taurochenodeoxycholic acid 3-sulfate",NA,24850141,"HMDB0002486",NA,52931550,NA,NA,NA,62890,62890,62890,209,209,209,220741,220741,220741,"Neg","Neg","Neg",220741,62890,209,"Neg",0.173756116682013,0.173508247756647
-0.0522449236244043,-0.0293738241543547,-1.45818670230104,0.145814196247358,0.338183527441163,-5.12592636252049,100009021,"100009021","Lipid","Plasmalogen",2849,"NAMED","DUUSFCFZBREELS-WWBBCYQPSA-N","[H][C@](OC(CCC/C=C\C/C=C\C/C=C\C/C=C\CCCCC)=O)(COP(OCC[N+](C)(C)C)([O-])=O)COCCCCCCCCCCCCCCCC","1-palmityl-2-arachidonoyl-GPC (O-16:0/20:4)*","1-palmityl-2-arachidonoyl-GPC (O-16:0/20:4)*",NA,4947173,"HMDB0243975",NA,10747814,"PC O-36:4","PC O-16:0_20:4","PC O-16:0/20:4",52718,52718,52718,402,402,402,165497,165497,165497,"Pos Late","Pos Late","Pos Late",165497,52718,402,"Pos Late",-0.173499795253342,-0.173252291979086
0.0315600338652968,-0.0231176312840473,1.44481535853831,0.149532224025185,0.340545990668378,-5.14437981071213,100001271,"100001271","Lipid","Lysophospholipid",2661,"NAMED","IHNKQIMGVNPMTC-RUZDIDTESA-N","O[C@H](COC(CCCCCCCCCCCCCCCCC)=O)COP(OCC[N+](C)(C)C)([O-])=O","1-stearoyl-GPC (18:0)","1-stearoyl-GPC (18:0)","19420-57-6",435389,"HMDB0010384",NA,497300,"LPC 18:0","LPC 18:0","LPC 18:0/0:0",33961,33961,33961,402,402,402,158603,158603,158603,"Pos Late","Pos Late","Pos Late",158603,33961,402,"Pos Late",0.171908829294432,0.171663595586452
0.0216699175150466,0.00389822098113891,1.4427622618232,0.150109530490517,0.340545990668378,-5.14719841033143,1537,"1537","Lipid","Phosphatidylcholine (PC)",2331,"NAMED","JLPULHDHAOZNQI-ZTIMHPMXSA-N","O=P([O-])(OC[C@@H](COC(CCCCCCCCCCCCCCC)=O)OC(CCCCCCC/C=C\C/C=C\CCCCC)=O)OCC[N+](C)(C)C","1-palmitoyl-2-linoleoyl-GPC (16:0/18:2)","1-palmitoyl-2-linoleoyl-GPC (16:0/18:2)","40811-94-7",4450224,"HMDB0007973",NA,5287971,"PC 34:2","PC 16:0_18:2","Unknown",42446,42446,42446,402,402,402,165129,165129,165129,"Pos Late","Pos Late","Pos Late",165129,42446,402,"Pos Late",0.171664545171456,0.171419659942966
0.117181564879724,-0.0615648636098994,1.4422680017904,0.150249033979849,0.340545990668378,-5.14787643864903,100001073,"100001073","Lipid","Androgenic Steroids",3418,"NAMED","ZMITXKRGXGRMKS-HLUDHZFRSA-N","C[C@]1([C@](CC2)([H])[C@]3([H])CC[C@@]4([H])C[C@H](OS(=O)(O)=O)CC[C@]4(C)[C@@]3([H])CC1)C2=O","androsterone sulfate","androsterone sulfate","2479-86-9",19988780,"HMDB0002759",NA,159663,NA,NA,NA,31591,31591,31591,209,209,209,126075,126075,126075,"Neg","Neg","Neg",126075,31591,209,"Neg",0.171605736505627,0.17136093516967
-0.0953678946830093,-0.0940322903601496,-1.44023353455562,0.150823192859383,0.340545990668378,-5.15066461933642,100001392,"100001392","Lipid","Fatty Acid Metabolism (Acyl Carnitine, Medium Chain)",1906,"NAMED","FUJLYHJROOYKRA-UHFFFAOYSA-N","[O-]C(CC(C[N+](C)(C)C)OC(CCCCCCCCCCC)=O)=O","laurylcarnitine (C12)","laurylcarnitine (C12)","25518-54-1",8602997,"HMDB0002250",NA,168381,NA,NA,NA,34534,34534,34534,402,402,402,158670,158670,158670,"Pos Late","Pos Late","Pos Late",158670,34534,402,"Pos Late",-0.171363668978796,-0.171119212960281
-0.171553902032478,-0.0518030506031897,-1.43870564252472,0.151255491959202,0.340545990668378,-5.15275600142563,100002021,"100002021","Lipid","Androgenic Steroids",3457,"NAMED","JHFAETDERBWUOO-ILSMVHKQSA-N","O=S(O[C@@H]1CCC2C3CC[C@@]4([H])C[C@@H](OS(=O)(O)=O)CC[C@]4(C)C3CC[C@@]21C)(O)=O","5alpha-androstan-3beta,17alpha-diol disulfate","5alpha-androstan-3beta,17alpha-diol disulfate",NA,NA,"HMDB0240625",NA,56639109,NA,NA,NA,37187,37187,37187,209,209,209,144291,144291,144291,"Neg","Neg","Neg",144291,37187,209,"Neg",-0.171181875416893,-0.170937678732989
0.0523421371549317,-0.0183150264032391,1.43051648443514,0.153588702248434,0.343670891736855,-5.16392803440086,1489,"1489","Lipid","Endocannabinoid",2207,"NAMED","HXYVTAGFYLMHSO-UHFFFAOYSA-N","CCCCCCCCCCCCCCCC(NCCO)=O","palmitoyl ethanolamide (16:0)","palmitoyl ethanolamide (16:0)","544-31-0",4509,"HMDB0002100","C16512",4671,NA,NA,NA,38165,38165,38165,209,209,402,127721,127721,159012,"Neg","Neg","Pos Late",159012,38165,402,"Pos Late",0.170207502759676,0.169964696051032
0.147327897057003,-0.258132727832425,1.42759138520801,0.154428738364872,0.343670891736855,-5.16790334873054,100002171,"100002171","Lipid","Lysophospholipid",2721,"NAMED","RVNBVQKDPQVSOY-NRFANRHFSA-N","O=P(OCCN)(O)OC[C@@H](O)COC(CCCCCCCCCCCCCCCC)=O","1-margaroyl-GPE (17:0)*","1-margaroyl-GPE (17:0)*",NA,NA,"HMDB0061691",NA,52925149,"LPE 17:0","LPE 17:0","LPE 17:0/0:0",37419,37419,37419,209,209,209,144194,144194,144194,"Neg","Neg","Neg",144194,37419,209,"Neg",0.169859464942432,0.169617154721402
0.12513636148583,-0.178023571030145,1.41691420444602,0.15752482244036,0.347436086607668,-5.18234590880956,100002008,"100002008","Lipid","Androgenic Steroids",3426,"NAMED","LERFMBCTNMFXCT-SKIFDASYSA-N","O[C@H]1C2(C)C(CC1)C(CCC3C4(C)CC[C@@H](OS(=O)(O)=O)C3)C4CC2","5alpha-androstan-3alpha,17alpha-diol monosulfate","5alpha-androstan-3alpha,17alpha-diol monosulfate",NA,NA,"HMDB0000412",NA,NA,NA,NA,NA,37183,37183,37183,209,209,209,144260,144260,144260,"Neg","Neg","Neg",144260,37183,209,"Neg",0.168589059257643,0.16834856131291
0.0878157861202767,0.0795928179138058,1.41480304814778,0.15814255741257,0.347436086607668,-5.18518891533381,100001182,"100001182","Lipid","Long Chain Polyunsaturated Fatty Acid (n3 and n6)",1622,"NAMED","HVGRZDASOHMCSK-AVQMFFATSA-N","CCCCC/C=C/C/C=C/CCCCCCCCCCCC(O)=O","docosadienoate (22:2n6)","docosadienoate (22:2n6)","7370-49-2",4445934,"HMDB0061714","C16533",5282807,NA,NA,NA,32415,32415,32415,209,209,209,125824,125824,125824,"Neg","Neg","Neg",125824,32415,209,"Neg",0.16833786701668,0.1680977274061
-0.11743294068909,0.0232335010573242,-1.41246808253073,0.158827925306363,0.347436086607668,-5.18832844651954,100009394,"100009394","Lipid","Long Chain Polyunsaturated Fatty Acid (n3 and n6)",1611,"NAMED","WPJGPAAPSBVXNU-HZJYTTRNSA-N","CCCCC/C=C\C/C=C\CCCCCC(O)=O","hexadecadienoate (16:2n6)","hexadecadienoate (16:2n6)","28290-73-5",13628094,"HMDB0000477",NA,13932172,NA,NA,NA,57652,57652,57652,209,209,209,212703,212703,212703,"Neg","Neg","Neg",212703,57652,209,"Neg",-0.168060045215232,-0.167820301926765
-0.0980284257071141,0.0980713504495805,-1.4007652121094,0.162297071992781,0.353019054899552,-5.20398672912058,180,"180","Lipid","Long Chain Polyunsaturated Fatty Acid (n3 and n6)",1612,"NAMED","OYHQOLUKZRVURQ-HZJYTTRNSA-N","OC(CCCCCCC/C=C\C/C=C\CCCCC)=O","linoleate (18:2n6)","linoleate (18:2n6)","60-33-3",4444105,"HMDB0006270,HMDB0000673","C01595",5280450,NA,NA,NA,1105,1105,1105,209,209,209,125969,125969,125969,"Neg","Neg","Neg",125969,1105,209,"Neg",-0.16666759963966,-0.166429842721486
0.0419124319199354,0.0377623838573376,1.3686328918879,0.172117251570572,0.372220469310253,-5.24631821318533,100009364,"100009364","Lipid","Phosphatidylcholine (PC)",2373,"NAMED","QLAPQVPZKNRKSF-FYBVJDQOSA-N","CCCCCCCCCCCCCCCCCC(OCC(OC(CC/C=C/C/C=C/CCCCCCCCCCCC)=O)COP([O-])(OCC[N+](C)(C)C)=O)=O","phosphatidylcholine (18:0/20:2, 20:0/18:2)*","phosphatidylcholine (18:0/20:2, 20:0/18:2)*",NA,NA,"HMDB0008143,HMDB0008045",NA,NA,"PC 38:2","Unknown","Unknown",53192,53192,53192,402,402,402,166622,166622,166622,"Pos Late","Pos Late","Pos Late",166622,53192,402,"Pos Late",0.162844391698833,0.162612088714954
-0.0314983957038467,-0.00736041440134077,-1.36288235750426,0.17392093677695,0.372220469310253,-5.25379173323636,100006298,"100006298","Lipid","Sphingomyelins",3172,"NAMED","QEDPUVGSSDPBMD-XTAIVQBESA-N","CCCCCCCCCCCCC/C=C/[C@@H](O)[C@@H](NC(CCCCCCCCCCCCCCCCCCCCCCC)=O)COP([O-])(OCC[N+](C)(C)C)=O","lignoceroyl sphingomyelin (d18:1/24:0)","lignoceroyl sphingomyelin (d18:1/24:0)","60037-60-7",24846875,"HMDB0011697",NA,NA,"SM 42:1;O2","SM 18:1;O2_24:0","SM 18:1;O2/24:0",57330,57330,57330,402,402,402,210828,210828,210828,"Pos Late","Pos Late","Pos Late",210828,57330,402,"Pos Late",-0.162160174419534,-0.161928847494541
0.0967597365113783,-0.00784807344533867,1.36255229582779,0.174025154482716,0.372220469310253,-5.25421972216011,171,"171","Nucleotide","Purine Metabolism, (Hypo)Xanthine/Inosine containing",4323,"NAMED","FDGQSTZJBFJUBT-UHFFFAOYSA-N","O=C1C(N=CN2)=C2N=CN1","hypoxanthine","hypoxanthine","68-94-0",768,"HMDB0000157","C00262",790135398638,NA,NA,NA,3127,3127,3127,209,400,209,124615,155485,124615,"Neg","Pos Early","Neg",155485,3127,400,"Pos Early",0.162120902608045,0.161889631705608
-0.036955919335499,-0.0456158968169824,-1.35714019103438,0.175736118316332,0.373803345589988,-5.26122337460367,1538,"1538","Lipid","Sphingomyelins",3169,"NAMED","LKQLRGMMMAHREN-YJFXYUILSA-N","CCCCCCCCCCCCCCCCCC(N[C@@](COP([O-])(OCC[N+](C)(C)C)=O)([C@](O)(/C=C/CCCCCCCCCCCCC)[H])[H])=O","stearoyl sphingomyelin (d18:1/18:0)","stearoyl sphingomyelin (d18:1/18:0)","85187-10-6,85187-10-6",4956085,"HMDB0001348","C00550",6453725,"SM 36:1;O2","SM 18:1;O2_18:0","SM 18:1;O2/18:0",19503,19503,19503,402,402,402,164530,164530,164530,"Pos Late","Pos Late","Pos Late",164530,19503,402,"Pos Late",-0.161476952781822,-0.1612466004954
-0.0359788785008838,0.0316267283805479,-1.34926902853626,0.178247327652997,0.377061654650571,-5.2713600611857,409,"409","Energy","TCA Cycle",1491,"NAMED","BJEPYKJPYRNKOW-UHFFFAOYSA-N","OC(C(O)=O)CC(O)=O","malate","malate","6915-15-7",510,"HMDB0031518,HMDB0000156,HMDB0000744","C00149,C00711,C00497",525,NA,NA,NA,1303,1303,1303,209,209,209,123199,123199,123199,"Neg","Neg","Neg",123199,1303,209,"Neg",-0.160540416274066,-0.160311399988369
-0.0728977831594145,-0.0344437798372273,-1.33672702507639,0.182304281453861,0.383536329834626,-5.28739159843088,100009123,"100009123","Lipid","Phosphatidylcholine (PC)",2318,"NAMED","GEINPYKZLFHHIL-HEXXMCQTSA-N","O=C(CCCCCCCCCCCCCC)OC[C@]([H])(COP(OCC[N+](C)(C)C)([O-])=O)OC(CC/C=C\C/C=C\C/C=C\C/C=C\C/C=C\C/C=C\CC)=O","1-pentadecanoyl-2-docosahexaenoyl-GPC (15:0/22:6)*","1-pentadecanoyl-2-docosahexaenoyl-GPC (15:0/22:6)*",NA,24766633,"HMDB0007958",NA,52922342,"PC 37:6","PC 15:0_22:6","Unknown",53197,53197,53197,402,402,402,166627,166627,166627,"Pos Late","Pos Late","Pos Late",166627,53197,402,"Pos Late",-0.159048127921059,-0.158821240434723
-0.17078008706843,-0.0891425047573035,-1.32237754934001,0.187029532209915,0.389932107427728,-5.30555212006319,100002796,"100002796","Lipid","Medium Chain Fatty Acid",1540,"NAMED","XKZKQTCECFWKBN-SREVYHEPSA-N","OC(CC\C=C/CCCCC)=O","cis-4-decenoate (10:1n6)*","cis-4-decenoate (10:1n6)*","505-90-8",4471776,"HMDB0004980",NA,5282726,NA,NA,NA,62873,62873,62873,209,209,209,220667,220667,220667,"Neg","Neg","Neg",220667,62873,209,"Neg",-0.157340780639448,-0.157116328741246
-0.0477231043419807,-0.0182190779866594,-1.31757326493607,0.188631712539754,0.389932107427728,-5.31158908851321,100015793,"100015793","Lipid","Sphingomyelins",3180,"NAMED","YHBBZTIPONDTRX-TVUHHANTSA-N","[H][C@](NC(CCCCCCCCCCCCCC)=O)(COP(OCC[N+](C)(C)C)([O-])=O)[C@@](O)([H])/C=C/CCCCCCCC/C=C\CCC","sphingomyelin (d17:2/16:0, d18:2/15:0)*","sphingomyelin (d17:2/16:0, d18:2/15:0)*",NA,NA,"HMDB0240677",NA,NA,"SM 33:2;O2","Unknown","Unknown",57483,57483,57483,402,402,402,211146,211146,211146,"Pos Late","Pos Late","Pos Late",211146,57483,402,"Pos Late",-0.156769151259543,-0.156545514809814
-0.104898930396376,-0.263490647547007,-1.31583235530503,0.189214668483649,0.389932107427728,-5.31377135386228,926,"926","Lipid","Medium Chain Fatty Acid",1534,"NAMED","FUZZWVXGSFPDMH-UHFFFAOYSA-N","CCCCCC(O)=O","caproate (6:0)","caproate (6:0)","142-62-1",8552,"HMDB0000535","C01585",8892,NA,NA,NA,32489,32489,32489,209,209,209,125850,125850,125850,"Neg","Neg","Neg",125850,32489,209,"Neg",-0.156562012170931,-0.156338671212057
0.0372598237814957,-0.0308955386744742,1.31523441803951,0.189415208738654,0.389932107427728,-5.31452022039851,100006296,"100006296","Lipid","Sphingomyelins",3191,"NAMED","BBJBWENPFZYXKM-CUYAXJSGSA-N","CCCCCCCCCCCCC/C=C/[C@@H](O)[C@@H](NC(CCCCCCCCCCC/C=C/C/C=C/CCCCC)=O)COP([O-])(OCC[N+](C)(C)C)=O","sphingomyelin (d18:1/22:2, d18:2/22:1, d16:1/24:2)*","sphingomyelin (d18:1/22:2, d18:2/22:1, d16:1/24:2)*",NA,NA,"HMDB0240670,HMDB0240672,HMDB0240669",NA,NA,"SM 40:3;O2","Unknown","Unknown",57477,57477,57477,402,402,402,211140,211140,211140,"Pos Late","Pos Late","Pos Late",211140,57477,402,"Pos Late",0.156490867650838,0.156267628182006
-0.0457466148251422,-0.0434158782513036,-1.31026910325963,0.191087031242743,0.389932107427728,-5.32072575056327,100009019,"100009019","Lipid","Plasmalogen",2850,"NAMED","GBNPCIWXLWZJGA-ADTCAWDJSA-N","CCCCCCCCCCCCCCCCCCOCC(OC(CCC/C=C/C/C=C/C/C=C/C/C=C/CCCCC)=O)COP([O-])(OCC[N+](C)(C)C)=O","1-stearyl-2-arachidonoyl-GPC (O-18:0/20:4)*","1-stearyl-2-arachidonoyl-GPC (O-18:0/20:4)*",NA,NA,"HMDB0013420",NA,NA,"PC O-38:4","PC O-18:0_20:4","PC O-18:0/20:4",57333,57333,57333,402,402,402,210831,210831,210831,"Pos Late","Pos Late","Pos Late",210831,57333,402,"Pos Late",-0.1559000783532,-0.155677681665107
-0.295589006383764,-0.659026044867543,-1.30889903067655,0.191550206554786,0.389932107427728,-5.322433962024,849,"849","Xenobiotics","Xanthine Metabolism",4795,"NAMED","RYYVLZVUVIJVGH-UHFFFAOYSA-N","O=C(N(C)C1=C2N(C)C=N1)N(C)C2=O","caffeine","caffeine","58-08-2",2424,"HMDB0001847","C07481",2519,NA,NA,NA,569,569,569,400,400,400,155325,155325,155325,"Pos Early","Pos Early","Pos Early",155325,569,400,"Pos Early",-0.155737062662361,-0.155514898521616
0.0382318552733253,0.00872628013719404,1.30629071050904,0.192434027042255,0.389932107427728,-5.32568121886215,100009037,"100009037","Lipid","Phosphatidylcholine (PC)",2362,"NAMED","ZSKWZJYUVZYDQU-WESJWMGVSA-N","O=C(CCCCCCCCCCCCCCCC)OC[C@]([H])(COP(OCC[N+](C)(C)C)([O-])=O)OC(CCCCCCC/C=C\C/C=C\CCCCC)=O","1-margaroyl-2-linoleoyl-GPC (17:0/18:2)*","1-margaroyl-2-linoleoyl-GPC (17:0/18:2)*",NA,NA,NA,NA,52922491,"PC 35:2","PC 17:0_18:2","Unknown",52500,52500,52500,402,402,402,165192,165192,165192,"Pos Late","Pos Late","Pos Late",165192,52500,402,"Pos Late",0.155426716247664,0.155204994826484
0.0532028847495231,0.00878110387495445,1.30124388678421,0.194153433993405,0.391356398363671,-5.3319459153134,100020276,"100020276","Lipid","Sphingomyelins",3176,"NAMED","VDFACZRLDXDTEB-WSYRTZMQSA-N","CCCCCCCCCCC/C=C/[C@@H](O)[C@@H](NC(CCCCCCCCCCCCCC)=O)COP(OCC[N+](C)(C)C)([O-])=O","sphingomyelin (d17:1/14:0, d16:1/15:0)*","sphingomyelin (d17:1/14:0, d16:1/15:0)*",NA,NA,NA,NA,NA,"SM 31:1;O2","Unknown","Unknown",62152,62152,62152,402,402,402,219058,219058,219058,"Pos Late","Pos Late","Pos Late",219058,62152,402,"Pos Late",0.154826228750723,0.154605363945087
-0.157005841257381,-0.0502005563458743,-1.29791964625698,0.195291974520238,0.391601094741102,-5.33605929898771,361,"361","Nucleotide","Purine Metabolism, (Hypo)Xanthine/Inosine containing",4322,"NAMED","UGQMRVRMYYASKQ-KQYNXXCUSA-N","O[C@H]1[C@H](N2C(N=CN=C3O)=C3N=C2)O[C@H](CO)[C@H]1O","inosine","inosine","58-63-9",21241953,"HMDB0000195","C00294",6021,NA,NA,NA,1123,1123,1123,209,209,209,123191,123191,123191,"Neg","Neg","Neg",123191,1123,209,"Neg",-0.154430699803753,-0.154210399233419
-0.225640331580686,-0.338363387245541,-1.28829455429152,0.198616265928013,0.396203432032565,-5.3479106344581,100021712,"100021712","Lipid","Secondary Bile Acid Metabolism",3552,"NAMED","GMRIQHBJNVMHJA-LLQZFEROSA-N","O[C@H]1C[C@]2([H])[C@]([C@@]3([H])C[C@H](OS(O)(=O)=O)[C@@]4(C)[C@](CC[C@@]4([C@H](C)CCC(O)=O)[H])([H])[C@]3([H])CC2)(C)CC1","deoxycholic acid 12-sulfate*","deoxycholic acid 12-sulfate*",NA,NA,NA,NA,NA,NA,NA,NA,63688,63688,63688,209,209,209,223114,223114,223114,"Neg","Neg","Neg",223114,63688,209,"Neg",-0.153285475064927,-0.153066808196075
-0.221700413351209,-0.471212769920198,-1.27941462515738,0.201719895719305,0.400320411607899,-5.3587670993039,100001743,"100001743","Amino Acid","Tryptophan Metabolism",271,"NAMED","AOHCBEAZXHZMOR-ZDUSSCGKSA-N","O=C([O-])[C@@H]([N@+](C)(C)C)CC1=CNC2=C1C=CC=C2","tryptophan betaine","tryptophan betaine","20671-76-5",390633,"HMDB0061115","C09213",442106,NA,NA,NA,37097,37097,37097,400,400,400,156317,156317,156317,"Pos Early","Pos Early","Pos Early",156317,37097,400,"Pos Early",-0.15222891222273,-0.152011752576192
-0.16204091725696,-0.233237531967189,-1.27428347358271,0.203529409784038,0.400601747407789,-5.36500651589307,100001232,"100001232","Lipid","Medium Chain Fatty Acid",1549,"NAMED","IJBFSOLHRKELLR-FPLPWBNLSA-N","CCCCCC\C=C/CCCC(O)=O","5-dodecenoate (12:1n7)","5-dodecenoate (12:1n7)","2430-94-6",4471803,"HMDB0000529",NA,5312378,NA,NA,NA,33968,33968,33968,209,209,209,126127,126127,126127,"Neg","Neg","Neg",126127,33968,209,"Neg",-0.151618391124016,-0.151402102406292
-0.0224624118232073,-0.0180362146161098,-1.273115475162,0.203942707771238,0.400601747407789,-5.36642342461198,100006295,"100006295","Lipid","Sphingomyelins",3190,"NAMED","VBFKEZGCUWHGSK-ADSSWVSQSA-N","CCCCCCCCCCCCC/C=C/[C@@H](O)[C@@H](NC(CCCCCCCCCCC/C=C\CCCCCCCC)=O)COP([O-])(OCC[N+](C)(C)C)=O","sphingomyelin (d18:1/22:1, d18:2/22:0, d16:1/24:1)*","sphingomyelin (d18:1/22:1, d18:2/22:0, d16:1/24:1)*",NA,29368329,"HMDB0012104",NA,NA,"SM 40:2;O2","Unknown","Unknown",48493,48493,48493,402,402,402,164535,164535,164535,"Pos Late","Pos Late","Pos Late",164535,48493,402,"Pos Late",-0.151479418874077,-0.151263328404927
-0.176853127025358,-0.405747653492557,-1.26654935383855,0.206279261532752,0.403134597411723,-5.37436425077286,100001400,"100001400","Xenobiotics","Xanthine Metabolism",4799,"NAMED","QFDRTQONISXGJA-UHFFFAOYSA-N","CN1C(NC(N2)=C(C1=O)NC2=O)=O","1-methylurate","1-methylurate","708-79-2",62926,"HMDB0003099","C16359",69726,NA,NA,NA,34395,34395,34395,400,400,400,156098,156098,156098,"Pos Early","Pos Early","Pos Early",156098,34395,400,"Pos Early",-0.150698160408731,-0.150483184430973
-0.0234856579252405,-0.0246538371794393,-1.26064695503757,0.208395766479452,0.404747740415629,-5.3814679332745,100004329,"100004329","Lipid","Sphingomyelins",3181,"NAMED","IWHLTJGDYLJQSH-FLPFCPAFSA-N","CCCCC/C=C/CCCCCCCCC(N[C@@](COP([O-])(OCC[N+](C)(C)C)=O)([C@](O)(/C=C/CCCCCCCCCCCCC)[H])[H])=O","sphingomyelin (d18:2/16:0, d18:1/16:1)*","sphingomyelin (d18:2/16:0, d18:1/16:1)*",NA,NA,"HMDB0240638,HMDB0240613",NA,NA,"SM 34:2;O2","Unknown","Unknown",42459,42459,42459,402,402,402,161023,161023,161023,"Pos Late","Pos Late","Pos Late",161023,42459,402,"Pos Late",-0.149995873807257,-0.149781899664879
0.029248724142986,-0.0365049083218624,1.25839572085819,0.209207273617429,0.404747740415629,-5.38416866155954,100004328,"100004328","Lipid","Sphingomyelins",3177,"NAMED","KYICBZWZQPCUMO-PSALXKTOSA-N","CCCCCCCCCCCCCC(N[C@@](COP([O-])(OCC[N+](C)(C)C)=O)([C@](O)(/C=C/CCCCCCCCCCCCC)[H])[H])=O","sphingomyelin (d18:1/14:0, d16:1/16:0)*","sphingomyelin (d18:1/14:0, d16:1/16:0)*",NA,9608732,"HMDB0012097",NA,11433862,"SM 32:1;O2","Unknown","Unknown",42463,42463,42463,402,402,402,164531,164531,164531,"Pos Late","Pos Late","Pos Late",164531,42463,402,"Pos Late",0.149728014644522,0.149514422612219
-0.0418245092221121,-0.0149975001258974,-1.24065535482723,0.215683023246643,0.415189819749787,-5.40528393723225,100015790,"100015790","Lipid","Sphingomyelins",3189,"NAMED","SDUGEKJCGFHJRC-GKPQAQNZSA-N","CCC/C=C/CCCCCCCC/C=C/[C@@H](O)[C@@H](NC(CCCCCCCCCCCCCCCCCCCC)=O)COP([O-])(OCC[N+](C)(C)C)=O","sphingomyelin (d18:2/21:0, d16:2/23:0)*","sphingomyelin (d18:2/21:0, d16:2/23:0)*",NA,NA,"HMDB0240676",NA,NA,"SM 39:2;O2","Unknown","Unknown",57480,57480,57480,402,402,402,211143,211143,211143,"Pos Late","Pos Late","Pos Late",211143,57480,402,"Pos Late",-0.147617208209905,-0.147406627313742
-0.036407745254172,-0.0707286310356519,-1.23689716347039,0.217072996163077,0.41578658469047,-5.40971915558191,100001359,"100001359","Energy","TCA Cycle",1481,"NAMED",NA,NA,"aconitate [cis or trans]","aconitate [cis or trans]",NA,NA,"HMDB0000958,HMDB000072","C004174,C02341",444212643757,NA,NA,NA,46173,46173,46173,209,209,209,144239,144239,144239,"Neg","Neg","Neg",144239,46173,209,"Neg",-0.147170046382201,-0.146960103377376
-0.0919527320654576,0.0526827322180938,-1.2158035722504,0.224996435188917,0.427320708676212,-5.43436472569999,100001198,"100001198","Lipid","Long Chain Monounsaturated Fatty Acid",1571,"NAMED","YWWVWXASSLXJHU-WAYWQWQTSA-N","O=C(CCCCCCC/C=C\CCCC)O","myristoleate (14:1n5)","myristoleate (14:1n5)","544-64-9",4444564,"HMDB0002000","C08322",5281119,NA,NA,NA,32418,32418,32418,209,209,209,125828,125828,125828,"Neg","Neg","Neg",125828,32418,209,"Neg",-0.144660262311306,-0.144453899597595
0.0786941189967076,-0.0422754430550006,1.21496788922614,0.225314555483821,0.427320708676212,-5.43533249399883,100015834,"100015834","Lipid","Fatty Acid Metabolism (Acyl Carnitine, Long Chain Saturated)",1914,"NAMED","YDUFZFUYBBPVLJ-UHFFFAOYSA-N","O=C(CCCCCCCCCCCCCCCCCCCCCCC)OC(C[N+](C)(C)C)CC([O-])=O","lignoceroylcarnitine (C24)*","lignoceroylcarnitine (C24)*",NA,NA,"HMDB0240665",NA,NA,NA,NA,NA,57515,57515,57515,402,402,402,211216,211216,211216,"Pos Late","Pos Late","Pos Late",211216,57515,402,"Pos Late",0.144560830027787,0.144354609157562
0.0484232798322099,-0.105468909692977,1.21113286105635,0.226778333627126,0.427988521796292,-5.43976536585096,100002063,"100002063","Lipid","Lysophospholipid",2693,"NAMED","BIEOSECQPGGZMF-AQWHIBQFSA-N","O=C(OC[C@@](O)([H])COP(OCC[N+](C)(C)C)([O-])=O)CCCCC/C=C\C/C=C\C/C=C\C/C=C\C/C=C\CC","1-docosapentaenoyl-GPC (22:5n3)*","1-docosapentaenoyl-GPC (22:5n3)*",NA,NA,"HMDB0010403",NA,NA,"LPC 22:5","LPC 22:5(7,10,13,16,19)","LPC 22:5(7,10,13,16,19)/0:0",37231,37231,37231,402,402,402,158890,158890,158890,"Pos Late","Pos Late","Pos Late",158890,37231,402,"Pos Late",0.144104525906237,0.143898955969139
-0.136795094942969,-0.283351393876519,-1.20677065890626,0.228452125094598,0.429044234933758,-5.44479042689951,100021136,"100021136","Lipid","Fatty Acid Metabolism (Acyl Carnitine, Monounsaturated)",1924,"NAMED","YMJNFVUJNDWLND-ZHACJKMWSA-N","O=C(C/C([H])=C(CCCCCC)\[H])OC(CC([O-])=O)C[N+](C)(C)C","3-decenoylcarnitine","3-decenoylcarnitine",NA,NA,"HMDB0241067",NA,NA,NA,NA,NA,63361,63361,63361,402,402,402,222432,222432,222432,"Pos Late","Pos Late","Pos Late",222432,63361,402,"Pos Late",-0.143585496910362,-0.143380667385525
0.0288430914850284,-0.0372304725178812,1.19305833117295,0.233770082619972,0.436900397129559,-5.46047007806326,100009131,"100009131","Lipid","Phosphatidylcholine (PC)",2410,"NAMED","ZZSZQATYGVHNLZ-PUMLCSCDSA-N","O=C(CCCCCCC/C=C\C/C=C\CCCCC)OC[C@]([H])(COP(OCC[N+](C)(C)C)([O-])=O)OC(CCC/C=C\C/C=C\C/C=C\C/C=C\CCCCC)=O","1-linoleoyl-2-arachidonoyl-GPC (18:2/20:4n6)*","1-linoleoyl-2-arachidonoyl-GPC (18:2/20:4n6)*",NA,24766809,"HMDB0008147","C05208",24778979,"PC 38:6","PC 18:2_20:4(5,8,11,14)","Unknown",52710,52710,52710,402,402,402,165488,165488,165488,"Pos Late","Pos Late","Pos Late",165488,52710,402,"Pos Late",0.141953959569895,0.14175145748777
-0.0424092547310204,-0.054849130601437,-1.18525708106029,0.236835034866459,0.44049028223955,-5.46931115351109,100015620,"100015620","Lipid","Lactosylceramides (LCER)",3154,"NAMED","MKOKWBRPIBQYJJ-WZBOJYASSA-N","[H][C@](NC(CCCCCCCCCCCCC/C=C\CCCCCCCC)=O)(CO[C@H]1[C@H](O)[C@@H](O)[C@H](O[C@H]2[C@H](O)[C@@H](O)[C@@H](O)[C@H](O2)CO)[C@H](O1)CO)[C@@](O)([H])/C=C/CCCCCCCCCCCCC","lactosyl-N-nervonoyl-sphingosine (d18:1/24:1)*","lactosyl-N-nervonoyl-sphingosine (d18:1/24:1)*",NA,24846896,"HMDB0004872",NA,NA,"LacCer 42:1;O2","LacCer 18:1;O2_24:1","LacCer 18:1;O2/24:1",57370,57370,57370,402,402,402,210897,210897,210897,"Pos Late","Pos Late","Pos Late",210897,57370,402,"Pos Late",-0.141025741465087,-0.140824563517205
-0.0436793558851481,0.00200722126542118,-1.16533200577179,0.244791790620909,0.450128672499764,-5.49163164438445,100002060,"100002060","Lipid","Lysophospholipid",2751,"NAMED","XEVRBOQZSXWGQO-FJXNLOIUSA-N","NCCOP(OC[C@](O)([H])COC(CC\C=C/C/C=C\C/C=C\C/C=C\C/C=C\C/C=C\CC)=O)(O)=O","1-docosahexaenoyl-GPE (22:6)*","1-docosahexaenoyl-GPE (22:6)*",NA,NA,"HMDB0011526",NA,NA,"LPE 22:6","LPE 22:6","LPE 22:6/0:0",44633,44633,44633,402,402,402,159616,159616,159616,"Pos Late","Pos Late","Pos Late",159616,44633,402,"Pos Late",-0.138654991219246,-0.138457195226066
-0.0573260499481868,-0.0578486141013715,-1.16322788530086,0.245642914869545,0.450128672499764,-5.49396684001532,100008989,"100008989","Lipid","Phosphatidylcholine (PC)",2343,"NAMED","KLTHQSWIRFFBRI-RWSHWRRPSA-N","CCCCCCCCCCCCCCCC(OCC(OC(CCC/C=C/C/C=C/C/C=C/C/C=C/C/C=C/CC)=O)COP([O-])(OCC[N+](C)(C)C)=O)=O","1-palmitoyl-2-eicosapentaenoyl-GPC (16:0/20:5)*","1-palmitoyl-2-eicosapentaenoyl-GPC (16:0/20:5)*",NA,NA,"HMDB0007984",NA,24778723,"PC 36:5","PC 16:0_20:5","Unknown",52463,52463,52463,402,402,402,165130,165130,165130,"Pos Late","Pos Late","Pos Late",165130,52463,402,"Pos Late",-0.138404636123895,-0.138207197270651
-0.175480246485149,-0.180016017449749,-1.16256735354406,0.245910531919604,0.450128672499764,-5.49469904922497,100001658,"100001658","Lipid","Secondary Bile Acid Metabolism",3572,"NAMED","HSNPMXROZIQAQD-VUIPEFFGSA-N","C[C@@]([C@]([C@@](CC1)([H])[C@@]2([H])[C@](CC3)(C)[C@]1([H])C[C@@H]3OS(=O)(O)=O)(CC4)[H])(CC2)[C@]4([H])[C@H](C)CCC(NCCS(O)(=O)=O)=O","taurolithocholate 3-sulfate","taurolithocholate 3-sulfate","64936-83-0",389078,"HMDB0002580","C03642",440071,NA,NA,NA,36850,36850,36850,209,209,209,128309,128309,128309,"Neg","Neg","Neg",128309,36850,209,"Neg",-0.138326043907697,-0.138128717168885
-0.181418277552881,-0.304003658148778,-1.15791477431529,0.247801362432467,0.450128672499764,-5.49984482810211,100001402,"100001402","Xenobiotics","Xanthine Metabolism",4809,"NAMED","RDZNZFGKEVDNPK-UHFFFAOYSA-N","O=C(NC(NC=O)=C1NC(C)=O)N(C)C1=O","5-acetylamino-6-formylamino-3-methyluracil","5-acetylamino-6-formylamino-3-methyluracil","85438-96-6",97287,"HMDB0011105","C16365",108214,NA,NA,NA,34401,34401,34401,305,305,305,165248,165248,165248,"Polar","Polar","Polar",165248,34401,305,"Polar",-0.137772464902816,-0.137575927863011
-0.0321301118164128,-0.0685566736288888,-1.15776279794429,0.247863061220649,0.450128672499764,-5.50001273421417,100006379,"100006379","Amino Acid","Tryptophan Metabolism",268,"NAMED","CPXSBHKDEPPWIX-RAYCSJGISA-N","N[C@H](C(O)=O)CC1=C([C@H]([C@H]([C@@H](O)[C@@H]2O)O)O[C@@H]2CO)NC3=CC=CC=C13","C-glycosyltryptophan","C-glycosyltryptophan","180509-18-6",9157171,"HMDB0240296",NA,10981970,NA,NA,NA,48782,48782,48782,400,209,400,157831,155139,157831,"Pos Early","Neg","Pos Early",157831,48782,400,"Pos Early",-0.13775438226003,-0.137557871015722
-0.0538552431274382,-0.071804859502975,-1.14566117106329,0.252830142527602,0.456993450108576,-5.51329953625874,100021103,"100021103","Lipid","Pregnenolone Steroids",3329,"NAMED","HIYOTPJZDPVBTL-HXOPQMAFSA-N","O[C@H]1C2=C[C@@H](OS(=O)(O)=O)CC[C@]2(C)C3CC[C@@]4(C)C(CCC4[C@H](O)C)C3C1","pregnenetriol sulfate*","pregnenetriol sulfate*",NA,NA,NA,NA,129671303,NA,NA,NA,62922,62922,62922,209,209,209,220778,220778,220778,"Neg","Neg","Neg",220778,62922,209,"Neg",-0.136314491344298,-0.136120034152651
0.0385997999944623,0.00253811554795451,1.11090904252951,0.267479232397683,0.479084265369793,-5.55068622146531,100008903,"100008903","Lipid","Phosphatidylcholine (PC)",2404,"NAMED","FVXDQWZBHIXIEJ-LNDKUQBDSA-N","CCCCC/C=C\C/C=C\CCCCCCCC(OC[C@@H](OC(CCCCCCC/C=C\C/C=C\CCCCC)=O)COP([O-])(OCC[N+](C)(C)C)=O)=O","1,2-dilinoleoyl-GPC (18:2/18:2)","1,2-dilinoleoyl-GPC (18:2/18:2)","998-06-1",4450312,"HMDB0008138",NA,5288075,"PC 36:4","PC 18:2_18:2","PC 18:2/18:2",52603,52603,52603,402,402,402,165331,165331,165331,"Pos Late","Pos Late","Pos Late",165331,52603,402,"Pos Late",0.132179570091954,0.131991011504091
0.0656988749821399,0.0850258906159022,1.11076635587669,0.267540563777936,0.479084265369793,-5.55083737169606,100001778,"100001778","Lipid","Lysophospholipid",2780,"NAMED","SAHCQBPGXQFTRA-WNOZMNFTSA-N","[H]C(C(O)(C(O)([C@](O)1[H])[H])[H])([C@@](OP(O)(OC[C@@]([H])(COC(CCCCCCC/C=C\C/C=C\CCCCC)=O)O)=O)([C@]1(O)[H])[H])O","1-linoleoyl-GPI (18:2)*","1-linoleoyl-GPI* (18:2)*",NA,NA,"HMDB0240597",NA,11124828,"LPI 18:2","LPI 18:2","LPI 18:2/0:0",36594,36594,36594,209,209,209,146822,146822,146822,"Neg","Neg","Neg",146822,36594,209,"Neg",0.132162592770045,0.1319740584009
0.094714159976714,-0.0226329109181103,1.09380876151433,0.274898749745569,0.489981567833537,-5.56866369808152,1087,"1087","Lipid","Long Chain Monounsaturated Fatty Acid",1592,"NAMED","DPUOLQHDNGRHBS-KTKRTIGZSA-N","OC(CCCCCCCCCCC\C=C/CCCCCCCC)=O","erucate (22:1n9)","erucate (22:1n9)","112-86-7",7924,"HMDB0002068","C08316",82165281116,NA,NA,NA,1552,1552,1552,209,209,209,125983,125983,125983,"Neg","Neg","Neg",125983,1552,209,"Neg",0.130144923053803,0.129959266958149
0.0777213230938512,0.0363454957944028,1.07351704182862,0.283884629249572,0.503666277700853,-5.58963743794501,100001193,"100001193","Lipid","Long Chain Polyunsaturated Fatty Acid (n3 and n6)",1620,"NAMED","TWSWSIQAPQLDBP-CGRWFSSPSA-N","O=C(CCCCC/C=C/C/C=C/C/C=C/C/C=C/CCCCC)O","adrenate (22:4n6)","adrenate (22:4n6)","2091-25-0",4445971,"HMDB0002226","C16527",52828445497181,NA,NA,NA,32980,32980,32980,209,209,209,125866,125866,125866,"Neg","Neg","Neg",125866,32980,209,"Neg",0.127730548265408,0.127548336356327
0.0367141406439682,-0.074034002196735,1.06737355796045,0.286643935210226,0.506181220266364,-5.59591075562201,100001551,"100001551","Lipid","Lysophospholipid",2685,"NAMED","LAXQYRRMGGEGOH-JXRLJXCWSA-N","C[N+](C)(C)CCOP(OC[C@@](O)([H])COC(CCC\C=C/C\C=C/C/C=C\C/C=C\CCCCC)=O)([O-])=O","1-arachidonoyl-GPC (20:4n6)*","1-arachidonoyl-GPC (20:4n6)*",NA,21403155,"HMDB0010395","C05208",24779476,"LPC 20:4","LPC 20:4(5,8,11,14)","LPC 20:4/0:0",33228,33228,33228,402,402,402,158552,158552,158552,"Pos Late","Pos Late","Pos Late",158552,33228,402,"Pos Late",0.126999576578732,0.126818407425267
0.0949107652727428,0.0188186292539328,1.06452095507343,0.287931655164503,0.506181220266364,-5.5988112234532,181,"181","Lipid","Medium Chain Fatty Acid",1547,"NAMED","POULHZVOKOAJMA-UHFFFAOYSA-N","O=C(O)CCCCCCCCCCC","laurate (12:0)","laurate (12:0)","143-07-7",3756,"HMDB0000638","C02679",3893,NA,NA,NA,1645,1645,1645,209,209,209,125740,125740,125740,"Neg","Neg","Neg",125740,1645,209,"Neg",0.126660164611762,0.126479479640847
0.0862956241592477,-0.033510133418171,1.06002363909044,0.28996943192746,0.507446505873055,-5.60336865395011,100001777,"100001777","Lipid","Lysophospholipid",2778,"NAMED","UGDOFRYHDCDVHD-JCASDCETSA-N","[H]C(C(O)(C(O)([C@](O)1[H])[H])[H])([C@@](OP(O)(OC[C@@]([H])(COC(CCCCCCC/C=C\CCCCCCCC)=O)O)=O)([C@]1(O)[H])[H])O","1-oleoyl-GPI (18:1)","1-oleoyl-GPI (18:1)",NA,NA,"HMDB0061693",NA,86289645,"LPI 18:1","LPI 18:1","LPI 18:1/0:0",36602,36602,36602,209,209,209,146821,146821,146821,"Neg","Neg","Neg",146821,36602,209,"Neg",0.126125059332714,0.125945137707418
-0.0584518375252858,-0.129876749977685,-1.05351565793968,0.292935496052232,0.508132738252076,-5.60992972346321,100001994,"100001994","Lipid","Androgenic Steroids",3432,"NAMED","UWPTUYJASNIIJM-QJIZPQHZSA-N","C[C@]12C(CCC3C1CC[C@]4(C3CC[C@@H]4OS(=O)(O)=O)C)=C[C@H](CC2)OS(=O)(O)=O","androstenediol (3beta,17beta) disulfate (2)","androstenediol (3beta,17beta) disulfate (2)",NA,NA,"HMDB0240313",NA,87120982,NA,NA,NA,37203,37203,37203,209,209,209,144269,144269,144269,"Neg","Neg","Neg",144269,37203,209,"Neg",-0.125350718574163,-0.125171901571917
-0.0278201230396839,-0.0333991648185348,-1.05337148790453,0.293001215303794,0.508132738252076,-5.61007480617523,100009030,"100009030","Lipid","Lactosylceramides (LCER)",3150,"NAMED","HLIJNIKSBCIDGO-QKLMXXKVSA-N","O=C(CCCCCCCCCCCCCCC)N[C@@]([C@]([H])(O)/C=C/CCCCCCCCCCCCC)([H])CO[C@H](O1)[C@H](O)[C@@H](O)[C@@H]([C@H]1CO)O[C@H](O2)[C@H](O)[C@@H](O)[C@H]([C@H]2CO)O","lactosyl-N-palmitoyl-sphingosine (d18:1/16:0)","lactosyl-N-palmitoyl-sphingosine (d18:1/16:0)","4201-62-1",NA,"HMDB0006750",NA,53477895,"LacCer 34:1;O2","LacCer 18:1;O2_16:0","LacCer 18:1;O2/16:0",53010,53010,53010,402,402,402,166340,166340,166340,"Pos Late","Pos Late","Pos Late",166340,53010,402,"Pos Late",-0.1253335647546,-0.125154772222853
-0.0801133064737016,0.0633992738915508,-1.04987796684449,0.29460228934013,0.508618302223992,-5.61357961715213,100009343,"100009343","Lipid","Phosphatidylcholine (PC)",2405,"NAMED","HZGAVPNEGHQJID-UNBCHYIMSA-N","O=C(CCCCCCC/C=C\C/C=C\CCCCC)OC[C@]([H])(COP(OCC[N+](C)(C)C)([O-])=O)OC(CCCCCCC/C=C\C/C=C\C/C=C\CC)=O","1-linoleoyl-2-linolenoyl-GPC (18:2/18:3)*","1-linoleoyl-2-linolenoyl-GPC (18:2/18:3)*",NA,24766802,"HMDB0008141",NA,52922731,"PC 36:5","PC 18:2_18:3","Unknown",53176,53176,53176,402,402,402,166602,166602,166602,"Pos Late","Pos Late","Pos Late",166602,53176,402,"Pos Late",-0.124917894259407,-0.124739694695556
0.0435199067847605,-0.000144008248844092,1.03621047135399,0.30092174537557,0.517209249864261,-5.62718097371001,100001948,"100001948","Energy","TCA Cycle",1487,"NAMED","HAEVNYBCYZZDFL-UHFFFAOYSA-N","[O-]C(CC(C[N+](C)(C)C)OC(CCC(O)=O)=O)=O","succinylcarnitine (C4-DC)","succinylcarnitine (C4-DC)","256928-74-2",28639166,"HMDB0061717",NA,71464481,NA,NA,NA,37058,37058,37058,400,400,400,156287,156287,156287,"Pos Early","Pos Early","Pos Early",156287,37058,400,"Pos Early",0.123291691204965,0.123115811474288
-0.17827737551369,-0.479340036113862,-1.02799359510135,0.304764359068584,0.521485681072911,-5.6352729304754,100001397,"100001397","Xenobiotics","Xanthine Metabolism",4804,"NAMED","BYXCFUMGEBZDDI-UHFFFAOYSA-N","CN(C(N1C)=O)C(NC2=O)=C(N2C)C1=O","1,3,7-trimethylurate","1,3,7-trimethylurate","5415-44-1",71754,"HMDB0002123","C16361",79437,NA,NA,NA,34404,34404,34404,209,209,209,126930,126930,126930,"Neg","Neg","Neg",126930,34404,209,"Neg",-0.12231402055058,-0.122139535499865
-0.0267216272432064,-0.0316125189497426,-1.02502443670487,0.306160685143392,0.521556919381442,-5.63818141178948,100008920,"100008920","Lipid","Sphingomyelins",3182,"NAMED","YMQZQHIESOAPQH-JXGHDCMNSA-N","O=C(N[C@@]([C@]([H])(O)/C=C/CCCCCCCCCCCCC)([H])COP([O-])(OCC[N+](C)(C)C)=O)CCCCCCCCCCCCCCCC","sphingomyelin (d18:1/17:0, d17:1/18:0, d19:1/16:0)","sphingomyelin (d18:1/17:0, d17:1/18:0, d19:1/16:0)","121999-64-2",NA,"HMDB0240620,HMDB0240609,HMDB0240622",NA,46891763,"SM 35:1;O2","Unknown","Unknown",52615,52615,52615,402,402,402,165347,165347,165347,"Pos Late","Pos Late","Pos Late",165347,52615,402,"Pos Late",-0.121960740430104,-0.121786759345325
-0.0202110266831747,-0.0237881395318392,-1.01406732180505,0.311351186736299,0.52806258543381,-5.6488416094431,100001456,"100001456","Nucleotide","Purine Metabolism, Guanine containing",4389,"NAMED","FZWGECJQACGGTI-UHFFFAOYSA-N","O=C1C(N2C)=C(N=C2)N=C(N)N1","7-methylguanine","7-methylguanine","578-76-7",10883,"HMDB0000897","C02242",135398679,NA,NA,NA,35114,35114,35114,400,400,400,156140,156140,156140,"Pos Early","Pos Early","Pos Early",156140,35114,400,"Pos Early",-0.120657027271367,-0.120484905977114
0.0413669293018832,-0.0708905143247369,1.00288034282078,0.316710611783335,0.534796427792035,-5.6596078737844,1111,"1111","Amino Acid","Tyrosine Metabolism",208,"NAMED","CGQCWMIAEPEHNQ-UHFFFAOYSA-N","OC(C(O)=O)C1=CC=C(O)C(OC)=C1","vanillylmandelate (VMA)","vanillylmandelate (VMA)","55-10-7",1207,"HMDB0000291","C05584",1245,NA,NA,NA,1567,1567,1567,209,209,209,124579,124579,124579,"Neg","Neg","Neg",124579,1567,209,"Neg",0.119325964136439,0.11915574164837
-0.159027290996304,-0.68431157824125,-0.995966657983699,0.320052899125229,0.538080201586084,-5.6662023675178,100021991,"100021991","Lipid","Fatty Acid Metabolism (Acyl Carnitine, Hydroxy)",1970,"NAMED","RCXSFDNDEVSQNG-UHFFFAOYSA-N","[O-]C(CC(OC(C(O)CCCCCC)=O)C[N+](C)(C)C)=O","3-hydroxyoctanoylcarnitine (2)","3-hydroxyoctanoylcarnitine (2)",NA,NA,NA,NA,NA,NA,NA,NA,64394,64394,64394,400,400,400,237478,237478,237478,"Pos Early","Pos Early","Pos Early",237478,64394,400,"Pos Early",-0.118503351434111,-0.118334302430638
0.10832179664764,-0.116932468816608,0.987166325454408,0.324340656989121,0.539118616996572,-5.67453085941467,100001279,"100001279","Lipid","Secondary Bile Acid Metabolism",3595,"NAMED","DKPMWHFRUGMUKF-OAEKOJLISA-N","C[C@]12CC[C@@H](O)C[C@@]1([H])[C@@H](O)[C@@H](O)C3C2CC[C@@]4(C)C3CCC4C(CCC(O)=O)C","hyocholate (gamma-muricholate)","hyocholate","547-75-1",21403098,"HMDB0000760","C17649",92805,NA,NA,NA,34093,34093,34093,209,209,209,126896,126896,126896,"Neg","Neg","Neg",126896,34093,209,"Neg",0.117456259254773,0.117288703963397
-0.14455829644174,-0.338549980339576,-0.986957935117773,0.324442643846535,0.539118616996572,-5.67472718672437,100009332,"100009332","Lipid","Fatty Acid Metabolism (Acyl Choline)",1997,"NAMED","XUWOVXDQNYUPNL-WYTUUNCASA-N","O=C(CCC/[C-]=C/C/C=C/C/C=C/C/C=C/CCCCC)OCC[N+](C)(C)C","arachidonoylcholine","arachidonoylcholine",NA,NA,"HMDB0240583",NA,122198216,NA,NA,NA,53261,53261,53261,402,402,402,179347,179347,179347,"Pos Late","Pos Late","Pos Late",179347,53261,402,"Pos Late",-0.117431464294922,-0.117263944374387
0.0401091574211334,-0.939590450447615,0.986081746125883,0.324871478294038,0.539118616996572,-5.67555240109834,NA,"GABR",NA,NA,NA,NA,NA,NA,"GABR",NA,NA,NA,NA,NA,NA,NA,NA,NA,NA,NA,NA,NA,NA,NA,NA,NA,NA,NA,NA,NA,NA,NA,NA,NA,0.117327212479667,0.117159841277841
0.0560385542511959,-0.0764677002116156,0.974100031799768,0.330775918433753,0.54589665876058,-5.68676113628939,100015836,"100015836","Lipid","Fatty Acid Metabolism (Acyl Carnitine, Monounsaturated)",1935,"NAMED","ONGUASHYQLGIFC-OCOZRVBESA-N","O=C(OC(C[N+](C)(C)C)CC([O-])=O)CCC/C=C/CCCCCCCCCCCCCCCCCCCC","ximenoylcarnitine (C26:1)*","ximenoylcarnitine (C26:1)*",NA,NA,NA,NA,NA,NA,NA,NA,57517,57517,57517,402,402,402,211218,211218,211218,"Pos Late","Pos Late","Pos Late",211218,57517,402,"Pos Late",0.11590158914962,0.115736251647266
0.0976717721999291,-0.19431939563036,0.972052667140799,0.331791735454482,0.54589665876058,-5.68866283321235,100004182,"100004182","Lipid","Secondary Bile Acid Metabolism",3609,"NAMED","HIAJCGFYHIANNA-QIZZZRFXSA-N","O[C@@H]1CC2=CC[C@@]([C@@]3([H])[C@@]2(C)CC1)([H])[C@@]4([H])[C@@](CC3)(C)[C@]([C@H](C)CCC(O)=O)([H])CC4","3beta-hydroxy-5-cholenoate","3beta-hydroxy-5-cholenoate","5255-17-4",83950,"HMDB0000308",NA,92997,NA,NA,NA,43507,43507,43507,209,209,209,144005,144005,144005,"Neg","Neg","Neg",144005,43507,209,"Neg",0.115657987045321,0.115492997049536
-0.0650556335926163,-0.0536472214478936,-0.960775385458169,0.33742332497956,0.552799915392045,-5.69906648720356,100008930,"100008930","Lipid","Long Chain Monounsaturated Fatty Acid",1578,"NAMED","ZQPPMHVWECSIRJ-KTKRTIGZSA-N","OC(CCCCCCC/C=C\CCCCCCCC)=O","oleate/vaccenate (18:1)","oleate/vaccenate (18:1)",NA,NA,"HMDB0003231,HMDB0000573,HMDB0240219,HMDB0000207","C21944,C08367,C01712,C00712",5.28276163751752e+25,NA,NA,NA,52285,52285,52285,209,209,209,164313,164313,164313,"Neg","Neg","Neg",164313,52285,209,"Neg",-0.114316179401717,-0.114153103539517
0.0160526923981555,0.00364018300382986,0.943932790184832,0.345948140062261,0.564364550525299,-5.71437986760562,1242,"1242","Nucleotide","Purine Metabolism, Adenine containing",4356,"NAMED","GFYLSDSUCHVORB-IOSLPCCCSA-N","N=C1C2=C(N([C@@]3([H])[C@@](O)([H])[C@@](O)([H])[C@](CO)([H])O3)C=N2)N=CN1C","N1-methyladenosine","1-methyladenosine","15763-06-1",4573813,"HMDB0003331","C02494",27476,NA,NA,NA,15650,15650,15650,400,400,400,155564,155564,155564,"Pos Early","Pos Early","Pos Early",155564,15650,400,"Pos Early",0.112312192651016,0.112151975543097
0.151524146641963,-0.280577893121502,0.935979747951712,0.35002134732988,0.566690417818208,-5.72151697042936,1135,"1135","Lipid","Secondary Bile Acid Metabolism",3574,"NAMED","RUDATBOHQWOJDD-UZVSRGJWSA-N","O[C@@H]1[C@@]2([H])[C@]3([H])CC[C@@]([C@@H](CCC(O)=O)C)([H])[C@@]3(C)CC[C@]2([H])[C@@]4(C)CC[C@@H](O)C[C@@]4([H])C1","ursodeoxycholate","ursodeoxycholate","128-13-2",29131,"HMDB0000946","C07880",31401,NA,NA,NA,1605,1605,1605,209,209,209,125991,125991,125991,"Neg","Neg","Neg",125991,1605,209,"Neg",0.111365913826151,0.111207046616698
0.0859262855180552,-0.116113313434412,0.935403369816732,0.350317712833074,0.566690417818208,-5.72203189655604,100002061,"100002061","Lipid","Lysophospholipid",2752,"NAMED","TWBVHOYVCUOMJY-PAUXXPOVSA-N","OC[C@](OC(CC\C=C/C/C=C\C/C=C\C/C=C\C/C=C\C/C=C\CC)=O)([H])COP(OCCN)(O)=O","2-docosahexaenoyl-GPE (22:6)*","2-docosahexaenoyl-GPE (22:6)*",NA,NA,"HMDB0011496",NA,NA,"LPE 22:6","LPE 22:6","LPE 0:0/22:6",34258,34258,34258,209,209,209,144195,144195,144195,"Neg","Neg","Neg",144195,34258,209,"Neg",0.11129733448151,0.111138565102792
-0.0741692595529672,-0.226831394614187,-0.927664916171643,0.354312195906674,0.570753955749244,-5.72891475981831,100002874,"100002874","Lipid","Lysophospholipid",2702,"NAMED","GDXMCRNTFPQYOQ-RPUPUBLZSA-N","CCCCCCCC/C=C\CCCCCCCCCCCCCC(OC[C@H](COP([O-])(OCC[N+](C)(C)C)=O)O)=O","1-nervonoyl-GPC (24:1n9)*","1-nervonoyl-GPC (24:1n9)*",NA,NA,"HMDB0010406",NA,53480477,"LPC 24:1","LPC 24:1(15)","LPC 24:1/0:0",55071,55071,55071,402,402,402,208194,208194,208194,"Pos Late","Pos Late","Pos Late",208194,55071,402,"Pos Late",-0.110376588104601,-0.110219132201456
-0.0234722810353262,-0.0292035776216398,-0.913106764425172,0.361904728528334,0.580555502014202,-5.7417094378997,100008956,"100008956","Lipid","Sphingomyelins",3192,"NAMED","JBDGKEXQKCCQFK-JWQIMADESA-N","[H][C@](NC(CCCCCCCCCCCCCCCCCCCCCC)=O)(COP(OCC[N+](C)(C)C)([O-])=O)[C@@](O)([H])/C=C/CCCCCCCC/C=C\CCC","sphingomyelin (d18:2/23:0, d18:1/23:1, d17:1/24:1)*","sphingomyelin (d18:2/23:0, d18:1/23:1, d17:1/24:1)*",NA,NA,"HMDB0240634,HMDB0011696,HMDB0240614",NA,134757653,"SM 41:2;O2","Unknown","Unknown",52435,52435,52435,402,402,402,164559,164559,164559,"Pos Late","Pos Late","Pos Late",164559,52435,402,"Pos Late",-0.108644411872783,-0.108489426977101
0.0398008136001814,-0.0525351243437796,0.89825210141537,0.36975706607614,0.58799483040712,-5.75455689535158,100009124,"100009124","Lipid","Phosphatidylcholine (PC)",2363,"NAMED","MHUZXLUKTLNHIX-GUNPMBPGSA-N","O=C(CCCCCCCCCCCCCCCC)OC[C@]([H])(COP(OCC[N+](C)(C)C)([O-])=O)OC(CCC/C=C\C/C=C\C/C=C\C/C=C\CCCCC)=O","1-margaroyl-2-arachidonoyl-GPC (17:0/20:4)*","1-margaroyl-2-arachidonoyl-GPC (17:0/20:4)*",NA,24822197,NA,NA,NA,"PC 37:4","PC 17:0_20:4","Unknown",53193,53193,53193,402,402,402,166623,166623,166623,"Pos Late","Pos Late","Pos Late",166623,53193,402,"Pos Late",0.106876955766722,0.106724492206427
-0.0325890738706454,-0.0226098763924226,-0.89650234968394,0.370688936149587,0.58799483040712,-5.75605644235753,100015787,"100015787","Lipid","Sphingomyelins",3184,"NAMED","HAFQHLHNPJDAGB-MAJDXUCPSA-N","CCCCCCCCCCCCCCCCCCC(N[C@H]([C@H](O)/C=C/CCCCCCCCCCCCC)COP([O-])(OCC[N+](C)(C)C)=O)=O","sphingomyelin (d18:1/19:0, d19:1/18:0)*","sphingomyelin (d18:1/19:0, d19:1/18:0)*",NA,NA,NA,NA,NA,"SM 37:1;O2","Unknown","Unknown",57475,57475,57475,402,402,402,211138,211138,211138,"Pos Late","Pos Late","Pos Late",211138,57475,402,"Pos Late",-0.106668764616256,-0.106516598047616
0.0443941789090688,-0.0583878801411975,0.895686361344388,0.371124009841377,0.58799483040712,-5.7567547546834,1137,"1137","Lipid","Endocannabinoid",2204,"NAMED","BOWVQLFMWHZBEF-KTKRTIGZSA-N","O=C(NCCO)CCCCCCC/C=C\CCCCCCCC","oleoyl ethanolamide (18:1)","oleoyl ethanolamide (18:1)","111-58-0,11-58-0",4446574,"HMDB0002088",NA,5283454,NA,NA,NA,38102,38102,38102,209,209,209,127707,127707,127707,"Neg","Neg","Neg",127707,38102,209,"Neg",0.106571675670363,0.106419647602359
0.0420134585604845,0.00950074063021685,0.878193674600567,0.380527325077539,0.599421474947359,-5.77157266009973,893,"893","Lipid","Long Chain Saturated Fatty Acid",1562,"NAMED","VKOBVWXKNCXXDE-UHFFFAOYSA-N","CCCCCCCCCCCCCCCCCCCC(O)=O","arachidate (20:0)","arachidate (20:0)","506-30-9",10035,"HMDB0002212","C06425",10467,NA,NA,NA,1118,1118,1118,209,209,209,125716,125716,125716,"Neg","Neg","Neg",125716,1118,209,"Neg",0.104490338922678,0.104341279951319
-0.088206935233927,-0.0707342690863883,-0.875176870042995,0.382163775429423,0.599421474947359,-5.77409877908453,504,"504","Amino Acid","Tryptophan Metabolism",294,"NAMED","QZAYGJVTTNCVMB-UHFFFAOYSA-N","NCCC1=CNC(C=C2)=C1C=C2O","serotonin","serotonin","153-98-0",5013,"HMDB0000259","C00780",5202,NA,NA,NA,2342,2342,2342,400,400,400,155468,155468,155468,"Pos Early","Pos Early","Pos Early",155468,2342,400,"Pos Early",-0.104131389707031,-0.103982842788762
-0.144873615215814,-0.64982281898349,-0.871555184636669,0.384134058847057,0.599421474947359,-5.77711997248436,100000437,"100000437","Xenobiotics","Xanthine Metabolism",4798,"NAMED","ZFXYFBGIUFBOJW-UHFFFAOYSA-N","O=C(N1C)C(N=CN2)=C2N(C)C1=O","theophylline","theophylline","58-55-9",2068,"HMDB0001889","C07130",2153,NA,NA,NA,18394,18394,18394,209,209,400,125760,125760,155669,"Neg","Neg","Pos Early",155669,18394,400,"Pos Early",-0.10370046980118,-0.103552537604602
0.0245905989985733,0.0273878622502921,0.870667771025482,0.38461760488389,0.599421474947359,-5.77785853502503,100015789,"100015789","Lipid","Sphingomyelins",3175,"NAMED","ZLNGRWIWHFFRNK-UKCALJHFSA-N","CCC/C=C/CCCCCCCC/C=C/[C@@H](O)[C@@H](NC(CCCCCCCCCCCCCCCC/C=C/C/C=C/CC)=O)COP([O-])(OCC[N+](C)(C)C)=O","sphingomyelin (d18:2/24:2)*","sphingomyelin (d18:2/24:2)*",NA,NA,"HMDB0240644",NA,NA,"SM 42:4;O2","SM 18:2;O2_24:2","SM 18:2;O2/24:2",57479,57479,57479,402,402,402,211142,211142,211142,"Pos Late","Pos Late","Pos Late",211142,57479,402,"Pos Late",0.103594882444223,0.103447100871549
0.0280784862535235,-0.074312580193546,0.86772776728907,0.386222861753544,0.599421474947359,-5.78029942759754,100005352,"100005352","Lipid","Lysophospholipid",2677,"NAMED","YYSFWGQAKJTHRE-OUKQBFOZSA-N","C[N+](CCOP(OCC(O)COC(CCCCCCCCC/C=C/CCCCCCCC)=O)([O-])=O)(C)C","1-eicosenoyl-GPC (20:1)*","1-eicosenoyl-GPC (20:1)*",NA,NA,"HMDB0010391",NA,52924051,"LPC 20:1","LPC 20:1","LPC 20:1/0:0",44560,44560,44560,402,402,402,159608,159608,159608,"Pos Late","Pos Late","Pos Late",159608,44560,402,"Pos Late",0.103245071240001,0.103097788684737
0.086595060603242,-0.0740485857910582,0.865069892013714,0.387677785095825,0.599421474947359,-5.78249883161848,100010922,"100010922","Lipid","Diacylglycerol",3003,"NAMED","KRECEGQUDDMNAQ-MYBRWWDOSA-N","OC[C@](OC(CCC/C=C\C/C=C\C/C=C\C/C=C\CCCCC)=O)(COC(CCCCCCC/C=C\C/C=C\CCCCC)=O)[H]","linoleoyl-arachidonoyl-glycerol (18:2/20:4) [1]*","linoleoyl-arachidonoyl-glycerol (18:2/20:4) [1]*",NA,NA,"HMDB0007257",NA,9543796,"DG 38:6","DG 18:2_20:4","Unknown",54955,54955,54955,402,402,402,208040,208040,208040,"Pos Late","Pos Late","Pos Late",208040,54955,402,"Pos Late",0.10292882859744,0.102781997172907
-0.0569587863208814,-0.201182716303403,-0.842918243562772,0.399932186212974,0.61589556676798,-5.80056987033315,100021131,"100021131","Lipid","Fatty Acid Metabolism (Acyl Carnitine, Monounsaturated)",1926,"NAMED",NA,"C=CCCCCCCCCC(OC(CC([O-])=O)C[N+](C)(C)C)=O","undecenoylcarnitine (C11:1)","undecenoylcarnitine (C11:1)","792164-86-4",NA,"HMDB0241164",NA,NA,NA,NA,NA,63613,63613,63613,402,402,402,222938,222938,222938,"Pos Late","Pos Late","Pos Late",222938,63613,402,"Pos Late",-0.100293153436847,-0.100150081891288
-0.0367015569563945,-0.0801087083922306,-0.838939629450355,0.402157778152439,0.616855556130235,-5.80376609418885,267,"267","Lipid","Phospholipid Metabolism",2278,"NAMED","YHHSONZFOIEMCP-UHFFFAOYSA-N","C[N+](C)(CCOP(O)([O-])=O)C","choline phosphate","phosphocholine","72556-74-2",119298,"HMDB0001565","C00588",1014,NA,NA,NA,34396,34396,34396,400,400,400,156099,156099,156099,"Pos Early","Pos Early","Pos Early",156099,34396,400,"Pos Early",-0.0998197649929614,-0.0996773687518873
-0.103262955581342,-0.372295289946506,-0.830525207198698,0.406889117742366,0.620978538615845,-5.8104763753759,100002007,"100002007","Lipid","Androgenic Steroids",3427,"NAMED","JHFAETDERBWUOO-SKIFDASYSA-N","O=S(O[C@H]1C2(C)C(CC1)C(CCC3C4(C)CC[C@@H](OS(=O)(O)=O)C3)C4CC2)(O)=O","5alpha-androstan-3alpha,17alpha-diol disulfate","5alpha-androstan-3alpha,17alpha-diol disulfate",NA,NA,NA,NA,NA,NA,NA,NA,37182,37182,37182,209,209,209,144256,144256,144256,"Neg","Neg","Neg",144256,37182,209,"Neg",-0.0988185896732758,-0.0986776216423581
0.102722924922724,-0.272399894547029,0.828431394159509,0.408071611090413,0.620978538615845,-5.81213567582593,100010936,"100010936","Lipid","Diacylglycerol",3001,"NAMED","LWXLWRXRJKMNLM-XBUMEPTLSA-N","CCCCCCCC/C=C/CCCCCCCC(OCC(OC(CCC/C=C/C/C=C/C/C=C/C/C=C/CCCCC)=O)CO)=O","oleoyl-arachidonoyl-glycerol (18:1/20:4) [1]*","oleoyl-arachidonoyl-glycerol (18:1/20:4) [1]*",NA,NA,"HMDB0007228",NA,9543786,"DG 38:5","DG 18:1_20:4","Unknown",54960,54960,54960,402,402,402,208045,208045,208045,"Pos Late","Pos Late","Pos Late",208045,54960,402,"Pos Late",0.0985694609896683,0.0984288483491695
-0.0206708347916487,0.0225954258603709,-0.825109243329892,0.409951863001975,0.621383729353387,-5.81476003127178,100021000,"100021000","Lipid","Sphingomyelins",3168,"NAMED","FAVAZPKFPKOYCT-VTAPXIELSA-N","CCCCCCCCCCCCCCC(O)C(N[C@@H](COP([O-])(OCC[N+](C)(C)C)=O)[C@@H](/C=C/CCCCCCCCCCCCC)O)=O","hydroxypalmitoyl sphingomyelin (d18:1/16:0(OH))**","hydroxypalmitoyl sphingomyelin (d18:1/16:0(OH))**",NA,NA,NA,NA,NA,"SM 34:1;O3","SM 18:1;O2_16:0;O","SM 18:1;O2/16:0;O",62851,62851,62851,402,402,402,220620,220620,220620,"Pos Late","Pos Late","Pos Late",220620,62851,402,"Pos Late",-0.0981741806817148,-0.0980341319218265
-0.0348130370270573,-0.0244628054543129,-0.817731536505726,0.414146467857778,0.625279961275469,-5.82054998621035,980,"980","Lipid","Long Chain Saturated Fatty Acid",1554,"NAMED","WQEPLUUGTLDZJY-UHFFFAOYSA-N","O=C(O)CCCCCCCCCCCCCC","pentadecanoate (15:0)","pentadecanoate (15:0)","10002-84-2,1002-84-2",13249,"HMDB0000826","C16537",13849,NA,NA,NA,1361,1361,1361,209,209,209,125726,125726,125726,"Neg","Neg","Neg",125726,1361,209,"Neg",-0.0972963571345572,-0.0971575606193867
0.0349611701567074,-0.11212925574523,0.804035671834867,0.422000100242046,0.6345902576847,-5.83116162163969,100020414,"100020414","Amino Acid","Tryptophan Metabolism",334,"NAMED","OAORYCZPERQARS-UHFFFAOYSA-N","Brc1ccc2c(CC(N)C(O)=O)c[nH]c2c1","6-bromotryptophan","6-bromotryptophan",NA,NA,"HMDB0242168",NA,9856996,NA,NA,NA,62503,62503,62503,209,209,209,219798,219798,219798,"Neg","Neg","Neg",219798,62503,209,"Neg",0.095666778622792,0.0955303067559977
0.0413128676992732,-0.0881434485951672,0.801247852998829,0.423609600584332,0.6345902576847,-5.83329957215729,100001409,"100001409","Nucleotide","Purine Metabolism, (Hypo)Xanthine/Inosine containing",4329,"NAMED","WJNGQIYEQLPJMN-UHFFFAOYSA-N","OC(C1O)C(OC1CO)N(C=N2)C(N=CN3C)=C2C3=O","N1-methylinosine","N1-methylinosine","20245-33-4",513976,"HMDB0002721",NA,650095,NA,NA,NA,48351,48351,48351,400,400,400,179271,179271,179271,"Pos Early","Pos Early","Pos Early",179271,48351,400,"Pos Early",0.0953350748728588,0.0951990761925837
-0.0429186542243859,0.0409421561138568,-0.795272444313532,0.42707118304007,0.637296145234213,-5.83785752011122,424,"424","Lipid","Long Chain Saturated Fatty Acid",1555,"NAMED","IPCSVZSSVZVIGE-UHFFFAOYSA-N","OC(CCCCCCCCCCCCCCC)=O","palmitate (16:0)","palmitate (16:0)","57-10-3",960,"HMDB0000220","C00249",985,NA,NA,NA,1336,1336,1336,209,209,209,125720,125720,125720,"Neg","Neg","Neg",125720,1336,209,"Neg",-0.0946241013179511,-0.0944891168652864
0.052682330465178,-0.16401527549382,0.778941076440913,0.436616104077812,0.644571145666981,-5.85014151399374,100022127,"100022127","Lipid","Corticosteroids",3391,"NAMED","QUOCEDQXFGCYTL-QMELEVSMSA-N","[H][C@@]12C[C@H](OC3C(O)C(O)C(O)C(C(O)=O)O3)CC[C@]1(C)[C@@]([C@@]4([H])CC2)([H])C(C[C@@]5(C)[C@@]4([H])CC[C@]5(O)C(CO)=O)=O","tetrahydrocortisone glucuronide (5)","tetrahydrocortisone glucuronide (5)",NA,NA,NA,NA,NA,NA,NA,NA,64591,64591,64591,209,209,209,238327,238327,238327,"Neg","Neg","Neg",238327,64591,209,"Neg",0.0926809420656859,0.0925487295948361
-0.0786747575393545,-0.0584721617662157,-0.778067363140297,0.437130205513,0.644571145666981,-5.85079154390365,100015914,"100015914","Lipid","Phosphatidylcholine (PC)",2423,"NAMED","NXJAJKMUHFSWDW-LIOZOAIASA-N","O=C(CCCCCCCCCCCCCCCCCCCCCCC)OCC(COP(OCC[N+](C)(C)C)([O-])=O)OC(CCC/C=C\C/C=C\C/C=C\C/C=C\CCCCC)=O","1-lignoceroyl-2-arachidonoyl-GPC (24:0/20:4)*","1-lignoceroyl-2-arachidonoyl-GPC (24:0/20:4)*",NA,NA,"HMDB0008772",NA,NA,"PC 44:4","PC 20:4_24:0","Unknown",57602,57602,57602,402,402,402,212153,212153,212153,"Pos Late","Pos Late","Pos Late",212153,57602,402,"Pos Late",-0.0925769848162282,-0.0924449206438798
-0.0536088920994338,-0.0856199835077306,-0.771438998849833,0.441041790197625,0.644571145666981,-5.85569928640638,100005351,"100005351","Lipid","Lysophospholipid",2686,"NAMED","PDIGSOAOQOXRDU-GUTOPQIJSA-N","C[N+](CCOP(OCC(O)COC(CCC/C=C/C/C=C/C/C=C/C/C=C/C/C=C/CC)=O)([O-])=O)(C)C","1-eicosapentaenoyl-GPC (20:5)*","1-eicosapentaenoyl-GPC (20:5)*",NA,NA,"HMDB0010397",NA,NA,"LPC 20:5","LPC 20:5","LPC 20:5/0:0",44563,44563,44563,402,402,402,159609,159609,159609,"Pos Late","Pos Late","Pos Late",159609,44563,402,"Pos Late",-0.0917883204802791,-0.0916573813640447
0.0389767786629537,-0.00919998361994337,0.769511605386333,0.442182970671274,0.644571145666981,-5.85711851036917,100015786,"100015786","Lipid","Dihydrosphingomyelins",3165,"NAMED","UGRZESKDAPEULH-ACEXITHZSA-N","CCCCCCCCCCCCCCC[C@@H](O)[C@@H](NC(CCCCCCCCCCCCCCCCCCC)=O)COP([O-])(OCC[N+](C)(C)C)=O","sphingomyelin (d18:0/20:0, d16:0/22:0)*","sphingomyelin (d18:0/20:0, d16:0/22:0)*",NA,NA,"HMDB0012090",NA,NA,"SM 38:0;O2","Unknown","Unknown",57476,57476,57476,402,402,402,211139,211139,211139,"Pos Late","Pos Late","Pos Late",211139,57476,402,"Pos Late",0.0915589929389141,0.0914283809661053
-0.119384633918048,-0.531221742138628,-0.768268160007627,0.442920096007916,0.644571145666981,-5.85803223704568,100020542,"100020542","Lipid","Androgenic Steroids",3425,"NAMED","BRPLOVMHAFXVOQ-KXVRARTKSA-N","O[C@@H]1[C@@]2([H])[C@](CCC3[C@]2(C)CC[C@H](O[C@@H]4O[C@H](C(O)=O)[C@@H](O)[C@H](O)[C@H]4O)C3)([H])[C@@]5([H])[C@](C(CC5)=O)(C)C1","11beta-hydroxyetiocholanolone glucuronide*","11beta-hydroxyetiocholanolone glucuronide*","17181-15-6",NA,NA,NA,NA,NA,NA,NA,64418,64418,64418,209,209,209,237607,237607,237607,"Neg","Neg","Neg",237607,64418,209,"Neg",-0.0914110437645911,-0.0912806428462393
-0.0694699125082945,-0.0630130091144457,-0.767237853181918,0.443531405393947,0.644571145666981,-5.85878822719176,100006726,"100006726","Lipid","Endocannabinoid",2227,"NAMED","KQXDGUVSAAQARU-HZJYTTRNSA-N","CCCCC/C=C\C/C=C\CCCCCCCC(NCCO)=O","linoleoyl ethanolamide (18:2)","linoleoyl ethanolamide (18:2)","68171-52-8",4446566,"HMDB0012252",NA,5283446,NA,NA,NA,52608,52608,52608,209,209,209,166573,166573,166573,"Neg","Neg","Neg",166573,52608,209,"Neg",-0.0912884545083411,-0.091158228467673
-0.118774582041185,-0.459470054263291,-0.766631178613587,0.443891588560727,0.644571145666981,-5.8592329034731,100020259,"100020259","Partially Characterized Molecules","Partially Characterized Molecules",6709,"NAMED",NA,NA,"glutamine conjugate of C7H12O2*","glutamine conjugate of C7H12O2*",NA,NA,NA,NA,NA,NA,NA,NA,63658,63658,63658,209,209,209,223041,223041,223041,"Neg","Neg","Neg",223041,63658,209,"Neg",-0.091216270395549,-0.0910861473279377
0.0463357423548298,-0.147562265165053,0.764194284884042,0.445340064279005,0.644571145666981,-5.86101555154667,100001554,"100001554","Lipid","Lysophospholipid",2683,"NAMED","IGJKYDBBINVMLH-JXRLJXCWSA-N","OC[C@](OC(CCC\C=C/C\C=C/C/C=C\C/C=C\CCCCC)=O)([H])COP(OCC[N+](C)(C)C)([O-])=O","2-arachidonoyl-GPC (20:4)*","2-arachidonoyl-GPC (20:4)*",NA,21403158,"HMDB0061699",NA,52924038,"LPC 20:4","LPC 20:4","LPC 0:0/20:4",33387,33387,33387,209,209,209,142527,142527,142527,"Neg","Neg","Neg",142527,33387,209,"Neg",0.0909263208558481,0.0907966114109753
0.0270371644494521,-0.0472391387716498,0.754998758207321,0.450830152405862,0.650073440735044,-5.86769139309023,1052,"1052","Carbohydrate","Glycolysis, Gluconeogenesis, and Pyruvate Metabolism",1282,"NAMED","RBNPOMFGQQGHHO-UHFFFAOYSA-N","O=C(O)C(O)CO","glycerate","glycerate","600-19-1",732,"HMDB0000139,HMDB0006372","C00258",439194752,NA,NA,NA,1572,1572,1572,305,305,305,146444,146444,146444,"Polar","Polar","Polar",146444,1572,305,"Polar",0.0898322071918432,0.0897040585367907
-0.0644397805122067,-0.167496368211898,-0.752073460365447,0.452584709214002,0.650168332266384,-5.86979824595658,100004552,"100004552","Lipid","Lysophospholipid",2741,"NAMED","KCWGBXXAJHVZNN-YAWQMZOFSA-N","O=C(CCC/C=C\C/C=C\C/C=C\C/C=C\C/C=C\CC)OC[C@@](O)([H])COP(OCCN)(O)=O","1-eicosapentaenoyl-GPE (20:5)*","1-eicosapentaenoyl-GPE (20:5)*",NA,NA,"HMDB0011489",NA,53480938,"LPE 20:5","LPE 20:5","LPE 20:5/0:0",47888,47888,47888,402,402,402,178779,178779,178779,"Pos Late","Pos Late","Pos Late",178779,47888,402,"Pos Late",-0.0894841457427714,-0.0893564936090442
-0.183825831715221,-0.505032830977231,-0.746812904194549,0.455749657000516,0.651067980144322,-5.87356649436169,1668,"1668","Lipid","Secondary Bile Acid Metabolism",3559,"NAMED","AWDRATDZQPNJFN-RZGBOAIJSA-N","C[C@@]12[C@@]([H])(CC[C@]2([H])[C@@H](CCC(NCCS(O)(=O)=O)=O)C)[C@@](CC[C@@]3([H])[C@@]4(CC[C@@H](O)C3)C)([H])[C@@]4([H])C[C@@H]1O","taurodeoxycholate","taurodeoxycholate","207737-97-1",2015539,"HMDB0000896","C05463",2733768,NA,NA,NA,12261,12261,12261,209,209,209,124839,124839,124839,"Neg","Neg","Neg",124839,12261,209,"Neg",-0.0888582276644285,-0.088731468423823
-0.0539614863092504,0.0401356182951613,-0.741177391162647,0.459154033888043,0.651067980144322,-5.87757409793098,100001181,"100001181","Lipid","Long Chain Polyunsaturated Fatty Acid (n3 and n6)",1607,"NAMED","YUFFSWGQGVEMMI-JLNKQSITSA-N","O=C(O)CCCCC/C=C\C/C=C\C/C=C\C/C=C\C/C=C\CC","docosapentaenoate (n3 DPA; 22:5n3)","docosapentaenoate (DPA; 22:5n3)","2234-74-4",NA,"HMDB0006528,HMDB0001976","C16513",6441454,NA,NA,NA,32504,32504,32504,209,209,209,125862,125862,125862,"Neg","Neg","Neg",125862,32504,209,"Neg",-0.0881876959995603,-0.0880618932948534
0.0219315325375615,-0.0724568609672698,0.740535927461545,0.459542294298749,0.651067980144322,-5.87802850747136,100001395,"100001395","Lipid","Lysophospholipid",2666,"NAMED","SPJFYYJXNPEZDW-UTJQPWESSA-N","O=P(OCC(O)COC(CCCCCCC/C=C\C/C=C\CCCCC)=O)([O-])OCC[N+](C)(C)C","1-linoleoyl-GPC (18:2)","1-linoleoyl-GPC (18:2)",NA,10160888,"HMDB0010386","C04100",11988421,"LPC 18:2","LPC 18:2","LPC 18:2/0:0",34419,34419,34419,402,402,402,158662,158662,158662,"Pos Late","Pos Late","Pos Late",158662,34419,402,"Pos Late",0.0881113725626314,0.0879856787358659
-0.0670248918318289,0.0763006740042119,-0.73982141795577,0.459975300257807,0.651067980144322,-5.87853386249142,452,"452","Lipid","Long Chain Monounsaturated Fatty Acid",1574,"NAMED","SECPZKHBENQXJG-FPLPWBNLSA-N","CCCCCC\C=C/CCCCCCCC(O)=O","palmitoleate (16:1n7)","palmitoleate (16:1n7)","373-49-9",393216,"HMDB0003229","C08362",445638,NA,NA,NA,33447,33447,33447,209,209,209,126083,126083,126083,"Neg","Neg","Neg",126083,33447,209,"Neg",-0.0880263578983481,-0.0879007853478511
0.0404221009747367,-0.0950139378703546,0.729709235171704,0.466125888488543,0.657357022227433,-5.88563609589088,100001882,"100001882","Lipid","Hexosylceramides (HCER)",3121,"NAMED","YMYQEDCYNANIPI-OQRGLTFYSA-N","OC1C(CO)OC(OC[C@H](NC(CCCCCCCCCCCCCCCCC)=O)[C@H](O)/C=C/CCCCCCCCCCCCC)C(O)C1O","glycosyl-N-stearoyl-sphingosine (d18:1/18:0)","glycosyl-N-stearoyl-sphingosine (d18:1/18:0)",NA,NA,NA,NA,NA,"HexCer 36:1;O2","HexCer 18:1;O2_18:0","HexCer 18:1;O2/18:0",52234,52234,52234,402,402,402,164199,164199,164199,"Pos Late","Pos Late","Pos Late",164199,52234,402,"Pos Late",0.0868231775101089,0.0866993213367706
-0.0860193448586184,-0.215868318861324,-0.706979804120304,0.480116800840555,0.673939658993319,-5.90124447844319,100006173,"100006173","Lipid","Progestin Steroids",3356,"NAMED","MENQCIVHHONJLU-GQCBXAOTSA-N","C[C@]12C(C3CC[C@@]4(C[C@@H](CC[C@@]4(C3CC2)C)OS(=O)(O)=O)[H])CCC1C(C)=O","pregnanolone/allopregnanolone sulfate","pregnanolone/allopregnanolone sulfate",NA,NA,"HMDB0240591,HMDB0062782","C05480",31402129699967,NA,NA,NA,48394,48394,48394,209,209,209,154288,154288,154288,"Neg","Neg","Neg",154288,48394,209,"Neg",-0.0841187558970055,-0.0839987576717601
0.0526546653446969,0.0218914178636121,0.704936891904549,0.481385470709514,0.673939658993319,-5.9026232478844,1231,"1231","Lipid","Long Chain Polyunsaturated Fatty Acid (n3 and n6)",1615,"NAMED","XSXIVVZCUAHUJO-HZJYTTRNSA-N","O=C(O)CCCCCCCCC/C=C\C/C=C\CCCCC","dihomo-linoleate (20:2n6)","dihomolinoleate (20:2n6)","2091-39-6",4944228,"HMDB0005060","C16525",6439848,NA,NA,NA,17805,17805,17805,209,209,209,126039,126039,126039,"Neg","Neg","Neg",126039,17805,209,"Neg",0.0838756835588785,0.0837560320844721
-0.0606576258511023,-0.188940865084318,-0.696832078137028,0.486436663856458,0.678543897046146,-5.90805403651183,100002128,"100002128","Lipid","Pregnenolone Steroids",3315,"NAMED","OMOKWYAQVYBHMG-QUPIPBJSSA-N","O=[C@@](C)[C@@]1(O)CC[C@@]2([H])[C@]3([H])CC=C4CC(OS(=O)(O)=O)CC[C@]4(C)[C@@]3([H])CC[C@]12C","17alpha-hydroxypregnenolone 3-sulfate","17alpha-hydroxypregnenolone 3-sulfate","28901-70-4",134824,"HMDB0000416",NA,152971,NA,NA,NA,37482,37482,37482,209,209,209,151073,151073,151073,"Neg","Neg","Neg",151073,37482,209,"Neg",-0.0829113464633526,-0.082793070648141
-0.103811658072073,-0.306844705229957,-0.690952312249496,0.490119077438487,0.681212436150966,-5.91195471274571,302,"302","Lipid","Secondary Bile Acid Metabolism",3549,"NAMED","KXGVEGMKQFWNSR-OHAQSFBXSA-N","CC12[C@@]([C@]3([H])CC[C@]4([H])C[C@H](O)CC[C@]4(C)[C@@]3([H])C[C@@H]2O)([H])CC[C@]1([H])[C@]([H])(C)CCC(O)=O","deoxycholate","deoxycholate","83-44-3",389318,"HMDB0000626","C04483",222528440355,NA,NA,NA,1114,1114,1114,209,209,209,125714,125714,125714,"Neg","Neg","Neg",125714,1114,209,"Neg",-0.0822117527995134,-0.0820944749781161
-0.0230251566425917,0.0132600952582368,-0.687056343449543,0.492567342671109,0.682152614850276,-5.91452117750184,100009014,"100009014","Lipid","Plasmalogen",2868,"NAMED","IOYKZPNDXIIXLN-LOQSCQKMSA-N","[H][C@](OC(CCC/C=C\C/C=C\C/C=C\C/C=C\CCCCC)=O)(COP(OCC[N+](C)(C)C)([O-])=O)CO/C=C\CCCCCCCCCCCCCC","1-(1-enyl-palmitoyl)-2-arachidonoyl-GPC (P-16:0/20:4)*","1-(1-enyl-palmitoyl)-2-arachidonoyl-GPC (P-16:0/20:4)*",NA,24767495,"HMDB0011220",NA,NA,"PC O-36:5","PC P-16:0_20:4","PC P-16:0/20:4",52689,52689,52689,402,402,402,165459,165459,165459,"Pos Late","Pos Late","Pos Late",165459,52689,402,"Pos Late",-0.0817481977636332,-0.0816315812190346
0.0427135542536575,0.00215465082045824,0.678626076684898,0.497887480580964,0.684523212412557,-5.92002508879716,100002028,"100002028","Lipid","Androgenic Steroids",3428,"NAMED","VPDALJSLCNNODJ-QJIZPQHZSA-N","O[C@H]1CCC2C3CCC4=C[C@@H](OS(=O)(O)=O)CC[C@]4(C)C3CC[C@@]21C","androstenediol (3beta,17beta) monosulfate (1)","androstenediol (3beta,17beta) monosulfate (1)","521-17-5",NA,"HMDB0240429",NA,12967063113847300,NA,NA,NA,37211,37211,37211,209,209,209,144263,144263,144263,"Neg","Neg","Neg",144263,37211,209,"Neg",0.0807451372122725,0.0806299515671765
0.0296113133807134,-0.0401310210439582,0.676268150692527,0.499380991793594,0.684523212412557,-5.92155239755714,100001384,"100001384","Lipid","Lysophospholipid",2674,"NAMED","UATOAILWGVYRQS-HHHXNRCGSA-N","CCCCCCCCCCCCCCCCCCCC(OC[C@](O)([H])COP(OCC[N+](C)(C)C)([O-])=O)=O","1-arachidoyl-GPC (20:0)","1-arachidoyl-GPC (20:0)","108341-80-6",21403128,"HMDB0010390","C04230",24779473,"LPC 20:0","LPC 20:0","LPC 20:0/0:0",45456,45456,45456,402,402,402,159647,159647,159647,"Pos Late","Pos Late","Pos Late",159647,45456,402,"Pos Late",0.0804645835107106,0.080349798084875
-0.0168793243473772,-0.00913064766318947,-0.675901914843449,0.499613045942671,0.684523212412557,-5.92178928785777,100008955,"100008955","Lipid","Sphingomyelins",3171,"NAMED","SXZWBNWTCVLZJN-NMIJJABPSA-N","[H][C@](NC(CCCCCCCCCCCCCCCCCCCCCC)=O)(COP(OCC[N+](C)(C)C)([O-])=O)[C@@](O)([H])/C=C/CCCCCCCCCCCCC","tricosanoyl sphingomyelin (d18:1/23:0)*","tricosanoyl sphingomyelin (d18:1/23:0)*",NA,NA,"HMDB0012105",NA,NA,"SM 41:1;O2","SM 18:1;O2_23:0","SM 18:1;O2/23:0",52436,52436,52436,402,402,402,164560,164560,164560,"Pos Late","Pos Late","Pos Late",164560,52436,402,"Pos Late",-0.0804210075785414,-0.0803062843152339
-0.105682133844276,-0.57135985495712,-0.652663650701785,0.514462924090056,0.698058885973323,-5.93654974231958,100000453,"100000453","Xenobiotics","Xanthine Metabolism",4796,"NAMED","QUNWUDVFRNGTCO-UHFFFAOYSA-N","O=C(N2C)NC1=C(N(C)C=N1)C2=O","paraxanthine","paraxanthine","611-59-6",4525,"HMDB0001860","C13747",4687,NA,NA,NA,18254,18254,18254,209,209,209,124653,124653,124653,"Neg","Neg","Neg",124653,18254,209,"Neg",-0.0776560433498459,-0.0775452644007021
-0.0136542954689366,0.0129138740467329,-0.652379486359141,0.514645798970257,0.698058885973323,-5.93672718846729,100005986,"100005986","Lipid","Sphingomyelins",3193,"NAMED","WKZHECFHXLTOLJ-QYKFWSDSSA-N","O[C@H](/C=C/CCCCCCCCCCCCC)[C@H](CO[P](OCC[N+](C)(C)C)([O-])=O)NC(CCCCCCCCCCCCC/C=C\CCCCCCCC)=O","sphingomyelin (d18:1/24:1, d18:2/24:0)*","sphingomyelin (d18:1/24:1, d18:2/24:0)*","94359-13-4",24846874,"HMDB0012107",NA,44260126,"SM 42:2;O2","Unknown","Unknown",47153,47153,47153,402,402,402,164529,164529,164529,"Pos Late","Pos Late","Pos Late",164529,47153,402,"Pos Late",-0.0776222325523745,-0.0775115018354667
0.0309314612837479,-0.0078348500830492,0.651935773070903,0.514931749653049,0.698058885973323,-5.9370037637621,100001555,"100001555","Lipid","Lysophospholipid",2662,"NAMED","IQGPMZRCLCCXAG-VWLOTQADSA-N","OC[C@H](OC(CCCCCCCCCCCCCCCCC)=O)COP(OCC[N+](C)(C)C)([O-])=O","2-stearoyl-GPC (18:0)*","2-stearoyl-GPC* (18:0)*",NA,8383879,"HMDB0011128",NA,24779491,"LPC 18:0","LPC 18:0","LPC 0:0/18:0",35255,35255,35255,209,209,209,213240,213240,213240,"Neg","Neg","Neg",213240,35255,209,"Neg",0.0775694381025698,0.0774587826987145
-0.0743596986640228,-0.060730409432791,-0.644263598655498,0.519886924657461,0.700351460476957,-5.94175863927302,100009220,"100009220","Lipid","Phosphatidylethanolamine (PE)",2495,"NAMED","JZSZAGWWWKKXLO-RMEBTJIYSA-N","O=C(CCCCCCC/C=C\CCCCCCCC)OC[C@]([H])(COP(OCCN)(O)=O)OC(CC/C=C\C/C=C\C/C=C\C/C=C\C/C=C\C/C=C\CC)=O","1-oleoyl-2-docosahexaenoyl-GPE (18:1/22:6)*","1-oleoyl-2-docosahexaenoyl-GPE (18:1/22:6)*",NA,24768542,"HMDB0009078",NA,52922113,"PE 40:7","PE 18:1_22:6","Unknown",53209,53209,53209,402,402,402,166647,166647,166647,"Pos Late","Pos Late","Pos Late",166647,53209,402,"Pos Late",-0.0766565778439211,-0.076547224665827
-0.0296301004238324,0.0523046638151119,-0.643685826003048,0.52026108492574,0.700351460476957,-5.94211444471333,100009026,"100009026","Lipid","Dihydrosphingomyelins",3163,"NAMED","FONAXCRWZQFJHY-JCGOJSMZSA-N","[H][C@](NC(CCCCCCCCCCCCCCCCCCCCC)=O)(COP(OCC[N+](C)(C)C)([O-])=O)[C@@](O)([H])CCCCCCCCCCCCCCC","behenoyl dihydrosphingomyelin (d18:0/22:0)*","behenoyl dihydrosphingomyelin (d18:0/22:0)*",NA,24846880,"HMDB0012091",NA,44260132,"SM 40:0;O2","SM 18:0;O2_22:0","SM 18:0;O2/22:0",57331,57331,57331,402,402,402,210829,210829,210829,"Pos Late","Pos Late","Pos Late",210829,57331,402,"Pos Late",-0.0765878325750574,-0.076478577464394
-0.0259462733776257,0.0314717194215901,-0.623786024359064,0.533232621231625,0.715312052871692,-5.95417488311625,100002873,"100002873","Lipid","Lysophospholipid",2700,"NAMED","SKJMUADLQLZAGH-WJOKGBTCSA-N","CCCCCCCCCCCCCCCCCCCCCCCC(OC[C@H](COP([O-])(OCC[N+](C)(C)C)=O)O)=O","1-lignoceroyl-GPC (24:0)","1-lignoceroyl-GPC (24:0)","325171-59-3",24766539,"HMDB0010405",NA,24779481,"LPC 24:0","LPC 24:0","LPC 24:0/0:0",49617,49617,49617,402,402,402,161405,161405,161405,"Pos Late","Pos Late","Pos Late",161405,49617,402,"Pos Late",-0.0742200894696203,-0.074114212023872
-0.107203242786171,-0.443779446782226,-0.611683623646154,0.541201070627715,0.722688803189984,-5.96132493822151,100001403,"100001403","Xenobiotics","Xanthine Metabolism",4808,"NAMED","POQOTWQIYYNXAT-UHFFFAOYSA-N","O=C(NC(N)=C1NC(C)=O)N(C)C1=O","5-acetylamino-6-amino-3-methyluracil","5-acetylamino-6-amino-3-methyluracil","1196153-01-1",79659,"HMDB0004400","C16366",88299,NA,NA,NA,34424,34424,34424,305,305,305,165245,165245,165245,"Polar","Polar","Polar",165245,34424,305,"Polar",-0.0727801064808506,-0.072676283219109
-0.046932247935846,-0.0220032542868578,-0.609740690006763,0.542485880836118,0.722688803189984,-5.96245980044812,100001278,"100001278","Lipid","Long Chain Monounsaturated Fatty Acid",1576,"NAMED","GDTXICBNEOEPAZ-FPLPWBNLSA-N","O=C(O)CCCCCCCC/C=C\CCCCCC","heptadecenoate (17:1)","heptadecenoate (17:1)","29743-97-3",4471860,"HMDB0060038",NA,5312435,NA,NA,NA,33971,33971,33971,209,209,209,126129,126129,126129,"Neg","Neg","Neg",126129,33971,209,"Neg",-0.0725489299188279,-0.0724454364382019
-0.0358100879548407,-0.0834023119745875,-0.605144546244551,0.545531257724339,0.72423977318576,-5.96513005931063,356,"356","Lipid","Corticosteroids",3373,"NAMED","JYGXADMDTFJGBT-VWUMJDOOSA-N","O[C@@]1([C@@](CO)=O)[C@]2(C)[C@](CC1)([H])[C@@](CCC3=CC4=O)([H])[C@]([C@@]3(C)CC4)([H])[C@@H](O)C2","cortisol","cortisol","50-23-7",NA,"HMDB0000063","C00735",5754,NA,NA,NA,1712,1712,1712,209,209,209,124815,124815,124815,"Neg","Neg","Neg",124815,1712,209,"Neg",-0.0720020657892618,-0.0718993524286494
-0.0127240860470429,-0.0153988422532747,-0.597121430293061,0.550867553466254,0.728248351246986,-5.96974313518746,100006290,"100006290","Lipid","Sphingomyelins",3185,"NAMED","AADLTHQNYQJHQV-SVLGDMRNSA-N","CCCCCCCCCCCCC/C=C/[C@@H](O)[C@@H](NC(CCCCCCCCCCCCCCCCCCC)=O)COP([O-])(OCC[N+](C)(C)C)=O","sphingomyelin (d18:1/20:0, d16:1/22:0)*","sphingomyelin (d18:1/20:0, d16:1/22:0)*",NA,23113477,"HMDB0012102",NA,44260124,"SM 38:1;O2","Unknown","Unknown",48490,48490,48490,402,402,402,164042,164042,164042,"Pos Late","Pos Late","Pos Late",164042,48490,402,"Pos Late",-0.0710474493655345,-0.0709460977972527
-0.0435431790149925,-0.047002955245736,-0.594923880581929,0.55233381445226,0.728248351246986,-5.97099580080313,209,"209","Nucleotide","Purine Metabolism, Adenine containing",4342,"NAMED","UDMBCSSLTHHNCD-UHFFFAOYSA-N","NC1=NC=NC2=C1N=CN2C3OC(C(C3O)O)COP(O)(O)=O","adenosine 5'-monophosphate (AMP)","AMP","149022-20-8",10239183,"HMDB0000045","C00020",6083,NA,NA,NA,32342,32342,32342,400,400,400,155907,155907,155907,"Pos Early","Pos Early","Pos Early",155907,32342,400,"Pos Early",-0.070785977755391,-0.0706849991851265
-0.00883228445171846,-0.0101956496565991,-0.588212831463333,0.556823007021993,0.728279120383621,-5.97479324427344,100002107,"100002107","Lipid","Sphingomyelins",3167,"NAMED","RWKUXQNLWDTSLO-GWQJGLRPSA-N","CCCCCCCCCCCCCCCC(N[C@@](COP([O-])(OCC[N+](C)(C)C)=O)([C@](O)(/C=C/CCCCCCCCCCCCC)[H])[H])=O","palmitoyl sphingomyelin (d18:1/16:0)","palmitoyl sphingomyelin (d18:1/16:0)","6254-89-3",8115562,"HMDB0010169",NA,9939941,"SM 34:1;O2","SM 18:1;O2_16:0","SM 18:1;O2/16:0",37506,37506,37506,402,402,402,164195,164195,164195,"Pos Late","Pos Late","Pos Late",164195,37506,402,"Pos Late",-0.0699874753097343,-0.0698876358299771
-0.0431778109098532,-0.0753379738867637,-0.587072966806975,0.557587396534283,0.728279120383621,-5.975433830591,100021104,"100021104","Lipid","Pregnenolone Steroids",3330,"NAMED","KANYWSIUKWPEOE-HXOPQMAFSA-N","C[C@]12CC[C@H](OS(=O)(O)=O)C=C1[C@H](OS(=O)(O)=O)CC3C2CC[C@@]4(C)C3CCC4[C@H](O)C","pregnenetriol disulfate*","pregnenetriol disulfate*",NA,NA,NA,NA,NA,NA,NA,NA,62921,62921,62921,209,209,209,220777,220777,220777,"Neg","Neg","Neg",220777,62921,209,"Neg",-0.0698518505065574,-0.0697522045001287
0.00973878787992169,0.0185590470538194,0.58640997406872,0.558032053280956,0.728279120383621,-5.97580603498939,572,"572","Carbohydrate","Glycolysis, Gluconeogenesis, and Pyruvate Metabolism",1262,"NAMED","WQZGKKKJIJFFOK-DVKNGEFBSA-N","O[C@H]1O[C@H](CO)[C@@H](O)[C@H](O)[C@H]1O","glucose","glucose","50-99-7",71358,"HMDB0000122","C00031",5793,NA,NA,NA,48152,48152,48152,305,305,305,151982,151982,151982,"Polar","Polar","Polar",151982,48152,305,"Polar",0.0697729654747846,0.0696734320004982
0.0207354175801041,-0.0830437792010273,0.581384343931346,0.561409138274931,0.730211210256245,-5.97861290760471,100000776,"100000776","Lipid","Fatty Acid Metabolism (Acyl Carnitine, Long Chain Saturated)",1909,"NAMED","XOMRRQXKHMYMOC-UHFFFAOYSA-N","[O-]C(CC(OC(CCCCCCCCCCCCCCC)=O)C[N+](C)(C)C)=O","palmitoylcarnitine (C16)","palmitoylcarnitine (C16)","6865-14-1",448,"HMDB0000222","C02990",461,NA,NA,NA,44681,44681,44681,402,402,402,159624,159624,159624,"Pos Late","Pos Late","Pos Late",159624,44681,402,"Pos Late",0.0691749996597916,0.0690763192037862
0.084025241794607,0.323131234344443,0.562578450281862,0.574133688618679,0.74200635084657,-5.98890224505851,136,"136","Lipid","Primary Bile Acid Metabolism",3521,"NAMED","BHQCQFFYRZLCQQ-OLRQUHAPSA-N","O[C@H]1[C@@]2([H])[C@]3([H])CC[C@H]([C@H](C)CCC(O)=O)[C@@]3(C)[C@@H](O)C[C@]2([H])[C@@]4(C)CC[C@@H](O)CC4C1","cholate","cholate","81-25-4",NA,"HMDB0000619","C00695",221493,NA,NA,NA,22842,22842,22842,209,209,209,124689,124689,124689,"Neg","Neg","Neg",124689,22842,209,"Neg",0.0669374132844716,0.0668419248204424
-0.0604606976899219,-0.0531132585369715,-0.560906698144781,0.575271439044947,0.74200635084657,-5.98980058952533,100009209,"100009209","Lipid","Phosphatidylethanolamine (PE)",2462,"NAMED","KHLRCNXJXSYNCK-ZIEHFRHMSA-N","O=C(CCCCCCCCCCCCCCC)OC[C@]([H])(COP(OCCN)(O)=O)OC(CCC/C=C\C/C=C\C/C=C\C/C=C\C/C=C\CC)=O","1-palmitoyl-2-eicosapentaenoyl-GPE (16:0/20:5)*","1-palmitoyl-2-eicosapentaenoyl-GPE (16:0/20:5)*",NA,24768431,"HMDB0008939",NA,52924919,"PE 36:5","PE 16:0_20:5","Unknown",53190,53190,53190,402,402,402,166620,166620,166620,"Pos Late","Pos Late","Pos Late",166620,53190,402,"Pos Late",-0.0667385027793626,-0.0666432980678372
-0.0835565996189898,-0.46927075931213,-0.55945619852831,0.576259477670453,0.74200635084657,-5.99057787867583,100001106,"100001106","Xenobiotics","Xanthine Metabolism",4801,"NAMED","OTSBKHHWSQYEHK-UHFFFAOYSA-N","CN1C(N(C(N2)=C(C1=O)NC2=O)C)=O","1,3-dimethylurate","1,3-dimethylurate","944-73-0",63527,"HMDB0001857",NA,70346,NA,NA,NA,32391,32391,32391,209,209,209,125804,125804,125804,"Neg","Neg","Neg",125804,32391,209,"Neg",-0.0665659176185766,-0.0664709591055686
0.0327648859193628,0.0428870333743532,0.548387789744423,0.583825327380177,0.747362002040318,-5.99644304528823,100000656,"100000656","Lipid","Lysophospholipid",2776,"NAMED","MXAFDFDAIFZFET-CLBYPKMISA-N","[H]C(C(O)(C(O)([C@](O)1[H])[H])[H])([C@@](OP(O)(OC[C@@]([H])(COC(CCCCCCCCCCCCCCCCC)=O)O)=O)([C@]1(O)[H])[H])O","1-stearoyl-GPI (18:0)","1-stearoyl-GPI (18:0)","796963-93-4",21403067,"HMDB0240261",NA,7158113542607490,"LPI 18:0","LPI 18:0","LPI 18:0/0:0",19324,19324,19324,209,209,209,128173,128173,128173,"Neg","Neg","Neg",128173,19324,209,"Neg",0.0652489623516314,0.0651558825194608
0.0534750293445293,-0.125264025913286,0.547693872572862,0.584301201595158,0.747362002040318,-5.99680685706433,100004561,"100004561","Amino Acid","Tryptophan Metabolism",281,"NAMED","LLLPDUXGHXIXIW-UHFFFAOYSA-N","OC(C1=CC=CC=C1N([H])C=O)=O","N-formylanthranilic acid","N-formylanthranilic acid","3342-77-6",91624,"HMDB0004089","C05653",101399,NA,NA,NA,43549,43549,43549,209,209,209,212072,212072,212072,"Neg","Neg","Neg",212072,43549,209,"Neg",0.0651663978302306,0.0650734357791175
-0.0159241916346666,-0.0467393831412178,-0.542893540457348,0.587598024047568,0.747516602856667,-5.99931112115372,100000265,"100000265","Amino Acid","Tryptophan Metabolism",274,"NAMED","YGPSJZOEDVAXAB-QMMMGPOBSA-N","N[C@H](C(O)=O)CC(C1=CC=CC=C1N)=O","kynurenine","kynurenine","2922-83-0",141580,"HMDB0000684","C00328",161166,NA,NA,NA,15140,15140,15140,400,400,400,155539,155539,155539,"Pos Early","Pos Early","Pos Early",155539,15140,400,"Pos Early",-0.0645952387064534,-0.0645030914329777
-0.0253091912073142,0.00870959068707858,-0.54186556831021,0.588305274456026,0.747516602856667,-5.99984441533574,229,"229","Lipid","Long Chain Polyunsaturated Fatty Acid (n3 and n6)",1618,"NAMED","YZXBAPSDXZZRGB-DOFZRALJSA-N","CCCCC/C=C\C/C=C\C/C=C\C/C=C\CCCC(O)=O","arachidonate (20:4n6)","arachidonate (20:4n6)","506-32-1",392692,"HMDB0001043","C00219",444899,NA,NA,NA,1110,1110,1110,209,209,209,125971,125971,125971,"Neg","Neg","Neg",125971,1110,209,"Neg",-0.0644729272378513,-0.0643809544457859
0.00934430019687674,-0.0248436863833155,0.526305800715339,0.599056729323507,0.758673818386678,-6.00779497741104,100000657,"100000657","Lipid","Phosphatidylcholine (PC)",2323,"NAMED","KILNVBDSWZSGLL-KXQOOQHDSA-N","CCCCCCCCCCCCCCCC(OC[C@]([H])(COP([O-])(OCC[N+](C)(C)C)=O)OC(CCCCCCCCCCCCCCC)=O)=O","1,2-dipalmitoyl-GPC (16:0/16:0)","1,2-dipalmitoyl-GPC (16:0/16:0)","63-89-8",398235,"HMDB0245715","D03585",452110,"PC 32:0","PC 16:0_16:0","PC 16:0/16:0",19130,19130,19130,402,402,402,164201,164201,164201,"Pos Late","Pos Late","Pos Late",164201,19130,402,"Pos Late",0.062621575495554,0.0625322437188129
0.00839622177566854,0.00580557045561404,0.515819379552657,0.606352786026052,0.765396139737803,-6.0130227396082,100008980,"100008980","Lipid","Phosphatidylcholine (PC)",2370,"NAMED","FORFDCPQKJHEBF-JEFUZMEDSA-N","CCCCCCCCCCCCCCCCCC(OCC(OC(CCCCCCC/C=C/C/C=C/CCCCC)=O)COP([O-])(OCC[N+](C)(C)C)=O)=O","1-stearoyl-2-linoleoyl-GPC (18:0/18:2)*","1-stearoyl-2-linoleoyl-GPC (18:0/18:2)*",NA,NA,"HMDB0008039",NA,6441487,"PC 36:2","PC 18:0_18:2","Unknown",52452,52452,52452,402,402,402,165115,165115,165115,"Pos Late","Pos Late","Pos Late",165115,52452,402,"Pos Late",0.0613738670081603,0.061286315129404
-0.0643780150976732,-0.0256054993542591,-0.512857614737969,0.608420777013869,0.765496729249475,-6.0144801467523,100020262,"100020262","Partially Characterized Molecules","Partially Characterized Molecules",6708,"NAMED",NA,NA,"glutamine conjugate of C6H10O2 (2)*","glutamine conjugate of C6H10O2 (2)*",NA,NA,NA,NA,NA,NA,NA,NA,63660,63660,63660,209,209,209,223046,223046,223046,"Neg","Neg","Neg",223046,63660,209,"Neg",-0.0610214666000877,-0.0609344174323273
-0.0222918543118286,-0.00621712466263803,-0.500066248998286,0.617387680941564,0.77424839466613,-6.02067862150122,439,"439","Lipid","Long Chain Saturated Fatty Acid",1559,"NAMED","QIQXTHQIDYTFRH-UHFFFAOYSA-N","CCCCCCCCCCCCCCCCCC(O)=O","stearate (18:0)","stearate (18:0)","57-11-4",5091,"HMDB0000827","C01530",5281,NA,NA,NA,1358,1358,1358,209,209,209,125724,125724,125724,"Neg","Neg","Neg",125724,1358,209,"Neg",-0.0594995083122063,-0.0594146302689649
-0.0208721946981018,-0.0523981087857704,-0.493076842382312,0.622311781213059,0.777889726516323,-6.02399953828687,100009126,"100009126","Lipid","Phosphatidylcholine (PC)",2419,"NAMED","UAVRPIXHIHJERN-CBTSKTMBSA-N","O=C(CCCCCCCCCCCCCCCCCCC)OC[C@]([H])(COP(OCC[N+](C)(C)C)([O-])=O)OC(CCC/C=C\C/C=C\C/C=C\C/C=C\CCCCC)=O","1-arachidoyl-2-arachidonoyl-GPC (20:0/20:4)*","1-arachidoyl-2-arachidonoyl-GPC (20:0/20:4)*",NA,24766940,"HMDB0008279",NA,24779048,"PC 40:4","PC 20:0_20:4","Unknown",55062,55062,55062,402,402,402,208176,208176,208176,"Pos Late","Pos Late","Pos Late",208176,55062,402,"Pos Late",-0.0586678859864093,-0.0585841942802946
0.0330970360721887,-0.265605040545577,0.484017764573112,0.628719223405792,0.780176786972144,-6.02823447385257,100002026,"100002026","Lipid","Androgenic Steroids",3435,"NAMED","VPDALJSLCNNODJ-BVKUPEMCSA-N","O[C@@H]1CCC2C3CCC4=C[C@H](OS(=O)(O)=O)CC[C@]4(C)C3CC[C@@]21C","androstenediol (3alpha, 17alpha) monosulfate (2)","androstenediol (3alpha, 17alpha) monosulfate (2)",NA,NA,NA,NA,NA,NA,NA,NA,37207,37207,37207,209,209,209,144213,144213,144213,"Neg","Neg","Neg",144213,37207,209,"Neg",0.0575900074523367,0.0575078533760852
0.0284489874372738,-0.0079854513803224,0.483647443213667,0.628981847885932,0.780176786972144,-6.02840583598999,100001580,"100001580","Lipid","Long Chain Polyunsaturated Fatty Acid (n3 and n6)",1621,"NAMED","AVKOENOBFIYBSA-WMPRHZDHSA-N","OC(CC/C=C\C/C=C\C/C=C\C/C=C\C/C=C\CCCCC)=O","docosapentaenoate (n6 DPA; 22:5n6)","docosapentaenoate (n6 DPA; 22:5n6)","25182-74-5",4945614,"HMDB0001976","C16513",6441454,NA,NA,NA,37478,37478,37478,209,209,209,127695,127695,127695,"Neg","Neg","Neg",127695,37478,209,"Neg",0.0575459454128597,0.0574638541925846
0.0329126590996133,-0.176504053753735,0.481900812735619,0.63022072921646,0.780176786972144,-6.02921270107182,100001103,"100001103","Amino Acid","Glutamate Metabolism",56,"NAMED","ZGEYCCHDTIDZAE-UHFFFAOYSA-N","O=C(CCC(C(O)=O)N)OC","glutamate, gamma-methyl ester","glutamate, gamma-methyl ester","1499-55-4,1499-55-4",66546,"HMDB0061715",NA,68662,NA,NA,NA,33487,33487,33487,400,400,400,156024,156024,156024,"Pos Early","Pos Early","Pos Early",156024,33487,400,"Pos Early",0.0573381256392694,0.0572563308808682
0.0540645712990123,-0.205812515100077,0.477318860272201,0.633475661309322,0.781692723090028,-6.0313155063884,100003008,"100003008","Lipid","Lysophospholipid",2777,"NAMED","GRWOGFDNIAYTPK-DTNGDMSLSA-N","[H]C(C(O)(C(O)([C@](O)1[H])[H])[H])([C@@](OP(O)(O[C@](COC(CCCCCCCCCCCCCCCCC)=O)(CO)[H])=O)([C@]1(O)[H])[H])O","2-stearoyl-GPI (18:0)*","2-stearoyl-GPI (18:0)*",NA,NA,"HMDB0061704",NA,131770413,"LPI 18:0","LPI 18:0","LPI 0:0/18:0",39223,39223,39223,209,209,209,149867,149867,149867,"Neg","Neg","Neg",149867,39223,209,"Neg",0.056792950036578,0.0567119329894502
-0.0112715448763952,-0.00317632737533486,-0.467480590276394,0.640488565247306,0.786586890713373,-6.03576291127168,1134,"1134","Nucleotide","Purine Metabolism, (Hypo)Xanthine/Inosine containing",4334,"NAMED","LEHOTFFKMJEONL-UHFFFAOYSA-N","O=C1NC(NC(NC2=O)=O)=C2N1","urate","urate","120K5305,69-93-2",NA,"HMDB0000289","C00366",1175,NA,NA,NA,1604,1604,1604,209,209,209,124593,124593,124593,"Neg","Neg","Neg",124593,1604,209,"Neg",-0.0556223606825357,-0.0555430135203638
-0.0193653008266627,-0.0291443557327116,-0.460647533744863,0.645378549090978,0.786586890713373,-6.03879724775189,100015625,"100015625","Lipid","Hexosylceramides (HCER)",3131,"NAMED","BZVOAOVDSULRAB-NUBHLNQHSA-N","[H][C@](NC(CCCCCCCCCCCCCCCCCCCCC)=O)(CO[C@H]1[C@H](O)[C@@H](O)[C@@H](O)[C@@H](CO)O1)[C@@](O)([H])/C=C/CCCCCCCC/C=C\CCC","glycosyl-N-behenoyl-sphingadienine (d18:2/22:0)*","glycosyl-N-behenoyl-sphingadienine (d18:2/22:0)*",NA,NA,NA,NA,NA,"HexCer 40:2;O2","HexCer 18:2;O2_22:0","HexCer 18:2;O2/22:0",57421,57421,57421,402,402,402,211074,211074,211074,"Pos Late","Pos Late","Pos Late",211074,57421,402,"Pos Late",-0.0548093413981709,-0.0547311540352634
0.0143760567769111,-0.0896436391866682,0.459810125043728,0.645978799459724,0.786586890713373,-6.03916613141551,100009166,"100009166","Lipid","Phosphatidylcholine (PC)",2346,"NAMED","ARDJUHDXABDVFH-JWTYRHBCSA-N","CCCCCCCCCCCCCCCC(OCC(OC(CCCCC/C=C/C/C=C/C/C=C/C/C=C/C/C=C/CC)=O)COP([O-])(OCC[N+](C)(C)C)=O)=O","phosphatidylcholine (16:0/22:5n3, 18:1/20:4)*","phosphatidylcholine (16:0/22:5n3, 18:1/20:4)*",NA,NA,"HMDB0008114,HMDB0007990",NA,NA,"PC 38:5","Unknown","Unknown",52719,52719,52719,402,402,402,165499,165499,165499,"Pos Late","Pos Late","Pos Late",165499,52719,402,"Pos Late",0.0547097037880068,0.0546316585614904
0.0212083033236411,-0.0105087473927583,0.458640113346425,0.646818051762567,0.786586890713373,-6.03968022185758,100015971,"100015971","Lipid","Corticosteroids",3394,"NAMED","INMJYSGZRBTEOR-RXCXIKFNSA-N","O[C@H]([C@]([C@]([C@]1([H])[C@@](CC2)([H])[C@@]3([H])[C@]([C@@]2([H])C[C@@H]4OC5C(O)C(O)C(O)C(C(O)=O)O5)(CC4)C)(CC3=O)C)(CC1)O)CO","cortolone glucuronide (1)","cortolone glucuronide (1)",NA,NA,"HMDB0010320",NA,NA,NA,NA,NA,57699,57699,57699,209,209,209,212775,212775,212775,"Neg","Neg","Neg",212775,57699,209,"Neg",0.0545704919918728,0.0544926453556504
0.0130012485201086,0.0565642289170374,0.455049251863944,0.649396253447606,0.786586890713373,-6.04125015139997,100008904,"100008904","Lipid","Phosphatidylcholine (PC)",2367,"NAMED","ATHVAWFAEPLPPQ-VRDBWYNSSA-N","O=C(CCCCCCCCCCCCCCCCC)OC[C@]([H])(COP(OCC[N+](C)(C)C)([O-])=O)OC(CCCCCCC/C=C\CCCCCCCC)=O","1-stearoyl-2-oleoyl-GPC (18:0/18:1)","1-stearoyl-2-oleoyl-GPC (18:0/18:1)","56421-10-4",24766704,"HMDB0008038",NA,24778825,"PC 36:1","PC 18:0_18:1","Unknown",52438,52438,52438,402,402,402,164562,164562,164562,"Pos Late","Pos Late","Pos Late",164562,52438,402,"Pos Late",0.0541432396167068,0.0540660024703207
-0.0282708093073914,0.0558721113078618,-0.454626246028892,0.649700340900916,0.786586890713373,-6.04143419430659,891,"891","Lipid","Long Chain Saturated Fatty Acid",1557,"NAMED","KEMQGTRYUADPNZ-UHFFFAOYSA-N","O=C(O)CCCCCCCCCCCCCCCC","margarate (17:0)","margarate (17:0)","506-12-7",10033,"HMDB0002259",NA,10465,NA,NA,NA,1121,1121,1121,209,209,209,125718,125718,125718,"Neg","Neg","Neg",125718,1121,209,"Neg",-0.0540929090070142,-0.05401574365893
-0.0374490342843324,0.0110696366675659,-0.451738875658123,0.651776978065157,0.786627387320017,-6.04268639122572,100001990,"100001990","Lipid","Secondary Bile Acid Metabolism",3606,"NAMED","OEDITLKCLMKBOM-UHFFFAOYSA-N","O=S(OC1CCC2(C)C(CCC3C2CCC4(C)C3CCC4C(CCC(NCCS(=O)(O)=O)=O)C)=C1)(O)=O","taurocholenate sulfate*","taurocholenate sulfate*",NA,NA,NA,NA,NA,NA,NA,NA,32807,32807,32807,209,209,209,142566,142566,142566,"Neg","Neg","Neg",142566,32807,209,"Neg",-0.0537493602917787,-0.0536726850274538
0.0268652557972072,0.108914685568638,0.439906255271776,0.660315401378468,0.794441967283469,-6.04773474385525,100008991,"100008991","Lipid","Phosphatidylethanolamine (PE)",2463,"NAMED","MPWUZHVZZKSTPV-MADBQMNMSA-N","O=C(CCCCCCCCCCCCCCC)OC[C@]([H])(COP(OCCN)(O)=O)OC(CC/C=C\C/C=C\C/C=C\C/C=C\C/C=C\C/C=C\CC)=O","1-palmitoyl-2-docosahexaenoyl-GPE (16:0/22:6)*","1-palmitoyl-2-docosahexaenoyl-GPE (16:0/22:6)*",NA,7825749,"HMDB0008946",NA,9546799,"PE 38:6","PE 16:0_22:6","Unknown",52465,52465,52465,402,402,402,165133,165133,165133,"Pos Late","Pos Late","Pos Late",165133,52465,402,"Pos Late",0.0523414766434763,0.0522668097723729
0.0286555273689438,-0.0199487174656032,0.436234105503282,0.662974355420817,0.795156158370762,-6.04927424843482,519,"519","Lipid","Long Chain Saturated Fatty Acid",1552,"NAMED","TUNFSRHWOTWDNC-UHFFFAOYSA-N","OC(CCCCCCCCCCCCC)=O","myristate (14:0)","myristate (14:0)","544-63-8",10539,"HMDB0000806","C06424",11005,NA,NA,NA,1365,1365,1365,209,209,209,125728,125728,125728,"Neg","Neg","Neg",125728,1365,209,"Neg",0.0519045523237249,0.0518305087398109
0.0231520367953927,-0.112971202972294,0.43223379200928,0.665875791509785,0.796155837674743,-6.05093666427468,100022013,"100022013","Lipid","Corticosteroids",3378,"NAMED","OZINUFSVVJAFHD-LUPKFNMHSA-N","[H][C@@]12[C@@]3(C)CC[C@@H](OC4OC(C(O)=O)C(O)C(O)C4O)C[C@@]3([H])CC[C@@]1([H])[C@]5([H])CC[C@@](C(CO)=O)(O)[C@@]5(C)C[C@@H]2O","tetrahydrocortisol glucuronide","tetrahydrocortisol glucuronide",NA,NA,NA,NA,NA,NA,NA,NA,64411,64411,64411,209,209,209,237545,237545,237545,"Neg","Neg","Neg",237545,64411,209,"Neg",0.0514285820168614,0.0513552174205463
-0.0298312176104054,-0.196879609096527,-0.422160228382044,0.673204385453411,0.802426279874808,-6.05505519356744,207,"207","Nucleotide","Purine Metabolism, Adenine containing",4345,"NAMED","IVOMOUWHDPKRLL-UHFFFAOYSA-N","NC1=NC=NC2=C1N=CN2C3OC(CO4)C(OP4(O)=O)C3O","adenosine 3',5'-cyclic monophosphate (cAMP)","adenosine 3',5'-cyclic monophosphate (cAMP)","60-92-4",268,"HMDB0000058","C00575",6076,NA,NA,NA,2831,2831,2831,209,209,209,123233,123233,123233,"Neg","Neg","Neg",123233,2831,209,"Neg",-0.0502299966614752,-0.0501583418873504
0.0431111975920597,-0.035277717450678,0.414711734053348,0.678643394277725,0.806412675299148,-6.05803809795782,100009264,"100009264","Lipid","Primary Bile Acid Metabolism",3540,"NAMED","ABFZMYIIUREPLL-ASWJIRIHSA-N","O[C@H]1[C@@]2([C@@]([H])([C@]3(CC[C@H](C[C@]3(C1)[H])O[C@H]4[C@@H]([C@H]([C@@H]([C@H](O4)C(O)=O)O)O)O)C)CC[C@]5([C@]2(CC[C@@H]5[C@@H](CCC(NCC(O)=O)=O)C)[H])C)[H]","glycochenodeoxycholate glucuronide (1)","glycochenodeoxycholate glucuronide (1)",NA,NA,"HMDB0002579",NA,44263370,NA,NA,NA,52983,52983,52983,209,209,209,166140,166140,166140,"Neg","Neg","Neg",166140,52983,209,"Neg",0.0493437505868572,0.049273360072468
0.00900211383040198,-0.011310803071287,0.408298045967189,0.683340224608603,0.808812921371811,-6.06056415939462,100008921,"100008921","Lipid","Phosphatidylcholine (PC)",2326,"NAMED","PZNPLUBHRSSFHT-RRHRGVEJSA-N","O=C(CCCCCCCCCCCCCCC)OC[C@]([H])(COP(OCC[N+](C)(C)C)([O-])=O)OC(CCCCCCCCCCCCCCCCC)=O","1-palmitoyl-2-stearoyl-GPC (16:0/18:0)","1-palmitoyl-2-stearoyl-GPC (16:0/18:0)","59403-51-9",24766643,"HMDB0007970","C03889",24778686,"PC 34:0","PC 16:0_18:0","Unknown",52616,52616,52616,402,402,402,165348,165348,165348,"Pos Late","Pos Late","Pos Late",165348,52616,402,"Pos Late",0.0485806291237336,0.048511327227694
0.0311560360477068,-0.0281318417914926,0.406219719972946,0.68486496718756,0.808812921371811,-6.06137419912722,100005714,"100005714","Lipid","Lysophospholipid",2728,"NAMED","NTBBASCGALPTDC-IUQGRGSQSA-N","[NH3+]CCOP(OCC(O)COC(CCCCCCC/C=C/C/C=C/C/C=C/CC)=O)([O-])=O","1-linolenoyl-GPE (18:3)*","1-linolenoyl-GPE (18:3)*",NA,NA,"HMDB0011509",NA,52925148,"LPE 18:3","LPE 18:3","LPE 18:3/0:0",57509,57509,57509,402,402,402,211207,211207,211207,"Pos Late","Pos Late","Pos Late",211207,57509,402,"Pos Late",0.0483333431390912,0.0482643940047987
0.0260482749256218,-0.0151968451158162,0.399385632277157,0.689887553266645,0.812252929687029,-6.06400891476314,100001468,"100001468","Cofactors and Vitamins","Nicotinate and Nicotinamide Metabolism",4527,"NAMED","JLQSXXWTCJPCBC-UHFFFAOYSA-N","O=C(C1=C([H])N(C(C([H])=C1[H])=O)C([H])([H])[H])N([H])[H]","N1-methyl-2-pyridone-5-carboxamide","N1-methyl-2-pyridone-5-carboxamide","701-44-0",62899,"HMDB0004193","C05842",69698,NA,NA,NA,40469,40469,40469,400,209,209,156740,143005,143005,"Pos Early","Neg","Neg",156740,40469,400,"Pos Early",0.0475202011634501,0.0474524120034451
0.0179017127667886,0.101189515951981,0.396004581300061,0.69237742347149,0.81269910986745,-6.06529594515427,1004,"1004","Nucleotide","Purine Metabolism, (Hypo)Xanthine/Inosine containing",4324,"NAMED","LRFVTYWOQMYALW-UHFFFAOYSA-N","O=C(N1)C(N=CN2)=C2NC1=O","xanthine","xanthine","69-89-6",1151,"HMDB0000292","C00385",1188,NA,NA,NA,3147,3147,3147,305,305,305,147146,147146,147146,"Polar","Polar","Polar",147146,3147,305,"Polar",0.0471179127244308,0.0470506974423703
0.0313485557245443,-0.129333819982304,0.376922848170801,0.706492069507567,0.823290282888973,-6.07235428825285,100002106,"100002106","Lipid","Sphingomyelins",3183,"NAMED","NBEADXWAAWCCDG-QDDWGVBQSA-N","O=C(CCCCCCC/C=C\CCCCCCCC)N[C@@](COP([O-])(OCC[N+](C)(C)C)=O)([C@](O)(/C=C/CCCCCCCCCCCCC)[H])[H]","sphingomyelin (d18:1/18:1, d18:2/18:0)","sphingomyelin (d18:1/18:1, d18:2/18:0)","108392-10-5",4947837,"HMDB0012101",NA,6443882,"SM 36:2;O2","Unknown","Unknown",37529,37529,37529,402,402,402,164200,164200,164200,"Pos Late","Pos Late","Pos Late",164200,37529,402,"Pos Late",0.0448475060708924,0.0447835296000352
0.0769715418660383,-0.550409983867882,0.375878021854111,0.707267907979408,0.823290282888973,-6.07273071943195,100000436,"100000436","Lipid","Secondary Bile Acid Metabolism",3557,"NAMED","WVULKSPCQVQLCU-BUXLTGKBSA-N","O=C(NCC(O)=O)CC[C@@H](C)[C@@H]1[C@@]2(C)[C@@H](O)C[C@]3([H])[C@@]4(C)CC[C@@H](O)C[C@@]4([H])CC[C@@]3([H])[C@@]2(CC1)[H]","glycodeoxycholate","glycodeoxycholate","360-65-6",NA,"HMDB0000631","C05464",3035026,NA,NA,NA,18477,18477,18477,209,209,209,123291,123291,123291,"Neg","Neg","Neg",123291,18477,209,"Neg",0.0447231892383943,0.0446593901096662
0.0122799011301621,-0.0253439813790828,0.374844026128374,0.708036005042406,0.823290282888973,-6.07310222082411,1518,"1518","Lipid","Ceramides",3083,"NAMED","YDNKGFDKKRUKPY-TURZORIXSA-N","OC[C@@H]([C@H](O)/C=C/CCCCCCCCCCCCC)NC(CCCCCCCCCCCCCCC)=O","N-palmitoyl-sphingosine (d18:1/16:0)","N-palmitoyl-sphingosine (d18:1/16:0)","24696-26-2",4446677,"HMDB0004949",NA,5283564,"CER 34:1;O2","CER 18:1; O2_16:0","CER 18:1; O2/16:0",44877,44877,44877,402,402,402,164219,164219,164219,"Pos Late","Pos Late","Pos Late",164219,44877,402,"Pos Late",0.0446001610648242,0.0445365374399101
0.0175863641954124,-0.0180182765475124,0.372263520495774,0.70995421797179,0.823290282888973,-6.07402490372054,100009227,"100009227","Lipid","Lysophospholipid",2770,"NAMED","VEEHTGYBVMTAAF-RFFZIGDUSA-N","[H][C@@](CO)(O)COP(OC[C@]([H])(O)COC(CCCCCCC/C=C\C/C=C\CCCCC)=O)(O)=O","1-linoleoyl-GPG (18:2)*","1-linoleoyl-GPG (18:2)*",NA,NA,"HMDB0240600",NA,NA,"LPG 18:2","LPG 18:2","LPG 18:2/0:0",54885,54885,54885,209,209,209,207774,207774,207774,"Neg","Neg","Neg",207774,54885,209,"Neg",0.0442931241139319,0.0442299384875212
0.0109083321610689,-0.0303526475873553,0.364094588849556,0.716038711608505,0.827852564472295,-6.07690379165471,1002,"1002","Nucleotide","Purine Metabolism, (Hypo)Xanthine/Inosine containing",4336,"NAMED","POJWUDADGALRAB-UHFFFAOYSA-N","O=C(N1)C(NC(N)=O)NC1=O","allantoin","allantoin","97-59-6",199,"HMDB0000462","C02348,C01551,C02350",439714204439713,NA,NA,NA,1107,1107,1107,305,305,305,146424,146424,146424,"Polar","Polar","Polar",146424,1107,305,"Polar",0.0433211580647142,0.0432593589804564
-0.0271176813383562,-0.078436039687574,-0.357820893561545,0.720723927558919,0.829079397583501,-6.0790714359478,132,"132","Carbohydrate","Glycolysis, Gluconeogenesis, and Pyruvate Metabolism",1276,"NAMED","OSJPPGNTCRNQQC-UHFFFAOYSA-N","OC(C(O)=O)COP(O)(O)=O","3-phosphoglycerate","3-phosphoglycerate","80731-10-8",10669764,"HMDB0000807","C00597",724,NA,NA,NA,1414,1414,1414,400,400,400,155361,155361,155361,"Pos Early","Pos Early","Pos Early",155361,1414,400,"Pos Early",-0.0425746933999123,-0.042513959172523
0.0198988068754609,-0.00474540010743285,0.356907752313169,0.721406748546682,0.829079397583501,-6.07938380013104,100001739,"100001739","Lipid","Long Chain Polyunsaturated Fatty Acid (n3 and n6)",1617,"NAMED","AHANXAKGNAKFSK-PDBXOOCHSA-N","CC\C=C/C\C=C/C\C=C/CCCCCCCCCC(O)=O","dihomo-linolenate (20:3n3 or n6)","dihomolinolenate (20:3n3 or 3n6)","17046-59-2",4471954,"HMDB0002925","C03242",5280581,NA,NA,NA,35718,35718,35718,209,209,209,143707,143707,143707,"Neg","Neg","Neg",143707,35718,209,"Neg",0.0424660448850269,0.0424054656483864
-0.0365268440266293,-0.185820082140358,-0.348107917458383,0.727998380566878,0.834164811066214,-6.08235314372832,100002241,"100002241","Xenobiotics","Xanthine Metabolism",4800,"NAMED","YHNNPKUFPWLTOP-UHFFFAOYSA-N","CN(C1=C(N2)NC(NC1=O)=O)C2=O","7-methylurate","7-methylurate","612-37-3",62375,"HMDB0011107","C16355",69160,NA,NA,NA,39598,39598,39598,400,400,400,156601,156601,156601,"Pos Early","Pos Early","Pos Early",156601,39598,400,"Pos Early",-0.0414190119206203,-0.0413599263116037
0.0173817423273756,-0.0301053696101085,0.340001236166187,0.734088754958207,0.838647390679258,-6.08502305194372,100005350,"100005350","Lipid","Lysophospholipid",2668,"NAMED","WKQNRCYKYCKESD-YHTMAJSVSA-N","C[N+](CCOP(OCC(O)COC(CCCCCCC/C=C/C/C=C/C/C=C/CC)=O)([O-])=O)(C)C","1-linolenoyl-GPC (18:3)*","1-linolenoyl-GPC (18:3)*",NA,NA,"HMDB0010388","C04100",NA,"LPC 18:3","LPC 18:3","LPC 18:3/0:0",45951,45951,45951,402,402,402,159653,159653,159653,"Pos Late","Pos Late","Pos Late",159653,45951,402,"Pos Late",0.0404544526209362,0.0403967429880961
-0.0185986940319376,-0.033876366447913,-0.327584988673254,0.743449374578071,0.84682842962295,-6.0889904329007,100015623,"100015623","Lipid","Lactosylceramides (LCER)",3153,"NAMED","QYWVASPEUXEHSY-NNRNTGNWSA-N","[H][C@](NC(CCCCCCCCCCCCCCCCCCCCC)=O)(CO[C@H]1[C@H](O)[C@@H](O)[C@H](O[C@H]2[C@H](O)[C@@H](O)[C@@H](O)[C@H](O2)CO)[C@H](O1)CO)[C@@](O)([H])/C=C/CCCCCCCCCCCCC","lactosyl-N-behenoyl-sphingosine (d18:1/22:0)*","lactosyl-N-behenoyl-sphingosine (d18:1/22:0)*",NA,24846893,"HMDB0011594",NA,44260143,"LacCer 40:1;O2","LacCer 18:1;O2_22:0","LacCer 18:1;O2/22:0",57422,57422,57422,402,402,402,211075,211075,211075,"Pos Late","Pos Late","Pos Late",211075,57422,402,"Pos Late",-0.0389771271217808,-0.0389215249432904
0.0127557394980772,-0.0173958456271979,0.315699552457459,0.752445675426029,0.854547448492688,-6.09265005490385,100015745,"100015745","Lipid","Hexosylceramides (HCER)",3145,"NAMED","WYTRSDHGWSSQLK-PCKKJQKNSA-N","OC(/C=C/CCCCCCCC/C=C\CCC)C(COC1C(O)C(O)C(O)C(CO)O1)NC(CCCCCCCCCCCCC/C=C\CCCCCCCC)=O","glycosyl ceramide (d18:2/24:1, d18:1/24:2)*","glycosyl ceramide (d18:2/24:1, d18:1/24:2)*",NA,NA,NA,NA,NA,"HexCer 42:3;O2","Unknown","Unknown",57453,57453,57453,402,402,402,211107,211107,211107,"Pos Late","Pos Late","Pos Late",211107,57453,402,"Pos Late",0.0375629592743556,0.0375093744537074
-0.00739095388160566,0.019462694179418,-0.309125753723923,0.757436088817667,0.855430064916067,-6.09461617451895,100006294,"100006294","Lipid","Sphingomyelins",3170,"NAMED","FJJANLYCZUNFSE-TWKUQIQBSA-N","CCCCCCCCCCCCC/C=C/[C@@H](O)[C@@H](NC(CCCCCCCCCCCCCCCCCCCCC)=O)COP([O-])(OCC[N+](C)(C)C)=O","behenoyl sphingomyelin (d18:1/22:0)*","behenoyl sphingomyelin (d18:1/22:0)*",NA,24846873,"HMDB0012103",NA,44260125,"SM 40:1;O2","SM 18:1;O2_22:0","SM 18:1;O2/22:0",48492,48492,48492,402,402,402,164533,164533,164533,"Pos Late","Pos Late","Pos Late",164533,48492,402,"Pos Late",-0.0367807873257942,-0.0367283182996518
0.0129339828432781,0.0582309056967985,0.307201531601522,0.758898843386354,0.855430064916067,-6.0951838089832,100003151,"100003151","Lipid","Fatty Acid Metabolism (Acyl Carnitine, Polyunsaturated)",1936,"NAMED","MJLXQSQYKZWZCB-DQFWFXSYSA-N","[O-]C(C[C@H](C[N+](C)(C)C)OC(CCCCCCC/C=C\C/C=C\CCCCC)=O)=O","linoleoylcarnitine (C18:2)*","linoleoylcarnitine (C18:2)*","36816-10-1",4952667,"HMDB0006469",NA,6450015,NA,NA,NA,46223,46223,46223,402,402,402,159669,159669,159669,"Pos Late","Pos Late","Pos Late",159669,46223,402,"Pos Late",0.036551837120905,0.0364996946999051
0.00587232841022589,-0.0550898889606939,0.303697681646496,0.761564468496166,0.855430064916067,-6.09620843035425,461,"461","Energy","Oxidative Phosphorylation",1508,"NAMED","NBIIXXVUZAFLBC-UHFFFAOYSA-N","O=P(O)(O)O","phosphate","phosphate","7664-38-2",1032,"HMDB0001429","C00009",1061,NA,NA,NA,42109,42109,42109,400,400,400,156915,156915,156915,"Pos Early","Pos Early","Pos Early",156915,42109,400,"Pos Early",0.0361349376602007,0.0360833899602575
-0.00599416671742417,0.00286350387454557,-0.302980527194304,0.762110421470678,0.855430064916067,-6.09641669030477,100008957,"100008957","Lipid","Sphingomyelins",3194,"NAMED","TXFLWJQVQCDUDZ-BRUGZULGSA-N","[H][C@](NC(CCCCCCCCCCCCC/C=C\CCCCCCCC)=O)(COP(OCC[N+](C)(C)C)([O-])=O)[C@@](O)([H])/C=C/CCCCCCCC/C=C\CCC","sphingomyelin (d18:2/24:1, d18:1/24:2)*","sphingomyelin (d18:2/24:1, d18:1/24:2)*",NA,NA,"HMDB0240636,HMDB0240615",NA,85336023,"SM 42:3;O2","Unknown","Unknown",52437,52437,52437,402,402,402,164561,164561,164561,"Pos Late","Pos Late","Pos Late",164561,52437,402,"Pos Late",-0.0360496082915924,-0.035998182316854
0.00988561335078314,-0.0756694218849401,0.296852307199785,0.766780519105619,0.858170057719951,-6.09817624307228,100015791,"100015791","Lipid","Sphingomyelins",3174,"NAMED","FEKSRDMVIULIDJ-SQPFVDNVSA-N","CCC/C=C/CCCCCCCC/C=C/[C@@H](O)[C@@H](NC(CCCCCCCCCCCCCCCCC/C=C/CCC)=O)COP([O-])(OCC[N+](C)(C)C)=O","sphingomyelin (d18:2/23:1)*","sphingomyelin (d18:2/23:1)*",NA,NA,"HMDB0240668",NA,NA,"SM 41:3;O2","SM 18:2;O2_23:1","SM 18:2;O2/23:1",57482,57482,57482,402,402,402,211145,211145,211145,"Pos Late","Pos Late","Pos Late",211145,57482,402,"Pos Late",0.035320452750235,0.0352700669403203
0.0337928296188405,-0.230028615796657,0.28819960939791,0.773388967301629,0.860202545482222,-6.10059941536863,313,"313","Lipid","Sphingolipid Synthesis",3062,"NAMED","OTKJDMGTUTTYMP-UHFFFAOYSA-N","CCCCCCCCCCCCCCCC(C(CO)N)O","sphinganine","sphinganine","3102-56-5",3014,"HMDB0000269","C00836",3126,NA,NA,NA,17769,17769,17769,402,402,402,158166,158166,158166,"Pos Late","Pos Late","Pos Late",158166,17769,402,"Pos Late",0.0342909266308119,0.0342420094744199
-0.0109130600765105,-0.0552205008300824,-0.283385198148327,0.777073111739365,0.860202545482222,-6.10191668349424,100015882,"100015882","Lipid","Hexosylceramides (HCER)",3141,"NAMED","FXNTXJCUSRJUFN-QOSDPKFLSA-N","OCC(NC(CCCCCCCCCCCCCCCCCCC)=O)C(OC1OC(CO)C(O)C(O)C1O)/C=C/CCCCCCCCCCCCC","glycosyl ceramide (d18:1/20:0, d16:1/22:0)*","glycosyl ceramide (d18:1/20:0, d16:1/22:0)*",NA,NA,NA,NA,NA,"HexCer 38:1;O2","Unknown","Unknown",57595,57595,57595,402,402,402,212143,212143,212143,"Pos Late","Pos Late","Pos Late",212143,57595,402,"Pos Late",-0.0337180923258838,-0.0336699923368312
0.015004473018022,0.0556291892139842,0.283102872541778,0.777289313860885,0.860202545482222,-6.10199324201235,100008992,"100008992","Lipid","Phosphatidylethanolamine (PE)",2487,"NAMED","XYYHNDVKALDFHQ-OXHZBIAZSA-N","O=C(CCCCCCCCCCCCCCCCC)OC[C@]([H])(COP(OCCN)(O)=O)OC(CC/C=C\C/C=C\C/C=C\C/C=C\C/C=C\C/C=C\CC)=O","1-stearoyl-2-docosahexaenoyl-GPE (18:0/22:6)*","1-stearoyl-2-docosahexaenoyl-GPE (18:0/22:6)*",NA,7825748,"HMDB0009012",NA,9546798,"PE 40:6","PE 18:0_22:6","Unknown",52466,52466,52466,402,402,402,165134,165134,165134,"Pos Late","Pos Late","Pos Late",165134,52466,402,"Pos Late",0.0336845003072117,0.0336364482382999
0.018994958398638,-0.11921301081448,0.280472338420207,0.779304581543403,0.860202545482222,-6.10270290069264,100009140,"100009140","Lipid","Phosphatidylcholine (PC)",2313,"NAMED","HAIPHKFLSXSDAN-BLOCXYQCSA-N","O=C(CCCCCCCCCCCCC)OC[C@]([H])(COP(OCC[N+](C)(C)C)([O-])=O)OC(CC/C=C\C/C=C\C/C=C\C/C=C\C/C=C\C/C=C\CC)=O","1-myristoyl-2-docosahexaenoyl-GPC (14:0/22:6)*","1-myristoyl-2-docosahexaenoyl-GPC (14:0/22:6)*",NA,24766568,"HMDB0007892",NA,24778639,"PC 36:6","PC 14:0_22:6","Unknown",53196,53196,53196,402,402,402,166626,166626,166626,"Pos Late","Pos Late","Pos Late",166626,53196,402,"Pos Late",0.03337151080403,0.0333239052251369
0.0164196737659988,-0.096641039150755,0.279867684583522,0.779768021748819,0.860202545482222,-6.10286508674544,100020541,"100020541","Lipid","Androgenic Steroids",3469,"NAMED","BRPLOVMHAFXVOQ-HXVIYJDASA-N","C[C@]12CC[C@@H](OC3C(O)C(O)C(O)C(C(O)=O)O3)C[C@]1([H])CC[C@]4([H])[C@]2([H])[C@@H](O)C[C@@]5(C)[C@@]4([H])CCC5=O","11beta-hydroxyandrosterone glucuronide","11beta-hydroxyandrosterone glucuronide",NA,NA,"HMDB0010351",NA,NA,NA,NA,NA,63251,63251,63251,209,209,209,222126,222126,222126,"Neg","Neg","Neg",222126,63251,209,"Neg",0.0332995671244597,0.0332520641756373
-0.00750498533613865,0.0393848241820812,-0.272144774873105,0.785694104465441,0.864198624069199,-6.10490585884335,100001412,"100001412","Nucleotide","Purine Metabolism, Guanine containing",4395,"NAMED","RSPURTUNRHNVGF-IOSLPCCCSA-N","O=C1C(N=CN2[C@@]3([H])[C@@](O)([H])[C@@](O)([H])[C@](CO)([H])O3)=C2N=C(N(C)C)N1","N2,N2-dimethylguanosine","N2,N2-dimethylguanosine","2140-67-2",83878,"HMDB0004824",NA,135501639,NA,NA,NA,35137,35137,35137,400,400,400,156155,156155,156155,"Pos Early","Pos Early","Pos Early",156155,35137,400,"Pos Early",-0.0323806702154404,-0.0323344781038635
-0.0480477384966421,-0.67077429449993,-0.269300597348658,0.78787978454101,0.864198624069199,-6.10564301061758,798,"798","Nucleotide","Purine Metabolism, Adenine containing",4349,"NAMED","OIRDTQYFTABQOQ-KQYNXXCUSA-N","NC1=NC=NC2=C1N=CN2[C@@]3([H])[C@@](O)([H])[C@@](O)([H])[C@](CO)([H])O3","adenosine","adenosine","58-61-7",54923,"HMDB0000050","C00212",60961,NA,NA,NA,555,555,555,209,209,209,124777,124777,124777,"Neg","Neg","Neg",124777,555,209,"Neg",-0.0320422607255054,-0.0319965513664105
0.01208930201262,-0.0432115527478611,0.265109031048777,0.79110388567312,0.865269874954975,-6.1067153103029,100000792,"100000792","Lipid","Androgenic Steroids",3405,"NAMED","CZWCKYRVOZZJNM-DYIPZHMLSA-N","[H][C@@]1(CC[C@]2(C)[C@]3(CCC2=O)[H])[C@@]4(C)C(C[C@H](OS(=O)(O)=O)CC4)=CC[C@]13[H]","dehydroepiandrosterone sulfate (DHEA-S)","dehydroepiandrosterone sulfate (DHEA-S)","651-48-9",12074,"HMDB0001032","C04555",12594,NA,NA,NA,32425,32425,32425,209,209,209,124935,124935,124935,"Neg","Neg","Neg",124935,32425,209,"Neg",0.0315435345379242,0.031498536628455
0.0199008355445281,-0.00287765817040751,0.260620376168597,0.794560489162346,0.866588635488677,-6.10784496954596,100001277,"100001277","Lipid","Long Chain Monounsaturated Fatty Acid",1585,"NAMED","BBOWBNGUEWHNQZ-KTKRTIGZSA-N","O=C(O)CCCCCCCC/C=C\CCCCCCCC","nonadecenoate (19:1)","nonadecenoate (19:1)","73033-09-7",4471938,"HMDB0013622",NA,5312513,NA,NA,NA,33972,33972,33972,209,209,209,126131,126131,126131,"Neg","Neg","Neg",126131,33972,209,"Neg",0.0310094597850512,0.030965223751121
0.0166702465834674,-0.0557430545951909,0.249967375190984,0.802780230883879,0.873080194605349,-6.11044882646405,1547,"1547","Lipid","Ceramides",3087,"NAMED","VODZWWMEJITOND-NXCSZAMKSA-N","OC[C@H](NC(CCCCCCCCCCCCCCCCC)=O)[C@H](O)/C=C/CCCCCCCCCCCCC","N-stearoyl-sphingosine (d18:1/18:0)*","N-stearoyl-sphingosine (d18:1/18:0)*","104404-17-3",4446678,"HMDB0004950",NA,5283565,"CER 36:1;O2","CER 18:1; O2_18:0","CER 18:1; O2/18:0",54979,54979,54979,402,402,402,208064,208064,208064,"Pos Late","Pos Late","Pos Late",208064,54979,402,"Pos Late",0.0297419310896291,0.029699503227875
-0.0182208032932025,0.0599232287565374,-0.245971739872354,0.805868936850219,0.87397053714742,-6.11139745124395,100001989,"100001989","Lipid","Secondary Bile Acid Metabolism",3605,"NAMED","HCXZDHWUVRQLGC-UHFFFAOYSA-N","O=S(OC1CCC2(C)C(CCC3C2CCC4(C)C3CCC4C(CCC(NCC(O)=O)=O)C)=C1)(O)=O","glycocholenate sulfate*","glycocholenate sulfate*",NA,NA,NA,NA,NA,NA,NA,NA,32599,57741,32599,209,209,209,142563,213336,142563,"Neg","Neg","Neg",213336,57741,209,"Neg",-0.0292665174072828,-0.0292247677390841
-0.0171022892175078,-0.0241762498929017,-0.239949780693929,0.810529772413109,0.876556074098446,-6.1127982889999,100002868,"100002868","Lipid","Lysophospholipid",2688,"NAMED","UIINDYGXBHJQHX-GDLZYMKVSA-N","CCCCCCCCCCCCCCCCCCCCCC(OC[C@H](COP([O-])(OCC[N+](C)(C)C)=O)O)=O","1-behenoyl-GPC (22:0)","1-behenoyl-GPC (22:0)","125146-65-8",NA,"HMDB0010398",NA,24779479,"LPC 22:0","LPC 22:0","LPC 22:0/0:0",39792,39792,39792,402,402,402,159193,159193,159193,"Pos Late","Pos Late","Pos Late",159193,39792,402,"Pos Late",-0.02855000512334,-0.0285092775839344
0.0130174861150312,-0.0815940581527613,0.233817416890373,0.815283004614662,0.879226769682478,-6.11418914164545,100001295,"100001295","Peptide","Gamma-glutamyl Amino Acid",664,"NAMED","CATMPQFFVNKDEY-AAEUAGOBSA-N","O=C(O)[C@@H](N)CCC(N[C@@H](CC1=CNC2=C1C=CC=C2)C(O)=O)=O","gamma-glutamyltryptophan","gamma-glutamyltryptophan","66471-20-3",2302065,"HMDB0029160",NA,3989307,NA,NA,NA,33947,33947,33947,400,209,400,156045,126107,156045,"Pos Early","Neg","Pos Early",156045,33947,400,"Pos Early",0.0278203565381095,0.0277806698668711
-0.00853861562038188,-0.145888545325574,-0.223685408852965,0.823151254698283,0.879939014100112,-6.1164082935323,100001391,"100001391","Lipid","Fatty Acid Metabolism (Acyl Carnitine, Long Chain Saturated)",1911,"NAMED","FNPHNLNTJNMAEE-HSZRJFAPSA-N","[O-]C(C[C@@H](OC(CCCCCCCCCCCCCCCCC)=O)C[N+](C)(C)C)=O","stearoylcarnitine (C18)","stearoylcarnitine (C18)","18822-91-8",21233653,"HMDB0000848",NA,3006797,NA,NA,NA,34409,34409,34409,402,402,402,158657,158657,158657,"Pos Late","Pos Late","Pos Late",158657,34409,402,"Pos Late",-0.0266148172767642,-0.0265768503476961
-0.0117976198384739,-0.0533229872759714,-0.221332430021776,0.824981154836308,0.879939014100112,-6.11690956866502,100009027,"100009027","Lipid","Dihydrosphingomyelins",3164,"NAMED","JCELSEVNSMXGKA-IOLBBIBUSA-N","[H][C@](NC(CCCCCCCCCCCCCCCCC)=O)(COP(OCC[N+](C)(C)C)([O-])=O)[C@@](O)([H])CCCCCCCCCCCCCCC","sphingomyelin (d18:0/18:0, d19:0/17:0)*","sphingomyelin (d18:0/18:0, d19:0/17:0)*",NA,24846878,"HMDB0012087",NA,44260130,"SM 36:0;O2","Unknown","Unknown",57473,57473,57473,402,402,402,211136,211136,211136,"Pos Late","Pos Late","Pos Late",211136,57473,402,"Pos Late",-0.0263348522045258,-0.0262972846550187
0.0111354513114361,-0.0728361484553583,0.220799648384308,0.825395620742564,0.879939014100112,-6.11702234039711,100015792,"100015792","Lipid","Sphingomyelins",3195,"NAMED","JONXXLXMISNQNG-BXMSAMRLSA-N","[H][C@](NC(CCCCCCCCCCCCCCCCCCCCCCCC)=O)(COP(OCC[N+](C)(C)C)([O-])=O)[C@@](O)([H])/C=C/CCCCCCCCCCCCC","sphingomyelin (d18:1/25:0, d19:0/24:1, d20:1/23:0, d19:1/24:0)*","sphingomyelin (d18:1/25:0, d19:0/24:1, d20:1/23:0, d19:1/24:0)*",NA,24846885,"HMDB0240675,HMDB0240674,HMDB0240673,HMDB0240671",NA,NA,"SM 43:1;O2","Unknown","Unknown",57478,57478,57478,402,402,402,211141,211141,211141,"Pos Late","Pos Late","Pos Late",211141,57478,402,"Pos Late",0.0262714601129167,0.0262339829943534
-0.020505038759553,-0.134305974004474,-0.218624558763374,0.82708819072885,0.879939014100112,-6.11747991403319,100002024,"100002024","Lipid","Androgenic Steroids",3453,"NAMED","KWYNDVHEQWYGIL-ARKAXQQOSA-N","O[C@H]1CC[C@@]2(C)[C@](CCC3C2CC[C@@]4(C)C3CC[C@@H]4OS(=O)(O)=O)([H])C1","5alpha-androstan-3beta,17beta-diol monosulfate (2)","5alpha-androstan-3beta,17beta-diol monosulfate (2)",NA,NA,NA,NA,NA,NA,NA,NA,37192,37192,37192,209,209,209,144276,144276,144276,"Neg","Neg","Neg",144276,37192,209,"Neg",-0.0260126608773358,-0.0259755529445579
-0.00698446293151028,-0.0488216281144234,-0.218260911226152,0.827371228842183,0.879939014100112,-6.11755598132286,100009025,"100009025","Lipid","Sphingomyelins",3188,"NAMED","YXSZOBWVQJIWNE-QVDCKBILSA-N","[H][C@](NC(CCCCCCCCCCCCCCCCCCCC)=O)(COP(OCC[N+](C)(C)C)([O-])=O)[C@@](O)([H])/C=C/CCCCCCCCCCCCC","sphingomyelin (d18:1/21:0, d17:1/22:0, d16:1/23:0)*","sphingomyelin (d18:1/21:0, d17:1/22:0, d16:1/23:0)*",NA,NA,"HMDB0240619,HMDB0240611,HMDB0240621",NA,NA,"SM 39;1;O2","Unknown","Unknown",52495,52495,52495,402,402,402,165187,165187,165187,"Pos Late","Pos Late","Pos Late",165187,52495,402,"Pos Late",-0.0259693929109274,-0.025932346701354
0.0345132092842236,-0.0840993362136979,0.213528410295857,0.831056964042139,0.881084276675474,-6.11853425668275,100021502,"100021502","Lipid","Medium Chain Fatty Acid",1543,"NAMED","WXBXVVIUZANZAU-CMDGGOBGSA-N","CCCCCCC/C=C/C(O)=O","(2 or 3)-decenoate (10:1n7 or n8)","(2 or 3)-decenoate (10:1n7 or n8)",NA,NA,"HMDB0340520,HMDB0340524",NA,NA,NA,NA,NA,63436,63436,63436,209,209,209,222605,222605,222605,"Neg","Neg","Neg",222605,63436,209,"Neg",0.0254063045621263,0.0253700616169592
0.0149381485659562,-0.108887818081034,0.208576538991416,0.834917530418246,0.881084276675474,-6.11953493658595,100001287,"100001287","Lipid","Androgenic Steroids",3410,"NAMED","ZMITXKRGXGRMKS-FMLJXKFRSA-N","O=C1CCC2C3CC[C@@]4([H])C[C@@H](OS(=O)(O)=O)CC[C@]4(C)C3CC[C@@]21C","epiandrosterone sulfate","epiandrosterone sulfate","22229-22-7",21403101,"HMDB0062657","C04555",9929317,NA,NA,NA,33973,33973,33973,209,209,209,126133,126133,126133,"Neg","Neg","Neg",126133,33973,209,"Neg",0.0248171148129085,0.0247817123666704
-0.0126295640250848,-0.123450791510596,-0.20762207784012,0.835662108023671,0.881084276675474,-6.1197251171441,100001197,"100001197","Lipid","Medium Chain Fatty Acid",1545,"NAMED","FRPZMMHWLSIFAZ-UHFFFAOYSA-N","O=C(CCCCCCCCC=C)O[H]","10-undecenoate (11:1n1)","10-undecenoate (11:1n1)","1333-28-4",10771160,"HMDB0033724","C13910",14891,NA,NA,NA,32497,32497,32497,209,209,209,125854,125854,125854,"Neg","Neg","Neg",125854,32497,209,"Neg",-0.0247035499216187,-0.0246683094795051
-0.0044860377515186,-0.0357031512180634,-0.20513595607744,0.837602195488892,0.881084276675474,-6.12021641076902,1256,"1256","Lipid","Phospholipid Metabolism",2277,"NAMED","CRBHXDCYXIISFC-UHFFFAOYSA-N","[O-]CC[N+](C)(C)C","choline","choline","67-48-1",149278,"HMDB0000097","C00114",305,NA,NA,NA,15506,15506,15506,400,400,400,155556,155556,155556,"Pos Early","Pos Early","Pos Early",155556,15506,400,"Pos Early",-0.0244077430704664,-0.0243729246067424
0.0355781932025951,-0.417257278366539,0.18919416491785,0.850066008105526,0.891758618857295,-6.12322600772547,100020823,"100020823","Lipid","Secondary Bile Acid Metabolism",3567,"NAMED","AXDXVEYHEODSPN-HVATVPOCSA-N","[H][C@@]12[C@@]3(C)CC[C@@H](OS(=O)(O)=O)C[C@@]3([H])CC[C@@]1([H])[C@]4([H])CC[C@]([H])([C@H](C)CCC(O)=O)[C@@]4(C)CC2","lithocholate sulfate (1)","lithocholate sulfate (1)",NA,NA,"HMDB0000907",NA,451489,NA,NA,NA,62526,62526,62526,209,209,209,219859,219859,219859,"Neg","Neg","Neg",219859,62526,209,"Neg",0.0225109369222579,0.0224788243160921
0.00620473502784549,-0.0136630581798629,0.175089998070033,0.861124660235104,0.899831906798907,-6.12568586497476,100009132,"100009132","Lipid","Phosphatidylcholine (PC)",2414,"NAMED","FCTKCFNDGVBOBD-YZXVGOFNSA-N","O=C(CCCCCCC/C=C\C/C=C\CCCCC)OC[C@]([H])(COP(OCC[N+](C)(C)C)([O-])=O)OC(CC/C=C\C/C=C\C/C=C\C/C=C\C/C=C\C/C=C\CC)=O","1-linoleoyl-2-docosahexaenoyl-GPC (18:2/22:6)*","1-linoleoyl-2-docosahexaenoyl-GPC (18:2/22:6)*",NA,24766818,"HMDB0008156",NA,24778983,"PC 40:8","PC 18:2_22:6","Unknown",53199,53199,53199,402,402,402,166629,166629,166629,"Pos Late","Pos Late","Pos Late",166629,53199,402,"Pos Late",0.0208327772898503,0.0208030586346579
0.0069275453721393,-0.0630023595789206,0.172037710258981,0.86352155104954,0.899831906798907,-6.12619313772777,100001501,"100001501","Lipid","Fatty Acid Metabolism (Acyl Carnitine, Monounsaturated)",1931,"NAMED","IPOLTUVFXFHAHI-WHIOSMTNSA-N","[O-]C(C[C@@H](OC(CCCCCCC/C=C\CCCCCCCC)=O)C[N+](C)(C)C)=O","oleoylcarnitine (C18:1)","oleoylcarnitine (C18:1)","38677-66-6",21403150,"HMDB0005065",NA,6441392,NA,NA,NA,35160,35160,35160,402,402,402,158710,158710,158710,"Pos Late","Pos Late","Pos Late",158710,35160,402,"Pos Late",0.0204696061613274,0.0204404055819246
-0.00807596500596386,-0.0661773422130296,-0.168703390131007,0.866141357920168,0.899831906798907,-6.12673708927456,100015835,"100015835","Lipid","Fatty Acid Metabolism (Acyl Carnitine, Long Chain Saturated)",1915,"NAMED","KOCKWDDTAHPJSX-UHFFFAOYSA-N","[O-]C(CC(C[N+](C)(C)C)OC(CCCCCCCCCCCCCCCCCCCCCCCCC)=O)=O","cerotoylcarnitine (C26)*","cerotoylcarnitine (C26)*",NA,35015992,"HMDB0006347",NA,53477828,NA,NA,NA,57516,57516,57516,402,402,402,211217,211217,211217,"Pos Late","Pos Late","Pos Late",211217,57516,402,"Pos Late",-0.0200728779106859,-0.0200442432774324
-0.0238458817381354,-0.389012542619881,-0.167470093942497,0.867110746551674,0.899831906798907,-6.12693558922136,100023220,"100023220","Lipid","Secondary Bile Acid Metabolism",3622,"NAMED",NA,"C[C@@]12[C@](CC[C@]2([H])[C@H](C)CCC(O)=O)([H])[C@@]3([H])[C@@](CC1)([H])[C@@]4([C@@](C[C@H](CC4)O)([H])CC3)C","isoallolithocholic acid","isoallolithocholic acid","2276-93-9",NA,NA,NA,NA,NA,NA,NA,65706,65706,65706,209,209,209,283489,283489,283489,"Neg","Neg","Neg",283489,65706,209,"Neg",-0.0199261363200133,-0.0198977110185582
0.00606904458256641,-0.044540803125487,0.156513465494809,0.875731468169822,0.906334987218767,-6.1286351331591,100003594,"100003594","Peptide","Dipeptide",957,"NAMED","JMCOUWKXLXDERB-UHFFFAOYSA-N","OC(C(CC1=CNC2=C1C=CC=C2)NC(C(CC3=CC=CC=C3)N)=O)=O","phenylalanyltryptophan","phenylalanyltryptophan","24587-41-5",10443429,"HMDB0029006",NA,134906,NA,NA,NA,41377,41377,41377,209,209,209,145131,145131,145131,"Neg","Neg","Neg",145131,41377,209,"Neg",0.0186224810409321,0.0185959154474357
-0.00330067935165385,-0.02674542752522,-0.120807356029532,0.903922851927497,0.929703727234732,-6.13337611201658,100009272,"100009272","Lipid","Hexosylceramides (HCER)",3120,"NAMED","VJLLLMIZEJJZTE-NNTBDIJYSA-N","[H][C@](O)([C@@](NC(CCCCCCCCCCCCCCC)=O)(CO[C@@H]1O[C@H](CO)[C@@H](O)[C@H](O)[C@H]1O)[H])/C=C/CCCCCCCCCCCCC","glycosyl-N-palmitoyl-sphingosine (d18:1/16:0)","glycosyl-N-palmitoyl-sphingosine (d18:1/16:0)",NA,NA,"HMDB0004971,HMDB0010708",NA,NA,"HexCer 34:1;O2","HexCer 18:1;O2_16:0","HexCer 18:1;O2/16:0",53013,53013,53013,402,402,402,166346,166346,166346,"Pos Late","Pos Late","Pos Late",166346,53013,402,"Pos Late",-0.0143740520354123,-0.0143535469683147
-0.00671379899660204,-0.140648347390076,-0.119330182672728,0.905092038768156,0.929703727234732,-6.13354594670828,100001270,"100001270","Lipid","Fatty Acid Metabolism (Acyl Carnitine, Long Chain Saturated)",1907,"NAMED","PSHXNVGSVNEJBD-UHFFFAOYSA-N","O=C(CCCCCCCCCCCCC)OC(CC([O-])=O)C[N+](C)(C)C","myristoylcarnitine (C14)","myristoylcarnitine (C14)","18822-89-4",4932274,"HMDB0005066",NA,6426854,NA,NA,NA,33952,33952,33952,402,402,402,158596,158596,158596,"Pos Late","Pos Late","Pos Late",158596,33952,402,"Pos Late",-0.0141982931462695,-0.0141780388051194
-0.0100415189653851,-0.075725729423837,-0.118744599656385,0.905555578475388,0.929703727234732,-6.13361269686731,297,"297","Lipid","Sphingosines",3223,"NAMED","WWUZIQQURGPMPG-CCEZHUSRSA-N","CCCCCCCCCCCCC/C=C/C(C(CO)N)O","sphingosine","sphingosine","123-78-4",4510275,"HMDB0000252","C00319",5280335,NA,NA,NA,17747,17747,17747,402,402,402,158164,158164,158164,"Pos Late","Pos Late","Pos Late",158164,17747,402,"Pos Late",-0.0141286185749139,-0.0141084636268755
0.00502329310905902,-0.0424039198139395,0.0990093566283022,0.9211956393336,0.936638408589186,-6.13567030306654,100015689,"100015689","Lipid","Phosphatidylcholine (PC)",2332,"NAMED","QAPGDFJIZLYEBT-DYMXKLMASA-N","O=C(CCCCCCCCCCCCCCC)OCC(COP(OCC[N+](C)(C)C)([O-])=O)OC(C(O)CCCCCC/C=C\C/C=C\CCCCC)=O","1-palmitoyl-2-(hydroxylinoleoyl)-GPC (16:0/18:2(OH))*","1-palmitoyl-2-(hydroxylinoleoyl)-GPC (16:0/18:2(OH))*",NA,NA,NA,NA,NA,"PC 34:2;O","PC 16:0_18:2;O","Unknown",57415,57415,57415,402,402,402,211066,211066,211066,"Pos Late","Pos Late","Pos Late",211066,57415,402,"Pos Late",0.0117804551886725,0.0117636499744233
0.00261305281453791,-0.031546440378599,0.0984789750956828,0.921616397113077,0.936638408589186,-6.13572045885733,100006314,"100006314","Lipid","Sphingomyelins",3179,"NAMED","LQINJRUGTUOHGS-YPDYIYJKSA-N","CCCCCCCCCCCCC/C=C/[C@@H](O)[C@@H](NC(CCCCCCCCCCCCCC)=O)COP([O-])(OCC[N+](C)(C)C)=O","sphingomyelin (d17:1/16:0, d18:1/15:0, d16:1/17:0)*","sphingomyelin (d17:1/16:0, d18:1/15:0, d16:1/17:0)*","121999-58-4",28532779,"HMDB0240617,HMDB0240608",NA,NA,"SM 33:1;O2","Unknown","Unknown",52433,52433,52433,402,402,402,164557,164557,164557,"Pos Late","Pos Late","Pos Late",164557,52433,402,"Pos Late",0.0117173486693424,0.0117006334786586
-0.00719411309237505,-0.0902647496087497,-0.0975803023900023,0.922329420442358,0.936638408589186,-6.13580481676178,100001992,"100001992","Lipid","Androgenic Steroids",3431,"NAMED","UWPTUYJASNIIJM-QJIZPQHZSA-N","C[C@@]12C(CCC3C2CC[C@@]4(C)C3CC[C@@H]4OS(=O)(O)=O)=C[C@@H](OS(=O)(O)=O)CC1","androstenediol (3beta,17beta) disulfate (1)","androstenediol (3beta,17beta) disulfate (1)",NA,NA,"HMDB0240313","C04295",87120982,NA,NA,NA,37202,37202,37202,209,209,209,144229,144229,144229,"Neg","Neg","Neg",144229,37202,209,"Neg",-0.0116104216687126,-0.0115938590129798
-0.00403676153320282,0.0285106255338632,-0.0957380019521937,0.923791295995367,0.936638408589186,-6.13597534292727,892,"892","Lipid","Long Chain Saturated Fatty Acid",1561,"NAMED","ISYWECDDZWTKFF-UHFFFAOYSA-N","CCCCCCCCCCCCCCCCCCC(O)=O","nonadecanoate (19:0)","nonadecanoate (19:0)","646-30-0",12071,"HMDB0000772","C16535",12591,NA,NA,NA,1356,1356,1356,209,209,209,125722,125722,125722,"Neg","Neg","Neg",125722,1356,209,"Neg",-0.0113912187722313,-0.0113749688167788
0.00285202090916692,-0.0437207598534447,0.0948773906695372,0.924474273412704,0.936638408589186,-6.13605389128088,100000007,"100000007","Lipid","Carnitine Metabolism",1977,"NAMED","PHIQHXFUZVPYII-ZCFIWIBFSA-N","[O-]C(C[C@@H](O)C[N+](C)(C)C)=O","carnitine","carnitine","461-05-2",10455,"HMDB0000062","C00487,C00308",288,NA,NA,NA,15500,15500,15500,400,400,400,155554,155554,155554,"Pos Early","Pos Early","Pos Early",155554,15500,400,"Pos Early",0.0112888204434727,0.0112727165626689
0.00663801485413107,0.00381519916899105,0.0874177133713486,0.930396641266174,0.940164585006501,-6.13670499841487,100001335,"100001335","Lipid","Long Chain Monounsaturated Fatty Acid",1588,"NAMED","BITHHVVYSMSWAG-KTKRTIGZSA-N","O=C(O)CCCCCCCCC/C=C\CCCCCCCC","eicosenoate (20:1)","eicosenoate (20:1n9 or 1n11)",NA,4445895,"HMDB0002231,HMDB0062436","C16526",5282768528276989952,NA,NA,NA,33587,33587,33587,209,209,209,143715,143715,143715,"Neg","Neg","Neg",143715,33587,209,"Neg",0.0104012437827822,0.0103864060598395
-0.005773839275936,-0.188439925800933,-0.0709289453600767,0.943500617951779,0.950910308668677,-6.13795513989619,100001987,"100001987","Lipid","Androgenic Steroids",3454,"NAMED","JHFAETDERBWUOO-ARKAXQQOSA-N","C[C@@]12[C@](CCC3C2CC[C@@]4(C)C3CC[C@@H]4OS(=O)(O)=O)([H])C[C@@H](OS(=O)(O)=O)CC1","5alpha-androstan-3beta,17beta-diol disulfate","5alpha-androstan-3beta,17beta-diol disulfate","571-20-0",NA,"HMDB00493","C12525",90186325,NA,NA,NA,37190,37190,37190,209,209,209,144226,144226,144226,"Neg","Neg","Neg",144226,37190,209,"Neg",-0.00843935655022055,-0.00842731752518457
0.00136874519508151,-0.0414130720443264,0.0444702102476003,0.964558587026964,0.969595446489246,-6.13941710845796,100001869,"100001869","Lipid","Phosphatidylcholine (PC)",2378,"NAMED","PSVRFUPOQYJOOZ-QNPWAGBNSA-N","C[N+](C)(CCOP([O-])(OC[C@@]([H])(COC(CCCCCCCCCCCCCCCCC)=O)OC(CCC/C=C\C/C=C\C/C=C\C/C=C\CCCCC)=O)=O)C","1-stearoyl-2-arachidonoyl-GPC (18:0/20:4)","1-stearoyl-2-arachidonoyl-GPC (18:0/20:4)","35418-59-8",17347139,"HMDB0008048",NA,16219824,"PC 38:4","PC 18:0_20:4","Unknown",42450,42450,42450,402,402,402,164205,164205,164205,"Pos Late","Pos Late","Pos Late",164205,42450,402,"Pos Late",0.00529121021379254,0.00528366212504248
-0.00420348324905817,-0.216399328469754,-0.0306627135546801,0.975558507405529,0.978099024351898,-6.13991383151702,100020550,"100020550","Lipid","Secondary Bile Acid Metabolism",3554,"NAMED",NA,"O[C@H]1C[C@]2([H])[C@@]3(C)CC[C@@H](OC4C(O)C(O)C(O)C(C(O)=O)O4)CC3CC[C@@]2([H])[C@]5([H])CC[C@H]([C@H](C)CCC(O)=O)[C@@]15C","deoxycholic acid glucuronide","deoxycholic acid glucuronide",NA,NA,"HMDB0002596",NA,NA,NA,NA,NA,63610,63610,63610,209,209,209,222934,222934,222934,"Neg","Neg","Neg",222934,63610,209,"Neg",-0.00364834936106184,-0.00364314486839271
0.000371813627860651,-0.155445869422401,0.00520639708104492,0.99584930588442,0.99584930588442,-6.14035103831369,100009406,"100009406","Lipid","Fatty Acid Metabolism (Acyl Carnitine, Monounsaturated)",1930,"NAMED","JFAGPSOZZSTLRF-KHPPLWFESA-N","O=C(OC(CC([O-])=O)C[N+](C)(C)C)CCCCCCC/C=C\CCCCCC","palmitoleoylcarnitine (C16:1)*","palmitoleoylcarnitine (C16:1)*",NA,28639183,"HMDB0013207",NA,71464547,NA,NA,NA,53223,53223,53223,402,402,402,178791,178791,178791,"Pos Late","Pos Late","Pos Late",178791,53223,402,"Pos Late",0.00061947405372951,0.000618590353224903
